date,predicted_runoff_mm,flood_label,zone_id,zone_name,,,,
02-09-2021,0.12217068,0,1,zone_01,,,,
02-09-2021,0.12217068,0,2,zone_02,,,,
02-09-2021,0.12217068,0,3,zone_03,,,,
02-09-2021,0.12217068,0,4,zone_04,,,,
02-09-2021,0.12217068,0,5,zone_05,,,,
02-09-2021,0.12217068,0,6,zone_06,,,,
02-09-2021,0.12217068,0,7,zone_07,,,,
02-09-2021,0.12217068,0,8,zone_08,,,,
02-09-2021,0.12217068,0,9,zone_09,,,,
02-09-2021,0.12217068,0,10,zone_10,,,,
02-09-2021,0.12217068,0,11,zone_11,,,,
02-09-2021,0.12217068,0,12,zone_12,,,,
02-09-2021,0.12217068,0,13,zone_13,,,,
02-09-2021,0.12217068,0,14,zone_14,,,,
02-09-2021,0.12217068,0,15,zone_15,,,,
02-09-2021,0.12217068,0,16,zone_16,,,,
03-09-2021,0.14145808,0,1,zone_01,,,,
03-09-2021,0.14145808,0,2,zone_02,,,,
03-09-2021,0.14145808,0,3,zone_03,,,,
03-09-2021,0.14145808,0,4,zone_04,,,,
03-09-2021,0.14145808,0,5,zone_05,,,,
03-09-2021,0.14145808,0,6,zone_06,,,,
03-09-2021,0.14145808,0,7,zone_07,,,,
03-09-2021,0.14145808,0,8,zone_08,,,,
03-09-2021,0.14145808,0,9,zone_09,,,,
03-09-2021,0.14145808,0,10,zone_10,,,,
03-09-2021,0.14145808,0,11,zone_11,,,,
03-09-2021,0.14145808,0,12,zone_12,,,,
03-09-2021,0.14145808,0,13,zone_13,,,,
03-09-2021,0.14145808,0,14,zone_14,,,,
03-09-2021,0.14145808,0,15,zone_15,,,,
03-09-2021,0.14145808,0,16,zone_16,,,,
04-09-2021,0.16337122,0,1,zone_01,,,,
04-09-2021,0.16337122,0,2,zone_02,,,,
04-09-2021,0.16337122,0,3,zone_03,,,,
04-09-2021,0.16337122,0,4,zone_04,,,,
04-09-2021,0.16337122,0,5,zone_05,,,,
04-09-2021,0.16337122,0,6,zone_06,,,,
04-09-2021,0.16337122,0,7,zone_07,,,,
04-09-2021,0.16337122,0,8,zone_08,,,,
04-09-2021,0.16337122,0,9,zone_09,,,,
04-09-2021,0.16337122,0,10,zone_10,,,,
04-09-2021,0.16337122,0,11,zone_11,,,,
04-09-2021,0.16337122,0,12,zone_12,,,,
04-09-2021,0.16337122,0,13,zone_13,,,,
04-09-2021,0.16337122,0,14,zone_14,,,,
04-09-2021,0.16337122,0,15,zone_15,,,,
04-09-2021,0.16337122,0,16,zone_16,,,,
05-09-2021,0.17899504,0,1,zone_01,,,,
05-09-2021,0.17899504,0,2,zone_02,,,,
05-09-2021,0.17899504,0,3,zone_03,,,,
05-09-2021,0.17899504,0,4,zone_04,,,,
05-09-2021,0.17899504,0,5,zone_05,,,,
05-09-2021,0.17899504,0,6,zone_06,,,,
05-09-2021,0.17899504,0,7,zone_07,,,,
05-09-2021,0.17899504,0,8,zone_08,,,,
05-09-2021,0.17899504,0,9,zone_09,,,,
05-09-2021,0.17899504,0,10,zone_10,,,,
05-09-2021,0.17899504,0,11,zone_11,,,,
05-09-2021,0.17899504,0,12,zone_12,,,,
05-09-2021,0.17899504,0,13,zone_13,,,,
05-09-2021,0.17899504,0,14,zone_14,,,,
05-09-2021,0.17899504,0,15,zone_15,,,,
05-09-2021,0.17899504,0,16,zone_16,,,,
06-09-2021,0.18365918,0,1,zone_01,,,,
06-09-2021,0.18365918,0,2,zone_02,,,,
06-09-2021,0.18365918,0,3,zone_03,,,,
06-09-2021,0.18365918,0,4,zone_04,,,,
06-09-2021,0.18365918,0,5,zone_05,,,,
06-09-2021,0.18365918,0,6,zone_06,,,,
06-09-2021,0.18365918,0,7,zone_07,,,,
06-09-2021,0.18365918,0,8,zone_08,,,,
06-09-2021,0.18365918,0,9,zone_09,,,,
06-09-2021,0.18365918,0,10,zone_10,,,,
06-09-2021,0.18365918,0,11,zone_11,,,,
06-09-2021,0.18365918,0,12,zone_12,,,,
06-09-2021,0.18365918,0,13,zone_13,,,,
06-09-2021,0.18365918,0,14,zone_14,,,,
06-09-2021,0.18365918,0,15,zone_15,,,,
06-09-2021,0.18365918,0,16,zone_16,,,,
07-09-2021,0.17525657,0,1,zone_01,,,,
07-09-2021,0.17525657,0,2,zone_02,,,,
07-09-2021,0.17525657,0,3,zone_03,,,,
07-09-2021,0.17525657,0,4,zone_04,,,,
07-09-2021,0.17525657,0,5,zone_05,,,,
07-09-2021,0.17525657,0,6,zone_06,,,,
07-09-2021,0.17525657,0,7,zone_07,,,,
07-09-2021,0.17525657,0,8,zone_08,,,,
07-09-2021,0.17525657,0,9,zone_09,,,,
07-09-2021,0.17525657,0,10,zone_10,,,,
07-09-2021,0.17525657,0,11,zone_11,,,,
07-09-2021,0.17525657,0,12,zone_12,,,,
07-09-2021,0.17525657,0,13,zone_13,,,,
07-09-2021,0.17525657,0,14,zone_14,,,,
07-09-2021,0.17525657,0,15,zone_15,,,,
07-09-2021,0.17525657,0,16,zone_16,,,,
08-09-2021,0.19334723,0,1,zone_01,,,,
08-09-2021,0.19334723,0,2,zone_02,,,,
08-09-2021,0.19334723,0,3,zone_03,,,,
08-09-2021,0.19334723,0,4,zone_04,,,,
08-09-2021,0.19334723,0,5,zone_05,,,,
08-09-2021,0.19334723,0,6,zone_06,,,,
08-09-2021,0.19334723,0,7,zone_07,,,,
08-09-2021,0.19334723,0,8,zone_08,,,,
08-09-2021,0.19334723,0,9,zone_09,,,,
08-09-2021,0.19334723,0,10,zone_10,,,,
08-09-2021,0.19334723,0,11,zone_11,,,,
08-09-2021,0.19334723,0,12,zone_12,,,,
08-09-2021,0.19334723,0,13,zone_13,,,,
08-09-2021,0.19334723,0,14,zone_14,,,,
08-09-2021,0.19334723,0,15,zone_15,,,,
08-09-2021,0.19334723,0,16,zone_16,,,,
09-09-2021,0.16594666,0,1,zone_01,,,,
09-09-2021,0.16594666,0,2,zone_02,,,,
09-09-2021,0.16594666,0,3,zone_03,,,,
09-09-2021,0.16594666,0,4,zone_04,,,,
09-09-2021,0.16594666,0,5,zone_05,,,,
09-09-2021,0.16594666,0,6,zone_06,,,,
09-09-2021,0.16594666,0,7,zone_07,,,,
09-09-2021,0.16594666,0,8,zone_08,,,,
09-09-2021,0.16594666,0,9,zone_09,,,,
09-09-2021,0.16594666,0,10,zone_10,,,,
09-09-2021,0.16594666,0,11,zone_11,,,,
09-09-2021,0.16594666,0,12,zone_12,,,,
09-09-2021,0.16594666,0,13,zone_13,,,,
09-09-2021,0.16594666,0,14,zone_14,,,,
09-09-2021,0.16594666,0,15,zone_15,,,,
09-09-2021,0.16594666,0,16,zone_16,,,,
10-09-2021,0.1654917,0,1,zone_01,,,,
10-09-2021,0.1654917,0,2,zone_02,,,,
10-09-2021,0.1654917,0,3,zone_03,,,,
10-09-2021,0.1654917,0,4,zone_04,,,,
10-09-2021,0.1654917,0,5,zone_05,,,,
10-09-2021,0.1654917,0,6,zone_06,,,,
10-09-2021,0.1654917,0,7,zone_07,,,,
10-09-2021,0.1654917,0,8,zone_08,,,,
10-09-2021,0.1654917,0,9,zone_09,,,,
10-09-2021,0.1654917,0,10,zone_10,,,,
10-09-2021,0.1654917,0,11,zone_11,,,,
10-09-2021,0.1654917,0,12,zone_12,,,,
10-09-2021,0.1654917,0,13,zone_13,,,,
10-09-2021,0.1654917,0,14,zone_14,,,,
10-09-2021,0.1654917,0,15,zone_15,,,,
10-09-2021,0.1654917,0,16,zone_16,,,,
11-09-2021,0.15451616,0,1,zone_01,,,,
11-09-2021,0.15451616,0,2,zone_02,,,,
11-09-2021,0.15451616,0,3,zone_03,,,,
11-09-2021,0.15451616,0,4,zone_04,,,,
11-09-2021,0.15451616,0,5,zone_05,,,,
11-09-2021,0.15451616,0,6,zone_06,,,,
11-09-2021,0.15451616,0,7,zone_07,,,,
11-09-2021,0.15451616,0,8,zone_08,,,,
11-09-2021,0.15451616,0,9,zone_09,,,,
11-09-2021,0.15451616,0,10,zone_10,,,,
11-09-2021,0.15451616,0,11,zone_11,,,,
11-09-2021,0.15451616,0,12,zone_12,,,,
11-09-2021,0.15451616,0,13,zone_13,,,,
11-09-2021,0.15451616,0,14,zone_14,,,,
11-09-2021,0.15451616,0,15,zone_15,,,,
11-09-2021,0.15451616,0,16,zone_16,,,,
12-09-2021,0.16206726,0,1,zone_01,,,,
12-09-2021,0.16206726,0,2,zone_02,,,,
12-09-2021,0.16206726,0,3,zone_03,,,,
12-09-2021,0.16206726,0,4,zone_04,,,,
12-09-2021,0.16206726,0,5,zone_05,,,,
12-09-2021,0.16206726,0,6,zone_06,,,,
12-09-2021,0.16206726,0,7,zone_07,,,,
12-09-2021,0.16206726,0,8,zone_08,,,,
12-09-2021,0.16206726,0,9,zone_09,,,,
12-09-2021,0.16206726,0,10,zone_10,,,,
12-09-2021,0.16206726,0,11,zone_11,,,,
12-09-2021,0.16206726,0,12,zone_12,,,,
12-09-2021,0.16206726,0,13,zone_13,,,,
12-09-2021,0.16206726,0,14,zone_14,,,,
12-09-2021,0.16206726,0,15,zone_15,,,,
12-09-2021,0.16206726,0,16,zone_16,,,,
13-09-2021,0.14330378,0,1,zone_01,,,,
13-09-2021,0.14330378,0,2,zone_02,,,,
13-09-2021,0.14330378,0,3,zone_03,,,,
13-09-2021,0.14330378,0,4,zone_04,,,,
13-09-2021,0.14330378,0,5,zone_05,,,,
13-09-2021,0.14330378,0,6,zone_06,,,,
13-09-2021,0.14330378,0,7,zone_07,,,,
13-09-2021,0.14330378,0,8,zone_08,,,,
13-09-2021,0.14330378,0,9,zone_09,,,,
13-09-2021,0.14330378,0,10,zone_10,,,,
13-09-2021,0.14330378,0,11,zone_11,,,,
13-09-2021,0.14330378,0,12,zone_12,,,,
13-09-2021,0.14330378,0,13,zone_13,,,,
13-09-2021,0.14330378,0,14,zone_14,,,,
13-09-2021,0.14330378,0,15,zone_15,,,,
13-09-2021,0.14330378,0,16,zone_16,,,,
14-09-2021,0.15699388,0,1,zone_01,,,,
14-09-2021,0.15699388,0,2,zone_02,,,,
14-09-2021,0.15699388,0,3,zone_03,,,,
14-09-2021,0.15699388,0,4,zone_04,,,,
14-09-2021,0.15699388,0,5,zone_05,,,,
14-09-2021,0.15699388,0,6,zone_06,,,,
14-09-2021,0.15699388,0,7,zone_07,,,,
14-09-2021,0.15699388,0,8,zone_08,,,,
14-09-2021,0.15699388,0,9,zone_09,,,,
14-09-2021,0.15699388,0,10,zone_10,,,,
14-09-2021,0.15699388,0,11,zone_11,,,,
14-09-2021,0.15699388,0,12,zone_12,,,,
14-09-2021,0.15699388,0,13,zone_13,,,,
14-09-2021,0.15699388,0,14,zone_14,,,,
14-09-2021,0.15699388,0,15,zone_15,,,,
14-09-2021,0.15699388,0,16,zone_16,,,,
15-09-2021,0.14385636,0,1,zone_01,,,,
15-09-2021,0.14385636,0,2,zone_02,,,,
15-09-2021,0.14385636,0,3,zone_03,,,,
15-09-2021,0.14385636,0,4,zone_04,,,,
15-09-2021,0.14385636,0,5,zone_05,,,,
15-09-2021,0.14385636,0,6,zone_06,,,,
15-09-2021,0.14385636,0,7,zone_07,,,,
15-09-2021,0.14385636,0,8,zone_08,,,,
15-09-2021,0.14385636,0,9,zone_09,,,,
15-09-2021,0.14385636,0,10,zone_10,,,,
15-09-2021,0.14385636,0,11,zone_11,,,,
15-09-2021,0.14385636,0,12,zone_12,,,,
15-09-2021,0.14385636,0,13,zone_13,,,,
15-09-2021,0.14385636,0,14,zone_14,,,,
15-09-2021,0.14385636,0,15,zone_15,,,,
15-09-2021,0.14385636,0,16,zone_16,,,,
16-09-2021,0.14385636,0,1,zone_01,,,,
16-09-2021,0.14385636,0,2,zone_02,,,,
16-09-2021,0.14385636,0,3,zone_03,,,,
16-09-2021,0.14385636,0,4,zone_04,,,,
16-09-2021,0.14385636,0,5,zone_05,,,,
16-09-2021,0.14385636,0,6,zone_06,,,,
16-09-2021,0.14385636,0,7,zone_07,,,,
16-09-2021,0.14385636,0,8,zone_08,,,,
16-09-2021,0.14385636,0,9,zone_09,,,,
16-09-2021,0.14385636,0,10,zone_10,,,,
16-09-2021,0.14385636,0,11,zone_11,,,,
16-09-2021,0.14385636,0,12,zone_12,,,,
16-09-2021,0.14385636,0,13,zone_13,,,,
16-09-2021,0.14385636,0,14,zone_14,,,,
16-09-2021,0.14385636,0,15,zone_15,,,,
16-09-2021,0.14385636,0,16,zone_16,,,,
17-09-2021,0.1340548,0,1,zone_01,,,,
17-09-2021,0.1340548,0,2,zone_02,,,,
17-09-2021,0.1340548,0,3,zone_03,,,,
17-09-2021,0.1340548,0,4,zone_04,,,,
17-09-2021,0.1340548,0,5,zone_05,,,,
17-09-2021,0.1340548,0,6,zone_06,,,,
17-09-2021,0.1340548,0,7,zone_07,,,,
17-09-2021,0.1340548,0,8,zone_08,,,,
17-09-2021,0.1340548,0,9,zone_09,,,,
17-09-2021,0.1340548,0,10,zone_10,,,,
17-09-2021,0.1340548,0,11,zone_11,,,,
17-09-2021,0.1340548,0,12,zone_12,,,,
17-09-2021,0.1340548,0,13,zone_13,,,,
17-09-2021,0.1340548,0,14,zone_14,,,,
17-09-2021,0.1340548,0,15,zone_15,,,,
17-09-2021,0.1340548,0,16,zone_16,,,,
18-09-2021,0.123635896,0,1,zone_01,,,,
18-09-2021,0.123635896,0,2,zone_02,,,,
18-09-2021,0.123635896,0,3,zone_03,,,,
18-09-2021,0.123635896,0,4,zone_04,,,,
18-09-2021,0.123635896,0,5,zone_05,,,,
18-09-2021,0.123635896,0,6,zone_06,,,,
18-09-2021,0.123635896,0,7,zone_07,,,,
18-09-2021,0.123635896,0,8,zone_08,,,,
18-09-2021,0.123635896,0,9,zone_09,,,,
18-09-2021,0.123635896,0,10,zone_10,,,,
18-09-2021,0.123635896,0,11,zone_11,,,,
18-09-2021,0.123635896,0,12,zone_12,,,,
18-09-2021,0.123635896,0,13,zone_13,,,,
18-09-2021,0.123635896,0,14,zone_14,,,,
18-09-2021,0.123635896,0,15,zone_15,,,,
18-09-2021,0.123635896,0,16,zone_16,,,,
19-09-2021,0.12386784,0,1,zone_01,,,,
19-09-2021,0.12386784,0,2,zone_02,,,,
19-09-2021,0.12386784,0,3,zone_03,,,,
19-09-2021,0.12386784,0,4,zone_04,,,,
19-09-2021,0.12386784,0,5,zone_05,,,,
19-09-2021,0.12386784,0,6,zone_06,,,,
19-09-2021,0.12386784,0,7,zone_07,,,,
19-09-2021,0.12386784,0,8,zone_08,,,,
19-09-2021,0.12386784,0,9,zone_09,,,,
19-09-2021,0.12386784,0,10,zone_10,,,,
19-09-2021,0.12386784,0,11,zone_11,,,,
19-09-2021,0.12386784,0,12,zone_12,,,,
19-09-2021,0.12386784,0,13,zone_13,,,,
19-09-2021,0.12386784,0,14,zone_14,,,,
19-09-2021,0.12386784,0,15,zone_15,,,,
19-09-2021,0.12386784,0,16,zone_16,,,,
20-09-2021,0.11777103,0,1,zone_01,,,,
20-09-2021,0.11777103,0,2,zone_02,,,,
20-09-2021,0.11777103,0,3,zone_03,,,,
20-09-2021,0.11777103,0,4,zone_04,,,,
20-09-2021,0.11777103,0,5,zone_05,,,,
20-09-2021,0.11777103,0,6,zone_06,,,,
20-09-2021,0.11777103,0,7,zone_07,,,,
20-09-2021,0.11777103,0,8,zone_08,,,,
20-09-2021,0.11777103,0,9,zone_09,,,,
20-09-2021,0.11777103,0,10,zone_10,,,,
20-09-2021,0.11777103,0,11,zone_11,,,,
20-09-2021,0.11777103,0,12,zone_12,,,,
20-09-2021,0.11777103,0,13,zone_13,,,,
20-09-2021,0.11777103,0,14,zone_14,,,,
20-09-2021,0.11777103,0,15,zone_15,,,,
20-09-2021,0.11777103,0,16,zone_16,,,,
21-09-2021,0.13040352,0,1,zone_01,,,,
21-09-2021,0.13040352,0,2,zone_02,,,,
21-09-2021,0.13040352,0,3,zone_03,,,,
21-09-2021,0.13040352,0,4,zone_04,,,,
21-09-2021,0.13040352,0,5,zone_05,,,,
21-09-2021,0.13040352,0,6,zone_06,,,,
21-09-2021,0.13040352,0,7,zone_07,,,,
21-09-2021,0.13040352,0,8,zone_08,,,,
21-09-2021,0.13040352,0,9,zone_09,,,,
21-09-2021,0.13040352,0,10,zone_10,,,,
21-09-2021,0.13040352,0,11,zone_11,,,,
21-09-2021,0.13040352,0,12,zone_12,,,,
21-09-2021,0.13040352,0,13,zone_13,,,,
21-09-2021,0.13040352,0,14,zone_14,,,,
21-09-2021,0.13040352,0,15,zone_15,,,,
21-09-2021,0.13040352,0,16,zone_16,,,,
22-09-2021,0.12250744,0,1,zone_01,,,,
22-09-2021,0.12250744,0,2,zone_02,,,,
22-09-2021,0.12250744,0,3,zone_03,,,,
22-09-2021,0.12250744,0,4,zone_04,,,,
22-09-2021,0.12250744,0,5,zone_05,,,,
22-09-2021,0.12250744,0,6,zone_06,,,,
22-09-2021,0.12250744,0,7,zone_07,,,,
22-09-2021,0.12250744,0,8,zone_08,,,,
22-09-2021,0.12250744,0,9,zone_09,,,,
22-09-2021,0.12250744,0,10,zone_10,,,,
22-09-2021,0.12250744,0,11,zone_11,,,,
22-09-2021,0.12250744,0,12,zone_12,,,,
22-09-2021,0.12250744,0,13,zone_13,,,,
22-09-2021,0.12250744,0,14,zone_14,,,,
22-09-2021,0.12250744,0,15,zone_15,,,,
22-09-2021,0.12250744,0,16,zone_16,,,,
23-09-2021,0.177555,0,1,zone_01,,,,
23-09-2021,0.177555,0,2,zone_02,,,,
23-09-2021,0.177555,0,3,zone_03,,,,
23-09-2021,0.177555,0,4,zone_04,,,,
23-09-2021,0.177555,0,5,zone_05,,,,
23-09-2021,0.177555,0,6,zone_06,,,,
23-09-2021,0.177555,0,7,zone_07,,,,
23-09-2021,0.177555,0,8,zone_08,,,,
23-09-2021,0.177555,0,9,zone_09,,,,
23-09-2021,0.177555,0,10,zone_10,,,,
23-09-2021,0.177555,0,11,zone_11,,,,
23-09-2021,0.177555,0,12,zone_12,,,,
23-09-2021,0.177555,0,13,zone_13,,,,
23-09-2021,0.177555,0,14,zone_14,,,,
23-09-2021,0.177555,0,15,zone_15,,,,
23-09-2021,0.177555,0,16,zone_16,,,,
24-09-2021,0.17136858,0,1,zone_01,,,,
24-09-2021,0.17136858,0,2,zone_02,,,,
24-09-2021,0.17136858,0,3,zone_03,,,,
24-09-2021,0.17136858,0,4,zone_04,,,,
24-09-2021,0.17136858,0,5,zone_05,,,,
24-09-2021,0.17136858,0,6,zone_06,,,,
24-09-2021,0.17136858,0,7,zone_07,,,,
24-09-2021,0.17136858,0,8,zone_08,,,,
24-09-2021,0.17136858,0,9,zone_09,,,,
24-09-2021,0.17136858,0,10,zone_10,,,,
24-09-2021,0.17136858,0,11,zone_11,,,,
24-09-2021,0.17136858,0,12,zone_12,,,,
24-09-2021,0.17136858,0,13,zone_13,,,,
24-09-2021,0.17136858,0,14,zone_14,,,,
24-09-2021,0.17136858,0,15,zone_15,,,,
24-09-2021,0.17136858,0,16,zone_16,,,,
25-09-2021,0.136149,0,1,zone_01,,,,
25-09-2021,0.136149,0,2,zone_02,,,,
25-09-2021,0.136149,0,3,zone_03,,,,
25-09-2021,0.136149,0,4,zone_04,,,,
25-09-2021,0.136149,0,5,zone_05,,,,
25-09-2021,0.136149,0,6,zone_06,,,,
25-09-2021,0.136149,0,7,zone_07,,,,
25-09-2021,0.136149,0,8,zone_08,,,,
25-09-2021,0.136149,0,9,zone_09,,,,
25-09-2021,0.136149,0,10,zone_10,,,,
25-09-2021,0.136149,0,11,zone_11,,,,
25-09-2021,0.136149,0,12,zone_12,,,,
25-09-2021,0.136149,0,13,zone_13,,,,
25-09-2021,0.136149,0,14,zone_14,,,,
25-09-2021,0.136149,0,15,zone_15,,,,
25-09-2021,0.136149,0,16,zone_16,,,,
26-09-2021,0.15736471,0,1,zone_01,,,,
26-09-2021,0.15736471,0,2,zone_02,,,,
26-09-2021,0.15736471,0,3,zone_03,,,,
26-09-2021,0.15736471,0,4,zone_04,,,,
26-09-2021,0.15736471,0,5,zone_05,,,,
26-09-2021,0.15736471,0,6,zone_06,,,,
26-09-2021,0.15736471,0,7,zone_07,,,,
26-09-2021,0.15736471,0,8,zone_08,,,,
26-09-2021,0.15736471,0,9,zone_09,,,,
26-09-2021,0.15736471,0,10,zone_10,,,,
26-09-2021,0.15736471,0,11,zone_11,,,,
26-09-2021,0.15736471,0,12,zone_12,,,,
26-09-2021,0.15736471,0,13,zone_13,,,,
26-09-2021,0.15736471,0,14,zone_14,,,,
26-09-2021,0.15736471,0,15,zone_15,,,,
26-09-2021,0.15736471,0,16,zone_16,,,,
27-09-2021,0.20094827,0,1,zone_01,,,,
27-09-2021,0.20094827,0,2,zone_02,,,,
27-09-2021,0.20094827,0,3,zone_03,,,,
27-09-2021,0.20094827,0,4,zone_04,,,,
27-09-2021,0.20094827,0,5,zone_05,,,,
27-09-2021,0.20094827,0,6,zone_06,,,,
27-09-2021,0.20094827,0,7,zone_07,,,,
27-09-2021,0.20094827,0,8,zone_08,,,,
27-09-2021,0.20094827,0,9,zone_09,,,,
27-09-2021,0.20094827,0,10,zone_10,,,,
27-09-2021,0.20094827,0,11,zone_11,,,,
27-09-2021,0.20094827,0,12,zone_12,,,,
27-09-2021,0.20094827,0,13,zone_13,,,,
27-09-2021,0.20094827,0,14,zone_14,,,,
27-09-2021,0.20094827,0,15,zone_15,,,,
27-09-2021,0.20094827,0,16,zone_16,,,,
28-09-2021,0.16853298,0,1,zone_01,,,,
28-09-2021,0.16853298,0,2,zone_02,,,,
28-09-2021,0.16853298,0,3,zone_03,,,,
28-09-2021,0.16853298,0,4,zone_04,,,,
28-09-2021,0.16853298,0,5,zone_05,,,,
28-09-2021,0.16853298,0,6,zone_06,,,,
28-09-2021,0.16853298,0,7,zone_07,,,,
28-09-2021,0.16853298,0,8,zone_08,,,,
28-09-2021,0.16853298,0,9,zone_09,,,,
28-09-2021,0.16853298,0,10,zone_10,,,,
28-09-2021,0.16853298,0,11,zone_11,,,,
28-09-2021,0.16853298,0,12,zone_12,,,,
28-09-2021,0.16853298,0,13,zone_13,,,,
28-09-2021,0.16853298,0,14,zone_14,,,,
28-09-2021,0.16853298,0,15,zone_15,,,,
28-09-2021,0.16853298,0,16,zone_16,,,,
29-09-2021,0.18342729,0,1,zone_01,,,,
29-09-2021,0.18342729,0,2,zone_02,,,,
29-09-2021,0.18342729,0,3,zone_03,,,,
29-09-2021,0.18342729,0,4,zone_04,,,,
29-09-2021,0.18342729,0,5,zone_05,,,,
29-09-2021,0.18342729,0,6,zone_06,,,,
29-09-2021,0.18342729,0,7,zone_07,,,,
29-09-2021,0.18342729,0,8,zone_08,,,,
29-09-2021,0.18342729,0,9,zone_09,,,,
29-09-2021,0.18342729,0,10,zone_10,,,,
29-09-2021,0.18342729,0,11,zone_11,,,,
29-09-2021,0.18342729,0,12,zone_12,,,,
29-09-2021,0.18342729,0,13,zone_13,,,,
29-09-2021,0.18342729,0,14,zone_14,,,,
29-09-2021,0.18342729,0,15,zone_15,,,,
29-09-2021,0.18342729,0,16,zone_16,,,,
30-09-2021,0.18441932,0,1,zone_01,,,,
30-09-2021,0.18441932,0,2,zone_02,,,,
30-09-2021,0.18441932,0,3,zone_03,,,,
30-09-2021,0.18441932,0,4,zone_04,,,,
30-09-2021,0.18441932,0,5,zone_05,,,,
30-09-2021,0.18441932,0,6,zone_06,,,,
30-09-2021,0.18441932,0,7,zone_07,,,,
30-09-2021,0.18441932,0,8,zone_08,,,,
30-09-2021,0.18441932,0,9,zone_09,,,,
30-09-2021,0.18441932,0,10,zone_10,,,,
30-09-2021,0.18441932,0,11,zone_11,,,,
30-09-2021,0.18441932,0,12,zone_12,,,,
30-09-2021,0.18441932,0,13,zone_13,,,,
30-09-2021,0.18441932,0,14,zone_14,,,,
30-09-2021,0.18441932,0,15,zone_15,,,,
30-09-2021,0.18441932,0,16,zone_16,,,,
01-10-2021,0.16928242,0,1,zone_01,,,,
01-10-2021,0.16928242,0,2,zone_02,,,,
01-10-2021,0.16928242,0,3,zone_03,,,,
01-10-2021,0.16928242,0,4,zone_04,,,,
01-10-2021,0.16928242,0,5,zone_05,,,,
01-10-2021,0.16928242,0,6,zone_06,,,,
01-10-2021,0.16928242,0,7,zone_07,,,,
01-10-2021,0.16928242,0,8,zone_08,,,,
01-10-2021,0.16928242,0,9,zone_09,,,,
01-10-2021,0.16928242,0,10,zone_10,,,,
01-10-2021,0.16928242,0,11,zone_11,,,,
01-10-2021,0.16928242,0,12,zone_12,,,,
01-10-2021,0.16928242,0,13,zone_13,,,,
01-10-2021,0.16928242,0,14,zone_14,,,,
01-10-2021,0.16928242,0,15,zone_15,,,,
01-10-2021,0.16928242,0,16,zone_16,,,,
02-10-2021,0.17843817,0,1,zone_01,,,,
02-10-2021,0.17843817,0,2,zone_02,,,,
02-10-2021,0.17843817,0,3,zone_03,,,,
02-10-2021,0.17843817,0,4,zone_04,,,,
02-10-2021,0.17843817,0,5,zone_05,,,,
02-10-2021,0.17843817,0,6,zone_06,,,,
02-10-2021,0.17843817,0,7,zone_07,,,,
02-10-2021,0.17843817,0,8,zone_08,,,,
02-10-2021,0.17843817,0,9,zone_09,,,,
02-10-2021,0.17843817,0,10,zone_10,,,,
02-10-2021,0.17843817,0,11,zone_11,,,,
02-10-2021,0.17843817,0,12,zone_12,,,,
02-10-2021,0.17843817,0,13,zone_13,,,,
02-10-2021,0.17843817,0,14,zone_14,,,,
02-10-2021,0.17843817,0,15,zone_15,,,,
02-10-2021,0.17843817,0,16,zone_16,,,,
03-10-2021,0.15915667,0,1,zone_01,,,,
03-10-2021,0.15915667,0,2,zone_02,,,,
03-10-2021,0.15915667,0,3,zone_03,,,,
03-10-2021,0.15915667,0,4,zone_04,,,,
03-10-2021,0.15915667,0,5,zone_05,,,,
03-10-2021,0.15915667,0,6,zone_06,,,,
03-10-2021,0.15915667,0,7,zone_07,,,,
03-10-2021,0.15915667,0,8,zone_08,,,,
03-10-2021,0.15915667,0,9,zone_09,,,,
03-10-2021,0.15915667,0,10,zone_10,,,,
03-10-2021,0.15915667,0,11,zone_11,,,,
03-10-2021,0.15915667,0,12,zone_12,,,,
03-10-2021,0.15915667,0,13,zone_13,,,,
03-10-2021,0.15915667,0,14,zone_14,,,,
03-10-2021,0.15915667,0,15,zone_15,,,,
03-10-2021,0.15915667,0,16,zone_16,,,,
04-10-2021,0.15522839,0,1,zone_01,,,,
04-10-2021,0.15522839,0,2,zone_02,,,,
04-10-2021,0.15522839,0,3,zone_03,,,,
04-10-2021,0.15522839,0,4,zone_04,,,,
04-10-2021,0.15522839,0,5,zone_05,,,,
04-10-2021,0.15522839,0,6,zone_06,,,,
04-10-2021,0.15522839,0,7,zone_07,,,,
04-10-2021,0.15522839,0,8,zone_08,,,,
04-10-2021,0.15522839,0,9,zone_09,,,,
04-10-2021,0.15522839,0,10,zone_10,,,,
04-10-2021,0.15522839,0,11,zone_11,,,,
04-10-2021,0.15522839,0,12,zone_12,,,,
04-10-2021,0.15522839,0,13,zone_13,,,,
04-10-2021,0.15522839,0,14,zone_14,,,,
04-10-2021,0.15522839,0,15,zone_15,,,,
04-10-2021,0.15522839,0,16,zone_16,,,,
05-10-2021,0.18525052,0,1,zone_01,,,,
05-10-2021,0.18525052,0,2,zone_02,,,,
05-10-2021,0.18525052,0,3,zone_03,,,,
05-10-2021,0.18525052,0,4,zone_04,,,,
05-10-2021,0.18525052,0,5,zone_05,,,,
05-10-2021,0.18525052,0,6,zone_06,,,,
05-10-2021,0.18525052,0,7,zone_07,,,,
05-10-2021,0.18525052,0,8,zone_08,,,,
05-10-2021,0.18525052,0,9,zone_09,,,,
05-10-2021,0.18525052,0,10,zone_10,,,,
05-10-2021,0.18525052,0,11,zone_11,,,,
05-10-2021,0.18525052,0,12,zone_12,,,,
05-10-2021,0.18525052,0,13,zone_13,,,,
05-10-2021,0.18525052,0,14,zone_14,,,,
05-10-2021,0.18525052,0,15,zone_15,,,,
05-10-2021,0.18525052,0,16,zone_16,,,,
06-10-2021,0.13814999,0,1,zone_01,,,,
06-10-2021,0.13814999,0,2,zone_02,,,,
06-10-2021,0.13814999,0,3,zone_03,,,,
06-10-2021,0.13814999,0,4,zone_04,,,,
06-10-2021,0.13814999,0,5,zone_05,,,,
06-10-2021,0.13814999,0,6,zone_06,,,,
06-10-2021,0.13814999,0,7,zone_07,,,,
06-10-2021,0.13814999,0,8,zone_08,,,,
06-10-2021,0.13814999,0,9,zone_09,,,,
06-10-2021,0.13814999,0,10,zone_10,,,,
06-10-2021,0.13814999,0,11,zone_11,,,,
06-10-2021,0.13814999,0,12,zone_12,,,,
06-10-2021,0.13814999,0,13,zone_13,,,,
06-10-2021,0.13814999,0,14,zone_14,,,,
06-10-2021,0.13814999,0,15,zone_15,,,,
06-10-2021,0.13814999,0,16,zone_16,,,,
07-10-2021,0.13088731,0,1,zone_01,,,,
07-10-2021,0.13088731,0,2,zone_02,,,,
07-10-2021,0.13088731,0,3,zone_03,,,,
07-10-2021,0.13088731,0,4,zone_04,,,,
07-10-2021,0.13088731,0,5,zone_05,,,,
07-10-2021,0.13088731,0,6,zone_06,,,,
07-10-2021,0.13088731,0,7,zone_07,,,,
07-10-2021,0.13088731,0,8,zone_08,,,,
07-10-2021,0.13088731,0,9,zone_09,,,,
07-10-2021,0.13088731,0,10,zone_10,,,,
07-10-2021,0.13088731,0,11,zone_11,,,,
07-10-2021,0.13088731,0,12,zone_12,,,,
07-10-2021,0.13088731,0,13,zone_13,,,,
07-10-2021,0.13088731,0,14,zone_14,,,,
07-10-2021,0.13088731,0,15,zone_15,,,,
07-10-2021,0.13088731,0,16,zone_16,,,,
08-10-2021,0.18185546,0,1,zone_01,,,,
08-10-2021,0.18185546,0,2,zone_02,,,,
08-10-2021,0.18185546,0,3,zone_03,,,,
08-10-2021,0.18185546,0,4,zone_04,,,,
08-10-2021,0.18185546,0,5,zone_05,,,,
08-10-2021,0.18185546,0,6,zone_06,,,,
08-10-2021,0.18185546,0,7,zone_07,,,,
08-10-2021,0.18185546,0,8,zone_08,,,,
08-10-2021,0.18185546,0,9,zone_09,,,,
08-10-2021,0.18185546,0,10,zone_10,,,,
08-10-2021,0.18185546,0,11,zone_11,,,,
08-10-2021,0.18185546,0,12,zone_12,,,,
08-10-2021,0.18185546,0,13,zone_13,,,,
08-10-2021,0.18185546,0,14,zone_14,,,,
08-10-2021,0.18185546,0,15,zone_15,,,,
08-10-2021,0.18185546,0,16,zone_16,,,,
09-10-2021,0.14274022,0,1,zone_01,,,,
09-10-2021,0.14274022,0,2,zone_02,,,,
09-10-2021,0.14274022,0,3,zone_03,,,,
09-10-2021,0.14274022,0,4,zone_04,,,,
09-10-2021,0.14274022,0,5,zone_05,,,,
09-10-2021,0.14274022,0,6,zone_06,,,,
09-10-2021,0.14274022,0,7,zone_07,,,,
09-10-2021,0.14274022,0,8,zone_08,,,,
09-10-2021,0.14274022,0,9,zone_09,,,,
09-10-2021,0.14274022,0,10,zone_10,,,,
09-10-2021,0.14274022,0,11,zone_11,,,,
09-10-2021,0.14274022,0,12,zone_12,,,,
09-10-2021,0.14274022,0,13,zone_13,,,,
09-10-2021,0.14274022,0,14,zone_14,,,,
09-10-2021,0.14274022,0,15,zone_15,,,,
09-10-2021,0.14274022,0,16,zone_16,,,,
10-10-2021,0.18223731,0,1,zone_01,,,,
10-10-2021,0.18223731,0,2,zone_02,,,,
10-10-2021,0.18223731,0,3,zone_03,,,,
10-10-2021,0.18223731,0,4,zone_04,,,,
10-10-2021,0.18223731,0,5,zone_05,,,,
10-10-2021,0.18223731,0,6,zone_06,,,,
10-10-2021,0.18223731,0,7,zone_07,,,,
10-10-2021,0.18223731,0,8,zone_08,,,,
10-10-2021,0.18223731,0,9,zone_09,,,,
10-10-2021,0.18223731,0,10,zone_10,,,,
10-10-2021,0.18223731,0,11,zone_11,,,,
10-10-2021,0.18223731,0,12,zone_12,,,,
10-10-2021,0.18223731,0,13,zone_13,,,,
10-10-2021,0.18223731,0,14,zone_14,,,,
10-10-2021,0.18223731,0,15,zone_15,,,,
10-10-2021,0.18223731,0,16,zone_16,,,,
11-10-2021,0.13538425,0,1,zone_01,,,,
11-10-2021,0.13538425,0,2,zone_02,,,,
11-10-2021,0.13538425,0,3,zone_03,,,,
11-10-2021,0.13538425,0,4,zone_04,,,,
11-10-2021,0.13538425,0,5,zone_05,,,,
11-10-2021,0.13538425,0,6,zone_06,,,,
11-10-2021,0.13538425,0,7,zone_07,,,,
11-10-2021,0.13538425,0,8,zone_08,,,,
11-10-2021,0.13538425,0,9,zone_09,,,,
11-10-2021,0.13538425,0,10,zone_10,,,,
11-10-2021,0.13538425,0,11,zone_11,,,,
11-10-2021,0.13538425,0,12,zone_12,,,,
11-10-2021,0.13538425,0,13,zone_13,,,,
11-10-2021,0.13538425,0,14,zone_14,,,,
11-10-2021,0.13538425,0,15,zone_15,,,,
11-10-2021,0.13538425,0,16,zone_16,,,,
12-10-2021,0.1696553,0,1,zone_01,,,,
12-10-2021,0.1696553,0,2,zone_02,,,,
12-10-2021,0.1696553,0,3,zone_03,,,,
12-10-2021,0.1696553,0,4,zone_04,,,,
12-10-2021,0.1696553,0,5,zone_05,,,,
12-10-2021,0.1696553,0,6,zone_06,,,,
12-10-2021,0.1696553,0,7,zone_07,,,,
12-10-2021,0.1696553,0,8,zone_08,,,,
12-10-2021,0.1696553,0,9,zone_09,,,,
12-10-2021,0.1696553,0,10,zone_10,,,,
12-10-2021,0.1696553,0,11,zone_11,,,,
12-10-2021,0.1696553,0,12,zone_12,,,,
12-10-2021,0.1696553,0,13,zone_13,,,,
12-10-2021,0.1696553,0,14,zone_14,,,,
12-10-2021,0.1696553,0,15,zone_15,,,,
12-10-2021,0.1696553,0,16,zone_16,,,,
13-10-2021,0.17151603,0,1,zone_01,,,,
13-10-2021,0.17151603,0,2,zone_02,,,,
13-10-2021,0.17151603,0,3,zone_03,,,,
13-10-2021,0.17151603,0,4,zone_04,,,,
13-10-2021,0.17151603,0,5,zone_05,,,,
13-10-2021,0.17151603,0,6,zone_06,,,,
13-10-2021,0.17151603,0,7,zone_07,,,,
13-10-2021,0.17151603,0,8,zone_08,,,,
13-10-2021,0.17151603,0,9,zone_09,,,,
13-10-2021,0.17151603,0,10,zone_10,,,,
13-10-2021,0.17151603,0,11,zone_11,,,,
13-10-2021,0.17151603,0,12,zone_12,,,,
13-10-2021,0.17151603,0,13,zone_13,,,,
13-10-2021,0.17151603,0,14,zone_14,,,,
13-10-2021,0.17151603,0,15,zone_15,,,,
13-10-2021,0.17151603,0,16,zone_16,,,,
14-10-2021,0.17483895,0,1,zone_01,,,,
14-10-2021,0.17483895,0,2,zone_02,,,,
14-10-2021,0.17483895,0,3,zone_03,,,,
14-10-2021,0.17483895,0,4,zone_04,,,,
14-10-2021,0.17483895,0,5,zone_05,,,,
14-10-2021,0.17483895,0,6,zone_06,,,,
14-10-2021,0.17483895,0,7,zone_07,,,,
14-10-2021,0.17483895,0,8,zone_08,,,,
14-10-2021,0.17483895,0,9,zone_09,,,,
14-10-2021,0.17483895,0,10,zone_10,,,,
14-10-2021,0.17483895,0,11,zone_11,,,,
14-10-2021,0.17483895,0,12,zone_12,,,,
14-10-2021,0.17483895,0,13,zone_13,,,,
14-10-2021,0.17483895,0,14,zone_14,,,,
14-10-2021,0.17483895,0,15,zone_15,,,,
14-10-2021,0.17483895,0,16,zone_16,,,,
15-10-2021,0.16966084,0,1,zone_01,,,,
15-10-2021,0.16966084,0,2,zone_02,,,,
15-10-2021,0.16966084,0,3,zone_03,,,,
15-10-2021,0.16966084,0,4,zone_04,,,,
15-10-2021,0.16966084,0,5,zone_05,,,,
15-10-2021,0.16966084,0,6,zone_06,,,,
15-10-2021,0.16966084,0,7,zone_07,,,,
15-10-2021,0.16966084,0,8,zone_08,,,,
15-10-2021,0.16966084,0,9,zone_09,,,,
15-10-2021,0.16966084,0,10,zone_10,,,,
15-10-2021,0.16966084,0,11,zone_11,,,,
15-10-2021,0.16966084,0,12,zone_12,,,,
15-10-2021,0.16966084,0,13,zone_13,,,,
15-10-2021,0.16966084,0,14,zone_14,,,,
15-10-2021,0.16966084,0,15,zone_15,,,,
15-10-2021,0.16966084,0,16,zone_16,,,,
16-10-2021,0.17980939,0,1,zone_01,,,,
16-10-2021,0.17980939,0,2,zone_02,,,,
16-10-2021,0.17980939,0,3,zone_03,,,,
16-10-2021,0.17980939,0,4,zone_04,,,,
16-10-2021,0.17980939,0,5,zone_05,,,,
16-10-2021,0.17980939,0,6,zone_06,,,,
16-10-2021,0.17980939,0,7,zone_07,,,,
16-10-2021,0.17980939,0,8,zone_08,,,,
16-10-2021,0.17980939,0,9,zone_09,,,,
16-10-2021,0.17980939,0,10,zone_10,,,,
16-10-2021,0.17980939,0,11,zone_11,,,,
16-10-2021,0.17980939,0,12,zone_12,,,,
16-10-2021,0.17980939,0,13,zone_13,,,,
16-10-2021,0.17980939,0,14,zone_14,,,,
16-10-2021,0.17980939,0,15,zone_15,,,,
16-10-2021,0.17980939,0,16,zone_16,,,,
17-10-2021,0.17052805,0,1,zone_01,,,,
17-10-2021,0.17052805,0,2,zone_02,,,,
17-10-2021,0.17052805,0,3,zone_03,,,,
17-10-2021,0.17052805,0,4,zone_04,,,,
17-10-2021,0.17052805,0,5,zone_05,,,,
17-10-2021,0.17052805,0,6,zone_06,,,,
17-10-2021,0.17052805,0,7,zone_07,,,,
17-10-2021,0.17052805,0,8,zone_08,,,,
17-10-2021,0.17052805,0,9,zone_09,,,,
17-10-2021,0.17052805,0,10,zone_10,,,,
17-10-2021,0.17052805,0,11,zone_11,,,,
17-10-2021,0.17052805,0,12,zone_12,,,,
17-10-2021,0.17052805,0,13,zone_13,,,,
17-10-2021,0.17052805,0,14,zone_14,,,,
17-10-2021,0.17052805,0,15,zone_15,,,,
17-10-2021,0.17052805,0,16,zone_16,,,,
18-10-2021,0.16364956,0,1,zone_01,,,,
18-10-2021,0.16364956,0,2,zone_02,,,,
18-10-2021,0.16364956,0,3,zone_03,,,,
18-10-2021,0.16364956,0,4,zone_04,,,,
18-10-2021,0.16364956,0,5,zone_05,,,,
18-10-2021,0.16364956,0,6,zone_06,,,,
18-10-2021,0.16364956,0,7,zone_07,,,,
18-10-2021,0.16364956,0,8,zone_08,,,,
18-10-2021,0.16364956,0,9,zone_09,,,,
18-10-2021,0.16364956,0,10,zone_10,,,,
18-10-2021,0.16364956,0,11,zone_11,,,,
18-10-2021,0.16364956,0,12,zone_12,,,,
18-10-2021,0.16364956,0,13,zone_13,,,,
18-10-2021,0.16364956,0,14,zone_14,,,,
18-10-2021,0.16364956,0,15,zone_15,,,,
18-10-2021,0.16364956,0,16,zone_16,,,,
19-10-2021,0.19257717,0,1,zone_01,,,,
19-10-2021,0.19257717,0,2,zone_02,,,,
19-10-2021,0.19257717,0,3,zone_03,,,,
19-10-2021,0.19257717,0,4,zone_04,,,,
19-10-2021,0.19257717,0,5,zone_05,,,,
19-10-2021,0.19257717,0,6,zone_06,,,,
19-10-2021,0.19257717,0,7,zone_07,,,,
19-10-2021,0.19257717,0,8,zone_08,,,,
19-10-2021,0.19257717,0,9,zone_09,,,,
19-10-2021,0.19257717,0,10,zone_10,,,,
19-10-2021,0.19257717,0,11,zone_11,,,,
19-10-2021,0.19257717,0,12,zone_12,,,,
19-10-2021,0.19257717,0,13,zone_13,,,,
19-10-2021,0.19257717,0,14,zone_14,,,,
19-10-2021,0.19257717,0,15,zone_15,,,,
19-10-2021,0.19257717,0,16,zone_16,,,,
20-10-2021,0.15619172,0,1,zone_01,,,,
20-10-2021,0.15619172,0,2,zone_02,,,,
20-10-2021,0.15619172,0,3,zone_03,,,,
20-10-2021,0.15619172,0,4,zone_04,,,,
20-10-2021,0.15619172,0,5,zone_05,,,,
20-10-2021,0.15619172,0,6,zone_06,,,,
20-10-2021,0.15619172,0,7,zone_07,,,,
20-10-2021,0.15619172,0,8,zone_08,,,,
20-10-2021,0.15619172,0,9,zone_09,,,,
20-10-2021,0.15619172,0,10,zone_10,,,,
20-10-2021,0.15619172,0,11,zone_11,,,,
20-10-2021,0.15619172,0,12,zone_12,,,,
20-10-2021,0.15619172,0,13,zone_13,,,,
20-10-2021,0.15619172,0,14,zone_14,,,,
20-10-2021,0.15619172,0,15,zone_15,,,,
20-10-2021,0.15619172,0,16,zone_16,,,,
21-10-2021,0.15839423,0,1,zone_01,,,,
21-10-2021,0.15839423,0,2,zone_02,,,,
21-10-2021,0.15839423,0,3,zone_03,,,,
21-10-2021,0.15839423,0,4,zone_04,,,,
21-10-2021,0.15839423,0,5,zone_05,,,,
21-10-2021,0.15839423,0,6,zone_06,,,,
21-10-2021,0.15839423,0,7,zone_07,,,,
21-10-2021,0.15839423,0,8,zone_08,,,,
21-10-2021,0.15839423,0,9,zone_09,,,,
21-10-2021,0.15839423,0,10,zone_10,,,,
21-10-2021,0.15839423,0,11,zone_11,,,,
21-10-2021,0.15839423,0,12,zone_12,,,,
21-10-2021,0.15839423,0,13,zone_13,,,,
21-10-2021,0.15839423,0,14,zone_14,,,,
21-10-2021,0.15839423,0,15,zone_15,,,,
21-10-2021,0.15839423,0,16,zone_16,,,,
22-10-2021,0.15659148,0,1,zone_01,,,,
22-10-2021,0.15659148,0,2,zone_02,,,,
22-10-2021,0.15659148,0,3,zone_03,,,,
22-10-2021,0.15659148,0,4,zone_04,,,,
22-10-2021,0.15659148,0,5,zone_05,,,,
22-10-2021,0.15659148,0,6,zone_06,,,,
22-10-2021,0.15659148,0,7,zone_07,,,,
22-10-2021,0.15659148,0,8,zone_08,,,,
22-10-2021,0.15659148,0,9,zone_09,,,,
22-10-2021,0.15659148,0,10,zone_10,,,,
22-10-2021,0.15659148,0,11,zone_11,,,,
22-10-2021,0.15659148,0,12,zone_12,,,,
22-10-2021,0.15659148,0,13,zone_13,,,,
22-10-2021,0.15659148,0,14,zone_14,,,,
22-10-2021,0.15659148,0,15,zone_15,,,,
22-10-2021,0.15659148,0,16,zone_16,,,,
23-10-2021,0.15447769,0,1,zone_01,,,,
23-10-2021,0.15447769,0,2,zone_02,,,,
23-10-2021,0.15447769,0,3,zone_03,,,,
23-10-2021,0.15447769,0,4,zone_04,,,,
23-10-2021,0.15447769,0,5,zone_05,,,,
23-10-2021,0.15447769,0,6,zone_06,,,,
23-10-2021,0.15447769,0,7,zone_07,,,,
23-10-2021,0.15447769,0,8,zone_08,,,,
23-10-2021,0.15447769,0,9,zone_09,,,,
23-10-2021,0.15447769,0,10,zone_10,,,,
23-10-2021,0.15447769,0,11,zone_11,,,,
23-10-2021,0.15447769,0,12,zone_12,,,,
23-10-2021,0.15447769,0,13,zone_13,,,,
23-10-2021,0.15447769,0,14,zone_14,,,,
23-10-2021,0.15447769,0,15,zone_15,,,,
23-10-2021,0.15447769,0,16,zone_16,,,,
24-10-2021,0.1635341,0,1,zone_01,,,,
24-10-2021,0.1635341,0,2,zone_02,,,,
24-10-2021,0.1635341,0,3,zone_03,,,,
24-10-2021,0.1635341,0,4,zone_04,,,,
24-10-2021,0.1635341,0,5,zone_05,,,,
24-10-2021,0.1635341,0,6,zone_06,,,,
24-10-2021,0.1635341,0,7,zone_07,,,,
24-10-2021,0.1635341,0,8,zone_08,,,,
24-10-2021,0.1635341,0,9,zone_09,,,,
24-10-2021,0.1635341,0,10,zone_10,,,,
24-10-2021,0.1635341,0,11,zone_11,,,,
24-10-2021,0.1635341,0,12,zone_12,,,,
24-10-2021,0.1635341,0,13,zone_13,,,,
24-10-2021,0.1635341,0,14,zone_14,,,,
24-10-2021,0.1635341,0,15,zone_15,,,,
24-10-2021,0.1635341,0,16,zone_16,,,,
25-10-2021,0.14468795,0,1,zone_01,,,,
25-10-2021,0.14468795,0,2,zone_02,,,,
25-10-2021,0.14468795,0,3,zone_03,,,,
25-10-2021,0.14468795,0,4,zone_04,,,,
25-10-2021,0.14468795,0,5,zone_05,,,,
25-10-2021,0.14468795,0,6,zone_06,,,,
25-10-2021,0.14468795,0,7,zone_07,,,,
25-10-2021,0.14468795,0,8,zone_08,,,,
25-10-2021,0.14468795,0,9,zone_09,,,,
25-10-2021,0.14468795,0,10,zone_10,,,,
25-10-2021,0.14468795,0,11,zone_11,,,,
25-10-2021,0.14468795,0,12,zone_12,,,,
25-10-2021,0.14468795,0,13,zone_13,,,,
25-10-2021,0.14468795,0,14,zone_14,,,,
25-10-2021,0.14468795,0,15,zone_15,,,,
25-10-2021,0.14468795,0,16,zone_16,,,,
26-10-2021,0.14614022,0,1,zone_01,,,,
26-10-2021,0.14614022,0,2,zone_02,,,,
26-10-2021,0.14614022,0,3,zone_03,,,,
26-10-2021,0.14614022,0,4,zone_04,,,,
26-10-2021,0.14614022,0,5,zone_05,,,,
26-10-2021,0.14614022,0,6,zone_06,,,,
26-10-2021,0.14614022,0,7,zone_07,,,,
26-10-2021,0.14614022,0,8,zone_08,,,,
26-10-2021,0.14614022,0,9,zone_09,,,,
26-10-2021,0.14614022,0,10,zone_10,,,,
26-10-2021,0.14614022,0,11,zone_11,,,,
26-10-2021,0.14614022,0,12,zone_12,,,,
26-10-2021,0.14614022,0,13,zone_13,,,,
26-10-2021,0.14614022,0,14,zone_14,,,,
26-10-2021,0.14614022,0,15,zone_15,,,,
26-10-2021,0.14614022,0,16,zone_16,,,,
27-10-2021,0.1225687,0,1,zone_01,,,,
27-10-2021,0.1225687,0,2,zone_02,,,,
27-10-2021,0.1225687,0,3,zone_03,,,,
27-10-2021,0.1225687,0,4,zone_04,,,,
27-10-2021,0.1225687,0,5,zone_05,,,,
27-10-2021,0.1225687,0,6,zone_06,,,,
27-10-2021,0.1225687,0,7,zone_07,,,,
27-10-2021,0.1225687,0,8,zone_08,,,,
27-10-2021,0.1225687,0,9,zone_09,,,,
27-10-2021,0.1225687,0,10,zone_10,,,,
27-10-2021,0.1225687,0,11,zone_11,,,,
27-10-2021,0.1225687,0,12,zone_12,,,,
27-10-2021,0.1225687,0,13,zone_13,,,,
27-10-2021,0.1225687,0,14,zone_14,,,,
27-10-2021,0.1225687,0,15,zone_15,,,,
27-10-2021,0.1225687,0,16,zone_16,,,,
28-10-2021,0.13938628,0,1,zone_01,,,,
28-10-2021,0.13938628,0,2,zone_02,,,,
28-10-2021,0.13938628,0,3,zone_03,,,,
28-10-2021,0.13938628,0,4,zone_04,,,,
28-10-2021,0.13938628,0,5,zone_05,,,,
28-10-2021,0.13938628,0,6,zone_06,,,,
28-10-2021,0.13938628,0,7,zone_07,,,,
28-10-2021,0.13938628,0,8,zone_08,,,,
28-10-2021,0.13938628,0,9,zone_09,,,,
28-10-2021,0.13938628,0,10,zone_10,,,,
28-10-2021,0.13938628,0,11,zone_11,,,,
28-10-2021,0.13938628,0,12,zone_12,,,,
28-10-2021,0.13938628,0,13,zone_13,,,,
28-10-2021,0.13938628,0,14,zone_14,,,,
28-10-2021,0.13938628,0,15,zone_15,,,,
28-10-2021,0.13938628,0,16,zone_16,,,,
29-10-2021,0.19961521,0,1,zone_01,,,,
29-10-2021,0.19961521,0,2,zone_02,,,,
29-10-2021,0.19961521,0,3,zone_03,,,,
29-10-2021,0.19961521,0,4,zone_04,,,,
29-10-2021,0.19961521,0,5,zone_05,,,,
29-10-2021,0.19961521,0,6,zone_06,,,,
29-10-2021,0.19961521,0,7,zone_07,,,,
29-10-2021,0.19961521,0,8,zone_08,,,,
29-10-2021,0.19961521,0,9,zone_09,,,,
29-10-2021,0.19961521,0,10,zone_10,,,,
29-10-2021,0.19961521,0,11,zone_11,,,,
29-10-2021,0.19961521,0,12,zone_12,,,,
29-10-2021,0.19961521,0,13,zone_13,,,,
29-10-2021,0.19961521,0,14,zone_14,,,,
29-10-2021,0.19961521,0,15,zone_15,,,,
29-10-2021,0.19961521,0,16,zone_16,,,,
30-10-2021,0.1676333,0,1,zone_01,,,,
30-10-2021,0.1676333,0,2,zone_02,,,,
30-10-2021,0.1676333,0,3,zone_03,,,,
30-10-2021,0.1676333,0,4,zone_04,,,,
30-10-2021,0.1676333,0,5,zone_05,,,,
30-10-2021,0.1676333,0,6,zone_06,,,,
30-10-2021,0.1676333,0,7,zone_07,,,,
30-10-2021,0.1676333,0,8,zone_08,,,,
30-10-2021,0.1676333,0,9,zone_09,,,,
30-10-2021,0.1676333,0,10,zone_10,,,,
30-10-2021,0.1676333,0,11,zone_11,,,,
30-10-2021,0.1676333,0,12,zone_12,,,,
30-10-2021,0.1676333,0,13,zone_13,,,,
30-10-2021,0.1676333,0,14,zone_14,,,,
30-10-2021,0.1676333,0,15,zone_15,,,,
30-10-2021,0.1676333,0,16,zone_16,,,,
31-10-2021,0.1926108,0,1,zone_01,,,,
31-10-2021,0.1926108,0,2,zone_02,,,,
31-10-2021,0.1926108,0,3,zone_03,,,,
31-10-2021,0.1926108,0,4,zone_04,,,,
31-10-2021,0.1926108,0,5,zone_05,,,,
31-10-2021,0.1926108,0,6,zone_06,,,,
31-10-2021,0.1926108,0,7,zone_07,,,,
31-10-2021,0.1926108,0,8,zone_08,,,,
31-10-2021,0.1926108,0,9,zone_09,,,,
31-10-2021,0.1926108,0,10,zone_10,,,,
31-10-2021,0.1926108,0,11,zone_11,,,,
31-10-2021,0.1926108,0,12,zone_12,,,,
31-10-2021,0.1926108,0,13,zone_13,,,,
31-10-2021,0.1926108,0,14,zone_14,,,,
31-10-2021,0.1926108,0,15,zone_15,,,,
31-10-2021,0.1926108,0,16,zone_16,,,,
01-11-2021,0.7425273,0,1,zone_01,,,,
01-11-2021,0.7425273,0,2,zone_02,,,,
01-11-2021,0.7425273,0,3,zone_03,,,,
01-11-2021,0.7425273,0,4,zone_04,,,,
01-11-2021,0.7425273,0,5,zone_05,,,,
01-11-2021,0.7425273,0,6,zone_06,,,,
01-11-2021,0.7425273,0,7,zone_07,,,,
01-11-2021,0.7425273,0,8,zone_08,,,,
01-11-2021,0.7425273,0,9,zone_09,,,,
01-11-2021,0.7425273,0,10,zone_10,,,,
01-11-2021,0.7425273,0,11,zone_11,,,,
01-11-2021,0.7425273,0,12,zone_12,,,,
01-11-2021,0.7425273,0,13,zone_13,,,,
01-11-2021,0.7425273,0,14,zone_14,,,,
01-11-2021,0.7425273,0,15,zone_15,,,,
01-11-2021,0.7425273,0,16,zone_16,,,,
02-11-2021,0.8503521,1,1,zone_01,,,,
02-11-2021,0.8503521,1,2,zone_02,,,,
02-11-2021,0.8503521,1,3,zone_03,,,,
02-11-2021,0.8503521,1,4,zone_04,,,,
02-11-2021,0.8503521,1,5,zone_05,,,,
02-11-2021,0.8503521,1,6,zone_06,,,,
02-11-2021,0.8503521,1,7,zone_07,,,,
02-11-2021,0.8503521,1,8,zone_08,,,,
02-11-2021,0.8503521,1,9,zone_09,,,,
02-11-2021,0.8503521,1,10,zone_10,,,,
02-11-2021,0.8503521,1,11,zone_11,,,,
02-11-2021,0.8503521,1,12,zone_12,,,,
02-11-2021,0.8503521,1,13,zone_13,,,,
02-11-2021,0.8503521,1,14,zone_14,,,,
02-11-2021,0.8503521,1,15,zone_15,,,,
02-11-2021,0.8503521,1,16,zone_16,,,,
03-11-2021,0.87919295,1,1,zone_01,,,,
03-11-2021,0.87919295,1,2,zone_02,,,,
03-11-2021,0.87919295,1,3,zone_03,,,,
03-11-2021,0.87919295,1,4,zone_04,,,,
03-11-2021,0.87919295,1,5,zone_05,,,,
03-11-2021,0.87919295,1,6,zone_06,,,,
03-11-2021,0.87919295,1,7,zone_07,,,,
03-11-2021,0.87919295,1,8,zone_08,,,,
03-11-2021,0.87919295,1,9,zone_09,,,,
03-11-2021,0.87919295,1,10,zone_10,,,,
03-11-2021,0.87919295,1,11,zone_11,,,,
03-11-2021,0.87919295,1,12,zone_12,,,,
03-11-2021,0.87919295,1,13,zone_13,,,,
03-11-2021,0.87919295,1,14,zone_14,,,,
03-11-2021,0.87919295,1,15,zone_15,,,,
03-11-2021,0.87919295,1,16,zone_16,,,,
04-11-2021,1.1607453,1,1,zone_01,,,,
04-11-2021,1.1607453,1,2,zone_02,,,,
04-11-2021,1.1607453,1,3,zone_03,,,,
04-11-2021,1.1607453,1,4,zone_04,,,,
04-11-2021,1.1607453,1,5,zone_05,,,,
04-11-2021,1.1607453,1,6,zone_06,,,,
04-11-2021,1.1607453,1,7,zone_07,,,,
04-11-2021,1.1607453,1,8,zone_08,,,,
04-11-2021,1.1607453,1,9,zone_09,,,,
04-11-2021,1.1607453,1,10,zone_10,,,,
04-11-2021,1.1607453,1,11,zone_11,,,,
04-11-2021,1.1607453,1,12,zone_12,,,,
04-11-2021,1.1607453,1,13,zone_13,,,,
04-11-2021,1.1607453,1,14,zone_14,,,,
04-11-2021,1.1607453,1,15,zone_15,,,,
04-11-2021,1.1607453,1,16,zone_16,,,,
05-11-2021,1.1236501,1,1,zone_01,,,,
05-11-2021,1.1236501,1,2,zone_02,,,,
05-11-2021,1.1236501,1,3,zone_03,,,,
05-11-2021,1.1236501,1,4,zone_04,,,,
05-11-2021,1.1236501,1,5,zone_05,,,,
05-11-2021,1.1236501,1,6,zone_06,,,,
05-11-2021,1.1236501,1,7,zone_07,,,,
05-11-2021,1.1236501,1,8,zone_08,,,,
05-11-2021,1.1236501,1,9,zone_09,,,,
05-11-2021,1.1236501,1,10,zone_10,,,,
05-11-2021,1.1236501,1,11,zone_11,,,,
05-11-2021,1.1236501,1,12,zone_12,,,,
05-11-2021,1.1236501,1,13,zone_13,,,,
05-11-2021,1.1236501,1,14,zone_14,,,,
05-11-2021,1.1236501,1,15,zone_15,,,,
05-11-2021,1.1236501,1,16,zone_16,,,,
06-11-2021,0.9768599,1,1,zone_01,,,,
06-11-2021,0.9768599,1,2,zone_02,,,,
06-11-2021,0.9768599,1,3,zone_03,,,,
06-11-2021,0.9768599,1,4,zone_04,,,,
06-11-2021,0.9768599,1,5,zone_05,,,,
06-11-2021,0.9768599,1,6,zone_06,,,,
06-11-2021,0.9768599,1,7,zone_07,,,,
06-11-2021,0.9768599,1,8,zone_08,,,,
06-11-2021,0.9768599,1,9,zone_09,,,,
06-11-2021,0.9768599,1,10,zone_10,,,,
06-11-2021,0.9768599,1,11,zone_11,,,,
06-11-2021,0.9768599,1,12,zone_12,,,,
06-11-2021,0.9768599,1,13,zone_13,,,,
06-11-2021,0.9768599,1,14,zone_14,,,,
06-11-2021,0.9768599,1,15,zone_15,,,,
06-11-2021,0.9768599,1,16,zone_16,,,,
07-11-2021,1.1424158,1,1,zone_01,,,,
07-11-2021,1.1424158,1,2,zone_02,,,,
07-11-2021,1.1424158,1,3,zone_03,,,,
07-11-2021,1.1424158,1,4,zone_04,,,,
07-11-2021,1.1424158,1,5,zone_05,,,,
07-11-2021,1.1424158,1,6,zone_06,,,,
07-11-2021,1.1424158,1,7,zone_07,,,,
07-11-2021,1.1424158,1,8,zone_08,,,,
07-11-2021,1.1424158,1,9,zone_09,,,,
07-11-2021,1.1424158,1,10,zone_10,,,,
07-11-2021,1.1424158,1,11,zone_11,,,,
07-11-2021,1.1424158,1,12,zone_12,,,,
07-11-2021,1.1424158,1,13,zone_13,,,,
07-11-2021,1.1424158,1,14,zone_14,,,,
07-11-2021,1.1424158,1,15,zone_15,,,,
07-11-2021,1.1424158,1,16,zone_16,,,,
08-11-2021,1.8271451,1,1,zone_01,,,,
08-11-2021,1.8271451,1,2,zone_02,,,,
08-11-2021,1.8271451,1,3,zone_03,,,,
08-11-2021,1.8271451,1,4,zone_04,,,,
08-11-2021,1.8271451,1,5,zone_05,,,,
08-11-2021,1.8271451,1,6,zone_06,,,,
08-11-2021,1.8271451,1,7,zone_07,,,,
08-11-2021,1.8271451,1,8,zone_08,,,,
08-11-2021,1.8271451,1,9,zone_09,,,,
08-11-2021,1.8271451,1,10,zone_10,,,,
08-11-2021,1.8271451,1,11,zone_11,,,,
08-11-2021,1.8271451,1,12,zone_12,,,,
08-11-2021,1.8271451,1,13,zone_13,,,,
08-11-2021,1.8271451,1,14,zone_14,,,,
08-11-2021,1.8271451,1,15,zone_15,,,,
08-11-2021,1.8271451,1,16,zone_16,,,,
09-11-2021,1.2379143,1,1,zone_01,,,,
09-11-2021,1.2379143,1,2,zone_02,,,,
09-11-2021,1.2379143,1,3,zone_03,,,,
09-11-2021,1.2379143,1,4,zone_04,,,,
09-11-2021,1.2379143,1,5,zone_05,,,,
09-11-2021,1.2379143,1,6,zone_06,,,,
09-11-2021,1.2379143,1,7,zone_07,,,,
09-11-2021,1.2379143,1,8,zone_08,,,,
09-11-2021,1.2379143,1,9,zone_09,,,,
09-11-2021,1.2379143,1,10,zone_10,,,,
09-11-2021,1.2379143,1,11,zone_11,,,,
09-11-2021,1.2379143,1,12,zone_12,,,,
09-11-2021,1.2379143,1,13,zone_13,,,,
09-11-2021,1.2379143,1,14,zone_14,,,,
09-11-2021,1.2379143,1,15,zone_15,,,,
09-11-2021,1.2379143,1,16,zone_16,,,,
10-11-2021,1.5925483,1,1,zone_01,,,,
10-11-2021,1.5925483,1,2,zone_02,,,,
10-11-2021,1.5925483,1,3,zone_03,,,,
10-11-2021,1.5925483,1,4,zone_04,,,,
10-11-2021,1.5925483,1,5,zone_05,,,,
10-11-2021,1.5925483,1,6,zone_06,,,,
10-11-2021,1.5925483,1,7,zone_07,,,,
10-11-2021,1.5925483,1,8,zone_08,,,,
10-11-2021,1.5925483,1,9,zone_09,,,,
10-11-2021,1.5925483,1,10,zone_10,,,,
10-11-2021,1.5925483,1,11,zone_11,,,,
10-11-2021,1.5925483,1,12,zone_12,,,,
10-11-2021,1.5925483,1,13,zone_13,,,,
10-11-2021,1.5925483,1,14,zone_14,,,,
10-11-2021,1.5925483,1,15,zone_15,,,,
10-11-2021,1.5925483,1,16,zone_16,,,,
11-11-2021,1.0590218,1,1,zone_01,,,,
11-11-2021,1.0590218,1,2,zone_02,,,,
11-11-2021,1.0590218,1,3,zone_03,,,,
11-11-2021,1.0590218,1,4,zone_04,,,,
11-11-2021,1.0590218,1,5,zone_05,,,,
11-11-2021,1.0590218,1,6,zone_06,,,,
11-11-2021,1.0590218,1,7,zone_07,,,,
11-11-2021,1.0590218,1,8,zone_08,,,,
11-11-2021,1.0590218,1,9,zone_09,,,,
11-11-2021,1.0590218,1,10,zone_10,,,,
11-11-2021,1.0590218,1,11,zone_11,,,,
11-11-2021,1.0590218,1,12,zone_12,,,,
11-11-2021,1.0590218,1,13,zone_13,,,,
11-11-2021,1.0590218,1,14,zone_14,,,,
11-11-2021,1.0590218,1,15,zone_15,,,,
11-11-2021,1.0590218,1,16,zone_16,,,,
12-11-2021,1.5943115,1,1,zone_01,,,,
12-11-2021,1.5943115,1,2,zone_02,,,,
12-11-2021,1.5943115,1,3,zone_03,,,,
12-11-2021,1.5943115,1,4,zone_04,,,,
12-11-2021,1.5943115,1,5,zone_05,,,,
12-11-2021,1.5943115,1,6,zone_06,,,,
12-11-2021,1.5943115,1,7,zone_07,,,,
12-11-2021,1.5943115,1,8,zone_08,,,,
12-11-2021,1.5943115,1,9,zone_09,,,,
12-11-2021,1.5943115,1,10,zone_10,,,,
12-11-2021,1.5943115,1,11,zone_11,,,,
12-11-2021,1.5943115,1,12,zone_12,,,,
12-11-2021,1.5943115,1,13,zone_13,,,,
12-11-2021,1.5943115,1,14,zone_14,,,,
12-11-2021,1.5943115,1,15,zone_15,,,,
12-11-2021,1.5943115,1,16,zone_16,,,,
13-11-2021,1.2185717,1,1,zone_01,,,,
13-11-2021,1.2185717,1,2,zone_02,,,,
13-11-2021,1.2185717,1,3,zone_03,,,,
13-11-2021,1.2185717,1,4,zone_04,,,,
13-11-2021,1.2185717,1,5,zone_05,,,,
13-11-2021,1.2185717,1,6,zone_06,,,,
13-11-2021,1.2185717,1,7,zone_07,,,,
13-11-2021,1.2185717,1,8,zone_08,,,,
13-11-2021,1.2185717,1,9,zone_09,,,,
13-11-2021,1.2185717,1,10,zone_10,,,,
13-11-2021,1.2185717,1,11,zone_11,,,,
13-11-2021,1.2185717,1,12,zone_12,,,,
13-11-2021,1.2185717,1,13,zone_13,,,,
13-11-2021,1.2185717,1,14,zone_14,,,,
13-11-2021,1.2185717,1,15,zone_15,,,,
13-11-2021,1.2185717,1,16,zone_16,,,,
14-11-2021,1.1456293,1,1,zone_01,,,,
14-11-2021,1.1456293,1,2,zone_02,,,,
14-11-2021,1.1456293,1,3,zone_03,,,,
14-11-2021,1.1456293,1,4,zone_04,,,,
14-11-2021,1.1456293,1,5,zone_05,,,,
14-11-2021,1.1456293,1,6,zone_06,,,,
14-11-2021,1.1456293,1,7,zone_07,,,,
14-11-2021,1.1456293,1,8,zone_08,,,,
14-11-2021,1.1456293,1,9,zone_09,,,,
14-11-2021,1.1456293,1,10,zone_10,,,,
14-11-2021,1.1456293,1,11,zone_11,,,,
14-11-2021,1.1456293,1,12,zone_12,,,,
14-11-2021,1.1456293,1,13,zone_13,,,,
14-11-2021,1.1456293,1,14,zone_14,,,,
14-11-2021,1.1456293,1,15,zone_15,,,,
14-11-2021,1.1456293,1,16,zone_16,,,,
15-11-2021,1.0263203,1,1,zone_01,,,,
15-11-2021,1.0263203,1,2,zone_02,,,,
15-11-2021,1.0263203,1,3,zone_03,,,,
15-11-2021,1.0263203,1,4,zone_04,,,,
15-11-2021,1.0263203,1,5,zone_05,,,,
15-11-2021,1.0263203,1,6,zone_06,,,,
15-11-2021,1.0263203,1,7,zone_07,,,,
15-11-2021,1.0263203,1,8,zone_08,,,,
15-11-2021,1.0263203,1,9,zone_09,,,,
15-11-2021,1.0263203,1,10,zone_10,,,,
15-11-2021,1.0263203,1,11,zone_11,,,,
15-11-2021,1.0263203,1,12,zone_12,,,,
15-11-2021,1.0263203,1,13,zone_13,,,,
15-11-2021,1.0263203,1,14,zone_14,,,,
15-11-2021,1.0263203,1,15,zone_15,,,,
15-11-2021,1.0263203,1,16,zone_16,,,,
16-11-2021,1.1251179,1,1,zone_01,,,,
16-11-2021,1.1251179,1,2,zone_02,,,,
16-11-2021,1.1251179,1,3,zone_03,,,,
16-11-2021,1.1251179,1,4,zone_04,,,,
16-11-2021,1.1251179,1,5,zone_05,,,,
16-11-2021,1.1251179,1,6,zone_06,,,,
16-11-2021,1.1251179,1,7,zone_07,,,,
16-11-2021,1.1251179,1,8,zone_08,,,,
16-11-2021,1.1251179,1,9,zone_09,,,,
16-11-2021,1.1251179,1,10,zone_10,,,,
16-11-2021,1.1251179,1,11,zone_11,,,,
16-11-2021,1.1251179,1,12,zone_12,,,,
16-11-2021,1.1251179,1,13,zone_13,,,,
16-11-2021,1.1251179,1,14,zone_14,,,,
16-11-2021,1.1251179,1,15,zone_15,,,,
16-11-2021,1.1251179,1,16,zone_16,,,,
17-11-2021,1.7791072,1,1,zone_01,,,,
17-11-2021,1.7791072,1,2,zone_02,,,,
17-11-2021,1.7791072,1,3,zone_03,,,,
17-11-2021,1.7791072,1,4,zone_04,,,,
17-11-2021,1.7791072,1,5,zone_05,,,,###############################################################################################################################################################################################################################################################
17-11-2021,1.7791072,1,6,zone_06,,,,
17-11-2021,1.7791072,1,7,zone_07,,,,
17-11-2021,1.7791072,1,8,zone_08,,,,
17-11-2021,1.7791072,1,9,zone_09,,,,
17-11-2021,1.7791072,1,10,zone_10,,,,
17-11-2021,1.7791072,1,11,zone_11,,,,
17-11-2021,1.7791072,1,12,zone_12,,,,
17-11-2021,1.7791072,1,13,zone_13,,,,
17-11-2021,1.7791072,1,14,zone_14,,,,
17-11-2021,1.7791072,1,15,zone_15,,,,
17-11-2021,1.7791072,1,16,zone_16,,,,
18-11-2021,1.4243279,1,1,zone_01,,,,
18-11-2021,1.4243279,1,2,zone_02,,,,
18-11-2021,1.4243279,1,3,zone_03,,,,
18-11-2021,1.4243279,1,4,zone_04,,,,
18-11-2021,1.4243279,1,5,zone_05,,,,
18-11-2021,1.4243279,1,6,zone_06,,,,
18-11-2021,1.4243279,1,7,zone_07,,,,
18-11-2021,1.4243279,1,8,zone_08,,,,
18-11-2021,1.4243279,1,9,zone_09,,,,
18-11-2021,1.4243279,1,10,zone_10,,,,
18-11-2021,1.4243279,1,11,zone_11,,,,
18-11-2021,1.4243279,1,12,zone_12,,,,
18-11-2021,1.4243279,1,13,zone_13,,,,
18-11-2021,1.4243279,1,14,zone_14,,,,
18-11-2021,1.4243279,1,15,zone_15,,,,
18-11-2021,1.4243279,1,16,zone_16,,,,
19-11-2021,1.1403615,1,1,zone_01,,,,
19-11-2021,1.1403615,1,2,zone_02,,,,
19-11-2021,1.1403615,1,3,zone_03,,,,
19-11-2021,1.1403615,1,4,zone_04,,,,
19-11-2021,1.1403615,1,5,zone_05,,,,
19-11-2021,1.1403615,1,6,zone_06,,,,
19-11-2021,1.1403615,1,7,zone_07,,,,
19-11-2021,1.1403615,1,8,zone_08,,,,
19-11-2021,1.1403615,1,9,zone_09,,,,
19-11-2021,1.1403615,1,10,zone_10,,,,
19-11-2021,1.1403615,1,11,zone_11,,,,
19-11-2021,1.1403615,1,12,zone_12,,,,
19-11-2021,1.1403615,1,13,zone_13,,,,
19-11-2021,1.1403615,1,14,zone_14,,,,
19-11-2021,1.1403615,1,15,zone_15,,,,
19-11-2021,1.1403615,1,16,zone_16,,,,
20-11-2021,1.1310872,1,1,zone_01,,,,
20-11-2021,1.1310872,1,2,zone_02,,,,
20-11-2021,1.1310872,1,3,zone_03,,,,
20-11-2021,1.1310872,1,4,zone_04,,,,
20-11-2021,1.1310872,1,5,zone_05,,,,
20-11-2021,1.1310872,1,6,zone_06,,,,
20-11-2021,1.1310872,1,7,zone_07,,,,
20-11-2021,1.1310872,1,8,zone_08,,,,
20-11-2021,1.1310872,1,9,zone_09,,,,
20-11-2021,1.1310872,1,10,zone_10,,,,
20-11-2021,1.1310872,1,11,zone_11,,,,
20-11-2021,1.1310872,1,12,zone_12,,,,
20-11-2021,1.1310872,1,13,zone_13,,,,
20-11-2021,1.1310872,1,14,zone_14,,,,
20-11-2021,1.1310872,1,15,zone_15,,,,
20-11-2021,1.1310872,1,16,zone_16,,,,
21-11-2021,1.132582,1,1,zone_01,,,,
21-11-2021,1.132582,1,2,zone_02,,,,
21-11-2021,1.132582,1,3,zone_03,,,,
21-11-2021,1.132582,1,4,zone_04,,,,
21-11-2021,1.132582,1,5,zone_05,,,,
21-11-2021,1.132582,1,6,zone_06,,,,
21-11-2021,1.132582,1,7,zone_07,,,,
21-11-2021,1.132582,1,8,zone_08,,,,
21-11-2021,1.132582,1,9,zone_09,,,,
21-11-2021,1.132582,1,10,zone_10,,,,
21-11-2021,1.132582,1,11,zone_11,,,,
21-11-2021,1.132582,1,12,zone_12,,,,
21-11-2021,1.132582,1,13,zone_13,,,,
21-11-2021,1.132582,1,14,zone_14,,,,
21-11-2021,1.132582,1,15,zone_15,,,,
21-11-2021,1.132582,1,16,zone_16,,,,
22-11-2021,1.0361853,1,1,zone_01,,,,
22-11-2021,1.0361853,1,2,zone_02,,,,
22-11-2021,1.0361853,1,3,zone_03,,,,
22-11-2021,1.0361853,1,4,zone_04,,,,
22-11-2021,1.0361853,1,5,zone_05,,,,
22-11-2021,1.0361853,1,6,zone_06,,,,
22-11-2021,1.0361853,1,7,zone_07,,,,
22-11-2021,1.0361853,1,8,zone_08,,,,
22-11-2021,1.0361853,1,9,zone_09,,,,
22-11-2021,1.0361853,1,10,zone_10,,,,
22-11-2021,1.0361853,1,11,zone_11,,,,
22-11-2021,1.0361853,1,12,zone_12,,,,
22-11-2021,1.0361853,1,13,zone_13,,,,
22-11-2021,1.0361853,1,14,zone_14,,,,
22-11-2021,1.0361853,1,15,zone_15,,,,
22-11-2021,1.0361853,1,16,zone_16,,,,
23-11-2021,1.0252718,1,1,zone_01,,,,
23-11-2021,1.0252718,1,2,zone_02,,,,
23-11-2021,1.0252718,1,3,zone_03,,,,
23-11-2021,1.0252718,1,4,zone_04,,,,
23-11-2021,1.0252718,1,5,zone_05,,,,
23-11-2021,1.0252718,1,6,zone_06,,,,
23-11-2021,1.0252718,1,7,zone_07,,,,
23-11-2021,1.0252718,1,8,zone_08,,,,
23-11-2021,1.0252718,1,9,zone_09,,,,
23-11-2021,1.0252718,1,10,zone_10,,,,
23-11-2021,1.0252718,1,11,zone_11,,,,
23-11-2021,1.0252718,1,12,zone_12,,,,
23-11-2021,1.0252718,1,13,zone_13,,,,
23-11-2021,1.0252718,1,14,zone_14,,,,
23-11-2021,1.0252718,1,15,zone_15,,,,
23-11-2021,1.0252718,1,16,zone_16,,,,
24-11-2021,0.8517229,1,1,zone_01,,,,
24-11-2021,0.8517229,1,2,zone_02,,,,
24-11-2021,0.8517229,1,3,zone_03,,,,
24-11-2021,0.8517229,1,4,zone_04,,,,
24-11-2021,0.8517229,1,5,zone_05,,,,
24-11-2021,0.8517229,1,6,zone_06,,,,
24-11-2021,0.8517229,1,7,zone_07,,,,
24-11-2021,0.8517229,1,8,zone_08,,,,
24-11-2021,0.8517229,1,9,zone_09,,,,
24-11-2021,0.8517229,1,10,zone_10,,,,
24-11-2021,0.8517229,1,11,zone_11,,,,
24-11-2021,0.8517229,1,12,zone_12,,,,
24-11-2021,0.8517229,1,13,zone_13,,,,
24-11-2021,0.8517229,1,14,zone_14,,,,
24-11-2021,0.8517229,1,15,zone_15,,,,
24-11-2021,0.8517229,1,16,zone_16,,,,
25-11-2021,0.7746734,1,1,zone_01,,,,
25-11-2021,0.7746734,1,2,zone_02,,,,
25-11-2021,0.7746734,1,3,zone_03,,,,
25-11-2021,0.7746734,1,4,zone_04,,,,
25-11-2021,0.7746734,1,5,zone_05,,,,
25-11-2021,0.7746734,1,6,zone_06,,,,
25-11-2021,0.7746734,1,7,zone_07,,,,
25-11-2021,0.7746734,1,8,zone_08,,,,
25-11-2021,0.7746734,1,9,zone_09,,,,
25-11-2021,0.7746734,1,10,zone_10,,,,
25-11-2021,0.7746734,1,11,zone_11,,,,
25-11-2021,0.7746734,1,12,zone_12,,,,
25-11-2021,0.7746734,1,13,zone_13,,,,
25-11-2021,0.7746734,1,14,zone_14,,,,
25-11-2021,0.7746734,1,15,zone_15,,,,
25-11-2021,0.7746734,1,16,zone_16,,,,
26-11-2021,1.0249302,1,1,zone_01,,,,
26-11-2021,1.0249302,1,2,zone_02,,,,
26-11-2021,1.0249302,1,3,zone_03,,,,
26-11-2021,1.0249302,1,4,zone_04,,,,
26-11-2021,1.0249302,1,5,zone_05,,,,
26-11-2021,1.0249302,1,6,zone_06,,,,
26-11-2021,1.0249302,1,7,zone_07,,,,
26-11-2021,1.0249302,1,8,zone_08,,,,
26-11-2021,1.0249302,1,9,zone_09,,,,
26-11-2021,1.0249302,1,10,zone_10,,,,
26-11-2021,1.0249302,1,11,zone_11,,,,
26-11-2021,1.0249302,1,12,zone_12,,,,
26-11-2021,1.0249302,1,13,zone_13,,,,
26-11-2021,1.0249302,1,14,zone_14,,,,
26-11-2021,1.0249302,1,15,zone_15,,,,
26-11-2021,1.0249302,1,16,zone_16,,,,
27-11-2021,1.2918301,1,1,zone_01,,,,
27-11-2021,1.2918301,1,2,zone_02,,,,
27-11-2021,1.2918301,1,3,zone_03,,,,
27-11-2021,1.2918301,1,4,zone_04,,,,
27-11-2021,1.2918301,1,5,zone_05,,,,
27-11-2021,1.2918301,1,6,zone_06,,,,
27-11-2021,1.2918301,1,7,zone_07,,,,
27-11-2021,1.2918301,1,8,zone_08,,,,
27-11-2021,1.2918301,1,9,zone_09,,,,
27-11-2021,1.2918301,1,10,zone_10,,,,
27-11-2021,1.2918301,1,11,zone_11,,,,
27-11-2021,1.2918301,1,12,zone_12,,,,
27-11-2021,1.2918301,1,13,zone_13,,,,
27-11-2021,1.2918301,1,14,zone_14,,,,
27-11-2021,1.2918301,1,15,zone_15,,,,
27-11-2021,1.2918301,1,16,zone_16,,,,
28-11-2021,1.3919113,1,1,zone_01,,,,
28-11-2021,1.3919113,1,2,zone_02,,,,
28-11-2021,1.3919113,1,3,zone_03,,,,
28-11-2021,1.3919113,1,4,zone_04,,,,
28-11-2021,1.3919113,1,5,zone_05,,,,
28-11-2021,1.3919113,1,6,zone_06,,,,
28-11-2021,1.3919113,1,7,zone_07,,,,
28-11-2021,1.3919113,1,8,zone_08,,,,
28-11-2021,1.3919113,1,9,zone_09,,,,
28-11-2021,1.3919113,1,10,zone_10,,,,
28-11-2021,1.3919113,1,11,zone_11,,,,
28-11-2021,1.3919113,1,12,zone_12,,,,
28-11-2021,1.3919113,1,13,zone_13,,,,
28-11-2021,1.3919113,1,14,zone_14,,,,
28-11-2021,1.3919113,1,15,zone_15,,,,
28-11-2021,1.3919113,1,16,zone_16,,,,
29-11-2021,1.2411126,1,1,zone_01,,,,
29-11-2021,1.2411126,1,2,zone_02,,,,
29-11-2021,1.2411126,1,3,zone_03,,,,
29-11-2021,1.2411126,1,4,zone_04,,,,
29-11-2021,1.2411126,1,5,zone_05,,,,
29-11-2021,1.2411126,1,6,zone_06,,,,
29-11-2021,1.2411126,1,7,zone_07,,,,
29-11-2021,1.2411126,1,8,zone_08,,,,
29-11-2021,1.2411126,1,9,zone_09,,,,
29-11-2021,1.2411126,1,10,zone_10,,,,
29-11-2021,1.2411126,1,11,zone_11,,,,
29-11-2021,1.2411126,1,12,zone_12,,,,
29-11-2021,1.2411126,1,13,zone_13,,,,
29-11-2021,1.2411126,1,14,zone_14,,,,
29-11-2021,1.2411126,1,15,zone_15,,,,
29-11-2021,1.2411126,1,16,zone_16,,,,
30-11-2021,1.3941623,1,1,zone_01,,,,
30-11-2021,1.3941623,1,2,zone_02,,,,
30-11-2021,1.3941623,1,3,zone_03,,,,
30-11-2021,1.3941623,1,4,zone_04,,,,
30-11-2021,1.3941623,1,5,zone_05,,,,
30-11-2021,1.3941623,1,6,zone_06,,,,
30-11-2021,1.3941623,1,7,zone_07,,,,
30-11-2021,1.3941623,1,8,zone_08,,,,
30-11-2021,1.3941623,1,9,zone_09,,,,
30-11-2021,1.3941623,1,10,zone_10,,,,
30-11-2021,1.3941623,1,11,zone_11,,,,
30-11-2021,1.3941623,1,12,zone_12,,,,
30-11-2021,1.3941623,1,13,zone_13,,,,
30-11-2021,1.3941623,1,14,zone_14,,,,
30-11-2021,1.3941623,1,15,zone_15,,,,
30-11-2021,1.3941623,1,16,zone_16,,,,
01-12-2021,1.127209,1,1,zone_01,,,,
01-12-2021,1.127209,1,2,zone_02,,,,
01-12-2021,1.127209,1,3,zone_03,,,,
01-12-2021,1.127209,1,4,zone_04,,,,
01-12-2021,1.127209,1,5,zone_05,,,,
01-12-2021,1.127209,1,6,zone_06,,,,
01-12-2021,1.127209,1,7,zone_07,,,,
01-12-2021,1.127209,1,8,zone_08,,,,
01-12-2021,1.127209,1,9,zone_09,,,,
01-12-2021,1.127209,1,10,zone_10,,,,
01-12-2021,1.127209,1,11,zone_11,,,,
01-12-2021,1.127209,1,12,zone_12,,,,
01-12-2021,1.127209,1,13,zone_13,,,,
01-12-2021,1.127209,1,14,zone_14,,,,
01-12-2021,1.127209,1,15,zone_15,,,,
01-12-2021,1.127209,1,16,zone_16,,,,
02-12-2021,1.0223634,1,1,zone_01,,,,
02-12-2021,1.0223634,1,2,zone_02,,,,
02-12-2021,1.0223634,1,3,zone_03,,,,
02-12-2021,1.0223634,1,4,zone_04,,,,
02-12-2021,1.0223634,1,5,zone_05,,,,
02-12-2021,1.0223634,1,6,zone_06,,,,
02-12-2021,1.0223634,1,7,zone_07,,,,
02-12-2021,1.0223634,1,8,zone_08,,,,
02-12-2021,1.0223634,1,9,zone_09,,,,
02-12-2021,1.0223634,1,10,zone_10,,,,
02-12-2021,1.0223634,1,11,zone_11,,,,
02-12-2021,1.0223634,1,12,zone_12,,,,
02-12-2021,1.0223634,1,13,zone_13,,,,
02-12-2021,1.0223634,1,14,zone_14,,,,
02-12-2021,1.0223634,1,15,zone_15,,,,
02-12-2021,1.0223634,1,16,zone_16,,,,
03-12-2021,1.0225722,1,1,zone_01,,,,
03-12-2021,1.0225722,1,2,zone_02,,,,
03-12-2021,1.0225722,1,3,zone_03,,,,
03-12-2021,1.0225722,1,4,zone_04,,,,
03-12-2021,1.0225722,1,5,zone_05,,,,
03-12-2021,1.0225722,1,6,zone_06,,,,
03-12-2021,1.0225722,1,7,zone_07,,,,
03-12-2021,1.0225722,1,8,zone_08,,,,
03-12-2021,1.0225722,1,9,zone_09,,,,
03-12-2021,1.0225722,1,10,zone_10,,,,
03-12-2021,1.0225722,1,11,zone_11,,,,
03-12-2021,1.0225722,1,12,zone_12,,,,
03-12-2021,1.0225722,1,13,zone_13,,,,
03-12-2021,1.0225722,1,14,zone_14,,,,
03-12-2021,1.0225722,1,15,zone_15,,,,
03-12-2021,1.0225722,1,16,zone_16,,,,
04-12-2021,0.7631761,1,1,zone_01,,,,
04-12-2021,0.7631761,1,2,zone_02,,,,
04-12-2021,0.7631761,1,3,zone_03,,,,
04-12-2021,0.7631761,1,4,zone_04,,,,
04-12-2021,0.7631761,1,5,zone_05,,,,
04-12-2021,0.7631761,1,6,zone_06,,,,
04-12-2021,0.7631761,1,7,zone_07,,,,
04-12-2021,0.7631761,1,8,zone_08,,,,
04-12-2021,0.7631761,1,9,zone_09,,,,
04-12-2021,0.7631761,1,10,zone_10,,,,
04-12-2021,0.7631761,1,11,zone_11,,,,
04-12-2021,0.7631761,1,12,zone_12,,,,
04-12-2021,0.7631761,1,13,zone_13,,,,
04-12-2021,0.7631761,1,14,zone_14,,,,
04-12-2021,0.7631761,1,15,zone_15,,,,
04-12-2021,0.7631761,1,16,zone_16,,,,
05-12-2021,0.7631761,1,1,zone_01,,,,
05-12-2021,0.7631761,1,2,zone_02,,,,
05-12-2021,0.7631761,1,3,zone_03,,,,
05-12-2021,0.7631761,1,4,zone_04,,,,
05-12-2021,0.7631761,1,5,zone_05,,,,
05-12-2021,0.7631761,1,6,zone_06,,,,
05-12-2021,0.7631761,1,7,zone_07,,,,
05-12-2021,0.7631761,1,8,zone_08,,,,
05-12-2021,0.7631761,1,9,zone_09,,,,
05-12-2021,0.7631761,1,10,zone_10,,,,
05-12-2021,0.7631761,1,11,zone_11,,,,
05-12-2021,0.7631761,1,12,zone_12,,,,
05-12-2021,0.7631761,1,13,zone_13,,,,
05-12-2021,0.7631761,1,14,zone_14,,,,
05-12-2021,0.7631761,1,15,zone_15,,,,
05-12-2021,0.7631761,1,16,zone_16,,,,
06-12-2021,0.7631761,1,1,zone_01,,,,
06-12-2021,0.7631761,1,2,zone_02,,,,
06-12-2021,0.7631761,1,3,zone_03,,,,
06-12-2021,0.7631761,1,4,zone_04,,,,
06-12-2021,0.7631761,1,5,zone_05,,,,
06-12-2021,0.7631761,1,6,zone_06,,,,
06-12-2021,0.7631761,1,7,zone_07,,,,
06-12-2021,0.7631761,1,8,zone_08,,,,
06-12-2021,0.7631761,1,9,zone_09,,,,
06-12-2021,0.7631761,1,10,zone_10,,,,
06-12-2021,0.7631761,1,11,zone_11,,,,
06-12-2021,0.7631761,1,12,zone_12,,,,
06-12-2021,0.7631761,1,13,zone_13,,,,
06-12-2021,0.7631761,1,14,zone_14,,,,
06-12-2021,0.7631761,1,15,zone_15,,,,
06-12-2021,0.7631761,1,16,zone_16,,,,
07-12-2021,0.65640265,0,1,zone_01,,,,
07-12-2021,0.65640265,0,2,zone_02,,,,
07-12-2021,0.65640265,0,3,zone_03,,,,
07-12-2021,0.65640265,0,4,zone_04,,,,
07-12-2021,0.65640265,0,5,zone_05,,,,
07-12-2021,0.65640265,0,6,zone_06,,,,
07-12-2021,0.65640265,0,7,zone_07,,,,
07-12-2021,0.65640265,0,8,zone_08,,,,
07-12-2021,0.65640265,0,9,zone_09,,,,
07-12-2021,0.65640265,0,10,zone_10,,,,
07-12-2021,0.65640265,0,11,zone_11,,,,
07-12-2021,0.65640265,0,12,zone_12,,,,
07-12-2021,0.65640265,0,13,zone_13,,,,
07-12-2021,0.65640265,0,14,zone_14,,,,
07-12-2021,0.65640265,0,15,zone_15,,,,
07-12-2021,0.65640265,0,16,zone_16,,,,
08-12-2021,0.5364388,0,1,zone_01,,,,
08-12-2021,0.5364388,0,2,zone_02,,,,
08-12-2021,0.5364388,0,3,zone_03,,,,
08-12-2021,0.5364388,0,4,zone_04,,,,
08-12-2021,0.5364388,0,5,zone_05,,,,
08-12-2021,0.5364388,0,6,zone_06,,,,
08-12-2021,0.5364388,0,7,zone_07,,,,
08-12-2021,0.5364388,0,8,zone_08,,,,
08-12-2021,0.5364388,0,9,zone_09,,,,
08-12-2021,0.5364388,0,10,zone_10,,,,
08-12-2021,0.5364388,0,11,zone_11,,,,
08-12-2021,0.5364388,0,12,zone_12,,,,
08-12-2021,0.5364388,0,13,zone_13,,,,
08-12-2021,0.5364388,0,14,zone_14,,,,
08-12-2021,0.5364388,0,15,zone_15,,,,
08-12-2021,0.5364388,0,16,zone_16,,,,
09-12-2021,0.49070373,0,1,zone_01,,,,
09-12-2021,0.49070373,0,2,zone_02,,,,
09-12-2021,0.49070373,0,3,zone_03,,,,
09-12-2021,0.49070373,0,4,zone_04,,,,
09-12-2021,0.49070373,0,5,zone_05,,,,
09-12-2021,0.49070373,0,6,zone_06,,,,
09-12-2021,0.49070373,0,7,zone_07,,,,
09-12-2021,0.49070373,0,8,zone_08,,,,
09-12-2021,0.49070373,0,9,zone_09,,,,
09-12-2021,0.49070373,0,10,zone_10,,,,
09-12-2021,0.49070373,0,11,zone_11,,,,
09-12-2021,0.49070373,0,12,zone_12,,,,
09-12-2021,0.49070373,0,13,zone_13,,,,
09-12-2021,0.49070373,0,14,zone_14,,,,
09-12-2021,0.49070373,0,15,zone_15,,,,
09-12-2021,0.49070373,0,16,zone_16,,,,
10-12-2021,0.47290298,1,1,zone_01,,,,
10-12-2021,0.47290298,1,2,zone_02,,,,
10-12-2021,0.47290298,1,3,zone_03,,,,
10-12-2021,0.47290298,1,4,zone_04,,,,
10-12-2021,0.47290298,1,5,zone_05,,,,
10-12-2021,0.47290298,1,6,zone_06,,,,
10-12-2021,0.47290298,1,7,zone_07,,,,
10-12-2021,0.47290298,1,8,zone_08,,,,
10-12-2021,0.47290298,1,9,zone_09,,,,
10-12-2021,0.47290298,1,10,zone_10,,,,
10-12-2021,0.47290298,1,11,zone_11,,,,
10-12-2021,0.47290298,1,12,zone_12,,,,
10-12-2021,0.47290298,1,13,zone_13,,,,
10-12-2021,0.47290298,1,14,zone_14,,,,
10-12-2021,0.47290298,1,15,zone_15,,,,
10-12-2021,0.47290298,1,16,zone_16,,,,
11-12-2021,0.41061506,0,1,zone_01,,,,
11-12-2021,0.41061506,0,2,zone_02,,,,
11-12-2021,0.41061506,0,3,zone_03,,,,
11-12-2021,0.41061506,0,4,zone_04,,,,
11-12-2021,0.41061506,0,5,zone_05,,,,
11-12-2021,0.41061506,0,6,zone_06,,,,
11-12-2021,0.41061506,0,7,zone_07,,,,
11-12-2021,0.41061506,0,8,zone_08,,,,
11-12-2021,0.41061506,0,9,zone_09,,,,
11-12-2021,0.41061506,0,10,zone_10,,,,
11-12-2021,0.41061506,0,11,zone_11,,,,
11-12-2021,0.41061506,0,12,zone_12,,,,
11-12-2021,0.41061506,0,13,zone_13,,,,
11-12-2021,0.41061506,0,14,zone_14,,,,
11-12-2021,0.41061506,0,15,zone_15,,,,
11-12-2021,0.41061506,0,16,zone_16,,,,
12-12-2021,0.35203564,0,1,zone_01,,,,
12-12-2021,0.35203564,0,2,zone_02,,,,
12-12-2021,0.35203564,0,3,zone_03,,,,
12-12-2021,0.35203564,0,4,zone_04,,,,
12-12-2021,0.35203564,0,5,zone_05,,,,
12-12-2021,0.35203564,0,6,zone_06,,,,
12-12-2021,0.35203564,0,7,zone_07,,,,
12-12-2021,0.35203564,0,8,zone_08,,,,
12-12-2021,0.35203564,0,9,zone_09,,,,
12-12-2021,0.35203564,0,10,zone_10,,,,
12-12-2021,0.35203564,0,11,zone_11,,,,
12-12-2021,0.35203564,0,12,zone_12,,,,
12-12-2021,0.35203564,0,13,zone_13,,,,
12-12-2021,0.35203564,0,14,zone_14,,,,
12-12-2021,0.35203564,0,15,zone_15,,,,
12-12-2021,0.35203564,0,16,zone_16,,,,
13-12-2021,0.3272116,0,1,zone_01,,,,
13-12-2021,0.3272116,0,2,zone_02,,,,
13-12-2021,0.3272116,0,3,zone_03,,,,
13-12-2021,0.3272116,0,4,zone_04,,,,
13-12-2021,0.3272116,0,5,zone_05,,,,
13-12-2021,0.3272116,0,6,zone_06,,,,
13-12-2021,0.3272116,0,7,zone_07,,,,
13-12-2021,0.3272116,0,8,zone_08,,,,
13-12-2021,0.3272116,0,9,zone_09,,,,
13-12-2021,0.3272116,0,10,zone_10,,,,
13-12-2021,0.3272116,0,11,zone_11,,,,
13-12-2021,0.3272116,0,12,zone_12,,,,
13-12-2021,0.3272116,0,13,zone_13,,,,
13-12-2021,0.3272116,0,14,zone_14,,,,
13-12-2021,0.3272116,0,15,zone_15,,,,
13-12-2021,0.3272116,0,16,zone_16,,,,
14-12-2021,0.2885836,0,1,zone_01,,,,
14-12-2021,0.2885836,0,2,zone_02,,,,
14-12-2021,0.2885836,0,3,zone_03,,,,
14-12-2021,0.2885836,0,4,zone_04,,,,
14-12-2021,0.2885836,0,5,zone_05,,,,
14-12-2021,0.2885836,0,6,zone_06,,,,
14-12-2021,0.2885836,0,7,zone_07,,,,
14-12-2021,0.2885836,0,8,zone_08,,,,
14-12-2021,0.2885836,0,9,zone_09,,,,
14-12-2021,0.2885836,0,10,zone_10,,,,
14-12-2021,0.2885836,0,11,zone_11,,,,
14-12-2021,0.2885836,0,12,zone_12,,,,
14-12-2021,0.2885836,0,13,zone_13,,,,
14-12-2021,0.2885836,0,14,zone_14,,,,
14-12-2021,0.2885836,0,15,zone_15,,,,
14-12-2021,0.2885836,0,16,zone_16,,,,
15-12-2021,0.25654492,0,1,zone_01,,,,
15-12-2021,0.25654492,0,2,zone_02,,,,
15-12-2021,0.25654492,0,3,zone_03,,,,
15-12-2021,0.25654492,0,4,zone_04,,,,
15-12-2021,0.25654492,0,5,zone_05,,,,
15-12-2021,0.25654492,0,6,zone_06,,,,
15-12-2021,0.25654492,0,7,zone_07,,,,
15-12-2021,0.25654492,0,8,zone_08,,,,
15-12-2021,0.25654492,0,9,zone_09,,,,
15-12-2021,0.25654492,0,10,zone_10,,,,
15-12-2021,0.25654492,0,11,zone_11,,,,
15-12-2021,0.25654492,0,12,zone_12,,,,
15-12-2021,0.25654492,0,13,zone_13,,,,
15-12-2021,0.25654492,0,14,zone_14,,,,
15-12-2021,0.25654492,0,15,zone_15,,,,
15-12-2021,0.25654492,0,16,zone_16,,,,
16-12-2021,0.26782528,0,1,zone_01,,,,
16-12-2021,0.26782528,0,2,zone_02,,,,
16-12-2021,0.26782528,0,3,zone_03,,,,
16-12-2021,0.26782528,0,4,zone_04,,,,
16-12-2021,0.26782528,0,5,zone_05,,,,
16-12-2021,0.26782528,0,6,zone_06,,,,
16-12-2021,0.26782528,0,7,zone_07,,,,
16-12-2021,0.26782528,0,8,zone_08,,,,
16-12-2021,0.26782528,0,9,zone_09,,,,
16-12-2021,0.26782528,0,10,zone_10,,,,
16-12-2021,0.26782528,0,11,zone_11,,,,
16-12-2021,0.26782528,0,12,zone_12,,,,
16-12-2021,0.26782528,0,13,zone_13,,,,
16-12-2021,0.26782528,0,14,zone_14,,,,
16-12-2021,0.26782528,0,15,zone_15,,,,
16-12-2021,0.26782528,0,16,zone_16,,,,
17-12-2021,0.2261307,0,1,zone_01,,,,
17-12-2021,0.2261307,0,2,zone_02,,,,
17-12-2021,0.2261307,0,3,zone_03,,,,
17-12-2021,0.2261307,0,4,zone_04,,,,
17-12-2021,0.2261307,0,5,zone_05,,,,
17-12-2021,0.2261307,0,6,zone_06,,,,
17-12-2021,0.2261307,0,7,zone_07,,,,
17-12-2021,0.2261307,0,8,zone_08,,,,
17-12-2021,0.2261307,0,9,zone_09,,,,
17-12-2021,0.2261307,0,10,zone_10,,,,
17-12-2021,0.2261307,0,11,zone_11,,,,
17-12-2021,0.2261307,0,12,zone_12,,,,
17-12-2021,0.2261307,0,13,zone_13,,,,
17-12-2021,0.2261307,0,14,zone_14,,,,
17-12-2021,0.2261307,0,15,zone_15,,,,
17-12-2021,0.2261307,0,16,zone_16,,,,
18-12-2021,0.21583481,0,1,zone_01,,,,
18-12-2021,0.21583481,0,2,zone_02,,,,
18-12-2021,0.21583481,0,3,zone_03,,,,
18-12-2021,0.21583481,0,4,zone_04,,,,
18-12-2021,0.21583481,0,5,zone_05,,,,
18-12-2021,0.21583481,0,6,zone_06,,,,
18-12-2021,0.21583481,0,7,zone_07,,,,
18-12-2021,0.21583481,0,8,zone_08,,,,
18-12-2021,0.21583481,0,9,zone_09,,,,
18-12-2021,0.21583481,0,10,zone_10,,,,
18-12-2021,0.21583481,0,11,zone_11,,,,
18-12-2021,0.21583481,0,12,zone_12,,,,
18-12-2021,0.21583481,0,13,zone_13,,,,
18-12-2021,0.21583481,0,14,zone_14,,,,
18-12-2021,0.21583481,0,15,zone_15,,,,
18-12-2021,0.21583481,0,16,zone_16,,,,
19-12-2021,0.19953911,0,1,zone_01,,,,
19-12-2021,0.19953911,0,2,zone_02,,,,
19-12-2021,0.19953911,0,3,zone_03,,,,
19-12-2021,0.19953911,0,4,zone_04,,,,
19-12-2021,0.19953911,0,5,zone_05,,,,
19-12-2021,0.19953911,0,6,zone_06,,,,
19-12-2021,0.19953911,0,7,zone_07,,,,
19-12-2021,0.19953911,0,8,zone_08,,,,
19-12-2021,0.19953911,0,9,zone_09,,,,
19-12-2021,0.19953911,0,10,zone_10,,,,
19-12-2021,0.19953911,0,11,zone_11,,,,
19-12-2021,0.19953911,0,12,zone_12,,,,
19-12-2021,0.19953911,0,13,zone_13,,,,
19-12-2021,0.19953911,0,14,zone_14,,,,
19-12-2021,0.19953911,0,15,zone_15,,,,
19-12-2021,0.19953911,0,16,zone_16,,,,
20-12-2021,0.1950781,0,1,zone_01,,,,
20-12-2021,0.1950781,0,2,zone_02,,,,
20-12-2021,0.1950781,0,3,zone_03,,,,
20-12-2021,0.1950781,0,4,zone_04,,,,
20-12-2021,0.1950781,0,5,zone_05,,,,
20-12-2021,0.1950781,0,6,zone_06,,,,
20-12-2021,0.1950781,0,7,zone_07,,,,
20-12-2021,0.1950781,0,8,zone_08,,,,
20-12-2021,0.1950781,0,9,zone_09,,,,
20-12-2021,0.1950781,0,10,zone_10,,,,
20-12-2021,0.1950781,0,11,zone_11,,,,
20-12-2021,0.1950781,0,12,zone_12,,,,
20-12-2021,0.1950781,0,13,zone_13,,,,
20-12-2021,0.1950781,0,14,zone_14,,,,
20-12-2021,0.1950781,0,15,zone_15,,,,
20-12-2021,0.1950781,0,16,zone_16,,,,
21-12-2021,0.18413359,0,1,zone_01,,,,
21-12-2021,0.18413359,0,2,zone_02,,,,
21-12-2021,0.18413359,0,3,zone_03,,,,
21-12-2021,0.18413359,0,4,zone_04,,,,
21-12-2021,0.18413359,0,5,zone_05,,,,
21-12-2021,0.18413359,0,6,zone_06,,,,
21-12-2021,0.18413359,0,7,zone_07,,,,
21-12-2021,0.18413359,0,8,zone_08,,,,
21-12-2021,0.18413359,0,9,zone_09,,,,
21-12-2021,0.18413359,0,10,zone_10,,,,
21-12-2021,0.18413359,0,11,zone_11,,,,
21-12-2021,0.18413359,0,12,zone_12,,,,
21-12-2021,0.18413359,0,13,zone_13,,,,
21-12-2021,0.18413359,0,14,zone_14,,,,
21-12-2021,0.18413359,0,15,zone_15,,,,
21-12-2021,0.18413359,0,16,zone_16,,,,
22-12-2021,0.1874397,0,1,zone_01,,,,
22-12-2021,0.1874397,0,2,zone_02,,,,
22-12-2021,0.1874397,0,3,zone_03,,,,
22-12-2021,0.1874397,0,4,zone_04,,,,
22-12-2021,0.1874397,0,5,zone_05,,,,
22-12-2021,0.1874397,0,6,zone_06,,,,
22-12-2021,0.1874397,0,7,zone_07,,,,
22-12-2021,0.1874397,0,8,zone_08,,,,
22-12-2021,0.1874397,0,9,zone_09,,,,
22-12-2021,0.1874397,0,10,zone_10,,,,
22-12-2021,0.1874397,0,11,zone_11,,,,
22-12-2021,0.1874397,0,12,zone_12,,,,
22-12-2021,0.1874397,0,13,zone_13,,,,
22-12-2021,0.1874397,0,14,zone_14,,,,
22-12-2021,0.1874397,0,15,zone_15,,,,
22-12-2021,0.1874397,0,16,zone_16,,,,
23-12-2021,0.15746833,0,1,zone_01,,,,
23-12-2021,0.15746833,0,2,zone_02,,,,
23-12-2021,0.15746833,0,3,zone_03,,,,
23-12-2021,0.15746833,0,4,zone_04,,,,
23-12-2021,0.15746833,0,5,zone_05,,,,
23-12-2021,0.15746833,0,6,zone_06,,,,
23-12-2021,0.15746833,0,7,zone_07,,,,
23-12-2021,0.15746833,0,8,zone_08,,,,
23-12-2021,0.15746833,0,9,zone_09,,,,
23-12-2021,0.15746833,0,10,zone_10,,,,
23-12-2021,0.15746833,0,11,zone_11,,,,
23-12-2021,0.15746833,0,12,zone_12,,,,
23-12-2021,0.15746833,0,13,zone_13,,,,
23-12-2021,0.15746833,0,14,zone_14,,,,
23-12-2021,0.15746833,0,15,zone_15,,,,
23-12-2021,0.15746833,0,16,zone_16,,,,
24-12-2021,0.16789627,0,1,zone_01,,,,
24-12-2021,0.16789627,0,2,zone_02,,,,
24-12-2021,0.16789627,0,3,zone_03,,,,
24-12-2021,0.16789627,0,4,zone_04,,,,
24-12-2021,0.16789627,0,5,zone_05,,,,
24-12-2021,0.16789627,0,6,zone_06,,,,
24-12-2021,0.16789627,0,7,zone_07,,,,
24-12-2021,0.16789627,0,8,zone_08,,,,
24-12-2021,0.16789627,0,9,zone_09,,,,
24-12-2021,0.16789627,0,10,zone_10,,,,
24-12-2021,0.16789627,0,11,zone_11,,,,
24-12-2021,0.16789627,0,12,zone_12,,,,
24-12-2021,0.16789627,0,13,zone_13,,,,
24-12-2021,0.16789627,0,14,zone_14,,,,
24-12-2021,0.16789627,0,15,zone_15,,,,
24-12-2021,0.16789627,0,16,zone_16,,,,
25-12-2021,0.15594839,0,1,zone_01,,,,
25-12-2021,0.15594839,0,2,zone_02,,,,
25-12-2021,0.15594839,0,3,zone_03,,,,
25-12-2021,0.15594839,0,4,zone_04,,,,
25-12-2021,0.15594839,0,5,zone_05,,,,
25-12-2021,0.15594839,0,6,zone_06,,,,
25-12-2021,0.15594839,0,7,zone_07,,,,
25-12-2021,0.15594839,0,8,zone_08,,,,
25-12-2021,0.15594839,0,9,zone_09,,,,
25-12-2021,0.15594839,0,10,zone_10,,,,
25-12-2021,0.15594839,0,11,zone_11,,,,
25-12-2021,0.15594839,0,12,zone_12,,,,
25-12-2021,0.15594839,0,13,zone_13,,,,
25-12-2021,0.15594839,0,14,zone_14,,,,
25-12-2021,0.15594839,0,15,zone_15,,,,
25-12-2021,0.15594839,0,16,zone_16,,,,
26-12-2021,0.13802524,0,1,zone_01,,,,
26-12-2021,0.13802524,0,2,zone_02,,,,
26-12-2021,0.13802524,0,3,zone_03,,,,
26-12-2021,0.13802524,0,4,zone_04,,,,
26-12-2021,0.13802524,0,5,zone_05,,,,
26-12-2021,0.13802524,0,6,zone_06,,,,
26-12-2021,0.13802524,0,7,zone_07,,,,
26-12-2021,0.13802524,0,8,zone_08,,,,
26-12-2021,0.13802524,0,9,zone_09,,,,
26-12-2021,0.13802524,0,10,zone_10,,,,
26-12-2021,0.13802524,0,11,zone_11,,,,
26-12-2021,0.13802524,0,12,zone_12,,,,
26-12-2021,0.13802524,0,13,zone_13,,,,
26-12-2021,0.13802524,0,14,zone_14,,,,
26-12-2021,0.13802524,0,15,zone_15,,,,
26-12-2021,0.13802524,0,16,zone_16,,,,
27-12-2021,0.13305329,0,1,zone_01,,,,
27-12-2021,0.13305329,0,2,zone_02,,,,
27-12-2021,0.13305329,0,3,zone_03,,,,
27-12-2021,0.13305329,0,4,zone_04,,,,
27-12-2021,0.13305329,0,5,zone_05,,,,
27-12-2021,0.13305329,0,6,zone_06,,,,
27-12-2021,0.13305329,0,7,zone_07,,,,
27-12-2021,0.13305329,0,8,zone_08,,,,
27-12-2021,0.13305329,0,9,zone_09,,,,
27-12-2021,0.13305329,0,10,zone_10,,,,
27-12-2021,0.13305329,0,11,zone_11,,,,
27-12-2021,0.13305329,0,12,zone_12,,,,
27-12-2021,0.13305329,0,13,zone_13,,,,
27-12-2021,0.13305329,0,14,zone_14,,,,
27-12-2021,0.13305329,0,15,zone_15,,,,
27-12-2021,0.13305329,0,16,zone_16,,,,
28-12-2021,0.11866082,0,1,zone_01,,,,
28-12-2021,0.11866082,0,2,zone_02,,,,
28-12-2021,0.11866082,0,3,zone_03,,,,
28-12-2021,0.11866082,0,4,zone_04,,,,
28-12-2021,0.11866082,0,5,zone_05,,,,
28-12-2021,0.11866082,0,6,zone_06,,,,
28-12-2021,0.11866082,0,7,zone_07,,,,
28-12-2021,0.11866082,0,8,zone_08,,,,
28-12-2021,0.11866082,0,9,zone_09,,,,
28-12-2021,0.11866082,0,10,zone_10,,,,
28-12-2021,0.11866082,0,11,zone_11,,,,
28-12-2021,0.11866082,0,12,zone_12,,,,
28-12-2021,0.11866082,0,13,zone_13,,,,
28-12-2021,0.11866082,0,14,zone_14,,,,
28-12-2021,0.11866082,0,15,zone_15,,,,
28-12-2021,0.11866082,0,16,zone_16,,,,
29-12-2021,0.11777103,0,1,zone_01,,,,
29-12-2021,0.11777103,0,2,zone_02,,,,
29-12-2021,0.11777103,0,3,zone_03,,,,
29-12-2021,0.11777103,0,4,zone_04,,,,
29-12-2021,0.11777103,0,5,zone_05,,,,
29-12-2021,0.11777103,0,6,zone_06,,,,
29-12-2021,0.11777103,0,7,zone_07,,,,
29-12-2021,0.11777103,0,8,zone_08,,,,
29-12-2021,0.11777103,0,9,zone_09,,,,
29-12-2021,0.11777103,0,10,zone_10,,,,
29-12-2021,0.11777103,0,11,zone_11,,,,
29-12-2021,0.11777103,0,12,zone_12,,,,
29-12-2021,0.11777103,0,13,zone_13,,,,
29-12-2021,0.11777103,0,14,zone_14,,,,
29-12-2021,0.11777103,0,15,zone_15,,,,
29-12-2021,0.11777103,0,16,zone_16,,,,
30-12-2021,0.15809561,0,1,zone_01,,,,
30-12-2021,0.15809561,0,2,zone_02,,,,
30-12-2021,0.15809561,0,3,zone_03,,,,
30-12-2021,0.15809561,0,4,zone_04,,,,
30-12-2021,0.15809561,0,5,zone_05,,,,
30-12-2021,0.15809561,0,6,zone_06,,,,
30-12-2021,0.15809561,0,7,zone_07,,,,
30-12-2021,0.15809561,0,8,zone_08,,,,
30-12-2021,0.15809561,0,9,zone_09,,,,
30-12-2021,0.15809561,0,10,zone_10,,,,
30-12-2021,0.15809561,0,11,zone_11,,,,
30-12-2021,0.15809561,0,12,zone_12,,,,
30-12-2021,0.15809561,0,13,zone_13,,,,
30-12-2021,0.15809561,0,14,zone_14,,,,
30-12-2021,0.15809561,0,15,zone_15,,,,
30-12-2021,0.15809561,0,16,zone_16,,,,
31-12-2021,0.1748081,0,1,zone_01,,,,
31-12-2021,0.1748081,0,2,zone_02,,,,
31-12-2021,0.1748081,0,3,zone_03,,,,
31-12-2021,0.1748081,0,4,zone_04,,,,
31-12-2021,0.1748081,0,5,zone_05,,,,
31-12-2021,0.1748081,0,6,zone_06,,,,
31-12-2021,0.1748081,0,7,zone_07,,,,
31-12-2021,0.1748081,0,8,zone_08,,,,
31-12-2021,0.1748081,0,9,zone_09,,,,
31-12-2021,0.1748081,0,10,zone_10,,,,
31-12-2021,0.1748081,0,11,zone_11,,,,
31-12-2021,0.1748081,0,12,zone_12,,,,
31-12-2021,0.1748081,0,13,zone_13,,,,
31-12-2021,0.1748081,0,14,zone_14,,,,
31-12-2021,0.1748081,0,15,zone_15,,,,
31-12-2021,0.1748081,0,16,zone_16,,,,
01-01-2022,0.13561113,0,1,zone_01,,,,
01-01-2022,0.13561113,0,2,zone_02,,,,
01-01-2022,0.13561113,0,3,zone_03,,,,
01-01-2022,0.13561113,0,4,zone_04,,,,
01-01-2022,0.13561113,0,5,zone_05,,,,
01-01-2022,0.13561113,0,6,zone_06,,,,
01-01-2022,0.13561113,0,7,zone_07,,,,
01-01-2022,0.13561113,0,8,zone_08,,,,
01-01-2022,0.13561113,0,9,zone_09,,,,
01-01-2022,0.13561113,0,10,zone_10,,,,
01-01-2022,0.13561113,0,11,zone_11,,,,
01-01-2022,0.13561113,0,12,zone_12,,,,
01-01-2022,0.13561113,0,13,zone_13,,,,
01-01-2022,0.13561113,0,14,zone_14,,,,
01-01-2022,0.13561113,0,15,zone_15,,,,
01-01-2022,0.13561113,0,16,zone_16,,,,
02-01-2022,0.12095476,0,1,zone_01,,,,
02-01-2022,0.12095476,0,2,zone_02,,,,
02-01-2022,0.12095476,0,3,zone_03,,,,
02-01-2022,0.12095476,0,4,zone_04,,,,
02-01-2022,0.12095476,0,5,zone_05,,,,
02-01-2022,0.12095476,0,6,zone_06,,,,
02-01-2022,0.12095476,0,7,zone_07,,,,
02-01-2022,0.12095476,0,8,zone_08,,,,
02-01-2022,0.12095476,0,9,zone_09,,,,
02-01-2022,0.12095476,0,10,zone_10,,,,
02-01-2022,0.12095476,0,11,zone_11,,,,
02-01-2022,0.12095476,0,12,zone_12,,,,
02-01-2022,0.12095476,0,13,zone_13,,,,
02-01-2022,0.12095476,0,14,zone_14,,,,
02-01-2022,0.12095476,0,15,zone_15,,,,
02-01-2022,0.12095476,0,16,zone_16,,,,
03-01-2022,0.11941732,0,1,zone_01,,,,
03-01-2022,0.11941732,0,2,zone_02,,,,
03-01-2022,0.11941732,0,3,zone_03,,,,
03-01-2022,0.11941732,0,4,zone_04,,,,
03-01-2022,0.11941732,0,5,zone_05,,,,
03-01-2022,0.11941732,0,6,zone_06,,,,
03-01-2022,0.11941732,0,7,zone_07,,,,
03-01-2022,0.11941732,0,8,zone_08,,,,
03-01-2022,0.11941732,0,9,zone_09,,,,
03-01-2022,0.11941732,0,10,zone_10,,,,
03-01-2022,0.11941732,0,11,zone_11,,,,
03-01-2022,0.11941732,0,12,zone_12,,,,
03-01-2022,0.11941732,0,13,zone_13,,,,
03-01-2022,0.11941732,0,14,zone_14,,,,
03-01-2022,0.11941732,0,15,zone_15,,,,
03-01-2022,0.11941732,0,16,zone_16,,,,
04-01-2022,0.11919869,0,1,zone_01,,,,
04-01-2022,0.11919869,0,2,zone_02,,,,
04-01-2022,0.11919869,0,3,zone_03,,,,
04-01-2022,0.11919869,0,4,zone_04,,,,
04-01-2022,0.11919869,0,5,zone_05,,,,
04-01-2022,0.11919869,0,6,zone_06,,,,
04-01-2022,0.11919869,0,7,zone_07,,,,
04-01-2022,0.11919869,0,8,zone_08,,,,
04-01-2022,0.11919869,0,9,zone_09,,,,
04-01-2022,0.11919869,0,10,zone_10,,,,
04-01-2022,0.11919869,0,11,zone_11,,,,
04-01-2022,0.11919869,0,12,zone_12,,,,
04-01-2022,0.11919869,0,13,zone_13,,,,
04-01-2022,0.11919869,0,14,zone_14,,,,
04-01-2022,0.11919869,0,15,zone_15,,,,
04-01-2022,0.11919869,0,16,zone_16,,,,
05-01-2022,0.11777103,0,1,zone_01,,,,
05-01-2022,0.11777103,0,2,zone_02,,,,
05-01-2022,0.11777103,0,3,zone_03,,,,
05-01-2022,0.11777103,0,4,zone_04,,,,
05-01-2022,0.11777103,0,5,zone_05,,,,
05-01-2022,0.11777103,0,6,zone_06,,,,
05-01-2022,0.11777103,0,7,zone_07,,,,
05-01-2022,0.11777103,0,8,zone_08,,,,
05-01-2022,0.11777103,0,9,zone_09,,,,
05-01-2022,0.11777103,0,10,zone_10,,,,
05-01-2022,0.11777103,0,11,zone_11,,,,
05-01-2022,0.11777103,0,12,zone_12,,,,
05-01-2022,0.11777103,0,13,zone_13,,,,
05-01-2022,0.11777103,0,14,zone_14,,,,
05-01-2022,0.11777103,0,15,zone_15,,,,
05-01-2022,0.11777103,0,16,zone_16,,,,
06-01-2022,0.11154987,0,1,zone_01,,,,
06-01-2022,0.11154987,0,2,zone_02,,,,
06-01-2022,0.11154987,0,3,zone_03,,,,
06-01-2022,0.11154987,0,4,zone_04,,,,
06-01-2022,0.11154987,0,5,zone_05,,,,
06-01-2022,0.11154987,0,6,zone_06,,,,
06-01-2022,0.11154987,0,7,zone_07,,,,
06-01-2022,0.11154987,0,8,zone_08,,,,
06-01-2022,0.11154987,0,9,zone_09,,,,
06-01-2022,0.11154987,0,10,zone_10,,,,
06-01-2022,0.11154987,0,11,zone_11,,,,
06-01-2022,0.11154987,0,12,zone_12,,,,
06-01-2022,0.11154987,0,13,zone_13,,,,
06-01-2022,0.11154987,0,14,zone_14,,,,
06-01-2022,0.11154987,0,15,zone_15,,,,
06-01-2022,0.11154987,0,16,zone_16,,,,
07-01-2022,0.11280853,0,1,zone_01,,,,
07-01-2022,0.11280853,0,2,zone_02,,,,
07-01-2022,0.11280853,0,3,zone_03,,,,
07-01-2022,0.11280853,0,4,zone_04,,,,
07-01-2022,0.11280853,0,5,zone_05,,,,
07-01-2022,0.11280853,0,6,zone_06,,,,
07-01-2022,0.11280853,0,7,zone_07,,,,
07-01-2022,0.11280853,0,8,zone_08,,,,
07-01-2022,0.11280853,0,9,zone_09,,,,
07-01-2022,0.11280853,0,10,zone_10,,,,
07-01-2022,0.11280853,0,11,zone_11,,,,
07-01-2022,0.11280853,0,12,zone_12,,,,
07-01-2022,0.11280853,0,13,zone_13,,,,
07-01-2022,0.11280853,0,14,zone_14,,,,
07-01-2022,0.11280853,0,15,zone_15,,,,
07-01-2022,0.11280853,0,16,zone_16,,,,
08-01-2022,0.11115012,0,1,zone_01,,,,
08-01-2022,0.11115012,0,2,zone_02,,,,
08-01-2022,0.11115012,0,3,zone_03,,,,
08-01-2022,0.11115012,0,4,zone_04,,,,
08-01-2022,0.11115012,0,5,zone_05,,,,
08-01-2022,0.11115012,0,6,zone_06,,,,
08-01-2022,0.11115012,0,7,zone_07,,,,
08-01-2022,0.11115012,0,8,zone_08,,,,
08-01-2022,0.11115012,0,9,zone_09,,,,
08-01-2022,0.11115012,0,10,zone_10,,,,
08-01-2022,0.11115012,0,11,zone_11,,,,
08-01-2022,0.11115012,0,12,zone_12,,,,
08-01-2022,0.11115012,0,13,zone_13,,,,
08-01-2022,0.11115012,0,14,zone_14,,,,
08-01-2022,0.11115012,0,15,zone_15,,,,
08-01-2022,0.11115012,0,16,zone_16,,,,
09-01-2022,0.107189536,0,1,zone_01,,,,
09-01-2022,0.107189536,0,2,zone_02,,,,
09-01-2022,0.107189536,0,3,zone_03,,,,
09-01-2022,0.107189536,0,4,zone_04,,,,
09-01-2022,0.107189536,0,5,zone_05,,,,
09-01-2022,0.107189536,0,6,zone_06,,,,
09-01-2022,0.107189536,0,7,zone_07,,,,
09-01-2022,0.107189536,0,8,zone_08,,,,
09-01-2022,0.107189536,0,9,zone_09,,,,
09-01-2022,0.107189536,0,10,zone_10,,,,
09-01-2022,0.107189536,0,11,zone_11,,,,
09-01-2022,0.107189536,0,12,zone_12,,,,
09-01-2022,0.107189536,0,13,zone_13,,,,
09-01-2022,0.107189536,0,14,zone_14,,,,
09-01-2022,0.107189536,0,15,zone_15,,,,
09-01-2022,0.107189536,0,16,zone_16,,,,
10-01-2022,0.100258075,0,1,zone_01,,,,
10-01-2022,0.100258075,0,2,zone_02,,,,
10-01-2022,0.100258075,0,3,zone_03,,,,
10-01-2022,0.100258075,0,4,zone_04,,,,
10-01-2022,0.100258075,0,5,zone_05,,,,
10-01-2022,0.100258075,0,6,zone_06,,,,
10-01-2022,0.100258075,0,7,zone_07,,,,
10-01-2022,0.100258075,0,8,zone_08,,,,
10-01-2022,0.100258075,0,9,zone_09,,,,
10-01-2022,0.100258075,0,10,zone_10,,,,
10-01-2022,0.100258075,0,11,zone_11,,,,
10-01-2022,0.100258075,0,12,zone_12,,,,
10-01-2022,0.100258075,0,13,zone_13,,,,
10-01-2022,0.100258075,0,14,zone_14,,,,
10-01-2022,0.100258075,0,15,zone_15,,,,
10-01-2022,0.100258075,0,16,zone_16,,,,
11-01-2022,0.0997742,0,1,zone_01,,,,
11-01-2022,0.0997742,0,2,zone_02,,,,
11-01-2022,0.0997742,0,3,zone_03,,,,
11-01-2022,0.0997742,0,4,zone_04,,,,
11-01-2022,0.0997742,0,5,zone_05,,,,
11-01-2022,0.0997742,0,6,zone_06,,,,
11-01-2022,0.0997742,0,7,zone_07,,,,
11-01-2022,0.0997742,0,8,zone_08,,,,
11-01-2022,0.0997742,0,9,zone_09,,,,
11-01-2022,0.0997742,0,10,zone_10,,,,
11-01-2022,0.0997742,0,11,zone_11,,,,
11-01-2022,0.0997742,0,12,zone_12,,,,
11-01-2022,0.0997742,0,13,zone_13,,,,
11-01-2022,0.0997742,0,14,zone_14,,,,
11-01-2022,0.0997742,0,15,zone_15,,,,
11-01-2022,0.0997742,0,16,zone_16,,,,
12-01-2022,0.09800245,0,1,zone_01,,,,
12-01-2022,0.09800245,0,2,zone_02,,,,
12-01-2022,0.09800245,0,3,zone_03,,,,
12-01-2022,0.09800245,0,4,zone_04,,,,
12-01-2022,0.09800245,0,5,zone_05,,,,
12-01-2022,0.09800245,0,6,zone_06,,,,
12-01-2022,0.09800245,0,7,zone_07,,,,
12-01-2022,0.09800245,0,8,zone_08,,,,
12-01-2022,0.09800245,0,9,zone_09,,,,
12-01-2022,0.09800245,0,10,zone_10,,,,
12-01-2022,0.09800245,0,11,zone_11,,,,
12-01-2022,0.09800245,0,12,zone_12,,,,
12-01-2022,0.09800245,0,13,zone_13,,,,
12-01-2022,0.09800245,0,14,zone_14,,,,
12-01-2022,0.09800245,0,15,zone_15,,,,
12-01-2022,0.09800245,0,16,zone_16,,,,
13-01-2022,0.096265115,0,1,zone_01,,,,
13-01-2022,0.096265115,0,2,zone_02,,,,
13-01-2022,0.096265115,0,3,zone_03,,,,
13-01-2022,0.096265115,0,4,zone_04,,,,
13-01-2022,0.096265115,0,5,zone_05,,,,
13-01-2022,0.096265115,0,6,zone_06,,,,
13-01-2022,0.096265115,0,7,zone_07,,,,
13-01-2022,0.096265115,0,8,zone_08,,,,
13-01-2022,0.096265115,0,9,zone_09,,,,
13-01-2022,0.096265115,0,10,zone_10,,,,
13-01-2022,0.096265115,0,11,zone_11,,,,
13-01-2022,0.096265115,0,12,zone_12,,,,
13-01-2022,0.096265115,0,13,zone_13,,,,
13-01-2022,0.096265115,0,14,zone_14,,,,
13-01-2022,0.096265115,0,15,zone_15,,,,
13-01-2022,0.096265115,0,16,zone_16,,,,
14-01-2022,0.09215212,0,1,zone_01,,,,
14-01-2022,0.09215212,0,2,zone_02,,,,
14-01-2022,0.09215212,0,3,zone_03,,,,
14-01-2022,0.09215212,0,4,zone_04,,,,
14-01-2022,0.09215212,0,5,zone_05,,,,
14-01-2022,0.09215212,0,6,zone_06,,,,
14-01-2022,0.09215212,0,7,zone_07,,,,
14-01-2022,0.09215212,0,8,zone_08,,,,
14-01-2022,0.09215212,0,9,zone_09,,,,
14-01-2022,0.09215212,0,10,zone_10,,,,
14-01-2022,0.09215212,0,11,zone_11,,,,
14-01-2022,0.09215212,0,12,zone_12,,,,
14-01-2022,0.09215212,0,13,zone_13,,,,
14-01-2022,0.09215212,0,14,zone_14,,,,
14-01-2022,0.09215212,0,15,zone_15,,,,
14-01-2022,0.09215212,0,16,zone_16,,,,
15-01-2022,0.09215212,0,1,zone_01,,,,
15-01-2022,0.09215212,0,2,zone_02,,,,
15-01-2022,0.09215212,0,3,zone_03,,,,
15-01-2022,0.09215212,0,4,zone_04,,,,
15-01-2022,0.09215212,0,5,zone_05,,,,
15-01-2022,0.09215212,0,6,zone_06,,,,
15-01-2022,0.09215212,0,7,zone_07,,,,
15-01-2022,0.09215212,0,8,zone_08,,,,
15-01-2022,0.09215212,0,9,zone_09,,,,
15-01-2022,0.09215212,0,10,zone_10,,,,
15-01-2022,0.09215212,0,11,zone_11,,,,
15-01-2022,0.09215212,0,12,zone_12,,,,
15-01-2022,0.09215212,0,13,zone_13,,,,
15-01-2022,0.09215212,0,14,zone_14,,,,
15-01-2022,0.09215212,0,15,zone_15,,,,
15-01-2022,0.09215212,0,16,zone_16,,,,
16-01-2022,0.07731399,0,1,zone_01,,,,
16-01-2022,0.07731399,0,2,zone_02,,,,
16-01-2022,0.07731399,0,3,zone_03,,,,
16-01-2022,0.07731399,0,4,zone_04,,,,
16-01-2022,0.07731399,0,5,zone_05,,,,
16-01-2022,0.07731399,0,6,zone_06,,,,
16-01-2022,0.07731399,0,7,zone_07,,,,
16-01-2022,0.07731399,0,8,zone_08,,,,
16-01-2022,0.07731399,0,9,zone_09,,,,
16-01-2022,0.07731399,0,10,zone_10,,,,
16-01-2022,0.07731399,0,11,zone_11,,,,
16-01-2022,0.07731399,0,12,zone_12,,,,
16-01-2022,0.07731399,0,13,zone_13,,,,
16-01-2022,0.07731399,0,14,zone_14,,,,
16-01-2022,0.07731399,0,15,zone_15,,,,
16-01-2022,0.07731399,0,16,zone_16,,,,
17-01-2022,0.07731399,0,1,zone_01,,,,
17-01-2022,0.07731399,0,2,zone_02,,,,
17-01-2022,0.07731399,0,3,zone_03,,,,
17-01-2022,0.07731399,0,4,zone_04,,,,
17-01-2022,0.07731399,0,5,zone_05,,,,
17-01-2022,0.07731399,0,6,zone_06,,,,
17-01-2022,0.07731399,0,7,zone_07,,,,
17-01-2022,0.07731399,0,8,zone_08,,,,
17-01-2022,0.07731399,0,9,zone_09,,,,
17-01-2022,0.07731399,0,10,zone_10,,,,
17-01-2022,0.07731399,0,11,zone_11,,,,
17-01-2022,0.07731399,0,12,zone_12,,,,
17-01-2022,0.07731399,0,13,zone_13,,,,
17-01-2022,0.07731399,0,14,zone_14,,,,
17-01-2022,0.07731399,0,15,zone_15,,,,
17-01-2022,0.07731399,0,16,zone_16,,,,
18-01-2022,0.07473119,0,1,zone_01,,,,
18-01-2022,0.07473119,0,2,zone_02,,,,
18-01-2022,0.07473119,0,3,zone_03,,,,
18-01-2022,0.07473119,0,4,zone_04,,,,
18-01-2022,0.07473119,0,5,zone_05,,,,
18-01-2022,0.07473119,0,6,zone_06,,,,
18-01-2022,0.07473119,0,7,zone_07,,,,
18-01-2022,0.07473119,0,8,zone_08,,,,
18-01-2022,0.07473119,0,9,zone_09,,,,
18-01-2022,0.07473119,0,10,zone_10,,,,
18-01-2022,0.07473119,0,11,zone_11,,,,
18-01-2022,0.07473119,0,12,zone_12,,,,
18-01-2022,0.07473119,0,13,zone_13,,,,
18-01-2022,0.07473119,0,14,zone_14,,,,
18-01-2022,0.07473119,0,15,zone_15,,,,
18-01-2022,0.07473119,0,16,zone_16,,,,
19-01-2022,0.072955616,0,1,zone_01,,,,
19-01-2022,0.072955616,0,2,zone_02,,,,
19-01-2022,0.072955616,0,3,zone_03,,,,
19-01-2022,0.072955616,0,4,zone_04,,,,
19-01-2022,0.072955616,0,5,zone_05,,,,
19-01-2022,0.072955616,0,6,zone_06,,,,
19-01-2022,0.072955616,0,7,zone_07,,,,
19-01-2022,0.072955616,0,8,zone_08,,,,
19-01-2022,0.072955616,0,9,zone_09,,,,
19-01-2022,0.072955616,0,10,zone_10,,,,
19-01-2022,0.072955616,0,11,zone_11,,,,
19-01-2022,0.072955616,0,12,zone_12,,,,
19-01-2022,0.072955616,0,13,zone_13,,,,
19-01-2022,0.072955616,0,14,zone_14,,,,
19-01-2022,0.072955616,0,15,zone_15,,,,
19-01-2022,0.072955616,0,16,zone_16,,,,
20-01-2022,0.07165647,0,1,zone_01,,,,
20-01-2022,0.07165647,0,2,zone_02,,,,
20-01-2022,0.07165647,0,3,zone_03,,,,
20-01-2022,0.07165647,0,4,zone_04,,,,
20-01-2022,0.07165647,0,5,zone_05,,,,
20-01-2022,0.07165647,0,6,zone_06,,,,
20-01-2022,0.07165647,0,7,zone_07,,,,
20-01-2022,0.07165647,0,8,zone_08,,,,
20-01-2022,0.07165647,0,9,zone_09,,,,
20-01-2022,0.07165647,0,10,zone_10,,,,
20-01-2022,0.07165647,0,11,zone_11,,,,
20-01-2022,0.07165647,0,12,zone_12,,,,
20-01-2022,0.07165647,0,13,zone_13,,,,
20-01-2022,0.07165647,0,14,zone_14,,,,
20-01-2022,0.07165647,0,15,zone_15,,,,
20-01-2022,0.07165647,0,16,zone_16,,,,
21-01-2022,0.069431804,0,1,zone_01,,,,
21-01-2022,0.069431804,0,2,zone_02,,,,
21-01-2022,0.069431804,0,3,zone_03,,,,
21-01-2022,0.069431804,0,4,zone_04,,,,
21-01-2022,0.069431804,0,5,zone_05,,,,
21-01-2022,0.069431804,0,6,zone_06,,,,
21-01-2022,0.069431804,0,7,zone_07,,,,
21-01-2022,0.069431804,0,8,zone_08,,,,
21-01-2022,0.069431804,0,9,zone_09,,,,
21-01-2022,0.069431804,0,10,zone_10,,,,
21-01-2022,0.069431804,0,11,zone_11,,,,
21-01-2022,0.069431804,0,12,zone_12,,,,
21-01-2022,0.069431804,0,13,zone_13,,,,
21-01-2022,0.069431804,0,14,zone_14,,,,
21-01-2022,0.069431804,0,15,zone_15,,,,
21-01-2022,0.069431804,0,16,zone_16,,,,
22-01-2022,0.06802928,0,1,zone_01,,,,
22-01-2022,0.06802928,0,2,zone_02,,,,
22-01-2022,0.06802928,0,3,zone_03,,,,
22-01-2022,0.06802928,0,4,zone_04,,,,
22-01-2022,0.06802928,0,5,zone_05,,,,
22-01-2022,0.06802928,0,6,zone_06,,,,
22-01-2022,0.06802928,0,7,zone_07,,,,
22-01-2022,0.06802928,0,8,zone_08,,,,
22-01-2022,0.06802928,0,9,zone_09,,,,
22-01-2022,0.06802928,0,10,zone_10,,,,
22-01-2022,0.06802928,0,11,zone_11,,,,
22-01-2022,0.06802928,0,12,zone_12,,,,
22-01-2022,0.06802928,0,13,zone_13,,,,
22-01-2022,0.06802928,0,14,zone_14,,,,
22-01-2022,0.06802928,0,15,zone_15,,,,
22-01-2022,0.06802928,0,16,zone_16,,,,
23-01-2022,0.065748654,0,1,zone_01,,,,
23-01-2022,0.065748654,0,2,zone_02,,,,
23-01-2022,0.065748654,0,3,zone_03,,,,
23-01-2022,0.065748654,0,4,zone_04,,,,
23-01-2022,0.065748654,0,5,zone_05,,,,
23-01-2022,0.065748654,0,6,zone_06,,,,
23-01-2022,0.065748654,0,7,zone_07,,,,
23-01-2022,0.065748654,0,8,zone_08,,,,
23-01-2022,0.065748654,0,9,zone_09,,,,
23-01-2022,0.065748654,0,10,zone_10,,,,
23-01-2022,0.065748654,0,11,zone_11,,,,
23-01-2022,0.065748654,0,12,zone_12,,,,
23-01-2022,0.065748654,0,13,zone_13,,,,
23-01-2022,0.065748654,0,14,zone_14,,,,
23-01-2022,0.065748654,0,15,zone_15,,,,
23-01-2022,0.065748654,0,16,zone_16,,,,
24-01-2022,0.065748654,0,1,zone_01,,,,
24-01-2022,0.065748654,0,2,zone_02,,,,
24-01-2022,0.065748654,0,3,zone_03,,,,
24-01-2022,0.065748654,0,4,zone_04,,,,
24-01-2022,0.065748654,0,5,zone_05,,,,
24-01-2022,0.065748654,0,6,zone_06,,,,
24-01-2022,0.065748654,0,7,zone_07,,,,
24-01-2022,0.065748654,0,8,zone_08,,,,
24-01-2022,0.065748654,0,9,zone_09,,,,
24-01-2022,0.065748654,0,10,zone_10,,,,
24-01-2022,0.065748654,0,11,zone_11,,,,
24-01-2022,0.065748654,0,12,zone_12,,,,
24-01-2022,0.065748654,0,13,zone_13,,,,
24-01-2022,0.065748654,0,14,zone_14,,,,
24-01-2022,0.065748654,0,15,zone_15,,,,
24-01-2022,0.065748654,0,16,zone_16,,,,
25-01-2022,0.058115557,0,1,zone_01,,,,
25-01-2022,0.058115557,0,2,zone_02,,,,
25-01-2022,0.058115557,0,3,zone_03,,,,
25-01-2022,0.058115557,0,4,zone_04,,,,
25-01-2022,0.058115557,0,5,zone_05,,,,
25-01-2022,0.058115557,0,6,zone_06,,,,
25-01-2022,0.058115557,0,7,zone_07,,,,
25-01-2022,0.058115557,0,8,zone_08,,,,
25-01-2022,0.058115557,0,9,zone_09,,,,
25-01-2022,0.058115557,0,10,zone_10,,,,
25-01-2022,0.058115557,0,11,zone_11,,,,
25-01-2022,0.058115557,0,12,zone_12,,,,
25-01-2022,0.058115557,0,13,zone_13,,,,
25-01-2022,0.058115557,0,14,zone_14,,,,
25-01-2022,0.058115557,0,15,zone_15,,,,
25-01-2022,0.058115557,0,16,zone_16,,,,
26-01-2022,0.059273407,0,1,zone_01,,,,
26-01-2022,0.059273407,0,2,zone_02,,,,
26-01-2022,0.059273407,0,3,zone_03,,,,
26-01-2022,0.059273407,0,4,zone_04,,,,
26-01-2022,0.059273407,0,5,zone_05,,,,
26-01-2022,0.059273407,0,6,zone_06,,,,
26-01-2022,0.059273407,0,7,zone_07,,,,
26-01-2022,0.059273407,0,8,zone_08,,,,
26-01-2022,0.059273407,0,9,zone_09,,,,
26-01-2022,0.059273407,0,10,zone_10,,,,
26-01-2022,0.059273407,0,11,zone_11,,,,
26-01-2022,0.059273407,0,12,zone_12,,,,
26-01-2022,0.059273407,0,13,zone_13,,,,
26-01-2022,0.059273407,0,14,zone_14,,,,
26-01-2022,0.059273407,0,15,zone_15,,,,
26-01-2022,0.059273407,0,16,zone_16,,,,
27-01-2022,0.058115557,0,1,zone_01,,,,
27-01-2022,0.058115557,0,2,zone_02,,,,
27-01-2022,0.058115557,0,3,zone_03,,,,
27-01-2022,0.058115557,0,4,zone_04,,,,
27-01-2022,0.058115557,0,5,zone_05,,,,
27-01-2022,0.058115557,0,6,zone_06,,,,
27-01-2022,0.058115557,0,7,zone_07,,,,
27-01-2022,0.058115557,0,8,zone_08,,,,
27-01-2022,0.058115557,0,9,zone_09,,,,
27-01-2022,0.058115557,0,10,zone_10,,,,
27-01-2022,0.058115557,0,11,zone_11,,,,
27-01-2022,0.058115557,0,12,zone_12,,,,
27-01-2022,0.058115557,0,13,zone_13,,,,
27-01-2022,0.058115557,0,14,zone_14,,,,
27-01-2022,0.058115557,0,15,zone_15,,,,
27-01-2022,0.058115557,0,16,zone_16,,,,
28-01-2022,0.058115557,0,1,zone_01,,,,
28-01-2022,0.058115557,0,2,zone_02,,,,
28-01-2022,0.058115557,0,3,zone_03,,,,
28-01-2022,0.058115557,0,4,zone_04,,,,
28-01-2022,0.058115557,0,5,zone_05,,,,
28-01-2022,0.058115557,0,6,zone_06,,,,
28-01-2022,0.058115557,0,7,zone_07,,,,
28-01-2022,0.058115557,0,8,zone_08,,,,
28-01-2022,0.058115557,0,9,zone_09,,,,
28-01-2022,0.058115557,0,10,zone_10,,,,
28-01-2022,0.058115557,0,11,zone_11,,,,
28-01-2022,0.058115557,0,12,zone_12,,,,
28-01-2022,0.058115557,0,13,zone_13,,,,
28-01-2022,0.058115557,0,14,zone_14,,,,
28-01-2022,0.058115557,0,15,zone_15,,,,
28-01-2022,0.058115557,0,16,zone_16,,,,
29-01-2022,0.056550317,0,1,zone_01,,,,
29-01-2022,0.056550317,0,2,zone_02,,,,
29-01-2022,0.056550317,0,3,zone_03,,,,
29-01-2022,0.056550317,0,4,zone_04,,,,
29-01-2022,0.056550317,0,5,zone_05,,,,
29-01-2022,0.056550317,0,6,zone_06,,,,
29-01-2022,0.056550317,0,7,zone_07,,,,
29-01-2022,0.056550317,0,8,zone_08,,,,
29-01-2022,0.056550317,0,9,zone_09,,,,
29-01-2022,0.056550317,0,10,zone_10,,,,
29-01-2022,0.056550317,0,11,zone_11,,,,
29-01-2022,0.056550317,0,12,zone_12,,,,
29-01-2022,0.056550317,0,13,zone_13,,,,
29-01-2022,0.056550317,0,14,zone_14,,,,
29-01-2022,0.056550317,0,15,zone_15,,,,
29-01-2022,0.056550317,0,16,zone_16,,,,
30-01-2022,0.052929968,0,1,zone_01,,,,
30-01-2022,0.052929968,0,2,zone_02,,,,
30-01-2022,0.052929968,0,3,zone_03,,,,
30-01-2022,0.052929968,0,4,zone_04,,,,
30-01-2022,0.052929968,0,5,zone_05,,,,
30-01-2022,0.052929968,0,6,zone_06,,,,
30-01-2022,0.052929968,0,7,zone_07,,,,
30-01-2022,0.052929968,0,8,zone_08,,,,
30-01-2022,0.052929968,0,9,zone_09,,,,
30-01-2022,0.052929968,0,10,zone_10,,,,
30-01-2022,0.052929968,0,11,zone_11,,,,
30-01-2022,0.052929968,0,12,zone_12,,,,
30-01-2022,0.052929968,0,13,zone_13,,,,
30-01-2022,0.052929968,0,14,zone_14,,,,
30-01-2022,0.052929968,0,15,zone_15,,,,
30-01-2022,0.052929968,0,16,zone_16,,,,
31-01-2022,0.052929968,0,1,zone_01,,,,
31-01-2022,0.052929968,0,2,zone_02,,,,
31-01-2022,0.052929968,0,3,zone_03,,,,
31-01-2022,0.052929968,0,4,zone_04,,,,
31-01-2022,0.052929968,0,5,zone_05,,,,
31-01-2022,0.052929968,0,6,zone_06,,,,
31-01-2022,0.052929968,0,7,zone_07,,,,
31-01-2022,0.052929968,0,8,zone_08,,,,
31-01-2022,0.052929968,0,9,zone_09,,,,
31-01-2022,0.052929968,0,10,zone_10,,,,
31-01-2022,0.052929968,0,11,zone_11,,,,
31-01-2022,0.052929968,0,12,zone_12,,,,
31-01-2022,0.052929968,0,13,zone_13,,,,
31-01-2022,0.052929968,0,14,zone_14,,,,
31-01-2022,0.052929968,0,15,zone_15,,,,
31-01-2022,0.052929968,0,16,zone_16,,,,
01-02-2022,0.052929968,0,1,zone_01,,,,
01-02-2022,0.052929968,0,2,zone_02,,,,
01-02-2022,0.052929968,0,3,zone_03,,,,
01-02-2022,0.052929968,0,4,zone_04,,,,
01-02-2022,0.052929968,0,5,zone_05,,,,
01-02-2022,0.052929968,0,6,zone_06,,,,
01-02-2022,0.052929968,0,7,zone_07,,,,
01-02-2022,0.052929968,0,8,zone_08,,,,
01-02-2022,0.052929968,0,9,zone_09,,,,
01-02-2022,0.052929968,0,10,zone_10,,,,
01-02-2022,0.052929968,0,11,zone_11,,,,
01-02-2022,0.052929968,0,12,zone_12,,,,
01-02-2022,0.052929968,0,13,zone_13,,,,
01-02-2022,0.052929968,0,14,zone_14,,,,
01-02-2022,0.052929968,0,15,zone_15,,,,
01-02-2022,0.052929968,0,16,zone_16,,,,
02-02-2022,0.052468956,0,1,zone_01,,,,
02-02-2022,0.052468956,0,2,zone_02,,,,
02-02-2022,0.052468956,0,3,zone_03,,,,
02-02-2022,0.052468956,0,4,zone_04,,,,
02-02-2022,0.052468956,0,5,zone_05,,,,
02-02-2022,0.052468956,0,6,zone_06,,,,
02-02-2022,0.052468956,0,7,zone_07,,,,
02-02-2022,0.052468956,0,8,zone_08,,,,
02-02-2022,0.052468956,0,9,zone_09,,,,
02-02-2022,0.052468956,0,10,zone_10,,,,
02-02-2022,0.052468956,0,11,zone_11,,,,
02-02-2022,0.052468956,0,12,zone_12,,,,
02-02-2022,0.052468956,0,13,zone_13,,,,
02-02-2022,0.052468956,0,14,zone_14,,,,
02-02-2022,0.052468956,0,15,zone_15,,,,
02-02-2022,0.052468956,0,16,zone_16,,,,
03-02-2022,0.04493688,0,1,zone_01,,,,
03-02-2022,0.04493688,0,2,zone_02,,,,
03-02-2022,0.04493688,0,3,zone_03,,,,
03-02-2022,0.04493688,0,4,zone_04,,,,
03-02-2022,0.04493688,0,5,zone_05,,,,
03-02-2022,0.04493688,0,6,zone_06,,,,
03-02-2022,0.04493688,0,7,zone_07,,,,
03-02-2022,0.04493688,0,8,zone_08,,,,
03-02-2022,0.04493688,0,9,zone_09,,,,
03-02-2022,0.04493688,0,10,zone_10,,,,
03-02-2022,0.04493688,0,11,zone_11,,,,
03-02-2022,0.04493688,0,12,zone_12,,,,
03-02-2022,0.04493688,0,13,zone_13,,,,
03-02-2022,0.04493688,0,14,zone_14,,,,
03-02-2022,0.04493688,0,15,zone_15,,,,
03-02-2022,0.04493688,0,16,zone_16,,,,
04-02-2022,0.04493688,0,1,zone_01,,,,
04-02-2022,0.04493688,0,2,zone_02,,,,
04-02-2022,0.04493688,0,3,zone_03,,,,
04-02-2022,0.04493688,0,4,zone_04,,,,
04-02-2022,0.04493688,0,5,zone_05,,,,
04-02-2022,0.04493688,0,6,zone_06,,,,
04-02-2022,0.04493688,0,7,zone_07,,,,
04-02-2022,0.04493688,0,8,zone_08,,,,
04-02-2022,0.04493688,0,9,zone_09,,,,
04-02-2022,0.04493688,0,10,zone_10,,,,
04-02-2022,0.04493688,0,11,zone_11,,,,
04-02-2022,0.04493688,0,12,zone_12,,,,
04-02-2022,0.04493688,0,13,zone_13,,,,
04-02-2022,0.04493688,0,14,zone_14,,,,
04-02-2022,0.04493688,0,15,zone_15,,,,
04-02-2022,0.04493688,0,16,zone_16,,,,
05-02-2022,0.04493688,0,1,zone_01,,,,
05-02-2022,0.04493688,0,2,zone_02,,,,
05-02-2022,0.04493688,0,3,zone_03,,,,
05-02-2022,0.04493688,0,4,zone_04,,,,
05-02-2022,0.04493688,0,5,zone_05,,,,
05-02-2022,0.04493688,0,6,zone_06,,,,
05-02-2022,0.04493688,0,7,zone_07,,,,
05-02-2022,0.04493688,0,8,zone_08,,,,
05-02-2022,0.04493688,0,9,zone_09,,,,
05-02-2022,0.04493688,0,10,zone_10,,,,
05-02-2022,0.04493688,0,11,zone_11,,,,
05-02-2022,0.04493688,0,12,zone_12,,,,
05-02-2022,0.04493688,0,13,zone_13,,,,
05-02-2022,0.04493688,0,14,zone_14,,,,
05-02-2022,0.04493688,0,15,zone_15,,,,
05-02-2022,0.04493688,0,16,zone_16,,,,
06-02-2022,0.04493688,0,1,zone_01,,,,
06-02-2022,0.04493688,0,2,zone_02,,,,
06-02-2022,0.04493688,0,3,zone_03,,,,
06-02-2022,0.04493688,0,4,zone_04,,,,
06-02-2022,0.04493688,0,5,zone_05,,,,
06-02-2022,0.04493688,0,6,zone_06,,,,
06-02-2022,0.04493688,0,7,zone_07,,,,
06-02-2022,0.04493688,0,8,zone_08,,,,
06-02-2022,0.04493688,0,9,zone_09,,,,
06-02-2022,0.04493688,0,10,zone_10,,,,
06-02-2022,0.04493688,0,11,zone_11,,,,
06-02-2022,0.04493688,0,12,zone_12,,,,
06-02-2022,0.04493688,0,13,zone_13,,,,
06-02-2022,0.04493688,0,14,zone_14,,,,
06-02-2022,0.04493688,0,15,zone_15,,,,
06-02-2022,0.04493688,0,16,zone_16,,,,
07-02-2022,0.045744546,0,1,zone_01,,,,
07-02-2022,0.045744546,0,2,zone_02,,,,
07-02-2022,0.045744546,0,3,zone_03,,,,
07-02-2022,0.045744546,0,4,zone_04,,,,
07-02-2022,0.045744546,0,5,zone_05,,,,
07-02-2022,0.045744546,0,6,zone_06,,,,
07-02-2022,0.045744546,0,7,zone_07,,,,
07-02-2022,0.045744546,0,8,zone_08,,,,
07-02-2022,0.045744546,0,9,zone_09,,,,
07-02-2022,0.045744546,0,10,zone_10,,,,
07-02-2022,0.045744546,0,11,zone_11,,,,
07-02-2022,0.045744546,0,12,zone_12,,,,
07-02-2022,0.045744546,0,13,zone_13,,,,
07-02-2022,0.045744546,0,14,zone_14,,,,
07-02-2022,0.045744546,0,15,zone_15,,,,
07-02-2022,0.045744546,0,16,zone_16,,,,
08-02-2022,0.042709813,0,1,zone_01,,,,
08-02-2022,0.042709813,0,2,zone_02,,,,
08-02-2022,0.042709813,0,3,zone_03,,,,
08-02-2022,0.042709813,0,4,zone_04,,,,
08-02-2022,0.042709813,0,5,zone_05,,,,
08-02-2022,0.042709813,0,6,zone_06,,,,
08-02-2022,0.042709813,0,7,zone_07,,,,
08-02-2022,0.042709813,0,8,zone_08,,,,
08-02-2022,0.042709813,0,9,zone_09,,,,
08-02-2022,0.042709813,0,10,zone_10,,,,
08-02-2022,0.042709813,0,11,zone_11,,,,
08-02-2022,0.042709813,0,12,zone_12,,,,
08-02-2022,0.042709813,0,13,zone_13,,,,
08-02-2022,0.042709813,0,14,zone_14,,,,
08-02-2022,0.042709813,0,15,zone_15,,,,
08-02-2022,0.042709813,0,16,zone_16,,,,
09-02-2022,0.042709813,0,1,zone_01,,,,
09-02-2022,0.042709813,0,2,zone_02,,,,
09-02-2022,0.042709813,0,3,zone_03,,,,
09-02-2022,0.042709813,0,4,zone_04,,,,
09-02-2022,0.042709813,0,5,zone_05,,,,
09-02-2022,0.042709813,0,6,zone_06,,,,
09-02-2022,0.042709813,0,7,zone_07,,,,
09-02-2022,0.042709813,0,8,zone_08,,,,
09-02-2022,0.042709813,0,9,zone_09,,,,
09-02-2022,0.042709813,0,10,zone_10,,,,
09-02-2022,0.042709813,0,11,zone_11,,,,
09-02-2022,0.042709813,0,12,zone_12,,,,
09-02-2022,0.042709813,0,13,zone_13,,,,
09-02-2022,0.042709813,0,14,zone_14,,,,
09-02-2022,0.042709813,0,15,zone_15,,,,
09-02-2022,0.042709813,0,16,zone_16,,,,
10-02-2022,0.052929968,0,1,zone_01,,,,
10-02-2022,0.052929968,0,2,zone_02,,,,
10-02-2022,0.052929968,0,3,zone_03,,,,
10-02-2022,0.052929968,0,4,zone_04,,,,
10-02-2022,0.052929968,0,5,zone_05,,,,
10-02-2022,0.052929968,0,6,zone_06,,,,
10-02-2022,0.052929968,0,7,zone_07,,,,
10-02-2022,0.052929968,0,8,zone_08,,,,
10-02-2022,0.052929968,0,9,zone_09,,,,
10-02-2022,0.052929968,0,10,zone_10,,,,
10-02-2022,0.052929968,0,11,zone_11,,,,
10-02-2022,0.052929968,0,12,zone_12,,,,
10-02-2022,0.052929968,0,13,zone_13,,,,
10-02-2022,0.052929968,0,14,zone_14,,,,
10-02-2022,0.052929968,0,15,zone_15,,,,
10-02-2022,0.052929968,0,16,zone_16,,,,
11-02-2022,0.041576475,0,1,zone_01,,,,
11-02-2022,0.041576475,0,2,zone_02,,,,
11-02-2022,0.041576475,0,3,zone_03,,,,
11-02-2022,0.041576475,0,4,zone_04,,,,
11-02-2022,0.041576475,0,5,zone_05,,,,
11-02-2022,0.041576475,0,6,zone_06,,,,
11-02-2022,0.041576475,0,7,zone_07,,,,
11-02-2022,0.041576475,0,8,zone_08,,,,
11-02-2022,0.041576475,0,9,zone_09,,,,
11-02-2022,0.041576475,0,10,zone_10,,,,
11-02-2022,0.041576475,0,11,zone_11,,,,
11-02-2022,0.041576475,0,12,zone_12,,,,
11-02-2022,0.041576475,0,13,zone_13,,,,
11-02-2022,0.041576475,0,14,zone_14,,,,
11-02-2022,0.041576475,0,15,zone_15,,,,
11-02-2022,0.041576475,0,16,zone_16,,,,
12-02-2022,0.043812573,0,1,zone_01,,,,
12-02-2022,0.043812573,0,2,zone_02,,,,
12-02-2022,0.043812573,0,3,zone_03,,,,
12-02-2022,0.043812573,0,4,zone_04,,,,
12-02-2022,0.043812573,0,5,zone_05,,,,
12-02-2022,0.043812573,0,6,zone_06,,,,
12-02-2022,0.043812573,0,7,zone_07,,,,
12-02-2022,0.043812573,0,8,zone_08,,,,
12-02-2022,0.043812573,0,9,zone_09,,,,
12-02-2022,0.043812573,0,10,zone_10,,,,
12-02-2022,0.043812573,0,11,zone_11,,,,
12-02-2022,0.043812573,0,12,zone_12,,,,
12-02-2022,0.043812573,0,13,zone_13,,,,
12-02-2022,0.043812573,0,14,zone_14,,,,
12-02-2022,0.043812573,0,15,zone_15,,,,
12-02-2022,0.043812573,0,16,zone_16,,,,
13-02-2022,0.040587828,0,1,zone_01,,,,
13-02-2022,0.040587828,0,2,zone_02,,,,
13-02-2022,0.040587828,0,3,zone_03,,,,
13-02-2022,0.040587828,0,4,zone_04,,,,
13-02-2022,0.040587828,0,5,zone_05,,,,
13-02-2022,0.040587828,0,6,zone_06,,,,
13-02-2022,0.040587828,0,7,zone_07,,,,
13-02-2022,0.040587828,0,8,zone_08,,,,
13-02-2022,0.040587828,0,9,zone_09,,,,
13-02-2022,0.040587828,0,10,zone_10,,,,
13-02-2022,0.040587828,0,11,zone_11,,,,
13-02-2022,0.040587828,0,12,zone_12,,,,
13-02-2022,0.040587828,0,13,zone_13,,,,
13-02-2022,0.040587828,0,14,zone_14,,,,
13-02-2022,0.040587828,0,15,zone_15,,,,
13-02-2022,0.040587828,0,16,zone_16,,,,
14-02-2022,0.042709813,0,1,zone_01,,,,
14-02-2022,0.042709813,0,2,zone_02,,,,
14-02-2022,0.042709813,0,3,zone_03,,,,
14-02-2022,0.042709813,0,4,zone_04,,,,
14-02-2022,0.042709813,0,5,zone_05,,,,
14-02-2022,0.042709813,0,6,zone_06,,,,
14-02-2022,0.042709813,0,7,zone_07,,,,
14-02-2022,0.042709813,0,8,zone_08,,,,
14-02-2022,0.042709813,0,9,zone_09,,,,
14-02-2022,0.042709813,0,10,zone_10,,,,
14-02-2022,0.042709813,0,11,zone_11,,,,
14-02-2022,0.042709813,0,12,zone_12,,,,
14-02-2022,0.042709813,0,13,zone_13,,,,
14-02-2022,0.042709813,0,14,zone_14,,,,
14-02-2022,0.042709813,0,15,zone_15,,,,
14-02-2022,0.042709813,0,16,zone_16,,,,
15-02-2022,0.042709813,0,1,zone_01,,,,
15-02-2022,0.042709813,0,2,zone_02,,,,
15-02-2022,0.042709813,0,3,zone_03,,,,
15-02-2022,0.042709813,0,4,zone_04,,,,
15-02-2022,0.042709813,0,5,zone_05,,,,
15-02-2022,0.042709813,0,6,zone_06,,,,
15-02-2022,0.042709813,0,7,zone_07,,,,
15-02-2022,0.042709813,0,8,zone_08,,,,
15-02-2022,0.042709813,0,9,zone_09,,,,
15-02-2022,0.042709813,0,10,zone_10,,,,
15-02-2022,0.042709813,0,11,zone_11,,,,
15-02-2022,0.042709813,0,12,zone_12,,,,
15-02-2022,0.042709813,0,13,zone_13,,,,
15-02-2022,0.042709813,0,14,zone_14,,,,
15-02-2022,0.042709813,0,15,zone_15,,,,
15-02-2022,0.042709813,0,16,zone_16,,,,
16-02-2022,0.042709813,0,1,zone_01,,,,
16-02-2022,0.042709813,0,2,zone_02,,,,
16-02-2022,0.042709813,0,3,zone_03,,,,
16-02-2022,0.042709813,0,4,zone_04,,,,
16-02-2022,0.042709813,0,5,zone_05,,,,
16-02-2022,0.042709813,0,6,zone_06,,,,
16-02-2022,0.042709813,0,7,zone_07,,,,
16-02-2022,0.042709813,0,8,zone_08,,,,
16-02-2022,0.042709813,0,9,zone_09,,,,
16-02-2022,0.042709813,0,10,zone_10,,,,
16-02-2022,0.042709813,0,11,zone_11,,,,
16-02-2022,0.042709813,0,12,zone_12,,,,
16-02-2022,0.042709813,0,13,zone_13,,,,
16-02-2022,0.042709813,0,14,zone_14,,,,
16-02-2022,0.042709813,0,15,zone_15,,,,
16-02-2022,0.042709813,0,16,zone_16,,,,
17-02-2022,0.042709813,0,1,zone_01,,,,
17-02-2022,0.042709813,0,2,zone_02,,,,
17-02-2022,0.042709813,0,3,zone_03,,,,
17-02-2022,0.042709813,0,4,zone_04,,,,
17-02-2022,0.042709813,0,5,zone_05,,,,
17-02-2022,0.042709813,0,6,zone_06,,,,
17-02-2022,0.042709813,0,7,zone_07,,,,
17-02-2022,0.042709813,0,8,zone_08,,,,
17-02-2022,0.042709813,0,9,zone_09,,,,
17-02-2022,0.042709813,0,10,zone_10,,,,
17-02-2022,0.042709813,0,11,zone_11,,,,
17-02-2022,0.042709813,0,12,zone_12,,,,
17-02-2022,0.042709813,0,13,zone_13,,,,
17-02-2022,0.042709813,0,14,zone_14,,,,
17-02-2022,0.042709813,0,15,zone_15,,,,
17-02-2022,0.042709813,0,16,zone_16,,,,
18-02-2022,0.042709813,0,1,zone_01,,,,
18-02-2022,0.042709813,0,2,zone_02,,,,
18-02-2022,0.042709813,0,3,zone_03,,,,
18-02-2022,0.042709813,0,4,zone_04,,,,
18-02-2022,0.042709813,0,5,zone_05,,,,
18-02-2022,0.042709813,0,6,zone_06,,,,
18-02-2022,0.042709813,0,7,zone_07,,,,
18-02-2022,0.042709813,0,8,zone_08,,,,
18-02-2022,0.042709813,0,9,zone_09,,,,
18-02-2022,0.042709813,0,10,zone_10,,,,
18-02-2022,0.042709813,0,11,zone_11,,,,
18-02-2022,0.042709813,0,12,zone_12,,,,
18-02-2022,0.042709813,0,13,zone_13,,,,
18-02-2022,0.042709813,0,14,zone_14,,,,
18-02-2022,0.042709813,0,15,zone_15,,,,
18-02-2022,0.042709813,0,16,zone_16,,,,
19-02-2022,0.040587828,0,1,zone_01,,,,
19-02-2022,0.040587828,0,2,zone_02,,,,
19-02-2022,0.040587828,0,3,zone_03,,,,
19-02-2022,0.040587828,0,4,zone_04,,,,
19-02-2022,0.040587828,0,5,zone_05,,,,
19-02-2022,0.040587828,0,6,zone_06,,,,
19-02-2022,0.040587828,0,7,zone_07,,,,
19-02-2022,0.040587828,0,8,zone_08,,,,
19-02-2022,0.040587828,0,9,zone_09,,,,
19-02-2022,0.040587828,0,10,zone_10,,,,
19-02-2022,0.040587828,0,11,zone_11,,,,
19-02-2022,0.040587828,0,12,zone_12,,,,
19-02-2022,0.040587828,0,13,zone_13,,,,
19-02-2022,0.040587828,0,14,zone_14,,,,
19-02-2022,0.040587828,0,15,zone_15,,,,
19-02-2022,0.040587828,0,16,zone_16,,,,
20-02-2022,0.040587828,0,1,zone_01,,,,
20-02-2022,0.040587828,0,2,zone_02,,,,
20-02-2022,0.040587828,0,3,zone_03,,,,
20-02-2022,0.040587828,0,4,zone_04,,,,
20-02-2022,0.040587828,0,5,zone_05,,,,
20-02-2022,0.040587828,0,6,zone_06,,,,
20-02-2022,0.040587828,0,7,zone_07,,,,
20-02-2022,0.040587828,0,8,zone_08,,,,
20-02-2022,0.040587828,0,9,zone_09,,,,
20-02-2022,0.040587828,0,10,zone_10,,,,
20-02-2022,0.040587828,0,11,zone_11,,,,
20-02-2022,0.040587828,0,12,zone_12,,,,
20-02-2022,0.040587828,0,13,zone_13,,,,
20-02-2022,0.040587828,0,14,zone_14,,,,
20-02-2022,0.040587828,0,15,zone_15,,,,
20-02-2022,0.040587828,0,16,zone_16,,,,
21-02-2022,0.039447203,0,1,zone_01,,,,
21-02-2022,0.039447203,0,2,zone_02,,,,
21-02-2022,0.039447203,0,3,zone_03,,,,
21-02-2022,0.039447203,0,4,zone_04,,,,
21-02-2022,0.039447203,0,5,zone_05,,,,
21-02-2022,0.039447203,0,6,zone_06,,,,
21-02-2022,0.039447203,0,7,zone_07,,,,
21-02-2022,0.039447203,0,8,zone_08,,,,
21-02-2022,0.039447203,0,9,zone_09,,,,
21-02-2022,0.039447203,0,10,zone_10,,,,
21-02-2022,0.039447203,0,11,zone_11,,,,
21-02-2022,0.039447203,0,12,zone_12,,,,
21-02-2022,0.039447203,0,13,zone_13,,,,
21-02-2022,0.039447203,0,14,zone_14,,,,
21-02-2022,0.039447203,0,15,zone_15,,,,
21-02-2022,0.039447203,0,16,zone_16,,,,
22-02-2022,0.039447203,0,1,zone_01,,,,
22-02-2022,0.039447203,0,2,zone_02,,,,
22-02-2022,0.039447203,0,3,zone_03,,,,
22-02-2022,0.039447203,0,4,zone_04,,,,
22-02-2022,0.039447203,0,5,zone_05,,,,
22-02-2022,0.039447203,0,6,zone_06,,,,
22-02-2022,0.039447203,0,7,zone_07,,,,
22-02-2022,0.039447203,0,8,zone_08,,,,
22-02-2022,0.039447203,0,9,zone_09,,,,
22-02-2022,0.039447203,0,10,zone_10,,,,
22-02-2022,0.039447203,0,11,zone_11,,,,
22-02-2022,0.039447203,0,12,zone_12,,,,
22-02-2022,0.039447203,0,13,zone_13,,,,
22-02-2022,0.039447203,0,14,zone_14,,,,
22-02-2022,0.039447203,0,15,zone_15,,,,
22-02-2022,0.039447203,0,16,zone_16,,,,
23-02-2022,0.03822714,0,1,zone_01,,,,
23-02-2022,0.03822714,0,2,zone_02,,,,
23-02-2022,0.03822714,0,3,zone_03,,,,
23-02-2022,0.03822714,0,4,zone_04,,,,
23-02-2022,0.03822714,0,5,zone_05,,,,
23-02-2022,0.03822714,0,6,zone_06,,,,
23-02-2022,0.03822714,0,7,zone_07,,,,
23-02-2022,0.03822714,0,8,zone_08,,,,
23-02-2022,0.03822714,0,9,zone_09,,,,
23-02-2022,0.03822714,0,10,zone_10,,,,
23-02-2022,0.03822714,0,11,zone_11,,,,
23-02-2022,0.03822714,0,12,zone_12,,,,
23-02-2022,0.03822714,0,13,zone_13,,,,
23-02-2022,0.03822714,0,14,zone_14,,,,
23-02-2022,0.03822714,0,15,zone_15,,,,
23-02-2022,0.03822714,0,16,zone_16,,,,
24-02-2022,0.03822714,0,1,zone_01,,,,
24-02-2022,0.03822714,0,2,zone_02,,,,
24-02-2022,0.03822714,0,3,zone_03,,,,
24-02-2022,0.03822714,0,4,zone_04,,,,
24-02-2022,0.03822714,0,5,zone_05,,,,
24-02-2022,0.03822714,0,6,zone_06,,,,
24-02-2022,0.03822714,0,7,zone_07,,,,
24-02-2022,0.03822714,0,8,zone_08,,,,
24-02-2022,0.03822714,0,9,zone_09,,,,
24-02-2022,0.03822714,0,10,zone_10,,,,
24-02-2022,0.03822714,0,11,zone_11,,,,
24-02-2022,0.03822714,0,12,zone_12,,,,
24-02-2022,0.03822714,0,13,zone_13,,,,
24-02-2022,0.03822714,0,14,zone_14,,,,
24-02-2022,0.03822714,0,15,zone_15,,,,
24-02-2022,0.03822714,0,16,zone_16,,,,
25-02-2022,0.036651313,0,1,zone_01,,,,
25-02-2022,0.036651313,0,2,zone_02,,,,
25-02-2022,0.036651313,0,3,zone_03,,,,
25-02-2022,0.036651313,0,4,zone_04,,,,
25-02-2022,0.036651313,0,5,zone_05,,,,
25-02-2022,0.036651313,0,6,zone_06,,,,
25-02-2022,0.036651313,0,7,zone_07,,,,
25-02-2022,0.036651313,0,8,zone_08,,,,
25-02-2022,0.036651313,0,9,zone_09,,,,
25-02-2022,0.036651313,0,10,zone_10,,,,
25-02-2022,0.036651313,0,11,zone_11,,,,
25-02-2022,0.036651313,0,12,zone_12,,,,
25-02-2022,0.036651313,0,13,zone_13,,,,
25-02-2022,0.036651313,0,14,zone_14,,,,
25-02-2022,0.036651313,0,15,zone_15,,,,
25-02-2022,0.036651313,0,16,zone_16,,,,
26-02-2022,0.036651313,0,1,zone_01,,,,
26-02-2022,0.036651313,0,2,zone_02,,,,
26-02-2022,0.036651313,0,3,zone_03,,,,
26-02-2022,0.036651313,0,4,zone_04,,,,
26-02-2022,0.036651313,0,5,zone_05,,,,
26-02-2022,0.036651313,0,6,zone_06,,,,
26-02-2022,0.036651313,0,7,zone_07,,,,
26-02-2022,0.036651313,0,8,zone_08,,,,
26-02-2022,0.036651313,0,9,zone_09,,,,
26-02-2022,0.036651313,0,10,zone_10,,,,
26-02-2022,0.036651313,0,11,zone_11,,,,
26-02-2022,0.036651313,0,12,zone_12,,,,
26-02-2022,0.036651313,0,13,zone_13,,,,
26-02-2022,0.036651313,0,14,zone_14,,,,
26-02-2022,0.036651313,0,15,zone_15,,,,
26-02-2022,0.036651313,0,16,zone_16,,,,
27-02-2022,0.0362053,0,1,zone_01,,,,
27-02-2022,0.0362053,0,2,zone_02,,,,
27-02-2022,0.0362053,0,3,zone_03,,,,
27-02-2022,0.0362053,0,4,zone_04,,,,
27-02-2022,0.0362053,0,5,zone_05,,,,
27-02-2022,0.0362053,0,6,zone_06,,,,
27-02-2022,0.0362053,0,7,zone_07,,,,
27-02-2022,0.0362053,0,8,zone_08,,,,
27-02-2022,0.0362053,0,9,zone_09,,,,
27-02-2022,0.0362053,0,10,zone_10,,,,
27-02-2022,0.0362053,0,11,zone_11,,,,
27-02-2022,0.0362053,0,12,zone_12,,,,
27-02-2022,0.0362053,0,13,zone_13,,,,
27-02-2022,0.0362053,0,14,zone_14,,,,
27-02-2022,0.0362053,0,15,zone_15,,,,
27-02-2022,0.0362053,0,16,zone_16,,,,
28-02-2022,0.0362053,0,1,zone_01,,,,
28-02-2022,0.0362053,0,2,zone_02,,,,
28-02-2022,0.0362053,0,3,zone_03,,,,
28-02-2022,0.0362053,0,4,zone_04,,,,
28-02-2022,0.0362053,0,5,zone_05,,,,
28-02-2022,0.0362053,0,6,zone_06,,,,
28-02-2022,0.0362053,0,7,zone_07,,,,
28-02-2022,0.0362053,0,8,zone_08,,,,
28-02-2022,0.0362053,0,9,zone_09,,,,
28-02-2022,0.0362053,0,10,zone_10,,,,
28-02-2022,0.0362053,0,11,zone_11,,,,
28-02-2022,0.0362053,0,12,zone_12,,,,
28-02-2022,0.0362053,0,13,zone_13,,,,
28-02-2022,0.0362053,0,14,zone_14,,,,
28-02-2022,0.0362053,0,15,zone_15,,,,
28-02-2022,0.0362053,0,16,zone_16,,,,
01-03-2022,0.0362053,0,1,zone_01,,,,
01-03-2022,0.0362053,0,2,zone_02,,,,
01-03-2022,0.0362053,0,3,zone_03,,,,
01-03-2022,0.0362053,0,4,zone_04,,,,
01-03-2022,0.0362053,0,5,zone_05,,,,
01-03-2022,0.0362053,0,6,zone_06,,,,
01-03-2022,0.0362053,0,7,zone_07,,,,
01-03-2022,0.0362053,0,8,zone_08,,,,
01-03-2022,0.0362053,0,9,zone_09,,,,
01-03-2022,0.0362053,0,10,zone_10,,,,
01-03-2022,0.0362053,0,11,zone_11,,,,
01-03-2022,0.0362053,0,12,zone_12,,,,
01-03-2022,0.0362053,0,13,zone_13,,,,
01-03-2022,0.0362053,0,14,zone_14,,,,
01-03-2022,0.0362053,0,15,zone_15,,,,
01-03-2022,0.0362053,0,16,zone_16,,,,
02-03-2022,0.0362053,0,1,zone_01,,,,
02-03-2022,0.0362053,0,2,zone_02,,,,
02-03-2022,0.0362053,0,3,zone_03,,,,
02-03-2022,0.0362053,0,4,zone_04,,,,
02-03-2022,0.0362053,0,5,zone_05,,,,
02-03-2022,0.0362053,0,6,zone_06,,,,
02-03-2022,0.0362053,0,7,zone_07,,,,
02-03-2022,0.0362053,0,8,zone_08,,,,
02-03-2022,0.0362053,0,9,zone_09,,,,
02-03-2022,0.0362053,0,10,zone_10,,,,
02-03-2022,0.0362053,0,11,zone_11,,,,
02-03-2022,0.0362053,0,12,zone_12,,,,
02-03-2022,0.0362053,0,13,zone_13,,,,
02-03-2022,0.0362053,0,14,zone_14,,,,
02-03-2022,0.0362053,0,15,zone_15,,,,
02-03-2022,0.0362053,0,16,zone_16,,,,
03-03-2022,0.037463956,0,1,zone_01,,,,
03-03-2022,0.037463956,0,2,zone_02,,,,
03-03-2022,0.037463956,0,3,zone_03,,,,
03-03-2022,0.037463956,0,4,zone_04,,,,
03-03-2022,0.037463956,0,5,zone_05,,,,
03-03-2022,0.037463956,0,6,zone_06,,,,
03-03-2022,0.037463956,0,7,zone_07,,,,
03-03-2022,0.037463956,0,8,zone_08,,,,
03-03-2022,0.037463956,0,9,zone_09,,,,
03-03-2022,0.037463956,0,10,zone_10,,,,
03-03-2022,0.037463956,0,11,zone_11,,,,
03-03-2022,0.037463956,0,12,zone_12,,,,
03-03-2022,0.037463956,0,13,zone_13,,,,
03-03-2022,0.037463956,0,14,zone_14,,,,
03-03-2022,0.037463956,0,15,zone_15,,,,
03-03-2022,0.037463956,0,16,zone_16,,,,
04-03-2022,0.03818437,0,1,zone_01,,,,
04-03-2022,0.03818437,0,2,zone_02,,,,
04-03-2022,0.03818437,0,3,zone_03,,,,
04-03-2022,0.03818437,0,4,zone_04,,,,
04-03-2022,0.03818437,0,5,zone_05,,,,
04-03-2022,0.03818437,0,6,zone_06,,,,
04-03-2022,0.03818437,0,7,zone_07,,,,
04-03-2022,0.03818437,0,8,zone_08,,,,
04-03-2022,0.03818437,0,9,zone_09,,,,
04-03-2022,0.03818437,0,10,zone_10,,,,
04-03-2022,0.03818437,0,11,zone_11,,,,
04-03-2022,0.03818437,0,12,zone_12,,,,
04-03-2022,0.03818437,0,13,zone_13,,,,
04-03-2022,0.03818437,0,14,zone_14,,,,
04-03-2022,0.03818437,0,15,zone_15,,,,
04-03-2022,0.03818437,0,16,zone_16,,,,
05-03-2022,0.037894014,0,1,zone_01,,,,
05-03-2022,0.037894014,0,2,zone_02,,,,
05-03-2022,0.037894014,0,3,zone_03,,,,
05-03-2022,0.037894014,0,4,zone_04,,,,
05-03-2022,0.037894014,0,5,zone_05,,,,
05-03-2022,0.037894014,0,6,zone_06,,,,
05-03-2022,0.037894014,0,7,zone_07,,,,
05-03-2022,0.037894014,0,8,zone_08,,,,
05-03-2022,0.037894014,0,9,zone_09,,,,
05-03-2022,0.037894014,0,10,zone_10,,,,
05-03-2022,0.037894014,0,11,zone_11,,,,
05-03-2022,0.037894014,0,12,zone_12,,,,
05-03-2022,0.037894014,0,13,zone_13,,,,
05-03-2022,0.037894014,0,14,zone_14,,,,
05-03-2022,0.037894014,0,15,zone_15,,,,
05-03-2022,0.037894014,0,16,zone_16,,,,
06-03-2022,0.039146006,0,1,zone_01,,,,
06-03-2022,0.039146006,0,2,zone_02,,,,
06-03-2022,0.039146006,0,3,zone_03,,,,
06-03-2022,0.039146006,0,4,zone_04,,,,
06-03-2022,0.039146006,0,5,zone_05,,,,
06-03-2022,0.039146006,0,6,zone_06,,,,
06-03-2022,0.039146006,0,7,zone_07,,,,
06-03-2022,0.039146006,0,8,zone_08,,,,
06-03-2022,0.039146006,0,9,zone_09,,,,
06-03-2022,0.039146006,0,10,zone_10,,,,
06-03-2022,0.039146006,0,11,zone_11,,,,
06-03-2022,0.039146006,0,12,zone_12,,,,
06-03-2022,0.039146006,0,13,zone_13,,,,
06-03-2022,0.039146006,0,14,zone_14,,,,
06-03-2022,0.039146006,0,15,zone_15,,,,
06-03-2022,0.039146006,0,16,zone_16,,,,
07-03-2022,0.037203882,0,1,zone_01,,,,
07-03-2022,0.037203882,0,2,zone_02,,,,
07-03-2022,0.037203882,0,3,zone_03,,,,
07-03-2022,0.037203882,0,4,zone_04,,,,
07-03-2022,0.037203882,0,5,zone_05,,,,
07-03-2022,0.037203882,0,6,zone_06,,,,
07-03-2022,0.037203882,0,7,zone_07,,,,
07-03-2022,0.037203882,0,8,zone_08,,,,
07-03-2022,0.037203882,0,9,zone_09,,,,
07-03-2022,0.037203882,0,10,zone_10,,,,
07-03-2022,0.037203882,0,11,zone_11,,,,
07-03-2022,0.037203882,0,12,zone_12,,,,
07-03-2022,0.037203882,0,13,zone_13,,,,
07-03-2022,0.037203882,0,14,zone_14,,,,
07-03-2022,0.037203882,0,15,zone_15,,,,
07-03-2022,0.037203882,0,16,zone_16,,,,
08-03-2022,0.036036048,0,1,zone_01,,,,
08-03-2022,0.036036048,0,2,zone_02,,,,
08-03-2022,0.036036048,0,3,zone_03,,,,
08-03-2022,0.036036048,0,4,zone_04,,,,
08-03-2022,0.036036048,0,5,zone_05,,,,
08-03-2022,0.036036048,0,6,zone_06,,,,
08-03-2022,0.036036048,0,7,zone_07,,,,
08-03-2022,0.036036048,0,8,zone_08,,,,
08-03-2022,0.036036048,0,9,zone_09,,,,
08-03-2022,0.036036048,0,10,zone_10,,,,
08-03-2022,0.036036048,0,11,zone_11,,,,
08-03-2022,0.036036048,0,12,zone_12,,,,
08-03-2022,0.036036048,0,13,zone_13,,,,
08-03-2022,0.036036048,0,14,zone_14,,,,
08-03-2022,0.036036048,0,15,zone_15,,,,
08-03-2022,0.036036048,0,16,zone_16,,,,
09-03-2022,0.036036048,0,1,zone_01,,,,
09-03-2022,0.036036048,0,2,zone_02,,,,
09-03-2022,0.036036048,0,3,zone_03,,,,
09-03-2022,0.036036048,0,4,zone_04,,,,
09-03-2022,0.036036048,0,5,zone_05,,,,
09-03-2022,0.036036048,0,6,zone_06,,,,
09-03-2022,0.036036048,0,7,zone_07,,,,
09-03-2022,0.036036048,0,8,zone_08,,,,
09-03-2022,0.036036048,0,9,zone_09,,,,
09-03-2022,0.036036048,0,10,zone_10,,,,
09-03-2022,0.036036048,0,11,zone_11,,,,
09-03-2022,0.036036048,0,12,zone_12,,,,
09-03-2022,0.036036048,0,13,zone_13,,,,
09-03-2022,0.036036048,0,14,zone_14,,,,
09-03-2022,0.036036048,0,15,zone_15,,,,
09-03-2022,0.036036048,0,16,zone_16,,,,
10-03-2022,0.036036048,0,1,zone_01,,,,
10-03-2022,0.036036048,0,2,zone_02,,,,
10-03-2022,0.036036048,0,3,zone_03,,,,
10-03-2022,0.036036048,0,4,zone_04,,,,
10-03-2022,0.036036048,0,5,zone_05,,,,
10-03-2022,0.036036048,0,6,zone_06,,,,
10-03-2022,0.036036048,0,7,zone_07,,,,
10-03-2022,0.036036048,0,8,zone_08,,,,
10-03-2022,0.036036048,0,9,zone_09,,,,
10-03-2022,0.036036048,0,10,zone_10,,,,
10-03-2022,0.036036048,0,11,zone_11,,,,
10-03-2022,0.036036048,0,12,zone_12,,,,
10-03-2022,0.036036048,0,13,zone_13,,,,
10-03-2022,0.036036048,0,14,zone_14,,,,
10-03-2022,0.036036048,0,15,zone_15,,,,
10-03-2022,0.036036048,0,16,zone_16,,,,
11-03-2022,0.036036048,0,1,zone_01,,,,
11-03-2022,0.036036048,0,2,zone_02,,,,
11-03-2022,0.036036048,0,3,zone_03,,,,
11-03-2022,0.036036048,0,4,zone_04,,,,
11-03-2022,0.036036048,0,5,zone_05,,,,
11-03-2022,0.036036048,0,6,zone_06,,,,
11-03-2022,0.036036048,0,7,zone_07,,,,
11-03-2022,0.036036048,0,8,zone_08,,,,
11-03-2022,0.036036048,0,9,zone_09,,,,
11-03-2022,0.036036048,0,10,zone_10,,,,
11-03-2022,0.036036048,0,11,zone_11,,,,
11-03-2022,0.036036048,0,12,zone_12,,,,
11-03-2022,0.036036048,0,13,zone_13,,,,
11-03-2022,0.036036048,0,14,zone_14,,,,
11-03-2022,0.036036048,0,15,zone_15,,,,
11-03-2022,0.036036048,0,16,zone_16,,,,
12-03-2022,0.036036048,0,1,zone_01,,,,
12-03-2022,0.036036048,0,2,zone_02,,,,
12-03-2022,0.036036048,0,3,zone_03,,,,
12-03-2022,0.036036048,0,4,zone_04,,,,
12-03-2022,0.036036048,0,5,zone_05,,,,
12-03-2022,0.036036048,0,6,zone_06,,,,
12-03-2022,0.036036048,0,7,zone_07,,,,
12-03-2022,0.036036048,0,8,zone_08,,,,
12-03-2022,0.036036048,0,9,zone_09,,,,
12-03-2022,0.036036048,0,10,zone_10,,,,
12-03-2022,0.036036048,0,11,zone_11,,,,
12-03-2022,0.036036048,0,12,zone_12,,,,
12-03-2022,0.036036048,0,13,zone_13,,,,
12-03-2022,0.036036048,0,14,zone_14,,,,
12-03-2022,0.036036048,0,15,zone_15,,,,
12-03-2022,0.036036048,0,16,zone_16,,,,
13-03-2022,0.036036048,0,1,zone_01,,,,
13-03-2022,0.036036048,0,2,zone_02,,,,
13-03-2022,0.036036048,0,3,zone_03,,,,
13-03-2022,0.036036048,0,4,zone_04,,,,
13-03-2022,0.036036048,0,5,zone_05,,,,
13-03-2022,0.036036048,0,6,zone_06,,,,
13-03-2022,0.036036048,0,7,zone_07,,,,
13-03-2022,0.036036048,0,8,zone_08,,,,
13-03-2022,0.036036048,0,9,zone_09,,,,
13-03-2022,0.036036048,0,10,zone_10,,,,
13-03-2022,0.036036048,0,11,zone_11,,,,
13-03-2022,0.036036048,0,12,zone_12,,,,
13-03-2022,0.036036048,0,13,zone_13,,,,
13-03-2022,0.036036048,0,14,zone_14,,,,
13-03-2022,0.036036048,0,15,zone_15,,,,
13-03-2022,0.036036048,0,16,zone_16,,,,
14-03-2022,0.036036048,0,1,zone_01,,,,
14-03-2022,0.036036048,0,2,zone_02,,,,
14-03-2022,0.036036048,0,3,zone_03,,,,
14-03-2022,0.036036048,0,4,zone_04,,,,
14-03-2022,0.036036048,0,5,zone_05,,,,
14-03-2022,0.036036048,0,6,zone_06,,,,
14-03-2022,0.036036048,0,7,zone_07,,,,
14-03-2022,0.036036048,0,8,zone_08,,,,
14-03-2022,0.036036048,0,9,zone_09,,,,
14-03-2022,0.036036048,0,10,zone_10,,,,
14-03-2022,0.036036048,0,11,zone_11,,,,
14-03-2022,0.036036048,0,12,zone_12,,,,
14-03-2022,0.036036048,0,13,zone_13,,,,
14-03-2022,0.036036048,0,14,zone_14,,,,
14-03-2022,0.036036048,0,15,zone_15,,,,
14-03-2022,0.036036048,0,16,zone_16,,,,
15-03-2022,0.036036048,0,1,zone_01,,,,
15-03-2022,0.036036048,0,2,zone_02,,,,
15-03-2022,0.036036048,0,3,zone_03,,,,
15-03-2022,0.036036048,0,4,zone_04,,,,
15-03-2022,0.036036048,0,5,zone_05,,,,
15-03-2022,0.036036048,0,6,zone_06,,,,
15-03-2022,0.036036048,0,7,zone_07,,,,
15-03-2022,0.036036048,0,8,zone_08,,,,
15-03-2022,0.036036048,0,9,zone_09,,,,
15-03-2022,0.036036048,0,10,zone_10,,,,
15-03-2022,0.036036048,0,11,zone_11,,,,
15-03-2022,0.036036048,0,12,zone_12,,,,
15-03-2022,0.036036048,0,13,zone_13,,,,
15-03-2022,0.036036048,0,14,zone_14,,,,
15-03-2022,0.036036048,0,15,zone_15,,,,
15-03-2022,0.036036048,0,16,zone_16,,,,
16-03-2022,0.036036048,0,1,zone_01,,,,
16-03-2022,0.036036048,0,2,zone_02,,,,
16-03-2022,0.036036048,0,3,zone_03,,,,
16-03-2022,0.036036048,0,4,zone_04,,,,
16-03-2022,0.036036048,0,5,zone_05,,,,
16-03-2022,0.036036048,0,6,zone_06,,,,
16-03-2022,0.036036048,0,7,zone_07,,,,
16-03-2022,0.036036048,0,8,zone_08,,,,
16-03-2022,0.036036048,0,9,zone_09,,,,
16-03-2022,0.036036048,0,10,zone_10,,,,
16-03-2022,0.036036048,0,11,zone_11,,,,
16-03-2022,0.036036048,0,12,zone_12,,,,
16-03-2022,0.036036048,0,13,zone_13,,,,
16-03-2022,0.036036048,0,14,zone_14,,,,
16-03-2022,0.036036048,0,15,zone_15,,,,
16-03-2022,0.036036048,0,16,zone_16,,,,
17-03-2022,0.035891566,0,1,zone_01,,,,
17-03-2022,0.035891566,0,2,zone_02,,,,
17-03-2022,0.035891566,0,3,zone_03,,,,
17-03-2022,0.035891566,0,4,zone_04,,,,
17-03-2022,0.035891566,0,5,zone_05,,,,
17-03-2022,0.035891566,0,6,zone_06,,,,
17-03-2022,0.035891566,0,7,zone_07,,,,
17-03-2022,0.035891566,0,8,zone_08,,,,
17-03-2022,0.035891566,0,9,zone_09,,,,
17-03-2022,0.035891566,0,10,zone_10,,,,
17-03-2022,0.035891566,0,11,zone_11,,,,
17-03-2022,0.035891566,0,12,zone_12,,,,
17-03-2022,0.035891566,0,13,zone_13,,,,
17-03-2022,0.035891566,0,14,zone_14,,,,
17-03-2022,0.035891566,0,15,zone_15,,,,
17-03-2022,0.035891566,0,16,zone_16,,,,
18-03-2022,0.038089026,0,1,zone_01,,,,
18-03-2022,0.038089026,0,2,zone_02,,,,
18-03-2022,0.038089026,0,3,zone_03,,,,
18-03-2022,0.038089026,0,4,zone_04,,,,
18-03-2022,0.038089026,0,5,zone_05,,,,
18-03-2022,0.038089026,0,6,zone_06,,,,
18-03-2022,0.038089026,0,7,zone_07,,,,
18-03-2022,0.038089026,0,8,zone_08,,,,
18-03-2022,0.038089026,0,9,zone_09,,,,
18-03-2022,0.038089026,0,10,zone_10,,,,
18-03-2022,0.038089026,0,11,zone_11,,,,
18-03-2022,0.038089026,0,12,zone_12,,,,
18-03-2022,0.038089026,0,13,zone_13,,,,
18-03-2022,0.038089026,0,14,zone_14,,,,
18-03-2022,0.038089026,0,15,zone_15,,,,
18-03-2022,0.038089026,0,16,zone_16,,,,
19-03-2022,0.035891566,0,1,zone_01,,,,
19-03-2022,0.035891566,0,2,zone_02,,,,
19-03-2022,0.035891566,0,3,zone_03,,,,
19-03-2022,0.035891566,0,4,zone_04,,,,
19-03-2022,0.035891566,0,5,zone_05,,,,
19-03-2022,0.035891566,0,6,zone_06,,,,
19-03-2022,0.035891566,0,7,zone_07,,,,
19-03-2022,0.035891566,0,8,zone_08,,,,
19-03-2022,0.035891566,0,9,zone_09,,,,
19-03-2022,0.035891566,0,10,zone_10,,,,
19-03-2022,0.035891566,0,11,zone_11,,,,
19-03-2022,0.035891566,0,12,zone_12,,,,
19-03-2022,0.035891566,0,13,zone_13,,,,
19-03-2022,0.035891566,0,14,zone_14,,,,
19-03-2022,0.035891566,0,15,zone_15,,,,
19-03-2022,0.035891566,0,16,zone_16,,,,
20-03-2022,0.035891566,0,1,zone_01,,,,
20-03-2022,0.035891566,0,2,zone_02,,,,
20-03-2022,0.035891566,0,3,zone_03,,,,
20-03-2022,0.035891566,0,4,zone_04,,,,
20-03-2022,0.035891566,0,5,zone_05,,,,
20-03-2022,0.035891566,0,6,zone_06,,,,
20-03-2022,0.035891566,0,7,zone_07,,,,
20-03-2022,0.035891566,0,8,zone_08,,,,
20-03-2022,0.035891566,0,9,zone_09,,,,
20-03-2022,0.035891566,0,10,zone_10,,,,
20-03-2022,0.035891566,0,11,zone_11,,,,
20-03-2022,0.035891566,0,12,zone_12,,,,
20-03-2022,0.035891566,0,13,zone_13,,,,
20-03-2022,0.035891566,0,14,zone_14,,,,
20-03-2022,0.035891566,0,15,zone_15,,,,
20-03-2022,0.035891566,0,16,zone_16,,,,
21-03-2022,0.035891566,0,1,zone_01,,,,
21-03-2022,0.035891566,0,2,zone_02,,,,
21-03-2022,0.035891566,0,3,zone_03,,,,
21-03-2022,0.035891566,0,4,zone_04,,,,
21-03-2022,0.035891566,0,5,zone_05,,,,
21-03-2022,0.035891566,0,6,zone_06,,,,
21-03-2022,0.035891566,0,7,zone_07,,,,
21-03-2022,0.035891566,0,8,zone_08,,,,
21-03-2022,0.035891566,0,9,zone_09,,,,
21-03-2022,0.035891566,0,10,zone_10,,,,
21-03-2022,0.035891566,0,11,zone_11,,,,
21-03-2022,0.035891566,0,12,zone_12,,,,
21-03-2022,0.035891566,0,13,zone_13,,,,
21-03-2022,0.035891566,0,14,zone_14,,,,
21-03-2022,0.035891566,0,15,zone_15,,,,
21-03-2022,0.035891566,0,16,zone_16,,,,
22-03-2022,0.03375272,0,1,zone_01,,,,
22-03-2022,0.03375272,0,2,zone_02,,,,
22-03-2022,0.03375272,0,3,zone_03,,,,
22-03-2022,0.03375272,0,4,zone_04,,,,
22-03-2022,0.03375272,0,5,zone_05,,,,
22-03-2022,0.03375272,0,6,zone_06,,,,
22-03-2022,0.03375272,0,7,zone_07,,,,
22-03-2022,0.03375272,0,8,zone_08,,,,
22-03-2022,0.03375272,0,9,zone_09,,,,
22-03-2022,0.03375272,0,10,zone_10,,,,
22-03-2022,0.03375272,0,11,zone_11,,,,
22-03-2022,0.03375272,0,12,zone_12,,,,
22-03-2022,0.03375272,0,13,zone_13,,,,
22-03-2022,0.03375272,0,14,zone_14,,,,
22-03-2022,0.03375272,0,15,zone_15,,,,
22-03-2022,0.03375272,0,16,zone_16,,,,
23-03-2022,0.03335457,0,1,zone_01,,,,
23-03-2022,0.03335457,0,2,zone_02,,,,
23-03-2022,0.03335457,0,3,zone_03,,,,
23-03-2022,0.03335457,0,4,zone_04,,,,
23-03-2022,0.03335457,0,5,zone_05,,,,
23-03-2022,0.03335457,0,6,zone_06,,,,
23-03-2022,0.03335457,0,7,zone_07,,,,
23-03-2022,0.03335457,0,8,zone_08,,,,
23-03-2022,0.03335457,0,9,zone_09,,,,
23-03-2022,0.03335457,0,10,zone_10,,,,
23-03-2022,0.03335457,0,11,zone_11,,,,
23-03-2022,0.03335457,0,12,zone_12,,,,
23-03-2022,0.03335457,0,13,zone_13,,,,
23-03-2022,0.03335457,0,14,zone_14,,,,
23-03-2022,0.03335457,0,15,zone_15,,,,
23-03-2022,0.03335457,0,16,zone_16,,,,
24-03-2022,0.19889592,0,1,zone_01,,,,
24-03-2022,0.19889592,0,2,zone_02,,,,
24-03-2022,0.19889592,0,3,zone_03,,,,
24-03-2022,0.19889592,0,4,zone_04,,,,
24-03-2022,0.19889592,0,5,zone_05,,,,
24-03-2022,0.19889592,0,6,zone_06,,,,
24-03-2022,0.19889592,0,7,zone_07,,,,
24-03-2022,0.19889592,0,8,zone_08,,,,
24-03-2022,0.19889592,0,9,zone_09,,,,
24-03-2022,0.19889592,0,10,zone_10,,,,
24-03-2022,0.19889592,0,11,zone_11,,,,
24-03-2022,0.19889592,0,12,zone_12,,,,
24-03-2022,0.19889592,0,13,zone_13,,,,
24-03-2022,0.19889592,0,14,zone_14,,,,
24-03-2022,0.19889592,0,15,zone_15,,,,
24-03-2022,0.19889592,0,16,zone_16,,,,
25-03-2022,0.0362053,0,1,zone_01,,,,
25-03-2022,0.0362053,0,2,zone_02,,,,
25-03-2022,0.0362053,0,3,zone_03,,,,
25-03-2022,0.0362053,0,4,zone_04,,,,
25-03-2022,0.0362053,0,5,zone_05,,,,
25-03-2022,0.0362053,0,6,zone_06,,,,
25-03-2022,0.0362053,0,7,zone_07,,,,
25-03-2022,0.0362053,0,8,zone_08,,,,
25-03-2022,0.0362053,0,9,zone_09,,,,
25-03-2022,0.0362053,0,10,zone_10,,,,
25-03-2022,0.0362053,0,11,zone_11,,,,
25-03-2022,0.0362053,0,12,zone_12,,,,
25-03-2022,0.0362053,0,13,zone_13,,,,
25-03-2022,0.0362053,0,14,zone_14,,,,
25-03-2022,0.0362053,0,15,zone_15,,,,
25-03-2022,0.0362053,0,16,zone_16,,,,
26-03-2022,0.04493688,0,1,zone_01,,,,
26-03-2022,0.04493688,0,2,zone_02,,,,
26-03-2022,0.04493688,0,3,zone_03,,,,
26-03-2022,0.04493688,0,4,zone_04,,,,
26-03-2022,0.04493688,0,5,zone_05,,,,
26-03-2022,0.04493688,0,6,zone_06,,,,
26-03-2022,0.04493688,0,7,zone_07,,,,
26-03-2022,0.04493688,0,8,zone_08,,,,
26-03-2022,0.04493688,0,9,zone_09,,,,
26-03-2022,0.04493688,0,10,zone_10,,,,
26-03-2022,0.04493688,0,11,zone_11,,,,
26-03-2022,0.04493688,0,12,zone_12,,,,
26-03-2022,0.04493688,0,13,zone_13,,,,
26-03-2022,0.04493688,0,14,zone_14,,,,
26-03-2022,0.04493688,0,15,zone_15,,,,
26-03-2022,0.04493688,0,16,zone_16,,,,
27-03-2022,0.054571256,0,1,zone_01,,,,
27-03-2022,0.054571256,0,2,zone_02,,,,
27-03-2022,0.054571256,0,3,zone_03,,,,
27-03-2022,0.054571256,0,4,zone_04,,,,
27-03-2022,0.054571256,0,5,zone_05,,,,
27-03-2022,0.054571256,0,6,zone_06,,,,
27-03-2022,0.054571256,0,7,zone_07,,,,
27-03-2022,0.054571256,0,8,zone_08,,,,
27-03-2022,0.054571256,0,9,zone_09,,,,
27-03-2022,0.054571256,0,10,zone_10,,,,
27-03-2022,0.054571256,0,11,zone_11,,,,
27-03-2022,0.054571256,0,12,zone_12,,,,
27-03-2022,0.054571256,0,13,zone_13,,,,
27-03-2022,0.054571256,0,14,zone_14,,,,
27-03-2022,0.054571256,0,15,zone_15,,,,
27-03-2022,0.054571256,0,16,zone_16,,,,
28-03-2022,0.058115557,0,1,zone_01,,,,
28-03-2022,0.058115557,0,2,zone_02,,,,
28-03-2022,0.058115557,0,3,zone_03,,,,
28-03-2022,0.058115557,0,4,zone_04,,,,
28-03-2022,0.058115557,0,5,zone_05,,,,
28-03-2022,0.058115557,0,6,zone_06,,,,
28-03-2022,0.058115557,0,7,zone_07,,,,
28-03-2022,0.058115557,0,8,zone_08,,,,
28-03-2022,0.058115557,0,9,zone_09,,,,
28-03-2022,0.058115557,0,10,zone_10,,,,
28-03-2022,0.058115557,0,11,zone_11,,,,
28-03-2022,0.058115557,0,12,zone_12,,,,
28-03-2022,0.058115557,0,13,zone_13,,,,
28-03-2022,0.058115557,0,14,zone_14,,,,
28-03-2022,0.058115557,0,15,zone_15,,,,
28-03-2022,0.058115557,0,16,zone_16,,,,
29-03-2022,0.065748654,0,1,zone_01,,,,
29-03-2022,0.065748654,0,2,zone_02,,,,
29-03-2022,0.065748654,0,3,zone_03,,,,
29-03-2022,0.065748654,0,4,zone_04,,,,
29-03-2022,0.065748654,0,5,zone_05,,,,
29-03-2022,0.065748654,0,6,zone_06,,,,
29-03-2022,0.065748654,0,7,zone_07,,,,
29-03-2022,0.065748654,0,8,zone_08,,,,
29-03-2022,0.065748654,0,9,zone_09,,,,
29-03-2022,0.065748654,0,10,zone_10,,,,
29-03-2022,0.065748654,0,11,zone_11,,,,
29-03-2022,0.065748654,0,12,zone_12,,,,
29-03-2022,0.065748654,0,13,zone_13,,,,
29-03-2022,0.065748654,0,14,zone_14,,,,
29-03-2022,0.065748654,0,15,zone_15,,,,
29-03-2022,0.065748654,0,16,zone_16,,,,
30-03-2022,0.065748654,0,1,zone_01,,,,
30-03-2022,0.065748654,0,2,zone_02,,,,
30-03-2022,0.065748654,0,3,zone_03,,,,
30-03-2022,0.065748654,0,4,zone_04,,,,
30-03-2022,0.065748654,0,5,zone_05,,,,
30-03-2022,0.065748654,0,6,zone_06,,,,
30-03-2022,0.065748654,0,7,zone_07,,,,
30-03-2022,0.065748654,0,8,zone_08,,,,
30-03-2022,0.065748654,0,9,zone_09,,,,
30-03-2022,0.065748654,0,10,zone_10,,,,
30-03-2022,0.065748654,0,11,zone_11,,,,
30-03-2022,0.065748654,0,12,zone_12,,,,
30-03-2022,0.065748654,0,13,zone_13,,,,
30-03-2022,0.065748654,0,14,zone_14,,,,
30-03-2022,0.065748654,0,15,zone_15,,,,
30-03-2022,0.065748654,0,16,zone_16,,,,
31-03-2022,0.065748654,0,1,zone_01,,,,
31-03-2022,0.065748654,0,2,zone_02,,,,
31-03-2022,0.065748654,0,3,zone_03,,,,
31-03-2022,0.065748654,0,4,zone_04,,,,
31-03-2022,0.065748654,0,5,zone_05,,,,
31-03-2022,0.065748654,0,6,zone_06,,,,
31-03-2022,0.065748654,0,7,zone_07,,,,
31-03-2022,0.065748654,0,8,zone_08,,,,
31-03-2022,0.065748654,0,9,zone_09,,,,
31-03-2022,0.065748654,0,10,zone_10,,,,
31-03-2022,0.065748654,0,11,zone_11,,,,
31-03-2022,0.065748654,0,12,zone_12,,,,
31-03-2022,0.065748654,0,13,zone_13,,,,
31-03-2022,0.065748654,0,14,zone_14,,,,
31-03-2022,0.065748654,0,15,zone_15,,,,
31-03-2022,0.065748654,0,16,zone_16,,,,
01-04-2022,0.065748654,0,1,zone_01,,,,
01-04-2022,0.065748654,0,2,zone_02,,,,
01-04-2022,0.065748654,0,3,zone_03,,,,
01-04-2022,0.065748654,0,4,zone_04,,,,
01-04-2022,0.065748654,0,5,zone_05,,,,
01-04-2022,0.065748654,0,6,zone_06,,,,
01-04-2022,0.065748654,0,7,zone_07,,,,
01-04-2022,0.065748654,0,8,zone_08,,,,
01-04-2022,0.065748654,0,9,zone_09,,,,
01-04-2022,0.065748654,0,10,zone_10,,,,
01-04-2022,0.065748654,0,11,zone_11,,,,
01-04-2022,0.065748654,0,12,zone_12,,,,
01-04-2022,0.065748654,0,13,zone_13,,,,
01-04-2022,0.065748654,0,14,zone_14,,,,
01-04-2022,0.065748654,0,15,zone_15,,,,
01-04-2022,0.065748654,0,16,zone_16,,,,
02-04-2022,0.065748654,0,1,zone_01,,,,
02-04-2022,0.065748654,0,2,zone_02,,,,
02-04-2022,0.065748654,0,3,zone_03,,,,
02-04-2022,0.065748654,0,4,zone_04,,,,
02-04-2022,0.065748654,0,5,zone_05,,,,
02-04-2022,0.065748654,0,6,zone_06,,,,
02-04-2022,0.065748654,0,7,zone_07,,,,
02-04-2022,0.065748654,0,8,zone_08,,,,
02-04-2022,0.065748654,0,9,zone_09,,,,
02-04-2022,0.065748654,0,10,zone_10,,,,
02-04-2022,0.065748654,0,11,zone_11,,,,
02-04-2022,0.065748654,0,12,zone_12,,,,
02-04-2022,0.065748654,0,13,zone_13,,,,
02-04-2022,0.065748654,0,14,zone_14,,,,
02-04-2022,0.065748654,0,15,zone_15,,,,
02-04-2022,0.065748654,0,16,zone_16,,,,
03-04-2022,0.065748654,0,1,zone_01,,,,
03-04-2022,0.065748654,0,2,zone_02,,,,
03-04-2022,0.065748654,0,3,zone_03,,,,
03-04-2022,0.065748654,0,4,zone_04,,,,
03-04-2022,0.065748654,0,5,zone_05,,,,
03-04-2022,0.065748654,0,6,zone_06,,,,
03-04-2022,0.065748654,0,7,zone_07,,,,
03-04-2022,0.065748654,0,8,zone_08,,,,
03-04-2022,0.065748654,0,9,zone_09,,,,
03-04-2022,0.065748654,0,10,zone_10,,,,
03-04-2022,0.065748654,0,11,zone_11,,,,
03-04-2022,0.065748654,0,12,zone_12,,,,
03-04-2022,0.065748654,0,13,zone_13,,,,
03-04-2022,0.065748654,0,14,zone_14,,,,
03-04-2022,0.065748654,0,15,zone_15,,,,
03-04-2022,0.065748654,0,16,zone_16,,,,
04-04-2022,0.058115557,0,1,zone_01,,,,
04-04-2022,0.058115557,0,2,zone_02,,,,
04-04-2022,0.058115557,0,3,zone_03,,,,
04-04-2022,0.058115557,0,4,zone_04,,,,
04-04-2022,0.058115557,0,5,zone_05,,,,
04-04-2022,0.058115557,0,6,zone_06,,,,
04-04-2022,0.058115557,0,7,zone_07,,,,
04-04-2022,0.058115557,0,8,zone_08,,,,
04-04-2022,0.058115557,0,9,zone_09,,,,
04-04-2022,0.058115557,0,10,zone_10,,,,
04-04-2022,0.058115557,0,11,zone_11,,,,
04-04-2022,0.058115557,0,12,zone_12,,,,
04-04-2022,0.058115557,0,13,zone_13,,,,
04-04-2022,0.058115557,0,14,zone_14,,,,
04-04-2022,0.058115557,0,15,zone_15,,,,
04-04-2022,0.058115557,0,16,zone_16,,,,
05-04-2022,0.058115557,0,1,zone_01,,,,
05-04-2022,0.058115557,0,2,zone_02,,,,
05-04-2022,0.058115557,0,3,zone_03,,,,
05-04-2022,0.058115557,0,4,zone_04,,,,
05-04-2022,0.058115557,0,5,zone_05,,,,
05-04-2022,0.058115557,0,6,zone_06,,,,
05-04-2022,0.058115557,0,7,zone_07,,,,
05-04-2022,0.058115557,0,8,zone_08,,,,
05-04-2022,0.058115557,0,9,zone_09,,,,
05-04-2022,0.058115557,0,10,zone_10,,,,
05-04-2022,0.058115557,0,11,zone_11,,,,
05-04-2022,0.058115557,0,12,zone_12,,,,
05-04-2022,0.058115557,0,13,zone_13,,,,
05-04-2022,0.058115557,0,14,zone_14,,,,
05-04-2022,0.058115557,0,15,zone_15,,,,
05-04-2022,0.058115557,0,16,zone_16,,,,
06-04-2022,0.058115557,0,1,zone_01,,,,
06-04-2022,0.058115557,0,2,zone_02,,,,
06-04-2022,0.058115557,0,3,zone_03,,,,
06-04-2022,0.058115557,0,4,zone_04,,,,
06-04-2022,0.058115557,0,5,zone_05,,,,
06-04-2022,0.058115557,0,6,zone_06,,,,
06-04-2022,0.058115557,0,7,zone_07,,,,
06-04-2022,0.058115557,0,8,zone_08,,,,
06-04-2022,0.058115557,0,9,zone_09,,,,
06-04-2022,0.058115557,0,10,zone_10,,,,
06-04-2022,0.058115557,0,11,zone_11,,,,
06-04-2022,0.058115557,0,12,zone_12,,,,
06-04-2022,0.058115557,0,13,zone_13,,,,
06-04-2022,0.058115557,0,14,zone_14,,,,
06-04-2022,0.058115557,0,15,zone_15,,,,
06-04-2022,0.058115557,0,16,zone_16,,,,
07-04-2022,0.058115557,0,1,zone_01,,,,
07-04-2022,0.058115557,0,2,zone_02,,,,
07-04-2022,0.058115557,0,3,zone_03,,,,
07-04-2022,0.058115557,0,4,zone_04,,,,
07-04-2022,0.058115557,0,5,zone_05,,,,
07-04-2022,0.058115557,0,6,zone_06,,,,
07-04-2022,0.058115557,0,7,zone_07,,,,
07-04-2022,0.058115557,0,8,zone_08,,,,
07-04-2022,0.058115557,0,9,zone_09,,,,
07-04-2022,0.058115557,0,10,zone_10,,,,
07-04-2022,0.058115557,0,11,zone_11,,,,
07-04-2022,0.058115557,0,12,zone_12,,,,
07-04-2022,0.058115557,0,13,zone_13,,,,
07-04-2022,0.058115557,0,14,zone_14,,,,
07-04-2022,0.058115557,0,15,zone_15,,,,
07-04-2022,0.058115557,0,16,zone_16,,,,
08-04-2022,0.056550317,0,1,zone_01,,,,
08-04-2022,0.056550317,0,2,zone_02,,,,
08-04-2022,0.056550317,0,3,zone_03,,,,
08-04-2022,0.056550317,0,4,zone_04,,,,
08-04-2022,0.056550317,0,5,zone_05,,,,
08-04-2022,0.056550317,0,6,zone_06,,,,
08-04-2022,0.056550317,0,7,zone_07,,,,
08-04-2022,0.056550317,0,8,zone_08,,,,
08-04-2022,0.056550317,0,9,zone_09,,,,
08-04-2022,0.056550317,0,10,zone_10,,,,
08-04-2022,0.056550317,0,11,zone_11,,,,
08-04-2022,0.056550317,0,12,zone_12,,,,
08-04-2022,0.056550317,0,13,zone_13,,,,
08-04-2022,0.056550317,0,14,zone_14,,,,
08-04-2022,0.056550317,0,15,zone_15,,,,
08-04-2022,0.056550317,0,16,zone_16,,,,
09-04-2022,0.056550317,0,1,zone_01,,,,
09-04-2022,0.056550317,0,2,zone_02,,,,
09-04-2022,0.056550317,0,3,zone_03,,,,
09-04-2022,0.056550317,0,4,zone_04,,,,
09-04-2022,0.056550317,0,5,zone_05,,,,
09-04-2022,0.056550317,0,6,zone_06,,,,
09-04-2022,0.056550317,0,7,zone_07,,,,
09-04-2022,0.056550317,0,8,zone_08,,,,
09-04-2022,0.056550317,0,9,zone_09,,,,
09-04-2022,0.056550317,0,10,zone_10,,,,
09-04-2022,0.056550317,0,11,zone_11,,,,
09-04-2022,0.056550317,0,12,zone_12,,,,
09-04-2022,0.056550317,0,13,zone_13,,,,
09-04-2022,0.056550317,0,14,zone_14,,,,
09-04-2022,0.056550317,0,15,zone_15,,,,
09-04-2022,0.056550317,0,16,zone_16,,,,
10-04-2022,0.052929968,0,1,zone_01,,,,
10-04-2022,0.052929968,0,2,zone_02,,,,
10-04-2022,0.052929968,0,3,zone_03,,,,
10-04-2022,0.052929968,0,4,zone_04,,,,
10-04-2022,0.052929968,0,5,zone_05,,,,
10-04-2022,0.052929968,0,6,zone_06,,,,
10-04-2022,0.052929968,0,7,zone_07,,,,
10-04-2022,0.052929968,0,8,zone_08,,,,
10-04-2022,0.052929968,0,9,zone_09,,,,
10-04-2022,0.052929968,0,10,zone_10,,,,
10-04-2022,0.052929968,0,11,zone_11,,,,
10-04-2022,0.052929968,0,12,zone_12,,,,
10-04-2022,0.052929968,0,13,zone_13,,,,
10-04-2022,0.052929968,0,14,zone_14,,,,
10-04-2022,0.052929968,0,15,zone_15,,,,
10-04-2022,0.052929968,0,16,zone_16,,,,
11-04-2022,0.052929968,0,1,zone_01,,,,
11-04-2022,0.052929968,0,2,zone_02,,,,
11-04-2022,0.052929968,0,3,zone_03,,,,
11-04-2022,0.052929968,0,4,zone_04,,,,
11-04-2022,0.052929968,0,5,zone_05,,,,
11-04-2022,0.052929968,0,6,zone_06,,,,
11-04-2022,0.052929968,0,7,zone_07,,,,
11-04-2022,0.052929968,0,8,zone_08,,,,
11-04-2022,0.052929968,0,9,zone_09,,,,
11-04-2022,0.052929968,0,10,zone_10,,,,
11-04-2022,0.052929968,0,11,zone_11,,,,
11-04-2022,0.052929968,0,12,zone_12,,,,
11-04-2022,0.052929968,0,13,zone_13,,,,
11-04-2022,0.052929968,0,14,zone_14,,,,
11-04-2022,0.052929968,0,15,zone_15,,,,
11-04-2022,0.052929968,0,16,zone_16,,,,
12-04-2022,0.052929968,0,1,zone_01,,,,
12-04-2022,0.052929968,0,2,zone_02,,,,
12-04-2022,0.052929968,0,3,zone_03,,,,
12-04-2022,0.052929968,0,4,zone_04,,,,
12-04-2022,0.052929968,0,5,zone_05,,,,
12-04-2022,0.052929968,0,6,zone_06,,,,
12-04-2022,0.052929968,0,7,zone_07,,,,
12-04-2022,0.052929968,0,8,zone_08,,,,
12-04-2022,0.052929968,0,9,zone_09,,,,
12-04-2022,0.052929968,0,10,zone_10,,,,
12-04-2022,0.052929968,0,11,zone_11,,,,
12-04-2022,0.052929968,0,12,zone_12,,,,
12-04-2022,0.052929968,0,13,zone_13,,,,
12-04-2022,0.052929968,0,14,zone_14,,,,
12-04-2022,0.052929968,0,15,zone_15,,,,
12-04-2022,0.052929968,0,16,zone_16,,,,
13-04-2022,0.0690374,0,1,zone_01,,,,
13-04-2022,0.0690374,0,2,zone_02,,,,
13-04-2022,0.0690374,0,3,zone_03,,,,
13-04-2022,0.0690374,0,4,zone_04,,,,
13-04-2022,0.0690374,0,5,zone_05,,,,
13-04-2022,0.0690374,0,6,zone_06,,,,
13-04-2022,0.0690374,0,7,zone_07,,,,
13-04-2022,0.0690374,0,8,zone_08,,,,
13-04-2022,0.0690374,0,9,zone_09,,,,
13-04-2022,0.0690374,0,10,zone_10,,,,
13-04-2022,0.0690374,0,11,zone_11,,,,
13-04-2022,0.0690374,0,12,zone_12,,,,
13-04-2022,0.0690374,0,13,zone_13,,,,
13-04-2022,0.0690374,0,14,zone_14,,,,
13-04-2022,0.0690374,0,15,zone_15,,,,
13-04-2022,0.0690374,0,16,zone_16,,,,
14-04-2022,0.04984088,0,1,zone_01,,,,
14-04-2022,0.04984088,0,2,zone_02,,,,
14-04-2022,0.04984088,0,3,zone_03,,,,
14-04-2022,0.04984088,0,4,zone_04,,,,
14-04-2022,0.04984088,0,5,zone_05,,,,
14-04-2022,0.04984088,0,6,zone_06,,,,
14-04-2022,0.04984088,0,7,zone_07,,,,
14-04-2022,0.04984088,0,8,zone_08,,,,
14-04-2022,0.04984088,0,9,zone_09,,,,
14-04-2022,0.04984088,0,10,zone_10,,,,
14-04-2022,0.04984088,0,11,zone_11,,,,
14-04-2022,0.04984088,0,12,zone_12,,,,
14-04-2022,0.04984088,0,13,zone_13,,,,
14-04-2022,0.04984088,0,14,zone_14,,,,
14-04-2022,0.04984088,0,15,zone_15,,,,
14-04-2022,0.04984088,0,16,zone_16,,,,
15-04-2022,0.0516096,0,1,zone_01,,,,
15-04-2022,0.0516096,0,2,zone_02,,,,
15-04-2022,0.0516096,0,3,zone_03,,,,
15-04-2022,0.0516096,0,4,zone_04,,,,
15-04-2022,0.0516096,0,5,zone_05,,,,
15-04-2022,0.0516096,0,6,zone_06,,,,
15-04-2022,0.0516096,0,7,zone_07,,,,
15-04-2022,0.0516096,0,8,zone_08,,,,
15-04-2022,0.0516096,0,9,zone_09,,,,
15-04-2022,0.0516096,0,10,zone_10,,,,
15-04-2022,0.0516096,0,11,zone_11,,,,
15-04-2022,0.0516096,0,12,zone_12,,,,
15-04-2022,0.0516096,0,13,zone_13,,,,
15-04-2022,0.0516096,0,14,zone_14,,,,
15-04-2022,0.0516096,0,15,zone_15,,,,
15-04-2022,0.0516096,0,16,zone_16,,,,
16-04-2022,0.04493688,0,1,zone_01,,,,
16-04-2022,0.04493688,0,2,zone_02,,,,
16-04-2022,0.04493688,0,3,zone_03,,,,
16-04-2022,0.04493688,0,4,zone_04,,,,
16-04-2022,0.04493688,0,5,zone_05,,,,
16-04-2022,0.04493688,0,6,zone_06,,,,
16-04-2022,0.04493688,0,7,zone_07,,,,
16-04-2022,0.04493688,0,8,zone_08,,,,
16-04-2022,0.04493688,0,9,zone_09,,,,
16-04-2022,0.04493688,0,10,zone_10,,,,
16-04-2022,0.04493688,0,11,zone_11,,,,
16-04-2022,0.04493688,0,12,zone_12,,,,
16-04-2022,0.04493688,0,13,zone_13,,,,
16-04-2022,0.04493688,0,14,zone_14,,,,
16-04-2022,0.04493688,0,15,zone_15,,,,
16-04-2022,0.04493688,0,16,zone_16,,,,
17-04-2022,0.04668045,0,1,zone_01,,,,
17-04-2022,0.04668045,0,2,zone_02,,,,
17-04-2022,0.04668045,0,3,zone_03,,,,
17-04-2022,0.04668045,0,4,zone_04,,,,
17-04-2022,0.04668045,0,5,zone_05,,,,
17-04-2022,0.04668045,0,6,zone_06,,,,
17-04-2022,0.04668045,0,7,zone_07,,,,
17-04-2022,0.04668045,0,8,zone_08,,,,
17-04-2022,0.04668045,0,9,zone_09,,,,
17-04-2022,0.04668045,0,10,zone_10,,,,
17-04-2022,0.04668045,0,11,zone_11,,,,
17-04-2022,0.04668045,0,12,zone_12,,,,
17-04-2022,0.04668045,0,13,zone_13,,,,
17-04-2022,0.04668045,0,14,zone_14,,,,
17-04-2022,0.04668045,0,15,zone_15,,,,
17-04-2022,0.04668045,0,16,zone_16,,,,
18-04-2022,0.044683486,0,1,zone_01,,,,
18-04-2022,0.044683486,0,2,zone_02,,,,
18-04-2022,0.044683486,0,3,zone_03,,,,
18-04-2022,0.044683486,0,4,zone_04,,,,
18-04-2022,0.044683486,0,5,zone_05,,,,
18-04-2022,0.044683486,0,6,zone_06,,,,
18-04-2022,0.044683486,0,7,zone_07,,,,
18-04-2022,0.044683486,0,8,zone_08,,,,
18-04-2022,0.044683486,0,9,zone_09,,,,
18-04-2022,0.044683486,0,10,zone_10,,,,
18-04-2022,0.044683486,0,11,zone_11,,,,
18-04-2022,0.044683486,0,12,zone_12,,,,
18-04-2022,0.044683486,0,13,zone_13,,,,
18-04-2022,0.044683486,0,14,zone_14,,,,
18-04-2022,0.044683486,0,15,zone_15,,,,
18-04-2022,0.044683486,0,16,zone_16,,,,
19-04-2022,0.045771237,0,1,zone_01,,,,
19-04-2022,0.045771237,0,2,zone_02,,,,
19-04-2022,0.045771237,0,3,zone_03,,,,
19-04-2022,0.045771237,0,4,zone_04,,,,
19-04-2022,0.045771237,0,5,zone_05,,,,
19-04-2022,0.045771237,0,6,zone_06,,,,
19-04-2022,0.045771237,0,7,zone_07,,,,
19-04-2022,0.045771237,0,8,zone_08,,,,
19-04-2022,0.045771237,0,9,zone_09,,,,
19-04-2022,0.045771237,0,10,zone_10,,,,
19-04-2022,0.045771237,0,11,zone_11,,,,
19-04-2022,0.045771237,0,12,zone_12,,,,
19-04-2022,0.045771237,0,13,zone_13,,,,
19-04-2022,0.045771237,0,14,zone_14,,,,
19-04-2022,0.045771237,0,15,zone_15,,,,
19-04-2022,0.045771237,0,16,zone_16,,,,
20-04-2022,0.044586696,0,1,zone_01,,,,
20-04-2022,0.044586696,0,2,zone_02,,,,
20-04-2022,0.044586696,0,3,zone_03,,,,
20-04-2022,0.044586696,0,4,zone_04,,,,
20-04-2022,0.044586696,0,5,zone_05,,,,
20-04-2022,0.044586696,0,6,zone_06,,,,
20-04-2022,0.044586696,0,7,zone_07,,,,
20-04-2022,0.044586696,0,8,zone_08,,,,
20-04-2022,0.044586696,0,9,zone_09,,,,
20-04-2022,0.044586696,0,10,zone_10,,,,
20-04-2022,0.044586696,0,11,zone_11,,,,
20-04-2022,0.044586696,0,12,zone_12,,,,
20-04-2022,0.044586696,0,13,zone_13,,,,
20-04-2022,0.044586696,0,14,zone_14,,,,
20-04-2022,0.044586696,0,15,zone_15,,,,
20-04-2022,0.044586696,0,16,zone_16,,,,
21-04-2022,0.042886667,0,1,zone_01,,,,
21-04-2022,0.042886667,0,2,zone_02,,,,
21-04-2022,0.042886667,0,3,zone_03,,,,
21-04-2022,0.042886667,0,4,zone_04,,,,
21-04-2022,0.042886667,0,5,zone_05,,,,
21-04-2022,0.042886667,0,6,zone_06,,,,
21-04-2022,0.042886667,0,7,zone_07,,,,
21-04-2022,0.042886667,0,8,zone_08,,,,
21-04-2022,0.042886667,0,9,zone_09,,,,
21-04-2022,0.042886667,0,10,zone_10,,,,
21-04-2022,0.042886667,0,11,zone_11,,,,
21-04-2022,0.042886667,0,12,zone_12,,,,
21-04-2022,0.042886667,0,13,zone_13,,,,
21-04-2022,0.042886667,0,14,zone_14,,,,
21-04-2022,0.042886667,0,15,zone_15,,,,
21-04-2022,0.042886667,0,16,zone_16,,,,
22-04-2022,0.042709813,0,1,zone_01,,,,
22-04-2022,0.042709813,0,2,zone_02,,,,
22-04-2022,0.042709813,0,3,zone_03,,,,
22-04-2022,0.042709813,0,4,zone_04,,,,
22-04-2022,0.042709813,0,5,zone_05,,,,
22-04-2022,0.042709813,0,6,zone_06,,,,
22-04-2022,0.042709813,0,7,zone_07,,,,
22-04-2022,0.042709813,0,8,zone_08,,,,
22-04-2022,0.042709813,0,9,zone_09,,,,
22-04-2022,0.042709813,0,10,zone_10,,,,
22-04-2022,0.042709813,0,11,zone_11,,,,
22-04-2022,0.042709813,0,12,zone_12,,,,
22-04-2022,0.042709813,0,13,zone_13,,,,
22-04-2022,0.042709813,0,14,zone_14,,,,
22-04-2022,0.042709813,0,15,zone_15,,,,
22-04-2022,0.042709813,0,16,zone_16,,,,
23-04-2022,0.042709813,0,1,zone_01,,,,
23-04-2022,0.042709813,0,2,zone_02,,,,
23-04-2022,0.042709813,0,3,zone_03,,,,
23-04-2022,0.042709813,0,4,zone_04,,,,
23-04-2022,0.042709813,0,5,zone_05,,,,
23-04-2022,0.042709813,0,6,zone_06,,,,
23-04-2022,0.042709813,0,7,zone_07,,,,
23-04-2022,0.042709813,0,8,zone_08,,,,
23-04-2022,0.042709813,0,9,zone_09,,,,
23-04-2022,0.042709813,0,10,zone_10,,,,
23-04-2022,0.042709813,0,11,zone_11,,,,
23-04-2022,0.042709813,0,12,zone_12,,,,
23-04-2022,0.042709813,0,13,zone_13,,,,
23-04-2022,0.042709813,0,14,zone_14,,,,
23-04-2022,0.042709813,0,15,zone_15,,,,
23-04-2022,0.042709813,0,16,zone_16,,,,
24-04-2022,0.042709813,0,1,zone_01,,,,
24-04-2022,0.042709813,0,2,zone_02,,,,
24-04-2022,0.042709813,0,3,zone_03,,,,
24-04-2022,0.042709813,0,4,zone_04,,,,
24-04-2022,0.042709813,0,5,zone_05,,,,
24-04-2022,0.042709813,0,6,zone_06,,,,
24-04-2022,0.042709813,0,7,zone_07,,,,
24-04-2022,0.042709813,0,8,zone_08,,,,
24-04-2022,0.042709813,0,9,zone_09,,,,
24-04-2022,0.042709813,0,10,zone_10,,,,
24-04-2022,0.042709813,0,11,zone_11,,,,
24-04-2022,0.042709813,0,12,zone_12,,,,
24-04-2022,0.042709813,0,13,zone_13,,,,
24-04-2022,0.042709813,0,14,zone_14,,,,
24-04-2022,0.042709813,0,15,zone_15,,,,
24-04-2022,0.042709813,0,16,zone_16,,,,
25-04-2022,0.040587828,0,1,zone_01,,,,
25-04-2022,0.040587828,0,2,zone_02,,,,
25-04-2022,0.040587828,0,3,zone_03,,,,
25-04-2022,0.040587828,0,4,zone_04,,,,
25-04-2022,0.040587828,0,5,zone_05,,,,
25-04-2022,0.040587828,0,6,zone_06,,,,
25-04-2022,0.040587828,0,7,zone_07,,,,
25-04-2022,0.040587828,0,8,zone_08,,,,
25-04-2022,0.040587828,0,9,zone_09,,,,
25-04-2022,0.040587828,0,10,zone_10,,,,
25-04-2022,0.040587828,0,11,zone_11,,,,
25-04-2022,0.040587828,0,12,zone_12,,,,
25-04-2022,0.040587828,0,13,zone_13,,,,
25-04-2022,0.040587828,0,14,zone_14,,,,
25-04-2022,0.040587828,0,15,zone_15,,,,
25-04-2022,0.040587828,0,16,zone_16,,,,
26-04-2022,0.039447203,0,1,zone_01,,,,
26-04-2022,0.039447203,0,2,zone_02,,,,
26-04-2022,0.039447203,0,3,zone_03,,,,
26-04-2022,0.039447203,0,4,zone_04,,,,
26-04-2022,0.039447203,0,5,zone_05,,,,
26-04-2022,0.039447203,0,6,zone_06,,,,
26-04-2022,0.039447203,0,7,zone_07,,,,
26-04-2022,0.039447203,0,8,zone_08,,,,
26-04-2022,0.039447203,0,9,zone_09,,,,
26-04-2022,0.039447203,0,10,zone_10,,,,
26-04-2022,0.039447203,0,11,zone_11,,,,
26-04-2022,0.039447203,0,12,zone_12,,,,
26-04-2022,0.039447203,0,13,zone_13,,,,
26-04-2022,0.039447203,0,14,zone_14,,,,
26-04-2022,0.039447203,0,15,zone_15,,,,
26-04-2022,0.039447203,0,16,zone_16,,,,
27-04-2022,0.03822714,0,1,zone_01,,,,
27-04-2022,0.03822714,0,2,zone_02,,,,
27-04-2022,0.03822714,0,3,zone_03,,,,
27-04-2022,0.03822714,0,4,zone_04,,,,
27-04-2022,0.03822714,0,5,zone_05,,,,
27-04-2022,0.03822714,0,6,zone_06,,,,
27-04-2022,0.03822714,0,7,zone_07,,,,
27-04-2022,0.03822714,0,8,zone_08,,,,
27-04-2022,0.03822714,0,9,zone_09,,,,
27-04-2022,0.03822714,0,10,zone_10,,,,
27-04-2022,0.03822714,0,11,zone_11,,,,
27-04-2022,0.03822714,0,12,zone_12,,,,
27-04-2022,0.03822714,0,13,zone_13,,,,
27-04-2022,0.03822714,0,14,zone_14,,,,
27-04-2022,0.03822714,0,15,zone_15,,,,
27-04-2022,0.03822714,0,16,zone_16,,,,
28-04-2022,0.036651313,0,1,zone_01,,,,
28-04-2022,0.036651313,0,2,zone_02,,,,
28-04-2022,0.036651313,0,3,zone_03,,,,
28-04-2022,0.036651313,0,4,zone_04,,,,
28-04-2022,0.036651313,0,5,zone_05,,,,
28-04-2022,0.036651313,0,6,zone_06,,,,
28-04-2022,0.036651313,0,7,zone_07,,,,
28-04-2022,0.036651313,0,8,zone_08,,,,
28-04-2022,0.036651313,0,9,zone_09,,,,
28-04-2022,0.036651313,0,10,zone_10,,,,
28-04-2022,0.036651313,0,11,zone_11,,,,
28-04-2022,0.036651313,0,12,zone_12,,,,
28-04-2022,0.036651313,0,13,zone_13,,,,
28-04-2022,0.036651313,0,14,zone_14,,,,
28-04-2022,0.036651313,0,15,zone_15,,,,
28-04-2022,0.036651313,0,16,zone_16,,,,
29-04-2022,0.036651313,0,1,zone_01,,,,
29-04-2022,0.036651313,0,2,zone_02,,,,
29-04-2022,0.036651313,0,3,zone_03,,,,
29-04-2022,0.036651313,0,4,zone_04,,,,
29-04-2022,0.036651313,0,5,zone_05,,,,
29-04-2022,0.036651313,0,6,zone_06,,,,
29-04-2022,0.036651313,0,7,zone_07,,,,
29-04-2022,0.036651313,0,8,zone_08,,,,
29-04-2022,0.036651313,0,9,zone_09,,,,
29-04-2022,0.036651313,0,10,zone_10,,,,
29-04-2022,0.036651313,0,11,zone_11,,,,
29-04-2022,0.036651313,0,12,zone_12,,,,
29-04-2022,0.036651313,0,13,zone_13,,,,
29-04-2022,0.036651313,0,14,zone_14,,,,
29-04-2022,0.036651313,0,15,zone_15,,,,
29-04-2022,0.036651313,0,16,zone_16,,,,
30-04-2022,0.0362053,0,1,zone_01,,,,
30-04-2022,0.0362053,0,2,zone_02,,,,
30-04-2022,0.0362053,0,3,zone_03,,,,
30-04-2022,0.0362053,0,4,zone_04,,,,
30-04-2022,0.0362053,0,5,zone_05,,,,
30-04-2022,0.0362053,0,6,zone_06,,,,
30-04-2022,0.0362053,0,7,zone_07,,,,
30-04-2022,0.0362053,0,8,zone_08,,,,
30-04-2022,0.0362053,0,9,zone_09,,,,
30-04-2022,0.0362053,0,10,zone_10,,,,
30-04-2022,0.0362053,0,11,zone_11,,,,
30-04-2022,0.0362053,0,12,zone_12,,,,
30-04-2022,0.0362053,0,13,zone_13,,,,
30-04-2022,0.0362053,0,14,zone_14,,,,
30-04-2022,0.0362053,0,15,zone_15,,,,
30-04-2022,0.0362053,0,16,zone_16,,,,
01-05-2022,0.0362053,0,1,zone_01,,,,
01-05-2022,0.0362053,0,2,zone_02,,,,
01-05-2022,0.0362053,0,3,zone_03,,,,
01-05-2022,0.0362053,0,4,zone_04,,,,
01-05-2022,0.0362053,0,5,zone_05,,,,
01-05-2022,0.0362053,0,6,zone_06,,,,
01-05-2022,0.0362053,0,7,zone_07,,,,
01-05-2022,0.0362053,0,8,zone_08,,,,
01-05-2022,0.0362053,0,9,zone_09,,,,
01-05-2022,0.0362053,0,10,zone_10,,,,
01-05-2022,0.0362053,0,11,zone_11,,,,
01-05-2022,0.0362053,0,12,zone_12,,,,
01-05-2022,0.0362053,0,13,zone_13,,,,
01-05-2022,0.0362053,0,14,zone_14,,,,
01-05-2022,0.0362053,0,15,zone_15,,,,
01-05-2022,0.0362053,0,16,zone_16,,,,
02-05-2022,0.0362053,0,1,zone_01,,,,
02-05-2022,0.0362053,0,2,zone_02,,,,
02-05-2022,0.0362053,0,3,zone_03,,,,
02-05-2022,0.0362053,0,4,zone_04,,,,
02-05-2022,0.0362053,0,5,zone_05,,,,
02-05-2022,0.0362053,0,6,zone_06,,,,
02-05-2022,0.0362053,0,7,zone_07,,,,
02-05-2022,0.0362053,0,8,zone_08,,,,
02-05-2022,0.0362053,0,9,zone_09,,,,
02-05-2022,0.0362053,0,10,zone_10,,,,
02-05-2022,0.0362053,0,11,zone_11,,,,
02-05-2022,0.0362053,0,12,zone_12,,,,
02-05-2022,0.0362053,0,13,zone_13,,,,
02-05-2022,0.0362053,0,14,zone_14,,,,
02-05-2022,0.0362053,0,15,zone_15,,,,
02-05-2022,0.0362053,0,16,zone_16,,,,
03-05-2022,0.0362053,0,1,zone_01,,,,
03-05-2022,0.0362053,0,2,zone_02,,,,
03-05-2022,0.0362053,0,3,zone_03,,,,
03-05-2022,0.0362053,0,4,zone_04,,,,
03-05-2022,0.0362053,0,5,zone_05,,,,
03-05-2022,0.0362053,0,6,zone_06,,,,
03-05-2022,0.0362053,0,7,zone_07,,,,
03-05-2022,0.0362053,0,8,zone_08,,,,
03-05-2022,0.0362053,0,9,zone_09,,,,
03-05-2022,0.0362053,0,10,zone_10,,,,
03-05-2022,0.0362053,0,11,zone_11,,,,
03-05-2022,0.0362053,0,12,zone_12,,,,
03-05-2022,0.0362053,0,13,zone_13,,,,
03-05-2022,0.0362053,0,14,zone_14,,,,
03-05-2022,0.0362053,0,15,zone_15,,,,
03-05-2022,0.0362053,0,16,zone_16,,,,
04-05-2022,0.036036048,0,1,zone_01,,,,
04-05-2022,0.036036048,0,2,zone_02,,,,
04-05-2022,0.036036048,0,3,zone_03,,,,
04-05-2022,0.036036048,0,4,zone_04,,,,
04-05-2022,0.036036048,0,5,zone_05,,,,
04-05-2022,0.036036048,0,6,zone_06,,,,
04-05-2022,0.036036048,0,7,zone_07,,,,
04-05-2022,0.036036048,0,8,zone_08,,,,
04-05-2022,0.036036048,0,9,zone_09,,,,
04-05-2022,0.036036048,0,10,zone_10,,,,
04-05-2022,0.036036048,0,11,zone_11,,,,
04-05-2022,0.036036048,0,12,zone_12,,,,
04-05-2022,0.036036048,0,13,zone_13,,,,
04-05-2022,0.036036048,0,14,zone_14,,,,
04-05-2022,0.036036048,0,15,zone_15,,,,
04-05-2022,0.036036048,0,16,zone_16,,,,
05-05-2022,0.036036048,0,1,zone_01,,,,
05-05-2022,0.036036048,0,2,zone_02,,,,
05-05-2022,0.036036048,0,3,zone_03,,,,
05-05-2022,0.036036048,0,4,zone_04,,,,
05-05-2022,0.036036048,0,5,zone_05,,,,
05-05-2022,0.036036048,0,6,zone_06,,,,
05-05-2022,0.036036048,0,7,zone_07,,,,
05-05-2022,0.036036048,0,8,zone_08,,,,
05-05-2022,0.036036048,0,9,zone_09,,,,
05-05-2022,0.036036048,0,10,zone_10,,,,
05-05-2022,0.036036048,0,11,zone_11,,,,
05-05-2022,0.036036048,0,12,zone_12,,,,
05-05-2022,0.036036048,0,13,zone_13,,,,
05-05-2022,0.036036048,0,14,zone_14,,,,
05-05-2022,0.036036048,0,15,zone_15,,,,
05-05-2022,0.036036048,0,16,zone_16,,,,
06-05-2022,0.036036048,0,1,zone_01,,,,
06-05-2022,0.036036048,0,2,zone_02,,,,
06-05-2022,0.036036048,0,3,zone_03,,,,
06-05-2022,0.036036048,0,4,zone_04,,,,
06-05-2022,0.036036048,0,5,zone_05,,,,
06-05-2022,0.036036048,0,6,zone_06,,,,
06-05-2022,0.036036048,0,7,zone_07,,,,
06-05-2022,0.036036048,0,8,zone_08,,,,
06-05-2022,0.036036048,0,9,zone_09,,,,
06-05-2022,0.036036048,0,10,zone_10,,,,
06-05-2022,0.036036048,0,11,zone_11,,,,
06-05-2022,0.036036048,0,12,zone_12,,,,
06-05-2022,0.036036048,0,13,zone_13,,,,
06-05-2022,0.036036048,0,14,zone_14,,,,
06-05-2022,0.036036048,0,15,zone_15,,,,
06-05-2022,0.036036048,0,16,zone_16,,,,
07-05-2022,0.035891566,0,1,zone_01,,,,
07-05-2022,0.035891566,0,2,zone_02,,,,
07-05-2022,0.035891566,0,3,zone_03,,,,
07-05-2022,0.035891566,0,4,zone_04,,,,
07-05-2022,0.035891566,0,5,zone_05,,,,
07-05-2022,0.035891566,0,6,zone_06,,,,
07-05-2022,0.035891566,0,7,zone_07,,,,
07-05-2022,0.035891566,0,8,zone_08,,,,
07-05-2022,0.035891566,0,9,zone_09,,,,
07-05-2022,0.035891566,0,10,zone_10,,,,
07-05-2022,0.035891566,0,11,zone_11,,,,
07-05-2022,0.035891566,0,12,zone_12,,,,
07-05-2022,0.035891566,0,13,zone_13,,,,
07-05-2022,0.035891566,0,14,zone_14,,,,
07-05-2022,0.035891566,0,15,zone_15,,,,
07-05-2022,0.035891566,0,16,zone_16,,,,
08-05-2022,0.036155004,0,1,zone_01,,,,
08-05-2022,0.036155004,0,2,zone_02,,,,
08-05-2022,0.036155004,0,3,zone_03,,,,
08-05-2022,0.036155004,0,4,zone_04,,,,
08-05-2022,0.036155004,0,5,zone_05,,,,
08-05-2022,0.036155004,0,6,zone_06,,,,
08-05-2022,0.036155004,0,7,zone_07,,,,
08-05-2022,0.036155004,0,8,zone_08,,,,
08-05-2022,0.036155004,0,9,zone_09,,,,
08-05-2022,0.036155004,0,10,zone_10,,,,
08-05-2022,0.036155004,0,11,zone_11,,,,
08-05-2022,0.036155004,0,12,zone_12,,,,
08-05-2022,0.036155004,0,13,zone_13,,,,
08-05-2022,0.036155004,0,14,zone_14,,,,
08-05-2022,0.036155004,0,15,zone_15,,,,
08-05-2022,0.036155004,0,16,zone_16,,,,
09-05-2022,0.05253943,0,1,zone_01,,,,
09-05-2022,0.05253943,0,2,zone_02,,,,
09-05-2022,0.05253943,0,3,zone_03,,,,
09-05-2022,0.05253943,0,4,zone_04,,,,
09-05-2022,0.05253943,0,5,zone_05,,,,
09-05-2022,0.05253943,0,6,zone_06,,,,
09-05-2022,0.05253943,0,7,zone_07,,,,
09-05-2022,0.05253943,0,8,zone_08,,,,
09-05-2022,0.05253943,0,9,zone_09,,,,
09-05-2022,0.05253943,0,10,zone_10,,,,
09-05-2022,0.05253943,0,11,zone_11,,,,
09-05-2022,0.05253943,0,12,zone_12,,,,
09-05-2022,0.05253943,0,13,zone_13,,,,
09-05-2022,0.05253943,0,14,zone_14,,,,
09-05-2022,0.05253943,0,15,zone_15,,,,
09-05-2022,0.05253943,0,16,zone_16,,,,
10-05-2022,0.13341577,0,1,zone_01,,,,
10-05-2022,0.13341577,0,2,zone_02,,,,
10-05-2022,0.13341577,0,3,zone_03,,,,
10-05-2022,0.13341577,0,4,zone_04,,,,
10-05-2022,0.13341577,0,5,zone_05,,,,
10-05-2022,0.13341577,0,6,zone_06,,,,
10-05-2022,0.13341577,0,7,zone_07,,,,
10-05-2022,0.13341577,0,8,zone_08,,,,
10-05-2022,0.13341577,0,9,zone_09,,,,
10-05-2022,0.13341577,0,10,zone_10,,,,
10-05-2022,0.13341577,0,11,zone_11,,,,
10-05-2022,0.13341577,0,12,zone_12,,,,
10-05-2022,0.13341577,0,13,zone_13,,,,
10-05-2022,0.13341577,0,14,zone_14,,,,
10-05-2022,0.13341577,0,15,zone_15,,,,
10-05-2022,0.13341577,0,16,zone_16,,,,
11-05-2022,0.35096538,0,1,zone_01,,,,
11-05-2022,0.35096538,0,2,zone_02,,,,
11-05-2022,0.35096538,0,3,zone_03,,,,
11-05-2022,0.35096538,0,4,zone_04,,,,
11-05-2022,0.35096538,0,5,zone_05,,,,
11-05-2022,0.35096538,0,6,zone_06,,,,
11-05-2022,0.35096538,0,7,zone_07,,,,
11-05-2022,0.35096538,0,8,zone_08,,,,
11-05-2022,0.35096538,0,9,zone_09,,,,
11-05-2022,0.35096538,0,10,zone_10,,,,
11-05-2022,0.35096538,0,11,zone_11,,,,
11-05-2022,0.35096538,0,12,zone_12,,,,
11-05-2022,0.35096538,0,13,zone_13,,,,
11-05-2022,0.35096538,0,14,zone_14,,,,
11-05-2022,0.35096538,0,15,zone_15,,,,
11-05-2022,0.35096538,0,16,zone_16,,,,
12-05-2022,0.106116764,0,1,zone_01,,,,
12-05-2022,0.106116764,0,2,zone_02,,,,
12-05-2022,0.106116764,0,3,zone_03,,,,
12-05-2022,0.106116764,0,4,zone_04,,,,
12-05-2022,0.106116764,0,5,zone_05,,,,
12-05-2022,0.106116764,0,6,zone_06,,,,
12-05-2022,0.106116764,0,7,zone_07,,,,
12-05-2022,0.106116764,0,8,zone_08,,,,
12-05-2022,0.106116764,0,9,zone_09,,,,
12-05-2022,0.106116764,0,10,zone_10,,,,
12-05-2022,0.106116764,0,11,zone_11,,,,
12-05-2022,0.106116764,0,12,zone_12,,,,
12-05-2022,0.106116764,0,13,zone_13,,,,
12-05-2022,0.106116764,0,14,zone_14,,,,
12-05-2022,0.106116764,0,15,zone_15,,,,
12-05-2022,0.106116764,0,16,zone_16,,,,
13-05-2022,0.15984474,0,1,zone_01,,,,
13-05-2022,0.15984474,0,2,zone_02,,,,
13-05-2022,0.15984474,0,3,zone_03,,,,
13-05-2022,0.15984474,0,4,zone_04,,,,
13-05-2022,0.15984474,0,5,zone_05,,,,
13-05-2022,0.15984474,0,6,zone_06,,,,
13-05-2022,0.15984474,0,7,zone_07,,,,
13-05-2022,0.15984474,0,8,zone_08,,,,
13-05-2022,0.15984474,0,9,zone_09,,,,
13-05-2022,0.15984474,0,10,zone_10,,,,
13-05-2022,0.15984474,0,11,zone_11,,,,
13-05-2022,0.15984474,0,12,zone_12,,,,
13-05-2022,0.15984474,0,13,zone_13,,,,
13-05-2022,0.15984474,0,14,zone_14,,,,
13-05-2022,0.15984474,0,15,zone_15,,,,
13-05-2022,0.15984474,0,16,zone_16,,,,
14-05-2022,0.18520476,0,1,zone_01,,,,
14-05-2022,0.18520476,0,2,zone_02,,,,
14-05-2022,0.18520476,0,3,zone_03,,,,
14-05-2022,0.18520476,0,4,zone_04,,,,
14-05-2022,0.18520476,0,5,zone_05,,,,
14-05-2022,0.18520476,0,6,zone_06,,,,
14-05-2022,0.18520476,0,7,zone_07,,,,
14-05-2022,0.18520476,0,8,zone_08,,,,
14-05-2022,0.18520476,0,9,zone_09,,,,
14-05-2022,0.18520476,0,10,zone_10,,,,
14-05-2022,0.18520476,0,11,zone_11,,,,
14-05-2022,0.18520476,0,12,zone_12,,,,
14-05-2022,0.18520476,0,13,zone_13,,,,
14-05-2022,0.18520476,0,14,zone_14,,,,
14-05-2022,0.18520476,0,15,zone_15,,,,
14-05-2022,0.18520476,0,16,zone_16,,,,
15-05-2022,0.18630517,0,1,zone_01,,,,
15-05-2022,0.18630517,0,2,zone_02,,,,
15-05-2022,0.18630517,0,3,zone_03,,,,
15-05-2022,0.18630517,0,4,zone_04,,,,
15-05-2022,0.18630517,0,5,zone_05,,,,
15-05-2022,0.18630517,0,6,zone_06,,,,
15-05-2022,0.18630517,0,7,zone_07,,,,
15-05-2022,0.18630517,0,8,zone_08,,,,
15-05-2022,0.18630517,0,9,zone_09,,,,
15-05-2022,0.18630517,0,10,zone_10,,,,
15-05-2022,0.18630517,0,11,zone_11,,,,
15-05-2022,0.18630517,0,12,zone_12,,,,
15-05-2022,0.18630517,0,13,zone_13,,,,
15-05-2022,0.18630517,0,14,zone_14,,,,
15-05-2022,0.18630517,0,15,zone_15,,,,
15-05-2022,0.18630517,0,16,zone_16,,,,
16-05-2022,0.18583111,0,1,zone_01,,,,
16-05-2022,0.18583111,0,2,zone_02,,,,
16-05-2022,0.18583111,0,3,zone_03,,,,
16-05-2022,0.18583111,0,4,zone_04,,,,
16-05-2022,0.18583111,0,5,zone_05,,,,
16-05-2022,0.18583111,0,6,zone_06,,,,
16-05-2022,0.18583111,0,7,zone_07,,,,
16-05-2022,0.18583111,0,8,zone_08,,,,
16-05-2022,0.18583111,0,9,zone_09,,,,
16-05-2022,0.18583111,0,10,zone_10,,,,
16-05-2022,0.18583111,0,11,zone_11,,,,
16-05-2022,0.18583111,0,12,zone_12,,,,
16-05-2022,0.18583111,0,13,zone_13,,,,
16-05-2022,0.18583111,0,14,zone_14,,,,
16-05-2022,0.18583111,0,15,zone_15,,,,
16-05-2022,0.18583111,0,16,zone_16,,,,
17-05-2022,0.16831687,0,1,zone_01,,,,
17-05-2022,0.16831687,0,2,zone_02,,,,
17-05-2022,0.16831687,0,3,zone_03,,,,
17-05-2022,0.16831687,0,4,zone_04,,,,
17-05-2022,0.16831687,0,5,zone_05,,,,
17-05-2022,0.16831687,0,6,zone_06,,,,
17-05-2022,0.16831687,0,7,zone_07,,,,
17-05-2022,0.16831687,0,8,zone_08,,,,
17-05-2022,0.16831687,0,9,zone_09,,,,
17-05-2022,0.16831687,0,10,zone_10,,,,
17-05-2022,0.16831687,0,11,zone_11,,,,
17-05-2022,0.16831687,0,12,zone_12,,,,
17-05-2022,0.16831687,0,13,zone_13,,,,
17-05-2022,0.16831687,0,14,zone_14,,,,
17-05-2022,0.16831687,0,15,zone_15,,,,
17-05-2022,0.16831687,0,16,zone_16,,,,
18-05-2022,0.155966,0,1,zone_01,,,,
18-05-2022,0.155966,0,2,zone_02,,,,
18-05-2022,0.155966,0,3,zone_03,,,,
18-05-2022,0.155966,0,4,zone_04,,,,
18-05-2022,0.155966,0,5,zone_05,,,,
18-05-2022,0.155966,0,6,zone_06,,,,
18-05-2022,0.155966,0,7,zone_07,,,,
18-05-2022,0.155966,0,8,zone_08,,,,
18-05-2022,0.155966,0,9,zone_09,,,,
18-05-2022,0.155966,0,10,zone_10,,,,
18-05-2022,0.155966,0,11,zone_11,,,,
18-05-2022,0.155966,0,12,zone_12,,,,
18-05-2022,0.155966,0,13,zone_13,,,,
18-05-2022,0.155966,0,14,zone_14,,,,
18-05-2022,0.155966,0,15,zone_15,,,,
18-05-2022,0.155966,0,16,zone_16,,,,
19-05-2022,0.14659984,0,1,zone_01,,,,
19-05-2022,0.14659984,0,2,zone_02,,,,
19-05-2022,0.14659984,0,3,zone_03,,,,
19-05-2022,0.14659984,0,4,zone_04,,,,
19-05-2022,0.14659984,0,5,zone_05,,,,
19-05-2022,0.14659984,0,6,zone_06,,,,
19-05-2022,0.14659984,0,7,zone_07,,,,
19-05-2022,0.14659984,0,8,zone_08,,,,
19-05-2022,0.14659984,0,9,zone_09,,,,
19-05-2022,0.14659984,0,10,zone_10,,,,
19-05-2022,0.14659984,0,11,zone_11,,,,
19-05-2022,0.14659984,0,12,zone_12,,,,
19-05-2022,0.14659984,0,13,zone_13,,,,
19-05-2022,0.14659984,0,14,zone_14,,,,
19-05-2022,0.14659984,0,15,zone_15,,,,
19-05-2022,0.14659984,0,16,zone_16,,,,
20-05-2022,0.14265476,0,1,zone_01,,,,
20-05-2022,0.14265476,0,2,zone_02,,,,
20-05-2022,0.14265476,0,3,zone_03,,,,
20-05-2022,0.14265476,0,4,zone_04,,,,
20-05-2022,0.14265476,0,5,zone_05,,,,
20-05-2022,0.14265476,0,6,zone_06,,,,
20-05-2022,0.14265476,0,7,zone_07,,,,
20-05-2022,0.14265476,0,8,zone_08,,,,
20-05-2022,0.14265476,0,9,zone_09,,,,
20-05-2022,0.14265476,0,10,zone_10,,,,
20-05-2022,0.14265476,0,11,zone_11,,,,
20-05-2022,0.14265476,0,12,zone_12,,,,
20-05-2022,0.14265476,0,13,zone_13,,,,
20-05-2022,0.14265476,0,14,zone_14,,,,
20-05-2022,0.14265476,0,15,zone_15,,,,
20-05-2022,0.14265476,0,16,zone_16,,,,
21-05-2022,0.1225687,0,1,zone_01,,,,
21-05-2022,0.1225687,0,2,zone_02,,,,
21-05-2022,0.1225687,0,3,zone_03,,,,
21-05-2022,0.1225687,0,4,zone_04,,,,
21-05-2022,0.1225687,0,5,zone_05,,,,
21-05-2022,0.1225687,0,6,zone_06,,,,
21-05-2022,0.1225687,0,7,zone_07,,,,
21-05-2022,0.1225687,0,8,zone_08,,,,
21-05-2022,0.1225687,0,9,zone_09,,,,
21-05-2022,0.1225687,0,10,zone_10,,,,
21-05-2022,0.1225687,0,11,zone_11,,,,
21-05-2022,0.1225687,0,12,zone_12,,,,
21-05-2022,0.1225687,0,13,zone_13,,,,
21-05-2022,0.1225687,0,14,zone_14,,,,
21-05-2022,0.1225687,0,15,zone_15,,,,
21-05-2022,0.1225687,0,16,zone_16,,,,
22-05-2022,0.11777103,0,1,zone_01,,,,
22-05-2022,0.11777103,0,2,zone_02,,,,
22-05-2022,0.11777103,0,3,zone_03,,,,
22-05-2022,0.11777103,0,4,zone_04,,,,
22-05-2022,0.11777103,0,5,zone_05,,,,
22-05-2022,0.11777103,0,6,zone_06,,,,
22-05-2022,0.11777103,0,7,zone_07,,,,
22-05-2022,0.11777103,0,8,zone_08,,,,
22-05-2022,0.11777103,0,9,zone_09,,,,
22-05-2022,0.11777103,0,10,zone_10,,,,
22-05-2022,0.11777103,0,11,zone_11,,,,
22-05-2022,0.11777103,0,12,zone_12,,,,
22-05-2022,0.11777103,0,13,zone_13,,,,
22-05-2022,0.11777103,0,14,zone_14,,,,
22-05-2022,0.11777103,0,15,zone_15,,,,
22-05-2022,0.11777103,0,16,zone_16,,,,
23-05-2022,0.11154987,0,1,zone_01,,,,
23-05-2022,0.11154987,0,2,zone_02,,,,
23-05-2022,0.11154987,0,3,zone_03,,,,
23-05-2022,0.11154987,0,4,zone_04,,,,
23-05-2022,0.11154987,0,5,zone_05,,,,
23-05-2022,0.11154987,0,6,zone_06,,,,
23-05-2022,0.11154987,0,7,zone_07,,,,
23-05-2022,0.11154987,0,8,zone_08,,,,
23-05-2022,0.11154987,0,9,zone_09,,,,
23-05-2022,0.11154987,0,10,zone_10,,,,
23-05-2022,0.11154987,0,11,zone_11,,,,
23-05-2022,0.11154987,0,12,zone_12,,,,
23-05-2022,0.11154987,0,13,zone_13,,,,
23-05-2022,0.11154987,0,14,zone_14,,,,
23-05-2022,0.11154987,0,15,zone_15,,,,
23-05-2022,0.11154987,0,16,zone_16,,,,
24-05-2022,0.108631834,0,1,zone_01,,,,
24-05-2022,0.108631834,0,2,zone_02,,,,
24-05-2022,0.108631834,0,3,zone_03,,,,
24-05-2022,0.108631834,0,4,zone_04,,,,
24-05-2022,0.108631834,0,5,zone_05,,,,
24-05-2022,0.108631834,0,6,zone_06,,,,
24-05-2022,0.108631834,0,7,zone_07,,,,
24-05-2022,0.108631834,0,8,zone_08,,,,
24-05-2022,0.108631834,0,9,zone_09,,,,
24-05-2022,0.108631834,0,10,zone_10,,,,
24-05-2022,0.108631834,0,11,zone_11,,,,
24-05-2022,0.108631834,0,12,zone_12,,,,
24-05-2022,0.108631834,0,13,zone_13,,,,
24-05-2022,0.108631834,0,14,zone_14,,,,
24-05-2022,0.108631834,0,15,zone_15,,,,
24-05-2022,0.108631834,0,16,zone_16,,,,
25-05-2022,0.09800245,0,1,zone_01,,,,
25-05-2022,0.09800245,0,2,zone_02,,,,
25-05-2022,0.09800245,0,3,zone_03,,,,
25-05-2022,0.09800245,0,4,zone_04,,,,
25-05-2022,0.09800245,0,5,zone_05,,,,
25-05-2022,0.09800245,0,6,zone_06,,,,
25-05-2022,0.09800245,0,7,zone_07,,,,
25-05-2022,0.09800245,0,8,zone_08,,,,
25-05-2022,0.09800245,0,9,zone_09,,,,
25-05-2022,0.09800245,0,10,zone_10,,,,
25-05-2022,0.09800245,0,11,zone_11,,,,
25-05-2022,0.09800245,0,12,zone_12,,,,
25-05-2022,0.09800245,0,13,zone_13,,,,
25-05-2022,0.09800245,0,14,zone_14,,,,
25-05-2022,0.09800245,0,15,zone_15,,,,
25-05-2022,0.09800245,0,16,zone_16,,,,
26-05-2022,0.09800245,0,1,zone_01,,,,
26-05-2022,0.09800245,0,2,zone_02,,,,
26-05-2022,0.09800245,0,3,zone_03,,,,
26-05-2022,0.09800245,0,4,zone_04,,,,
26-05-2022,0.09800245,0,5,zone_05,,,,
26-05-2022,0.09800245,0,6,zone_06,,,,
26-05-2022,0.09800245,0,7,zone_07,,,,
26-05-2022,0.09800245,0,8,zone_08,,,,
26-05-2022,0.09800245,0,9,zone_09,,,,
26-05-2022,0.09800245,0,10,zone_10,,,,
26-05-2022,0.09800245,0,11,zone_11,,,,
26-05-2022,0.09800245,0,12,zone_12,,,,
26-05-2022,0.09800245,0,13,zone_13,,,,
26-05-2022,0.09800245,0,14,zone_14,,,,
26-05-2022,0.09800245,0,15,zone_15,,,,
26-05-2022,0.09800245,0,16,zone_16,,,,
27-05-2022,0.09345126,0,1,zone_01,,,,
27-05-2022,0.09345126,0,2,zone_02,,,,
27-05-2022,0.09345126,0,3,zone_03,,,,
27-05-2022,0.09345126,0,4,zone_04,,,,
27-05-2022,0.09345126,0,5,zone_05,,,,
27-05-2022,0.09345126,0,6,zone_06,,,,
27-05-2022,0.09345126,0,7,zone_07,,,,
27-05-2022,0.09345126,0,8,zone_08,,,,
27-05-2022,0.09345126,0,9,zone_09,,,,
27-05-2022,0.09345126,0,10,zone_10,,,,
27-05-2022,0.09345126,0,11,zone_11,,,,
27-05-2022,0.09345126,0,12,zone_12,,,,
27-05-2022,0.09345126,0,13,zone_13,,,,
27-05-2022,0.09345126,0,14,zone_14,,,,
27-05-2022,0.09345126,0,15,zone_15,,,,
27-05-2022,0.09345126,0,16,zone_16,,,,
28-05-2022,0.09215212,0,1,zone_01,,,,
28-05-2022,0.09215212,0,2,zone_02,,,,
28-05-2022,0.09215212,0,3,zone_03,,,,
28-05-2022,0.09215212,0,4,zone_04,,,,
28-05-2022,0.09215212,0,5,zone_05,,,,
28-05-2022,0.09215212,0,6,zone_06,,,,
28-05-2022,0.09215212,0,7,zone_07,,,,
28-05-2022,0.09215212,0,8,zone_08,,,,
28-05-2022,0.09215212,0,9,zone_09,,,,
28-05-2022,0.09215212,0,10,zone_10,,,,
28-05-2022,0.09215212,0,11,zone_11,,,,
28-05-2022,0.09215212,0,12,zone_12,,,,
28-05-2022,0.09215212,0,13,zone_13,,,,
28-05-2022,0.09215212,0,14,zone_14,,,,
28-05-2022,0.09215212,0,15,zone_15,,,,
28-05-2022,0.09215212,0,16,zone_16,,,,
29-05-2022,0.07731399,0,1,zone_01,,,,
29-05-2022,0.07731399,0,2,zone_02,,,,
29-05-2022,0.07731399,0,3,zone_03,,,,
29-05-2022,0.07731399,0,4,zone_04,,,,
29-05-2022,0.07731399,0,5,zone_05,,,,
29-05-2022,0.07731399,0,6,zone_06,,,,
29-05-2022,0.07731399,0,7,zone_07,,,,
29-05-2022,0.07731399,0,8,zone_08,,,,
29-05-2022,0.07731399,0,9,zone_09,,,,
29-05-2022,0.07731399,0,10,zone_10,,,,
29-05-2022,0.07731399,0,11,zone_11,,,,
29-05-2022,0.07731399,0,12,zone_12,,,,
29-05-2022,0.07731399,0,13,zone_13,,,,
29-05-2022,0.07731399,0,14,zone_14,,,,
29-05-2022,0.07731399,0,15,zone_15,,,,
29-05-2022,0.07731399,0,16,zone_16,,,,
30-05-2022,0.073663995,0,1,zone_01,,,,
30-05-2022,0.073663995,0,2,zone_02,,,,
30-05-2022,0.073663995,0,3,zone_03,,,,
30-05-2022,0.073663995,0,4,zone_04,,,,
30-05-2022,0.073663995,0,5,zone_05,,,,
30-05-2022,0.073663995,0,6,zone_06,,,,
30-05-2022,0.073663995,0,7,zone_07,,,,
30-05-2022,0.073663995,0,8,zone_08,,,,
30-05-2022,0.073663995,0,9,zone_09,,,,
30-05-2022,0.073663995,0,10,zone_10,,,,
30-05-2022,0.073663995,0,11,zone_11,,,,
30-05-2022,0.073663995,0,12,zone_12,,,,
30-05-2022,0.073663995,0,13,zone_13,,,,
30-05-2022,0.073663995,0,14,zone_14,,,,
30-05-2022,0.073663995,0,15,zone_15,,,,
30-05-2022,0.073663995,0,16,zone_16,,,,
31-05-2022,0.07165647,0,1,zone_01,,,,
31-05-2022,0.07165647,0,2,zone_02,,,,
31-05-2022,0.07165647,0,3,zone_03,,,,
31-05-2022,0.07165647,0,4,zone_04,,,,
31-05-2022,0.07165647,0,5,zone_05,,,,
31-05-2022,0.07165647,0,6,zone_06,,,,
31-05-2022,0.07165647,0,7,zone_07,,,,
31-05-2022,0.07165647,0,8,zone_08,,,,
31-05-2022,0.07165647,0,9,zone_09,,,,
31-05-2022,0.07165647,0,10,zone_10,,,,
31-05-2022,0.07165647,0,11,zone_11,,,,
31-05-2022,0.07165647,0,12,zone_12,,,,
31-05-2022,0.07165647,0,13,zone_13,,,,
31-05-2022,0.07165647,0,14,zone_14,,,,
31-05-2022,0.07165647,0,15,zone_15,,,,
31-05-2022,0.07165647,0,16,zone_16,,,,
01-06-2022,0.069431804,0,1,zone_01,,,,
01-06-2022,0.069431804,0,2,zone_02,,,,
01-06-2022,0.069431804,0,3,zone_03,,,,
01-06-2022,0.069431804,0,4,zone_04,,,,
01-06-2022,0.069431804,0,5,zone_05,,,,
01-06-2022,0.069431804,0,6,zone_06,,,,
01-06-2022,0.069431804,0,7,zone_07,,,,
01-06-2022,0.069431804,0,8,zone_08,,,,
01-06-2022,0.069431804,0,9,zone_09,,,,
01-06-2022,0.069431804,0,10,zone_10,,,,
01-06-2022,0.069431804,0,11,zone_11,,,,
01-06-2022,0.069431804,0,12,zone_12,,,,
01-06-2022,0.069431804,0,13,zone_13,,,,
01-06-2022,0.069431804,0,14,zone_14,,,,
01-06-2022,0.069431804,0,15,zone_15,,,,
01-06-2022,0.069431804,0,16,zone_16,,,,
02-06-2022,0.06802928,0,1,zone_01,,,,
02-06-2022,0.06802928,0,2,zone_02,,,,
02-06-2022,0.06802928,0,3,zone_03,,,,
02-06-2022,0.06802928,0,4,zone_04,,,,
02-06-2022,0.06802928,0,5,zone_05,,,,
02-06-2022,0.06802928,0,6,zone_06,,,,
02-06-2022,0.06802928,0,7,zone_07,,,,
02-06-2022,0.06802928,0,8,zone_08,,,,
02-06-2022,0.06802928,0,9,zone_09,,,,
02-06-2022,0.06802928,0,10,zone_10,,,,
02-06-2022,0.06802928,0,11,zone_11,,,,
02-06-2022,0.06802928,0,12,zone_12,,,,
02-06-2022,0.06802928,0,13,zone_13,,,,
02-06-2022,0.06802928,0,14,zone_14,,,,
02-06-2022,0.06802928,0,15,zone_15,,,,
02-06-2022,0.06802928,0,16,zone_16,,,,
03-06-2022,0.065748654,0,1,zone_01,,,,
03-06-2022,0.065748654,0,2,zone_02,,,,
03-06-2022,0.065748654,0,3,zone_03,,,,
03-06-2022,0.065748654,0,4,zone_04,,,,
03-06-2022,0.065748654,0,5,zone_05,,,,
03-06-2022,0.065748654,0,6,zone_06,,,,
03-06-2022,0.065748654,0,7,zone_07,,,,
03-06-2022,0.065748654,0,8,zone_08,,,,
03-06-2022,0.065748654,0,9,zone_09,,,,
03-06-2022,0.065748654,0,10,zone_10,,,,
03-06-2022,0.065748654,0,11,zone_11,,,,
03-06-2022,0.065748654,0,12,zone_12,,,,
03-06-2022,0.065748654,0,13,zone_13,,,,
03-06-2022,0.065748654,0,14,zone_14,,,,
03-06-2022,0.065748654,0,15,zone_15,,,,
03-06-2022,0.065748654,0,16,zone_16,,,,
04-06-2022,0.065748654,0,1,zone_01,,,,
04-06-2022,0.065748654,0,2,zone_02,,,,
04-06-2022,0.065748654,0,3,zone_03,,,,
04-06-2022,0.065748654,0,4,zone_04,,,,
04-06-2022,0.065748654,0,5,zone_05,,,,
04-06-2022,0.065748654,0,6,zone_06,,,,
04-06-2022,0.065748654,0,7,zone_07,,,,
04-06-2022,0.065748654,0,8,zone_08,,,,
04-06-2022,0.065748654,0,9,zone_09,,,,
04-06-2022,0.065748654,0,10,zone_10,,,,
04-06-2022,0.065748654,0,11,zone_11,,,,
04-06-2022,0.065748654,0,12,zone_12,,,,
04-06-2022,0.065748654,0,13,zone_13,,,,
04-06-2022,0.065748654,0,14,zone_14,,,,
04-06-2022,0.065748654,0,15,zone_15,,,,
04-06-2022,0.065748654,0,16,zone_16,,,,
05-06-2022,0.058115557,0,1,zone_01,,,,
05-06-2022,0.058115557,0,2,zone_02,,,,
05-06-2022,0.058115557,0,3,zone_03,,,,
05-06-2022,0.058115557,0,4,zone_04,,,,
05-06-2022,0.058115557,0,5,zone_05,,,,
05-06-2022,0.058115557,0,6,zone_06,,,,
05-06-2022,0.058115557,0,7,zone_07,,,,
05-06-2022,0.058115557,0,8,zone_08,,,,
05-06-2022,0.058115557,0,9,zone_09,,,,
05-06-2022,0.058115557,0,10,zone_10,,,,
05-06-2022,0.058115557,0,11,zone_11,,,,
05-06-2022,0.058115557,0,12,zone_12,,,,
05-06-2022,0.058115557,0,13,zone_13,,,,
05-06-2022,0.058115557,0,14,zone_14,,,,
05-06-2022,0.058115557,0,15,zone_15,,,,
05-06-2022,0.058115557,0,16,zone_16,,,,
06-06-2022,0.058115557,0,1,zone_01,,,,
06-06-2022,0.058115557,0,2,zone_02,,,,
06-06-2022,0.058115557,0,3,zone_03,,,,
06-06-2022,0.058115557,0,4,zone_04,,,,
06-06-2022,0.058115557,0,5,zone_05,,,,
06-06-2022,0.058115557,0,6,zone_06,,,,
06-06-2022,0.058115557,0,7,zone_07,,,,
06-06-2022,0.058115557,0,8,zone_08,,,,
06-06-2022,0.058115557,0,9,zone_09,,,,
06-06-2022,0.058115557,0,10,zone_10,,,,
06-06-2022,0.058115557,0,11,zone_11,,,,
06-06-2022,0.058115557,0,12,zone_12,,,,
06-06-2022,0.058115557,0,13,zone_13,,,,
06-06-2022,0.058115557,0,14,zone_14,,,,
06-06-2022,0.058115557,0,15,zone_15,,,,
06-06-2022,0.058115557,0,16,zone_16,,,,
07-06-2022,0.059859134,0,1,zone_01,,,,
07-06-2022,0.059859134,0,2,zone_02,,,,
07-06-2022,0.059859134,0,3,zone_03,,,,
07-06-2022,0.059859134,0,4,zone_04,,,,
07-06-2022,0.059859134,0,5,zone_05,,,,
07-06-2022,0.059859134,0,6,zone_06,,,,
07-06-2022,0.059859134,0,7,zone_07,,,,
07-06-2022,0.059859134,0,8,zone_08,,,,
07-06-2022,0.059859134,0,9,zone_09,,,,
07-06-2022,0.059859134,0,10,zone_10,,,,
07-06-2022,0.059859134,0,11,zone_11,,,,
07-06-2022,0.059859134,0,12,zone_12,,,,
07-06-2022,0.059859134,0,13,zone_13,,,,
07-06-2022,0.059859134,0,14,zone_14,,,,
07-06-2022,0.059859134,0,15,zone_15,,,,
07-06-2022,0.059859134,0,16,zone_16,,,,
08-06-2022,0.053404592,0,1,zone_01,,,,
08-06-2022,0.053404592,0,2,zone_02,,,,
08-06-2022,0.053404592,0,3,zone_03,,,,
08-06-2022,0.053404592,0,4,zone_04,,,,
08-06-2022,0.053404592,0,5,zone_05,,,,
08-06-2022,0.053404592,0,6,zone_06,,,,
08-06-2022,0.053404592,0,7,zone_07,,,,
08-06-2022,0.053404592,0,8,zone_08,,,,
08-06-2022,0.053404592,0,9,zone_09,,,,
08-06-2022,0.053404592,0,10,zone_10,,,,
08-06-2022,0.053404592,0,11,zone_11,,,,
08-06-2022,0.053404592,0,12,zone_12,,,,
08-06-2022,0.053404592,0,13,zone_13,,,,
08-06-2022,0.053404592,0,14,zone_14,,,,
08-06-2022,0.053404592,0,15,zone_15,,,,
08-06-2022,0.053404592,0,16,zone_16,,,,
09-06-2022,0.053764317,0,1,zone_01,,,,
09-06-2022,0.053764317,0,2,zone_02,,,,
09-06-2022,0.053764317,0,3,zone_03,,,,
09-06-2022,0.053764317,0,4,zone_04,,,,
09-06-2022,0.053764317,0,5,zone_05,,,,
09-06-2022,0.053764317,0,6,zone_06,,,,
09-06-2022,0.053764317,0,7,zone_07,,,,
09-06-2022,0.053764317,0,8,zone_08,,,,
09-06-2022,0.053764317,0,9,zone_09,,,,
09-06-2022,0.053764317,0,10,zone_10,,,,
09-06-2022,0.053764317,0,11,zone_11,,,,
09-06-2022,0.053764317,0,12,zone_12,,,,
09-06-2022,0.053764317,0,13,zone_13,,,,
09-06-2022,0.053764317,0,14,zone_14,,,,
09-06-2022,0.053764317,0,15,zone_15,,,,
09-06-2022,0.053764317,0,16,zone_16,,,,
10-06-2022,0.052929968,0,1,zone_01,,,,
10-06-2022,0.052929968,0,2,zone_02,,,,
10-06-2022,0.052929968,0,3,zone_03,,,,
10-06-2022,0.052929968,0,4,zone_04,,,,
10-06-2022,0.052929968,0,5,zone_05,,,,
10-06-2022,0.052929968,0,6,zone_06,,,,
10-06-2022,0.052929968,0,7,zone_07,,,,
10-06-2022,0.052929968,0,8,zone_08,,,,
10-06-2022,0.052929968,0,9,zone_09,,,,
10-06-2022,0.052929968,0,10,zone_10,,,,
10-06-2022,0.052929968,0,11,zone_11,,,,
10-06-2022,0.052929968,0,12,zone_12,,,,
10-06-2022,0.052929968,0,13,zone_13,,,,
10-06-2022,0.052929968,0,14,zone_14,,,,
10-06-2022,0.052929968,0,15,zone_15,,,,
10-06-2022,0.052929968,0,16,zone_16,,,,
11-06-2022,0.071299836,0,1,zone_01,,,,
11-06-2022,0.071299836,0,2,zone_02,,,,
11-06-2022,0.071299836,0,3,zone_03,,,,
11-06-2022,0.071299836,0,4,zone_04,,,,
11-06-2022,0.071299836,0,5,zone_05,,,,
11-06-2022,0.071299836,0,6,zone_06,,,,
11-06-2022,0.071299836,0,7,zone_07,,,,
11-06-2022,0.071299836,0,8,zone_08,,,,
11-06-2022,0.071299836,0,9,zone_09,,,,
11-06-2022,0.071299836,0,10,zone_10,,,,
11-06-2022,0.071299836,0,11,zone_11,,,,
11-06-2022,0.071299836,0,12,zone_12,,,,
11-06-2022,0.071299836,0,13,zone_13,,,,
11-06-2022,0.071299836,0,14,zone_14,,,,
11-06-2022,0.071299836,0,15,zone_15,,,,
11-06-2022,0.071299836,0,16,zone_16,,,,
12-06-2022,0.0573506,0,1,zone_01,,,,
12-06-2022,0.0573506,0,2,zone_02,,,,
12-06-2022,0.0573506,0,3,zone_03,,,,
12-06-2022,0.0573506,0,4,zone_04,,,,
12-06-2022,0.0573506,0,5,zone_05,,,,
12-06-2022,0.0573506,0,6,zone_06,,,,
12-06-2022,0.0573506,0,7,zone_07,,,,
12-06-2022,0.0573506,0,8,zone_08,,,,
12-06-2022,0.0573506,0,9,zone_09,,,,
12-06-2022,0.0573506,0,10,zone_10,,,,
12-06-2022,0.0573506,0,11,zone_11,,,,
12-06-2022,0.0573506,0,12,zone_12,,,,
12-06-2022,0.0573506,0,13,zone_13,,,,
12-06-2022,0.0573506,0,14,zone_14,,,,
12-06-2022,0.0573506,0,15,zone_15,,,,
12-06-2022,0.0573506,0,16,zone_16,,,,
13-06-2022,0.052307315,0,1,zone_01,,,,
13-06-2022,0.052307315,0,2,zone_02,,,,
13-06-2022,0.052307315,0,3,zone_03,,,,
13-06-2022,0.052307315,0,4,zone_04,,,,
13-06-2022,0.052307315,0,5,zone_05,,,,
13-06-2022,0.052307315,0,6,zone_06,,,,
13-06-2022,0.052307315,0,7,zone_07,,,,
13-06-2022,0.052307315,0,8,zone_08,,,,
13-06-2022,0.052307315,0,9,zone_09,,,,
13-06-2022,0.052307315,0,10,zone_10,,,,
13-06-2022,0.052307315,0,11,zone_11,,,,
13-06-2022,0.052307315,0,12,zone_12,,,,
13-06-2022,0.052307315,0,13,zone_13,,,,
13-06-2022,0.052307315,0,14,zone_14,,,,
13-06-2022,0.052307315,0,15,zone_15,,,,
13-06-2022,0.052307315,0,16,zone_16,,,,
14-06-2022,0.04493688,0,1,zone_01,,,,
14-06-2022,0.04493688,0,2,zone_02,,,,
14-06-2022,0.04493688,0,3,zone_03,,,,
14-06-2022,0.04493688,0,4,zone_04,,,,
14-06-2022,0.04493688,0,5,zone_05,,,,
14-06-2022,0.04493688,0,6,zone_06,,,,
14-06-2022,0.04493688,0,7,zone_07,,,,
14-06-2022,0.04493688,0,8,zone_08,,,,
14-06-2022,0.04493688,0,9,zone_09,,,,
14-06-2022,0.04493688,0,10,zone_10,,,,
14-06-2022,0.04493688,0,11,zone_11,,,,
14-06-2022,0.04493688,0,12,zone_12,,,,
14-06-2022,0.04493688,0,13,zone_13,,,,
14-06-2022,0.04493688,0,14,zone_14,,,,
14-06-2022,0.04493688,0,15,zone_15,,,,
14-06-2022,0.04493688,0,16,zone_16,,,,
15-06-2022,0.04493688,0,1,zone_01,,,,
15-06-2022,0.04493688,0,2,zone_02,,,,
15-06-2022,0.04493688,0,3,zone_03,,,,
15-06-2022,0.04493688,0,4,zone_04,,,,
15-06-2022,0.04493688,0,5,zone_05,,,,
15-06-2022,0.04493688,0,6,zone_06,,,,
15-06-2022,0.04493688,0,7,zone_07,,,,
15-06-2022,0.04493688,0,8,zone_08,,,,
15-06-2022,0.04493688,0,9,zone_09,,,,
15-06-2022,0.04493688,0,10,zone_10,,,,
15-06-2022,0.04493688,0,11,zone_11,,,,
15-06-2022,0.04493688,0,12,zone_12,,,,
15-06-2022,0.04493688,0,13,zone_13,,,,
15-06-2022,0.04493688,0,14,zone_14,,,,
15-06-2022,0.04493688,0,15,zone_15,,,,
15-06-2022,0.04493688,0,16,zone_16,,,,
16-06-2022,0.060333416,0,1,zone_01,,,,
16-06-2022,0.060333416,0,2,zone_02,,,,
16-06-2022,0.060333416,0,3,zone_03,,,,
16-06-2022,0.060333416,0,4,zone_04,,,,
16-06-2022,0.060333416,0,5,zone_05,,,,
16-06-2022,0.060333416,0,6,zone_06,,,,
16-06-2022,0.060333416,0,7,zone_07,,,,
16-06-2022,0.060333416,0,8,zone_08,,,,
16-06-2022,0.060333416,0,9,zone_09,,,,
16-06-2022,0.060333416,0,10,zone_10,,,,
16-06-2022,0.060333416,0,11,zone_11,,,,
16-06-2022,0.060333416,0,12,zone_12,,,,
16-06-2022,0.060333416,0,13,zone_13,,,,
16-06-2022,0.060333416,0,14,zone_14,,,,
16-06-2022,0.060333416,0,15,zone_15,,,,
16-06-2022,0.060333416,0,16,zone_16,,,,
17-06-2022,0.049916867,0,1,zone_01,,,,
17-06-2022,0.049916867,0,2,zone_02,,,,
17-06-2022,0.049916867,0,3,zone_03,,,,
17-06-2022,0.049916867,0,4,zone_04,,,,
17-06-2022,0.049916867,0,5,zone_05,,,,
17-06-2022,0.049916867,0,6,zone_06,,,,
17-06-2022,0.049916867,0,7,zone_07,,,,
17-06-2022,0.049916867,0,8,zone_08,,,,
17-06-2022,0.049916867,0,9,zone_09,,,,
17-06-2022,0.049916867,0,10,zone_10,,,,
17-06-2022,0.049916867,0,11,zone_11,,,,
17-06-2022,0.049916867,0,12,zone_12,,,,
17-06-2022,0.049916867,0,13,zone_13,,,,
17-06-2022,0.049916867,0,14,zone_14,,,,
17-06-2022,0.049916867,0,15,zone_15,,,,
17-06-2022,0.049916867,0,16,zone_16,,,,
18-06-2022,0.04625687,0,1,zone_01,,,,
18-06-2022,0.04625687,0,2,zone_02,,,,
18-06-2022,0.04625687,0,3,zone_03,,,,
18-06-2022,0.04625687,0,4,zone_04,,,,
18-06-2022,0.04625687,0,5,zone_05,,,,
18-06-2022,0.04625687,0,6,zone_06,,,,
18-06-2022,0.04625687,0,7,zone_07,,,,
18-06-2022,0.04625687,0,8,zone_08,,,,
18-06-2022,0.04625687,0,9,zone_09,,,,
18-06-2022,0.04625687,0,10,zone_10,,,,
18-06-2022,0.04625687,0,11,zone_11,,,,
18-06-2022,0.04625687,0,12,zone_12,,,,
18-06-2022,0.04625687,0,13,zone_13,,,,
18-06-2022,0.04625687,0,14,zone_14,,,,
18-06-2022,0.04625687,0,15,zone_15,,,,
18-06-2022,0.04625687,0,16,zone_16,,,,
19-06-2022,0.053035613,0,1,zone_01,,,,
19-06-2022,0.053035613,0,2,zone_02,,,,
19-06-2022,0.053035613,0,3,zone_03,,,,
19-06-2022,0.053035613,0,4,zone_04,,,,
19-06-2022,0.053035613,0,5,zone_05,,,,
19-06-2022,0.053035613,0,6,zone_06,,,,
19-06-2022,0.053035613,0,7,zone_07,,,,
19-06-2022,0.053035613,0,8,zone_08,,,,
19-06-2022,0.053035613,0,9,zone_09,,,,
19-06-2022,0.053035613,0,10,zone_10,,,,
19-06-2022,0.053035613,0,11,zone_11,,,,
19-06-2022,0.053035613,0,12,zone_12,,,,
19-06-2022,0.053035613,0,13,zone_13,,,,
19-06-2022,0.053035613,0,14,zone_14,,,,
19-06-2022,0.053035613,0,15,zone_15,,,,
19-06-2022,0.053035613,0,16,zone_16,,,,
20-06-2022,0.053878278,0,1,zone_01,,,,
20-06-2022,0.053878278,0,2,zone_02,,,,
20-06-2022,0.053878278,0,3,zone_03,,,,
20-06-2022,0.053878278,0,4,zone_04,,,,
20-06-2022,0.053878278,0,5,zone_05,,,,
20-06-2022,0.053878278,0,6,zone_06,,,,
20-06-2022,0.053878278,0,7,zone_07,,,,
20-06-2022,0.053878278,0,8,zone_08,,,,
20-06-2022,0.053878278,0,9,zone_09,,,,
20-06-2022,0.053878278,0,10,zone_10,,,,
20-06-2022,0.053878278,0,11,zone_11,,,,
20-06-2022,0.053878278,0,12,zone_12,,,,
20-06-2022,0.053878278,0,13,zone_13,,,,
20-06-2022,0.053878278,0,14,zone_14,,,,
20-06-2022,0.053878278,0,15,zone_15,,,,
20-06-2022,0.053878278,0,16,zone_16,,,,
21-06-2022,0.05388114,0,1,zone_01,,,,
21-06-2022,0.05388114,0,2,zone_02,,,,
21-06-2022,0.05388114,0,3,zone_03,,,,
21-06-2022,0.05388114,0,4,zone_04,,,,
21-06-2022,0.05388114,0,5,zone_05,,,,
21-06-2022,0.05388114,0,6,zone_06,,,,
21-06-2022,0.05388114,0,7,zone_07,,,,
21-06-2022,0.05388114,0,8,zone_08,,,,
21-06-2022,0.05388114,0,9,zone_09,,,,
21-06-2022,0.05388114,0,10,zone_10,,,,
21-06-2022,0.05388114,0,11,zone_11,,,,
21-06-2022,0.05388114,0,12,zone_12,,,,
21-06-2022,0.05388114,0,13,zone_13,,,,
21-06-2022,0.05388114,0,14,zone_14,,,,
21-06-2022,0.05388114,0,15,zone_15,,,,
21-06-2022,0.05388114,0,16,zone_16,,,,
22-06-2022,0.078354955,0,1,zone_01,,,,
22-06-2022,0.078354955,0,2,zone_02,,,,
22-06-2022,0.078354955,0,3,zone_03,,,,
22-06-2022,0.078354955,0,4,zone_04,,,,
22-06-2022,0.078354955,0,5,zone_05,,,,
22-06-2022,0.078354955,0,6,zone_06,,,,
22-06-2022,0.078354955,0,7,zone_07,,,,
22-06-2022,0.078354955,0,8,zone_08,,,,
22-06-2022,0.078354955,0,9,zone_09,,,,
22-06-2022,0.078354955,0,10,zone_10,,,,
22-06-2022,0.078354955,0,11,zone_11,,,,
22-06-2022,0.078354955,0,12,zone_12,,,,
22-06-2022,0.078354955,0,13,zone_13,,,,
22-06-2022,0.078354955,0,14,zone_14,,,,
22-06-2022,0.078354955,0,15,zone_15,,,,
22-06-2022,0.078354955,0,16,zone_16,,,,
23-06-2022,0.10065662,0,1,zone_01,,,,
23-06-2022,0.10065662,0,2,zone_02,,,,
23-06-2022,0.10065662,0,3,zone_03,,,,
23-06-2022,0.10065662,0,4,zone_04,,,,
23-06-2022,0.10065662,0,5,zone_05,,,,
23-06-2022,0.10065662,0,6,zone_06,,,,
23-06-2022,0.10065662,0,7,zone_07,,,,
23-06-2022,0.10065662,0,8,zone_08,,,,
23-06-2022,0.10065662,0,9,zone_09,,,,
23-06-2022,0.10065662,0,10,zone_10,,,,
23-06-2022,0.10065662,0,11,zone_11,,,,
23-06-2022,0.10065662,0,12,zone_12,,,,
23-06-2022,0.10065662,0,13,zone_13,,,,
23-06-2022,0.10065662,0,14,zone_14,,,,
23-06-2022,0.10065662,0,15,zone_15,,,,
23-06-2022,0.10065662,0,16,zone_16,,,,
24-06-2022,0.13312323,0,1,zone_01,,,,
24-06-2022,0.13312323,0,2,zone_02,,,,
24-06-2022,0.13312323,0,3,zone_03,,,,
24-06-2022,0.13312323,0,4,zone_04,,,,
24-06-2022,0.13312323,0,5,zone_05,,,,
24-06-2022,0.13312323,0,6,zone_06,,,,
24-06-2022,0.13312323,0,7,zone_07,,,,
24-06-2022,0.13312323,0,8,zone_08,,,,
24-06-2022,0.13312323,0,9,zone_09,,,,
24-06-2022,0.13312323,0,10,zone_10,,,,
24-06-2022,0.13312323,0,11,zone_11,,,,
24-06-2022,0.13312323,0,12,zone_12,,,,
24-06-2022,0.13312323,0,13,zone_13,,,,
24-06-2022,0.13312323,0,14,zone_14,,,,
24-06-2022,0.13312323,0,15,zone_15,,,,
24-06-2022,0.13312323,0,16,zone_16,,,,
25-06-2022,0.18900211,0,1,zone_01,,,,
25-06-2022,0.18900211,0,2,zone_02,,,,
25-06-2022,0.18900211,0,3,zone_03,,,,
25-06-2022,0.18900211,0,4,zone_04,,,,
25-06-2022,0.18900211,0,5,zone_05,,,,
25-06-2022,0.18900211,0,6,zone_06,,,,
25-06-2022,0.18900211,0,7,zone_07,,,,
25-06-2022,0.18900211,0,8,zone_08,,,,
25-06-2022,0.18900211,0,9,zone_09,,,,
25-06-2022,0.18900211,0,10,zone_10,,,,
25-06-2022,0.18900211,0,11,zone_11,,,,
25-06-2022,0.18900211,0,12,zone_12,,,,
25-06-2022,0.18900211,0,13,zone_13,,,,
25-06-2022,0.18900211,0,14,zone_14,,,,
25-06-2022,0.18900211,0,15,zone_15,,,,
25-06-2022,0.18900211,0,16,zone_16,,,,
26-06-2022,0.10742877,0,1,zone_01,,,,
26-06-2022,0.10742877,0,2,zone_02,,,,
26-06-2022,0.10742877,0,3,zone_03,,,,
26-06-2022,0.10742877,0,4,zone_04,,,,
26-06-2022,0.10742877,0,5,zone_05,,,,
26-06-2022,0.10742877,0,6,zone_06,,,,
26-06-2022,0.10742877,0,7,zone_07,,,,
26-06-2022,0.10742877,0,8,zone_08,,,,
26-06-2022,0.10742877,0,9,zone_09,,,,
26-06-2022,0.10742877,0,10,zone_10,,,,
26-06-2022,0.10742877,0,11,zone_11,,,,
26-06-2022,0.10742877,0,12,zone_12,,,,
26-06-2022,0.10742877,0,13,zone_13,,,,
26-06-2022,0.10742877,0,14,zone_14,,,,
26-06-2022,0.10742877,0,15,zone_15,,,,
26-06-2022,0.10742877,0,16,zone_16,,,,
27-06-2022,0.15219814,0,1,zone_01,,,,
27-06-2022,0.15219814,0,2,zone_02,,,,
27-06-2022,0.15219814,0,3,zone_03,,,,
27-06-2022,0.15219814,0,4,zone_04,,,,
27-06-2022,0.15219814,0,5,zone_05,,,,
27-06-2022,0.15219814,0,6,zone_06,,,,
27-06-2022,0.15219814,0,7,zone_07,,,,
27-06-2022,0.15219814,0,8,zone_08,,,,
27-06-2022,0.15219814,0,9,zone_09,,,,
27-06-2022,0.15219814,0,10,zone_10,,,,
27-06-2022,0.15219814,0,11,zone_11,,,,
27-06-2022,0.15219814,0,12,zone_12,,,,
27-06-2022,0.15219814,0,13,zone_13,,,,
27-06-2022,0.15219814,0,14,zone_14,,,,
27-06-2022,0.15219814,0,15,zone_15,,,,
27-06-2022,0.15219814,0,16,zone_16,,,,
28-06-2022,0.14998,0,1,zone_01,,,,
28-06-2022,0.14998,0,2,zone_02,,,,
28-06-2022,0.14998,0,3,zone_03,,,,
28-06-2022,0.14998,0,4,zone_04,,,,
28-06-2022,0.14998,0,5,zone_05,,,,
28-06-2022,0.14998,0,6,zone_06,,,,
28-06-2022,0.14998,0,7,zone_07,,,,
28-06-2022,0.14998,0,8,zone_08,,,,
28-06-2022,0.14998,0,9,zone_09,,,,
28-06-2022,0.14998,0,10,zone_10,,,,
28-06-2022,0.14998,0,11,zone_11,,,,
28-06-2022,0.14998,0,12,zone_12,,,,
28-06-2022,0.14998,0,13,zone_13,,,,
28-06-2022,0.14998,0,14,zone_14,,,,
28-06-2022,0.14998,0,15,zone_15,,,,
28-06-2022,0.14998,0,16,zone_16,,,,
29-06-2022,0.15404588,0,1,zone_01,,,,
29-06-2022,0.15404588,0,2,zone_02,,,,
29-06-2022,0.15404588,0,3,zone_03,,,,
29-06-2022,0.15404588,0,4,zone_04,,,,
29-06-2022,0.15404588,0,5,zone_05,,,,
29-06-2022,0.15404588,0,6,zone_06,,,,
29-06-2022,0.15404588,0,7,zone_07,,,,
29-06-2022,0.15404588,0,8,zone_08,,,,
29-06-2022,0.15404588,0,9,zone_09,,,,
29-06-2022,0.15404588,0,10,zone_10,,,,
29-06-2022,0.15404588,0,11,zone_11,,,,
29-06-2022,0.15404588,0,12,zone_12,,,,
29-06-2022,0.15404588,0,13,zone_13,,,,
29-06-2022,0.15404588,0,14,zone_14,,,,
29-06-2022,0.15404588,0,15,zone_15,,,,
29-06-2022,0.15404588,0,16,zone_16,,,,
30-06-2022,0.1507633,0,1,zone_01,,,,
30-06-2022,0.1507633,0,2,zone_02,,,,
30-06-2022,0.1507633,0,3,zone_03,,,,
30-06-2022,0.1507633,0,4,zone_04,,,,
30-06-2022,0.1507633,0,5,zone_05,,,,
30-06-2022,0.1507633,0,6,zone_06,,,,
30-06-2022,0.1507633,0,7,zone_07,,,,
30-06-2022,0.1507633,0,8,zone_08,,,,
30-06-2022,0.1507633,0,9,zone_09,,,,
30-06-2022,0.1507633,0,10,zone_10,,,,
30-06-2022,0.1507633,0,11,zone_11,,,,
30-06-2022,0.1507633,0,12,zone_12,,,,
30-06-2022,0.1507633,0,13,zone_13,,,,
30-06-2022,0.1507633,0,14,zone_14,,,,
30-06-2022,0.1507633,0,15,zone_15,,,,
30-06-2022,0.1507633,0,16,zone_16,,,,
01-07-2022,0.13844931,0,1,zone_01,,,,
01-07-2022,0.13844931,0,2,zone_02,,,,
01-07-2022,0.13844931,0,3,zone_03,,,,
01-07-2022,0.13844931,0,4,zone_04,,,,
01-07-2022,0.13844931,0,5,zone_05,,,,
01-07-2022,0.13844931,0,6,zone_06,,,,
01-07-2022,0.13844931,0,7,zone_07,,,,
01-07-2022,0.13844931,0,8,zone_08,,,,
01-07-2022,0.13844931,0,9,zone_09,,,,
01-07-2022,0.13844931,0,10,zone_10,,,,
01-07-2022,0.13844931,0,11,zone_11,,,,
01-07-2022,0.13844931,0,12,zone_12,,,,
01-07-2022,0.13844931,0,13,zone_13,,,,
01-07-2022,0.13844931,0,14,zone_14,,,,
01-07-2022,0.13844931,0,15,zone_15,,,,
01-07-2022,0.13844931,0,16,zone_16,,,,
02-07-2022,0.14577578,0,1,zone_01,,,,
02-07-2022,0.14577578,0,2,zone_02,,,,
02-07-2022,0.14577578,0,3,zone_03,,,,
02-07-2022,0.14577578,0,4,zone_04,,,,
02-07-2022,0.14577578,0,5,zone_05,,,,
02-07-2022,0.14577578,0,6,zone_06,,,,
02-07-2022,0.14577578,0,7,zone_07,,,,
02-07-2022,0.14577578,0,8,zone_08,,,,
02-07-2022,0.14577578,0,9,zone_09,,,,
02-07-2022,0.14577578,0,10,zone_10,,,,
02-07-2022,0.14577578,0,11,zone_11,,,,
02-07-2022,0.14577578,0,12,zone_12,,,,
02-07-2022,0.14577578,0,13,zone_13,,,,
02-07-2022,0.14577578,0,14,zone_14,,,,
02-07-2022,0.14577578,0,15,zone_15,,,,
02-07-2022,0.14577578,0,16,zone_16,,,,
03-07-2022,0.16123177,0,1,zone_01,,,,
03-07-2022,0.16123177,0,2,zone_02,,,,
03-07-2022,0.16123177,0,3,zone_03,,,,
03-07-2022,0.16123177,0,4,zone_04,,,,
03-07-2022,0.16123177,0,5,zone_05,,,,
03-07-2022,0.16123177,0,6,zone_06,,,,
03-07-2022,0.16123177,0,7,zone_07,,,,
03-07-2022,0.16123177,0,8,zone_08,,,,
03-07-2022,0.16123177,0,9,zone_09,,,,
03-07-2022,0.16123177,0,10,zone_10,,,,
03-07-2022,0.16123177,0,11,zone_11,,,,
03-07-2022,0.16123177,0,12,zone_12,,,,
03-07-2022,0.16123177,0,13,zone_13,,,,
03-07-2022,0.16123177,0,14,zone_14,,,,
03-07-2022,0.16123177,0,15,zone_15,,,,
03-07-2022,0.16123177,0,16,zone_16,,,,
04-07-2022,0.1568086,0,1,zone_01,,,,
04-07-2022,0.1568086,0,2,zone_02,,,,
04-07-2022,0.1568086,0,3,zone_03,,,,
04-07-2022,0.1568086,0,4,zone_04,,,,
04-07-2022,0.1568086,0,5,zone_05,,,,
04-07-2022,0.1568086,0,6,zone_06,,,,
04-07-2022,0.1568086,0,7,zone_07,,,,
04-07-2022,0.1568086,0,8,zone_08,,,,
04-07-2022,0.1568086,0,9,zone_09,,,,
04-07-2022,0.1568086,0,10,zone_10,,,,
04-07-2022,0.1568086,0,11,zone_11,,,,
04-07-2022,0.1568086,0,12,zone_12,,,,
04-07-2022,0.1568086,0,13,zone_13,,,,
04-07-2022,0.1568086,0,14,zone_14,,,,
04-07-2022,0.1568086,0,15,zone_15,,,,
04-07-2022,0.1568086,0,16,zone_16,,,,
05-07-2022,0.18688907,0,1,zone_01,,,,
05-07-2022,0.18688907,0,2,zone_02,,,,
05-07-2022,0.18688907,0,3,zone_03,,,,
05-07-2022,0.18688907,0,4,zone_04,,,,
05-07-2022,0.18688907,0,5,zone_05,,,,
05-07-2022,0.18688907,0,6,zone_06,,,,
05-07-2022,0.18688907,0,7,zone_07,,,,
05-07-2022,0.18688907,0,8,zone_08,,,,
05-07-2022,0.18688907,0,9,zone_09,,,,
05-07-2022,0.18688907,0,10,zone_10,,,,
05-07-2022,0.18688907,0,11,zone_11,,,,
05-07-2022,0.18688907,0,12,zone_12,,,,
05-07-2022,0.18688907,0,13,zone_13,,,,
05-07-2022,0.18688907,0,14,zone_14,,,,
05-07-2022,0.18688907,0,15,zone_15,,,,
05-07-2022,0.18688907,0,16,zone_16,,,,
06-07-2022,0.17328052,0,1,zone_01,,,,
06-07-2022,0.17328052,0,2,zone_02,,,,
06-07-2022,0.17328052,0,3,zone_03,,,,
06-07-2022,0.17328052,0,4,zone_04,,,,
06-07-2022,0.17328052,0,5,zone_05,,,,
06-07-2022,0.17328052,0,6,zone_06,,,,
06-07-2022,0.17328052,0,7,zone_07,,,,
06-07-2022,0.17328052,0,8,zone_08,,,,
06-07-2022,0.17328052,0,9,zone_09,,,,
06-07-2022,0.17328052,0,10,zone_10,,,,
06-07-2022,0.17328052,0,11,zone_11,,,,
06-07-2022,0.17328052,0,12,zone_12,,,,
06-07-2022,0.17328052,0,13,zone_13,,,,
06-07-2022,0.17328052,0,14,zone_14,,,,
06-07-2022,0.17328052,0,15,zone_15,,,,
06-07-2022,0.17328052,0,16,zone_16,,,,
07-07-2022,0.20022674,0,1,zone_01,,,,
07-07-2022,0.20022674,0,2,zone_02,,,,
07-07-2022,0.20022674,0,3,zone_03,,,,
07-07-2022,0.20022674,0,4,zone_04,,,,
07-07-2022,0.20022674,0,5,zone_05,,,,
07-07-2022,0.20022674,0,6,zone_06,,,,
07-07-2022,0.20022674,0,7,zone_07,,,,
07-07-2022,0.20022674,0,8,zone_08,,,,
07-07-2022,0.20022674,0,9,zone_09,,,,
07-07-2022,0.20022674,0,10,zone_10,,,,
07-07-2022,0.20022674,0,11,zone_11,,,,
07-07-2022,0.20022674,0,12,zone_12,,,,
07-07-2022,0.20022674,0,13,zone_13,,,,
07-07-2022,0.20022674,0,14,zone_14,,,,
07-07-2022,0.20022674,0,15,zone_15,,,,
07-07-2022,0.20022674,0,16,zone_16,,,,
08-07-2022,0.2106237,0,1,zone_01,,,,
08-07-2022,0.2106237,0,2,zone_02,,,,
08-07-2022,0.2106237,0,3,zone_03,,,,
08-07-2022,0.2106237,0,4,zone_04,,,,
08-07-2022,0.2106237,0,5,zone_05,,,,
08-07-2022,0.2106237,0,6,zone_06,,,,
08-07-2022,0.2106237,0,7,zone_07,,,,
08-07-2022,0.2106237,0,8,zone_08,,,,
08-07-2022,0.2106237,0,9,zone_09,,,,
08-07-2022,0.2106237,0,10,zone_10,,,,
08-07-2022,0.2106237,0,11,zone_11,,,,
08-07-2022,0.2106237,0,12,zone_12,,,,
08-07-2022,0.2106237,0,13,zone_13,,,,
08-07-2022,0.2106237,0,14,zone_14,,,,
08-07-2022,0.2106237,0,15,zone_15,,,,
08-07-2022,0.2106237,0,16,zone_16,,,,
09-07-2022,0.21520759,0,1,zone_01,,,,
09-07-2022,0.21520759,0,2,zone_02,,,,
09-07-2022,0.21520759,0,3,zone_03,,,,
09-07-2022,0.21520759,0,4,zone_04,,,,
09-07-2022,0.21520759,0,5,zone_05,,,,
09-07-2022,0.21520759,0,6,zone_06,,,,
09-07-2022,0.21520759,0,7,zone_07,,,,
09-07-2022,0.21520759,0,8,zone_08,,,,
09-07-2022,0.21520759,0,9,zone_09,,,,
09-07-2022,0.21520759,0,10,zone_10,,,,
09-07-2022,0.21520759,0,11,zone_11,,,,
09-07-2022,0.21520759,0,12,zone_12,,,,
09-07-2022,0.21520759,0,13,zone_13,,,,
09-07-2022,0.21520759,0,14,zone_14,,,,
09-07-2022,0.21520759,0,15,zone_15,,,,
09-07-2022,0.21520759,0,16,zone_16,,,,
10-07-2022,0.21877457,0,1,zone_01,,,,
10-07-2022,0.21877457,0,2,zone_02,,,,
10-07-2022,0.21877457,0,3,zone_03,,,,
10-07-2022,0.21877457,0,4,zone_04,,,,
10-07-2022,0.21877457,0,5,zone_05,,,,
10-07-2022,0.21877457,0,6,zone_06,,,,
10-07-2022,0.21877457,0,7,zone_07,,,,
10-07-2022,0.21877457,0,8,zone_08,,,,
10-07-2022,0.21877457,0,9,zone_09,,,,
10-07-2022,0.21877457,0,10,zone_10,,,,
10-07-2022,0.21877457,0,11,zone_11,,,,
10-07-2022,0.21877457,0,12,zone_12,,,,
10-07-2022,0.21877457,0,13,zone_13,,,,
10-07-2022,0.21877457,0,14,zone_14,,,,
10-07-2022,0.21877457,0,15,zone_15,,,,
10-07-2022,0.21877457,0,16,zone_16,,,,
11-07-2022,0.2229763,0,1,zone_01,,,,
11-07-2022,0.2229763,0,2,zone_02,,,,
11-07-2022,0.2229763,0,3,zone_03,,,,
11-07-2022,0.2229763,0,4,zone_04,,,,
11-07-2022,0.2229763,0,5,zone_05,,,,
11-07-2022,0.2229763,0,6,zone_06,,,,
11-07-2022,0.2229763,0,7,zone_07,,,,
11-07-2022,0.2229763,0,8,zone_08,,,,
11-07-2022,0.2229763,0,9,zone_09,,,,
11-07-2022,0.2229763,0,10,zone_10,,,,
11-07-2022,0.2229763,0,11,zone_11,,,,
11-07-2022,0.2229763,0,12,zone_12,,,,
11-07-2022,0.2229763,0,13,zone_13,,,,
11-07-2022,0.2229763,0,14,zone_14,,,,
11-07-2022,0.2229763,0,15,zone_15,,,,
11-07-2022,0.2229763,0,16,zone_16,,,,
12-07-2022,0.20523004,0,1,zone_01,,,,
12-07-2022,0.20523004,0,2,zone_02,,,,
12-07-2022,0.20523004,0,3,zone_03,,,,
12-07-2022,0.20523004,0,4,zone_04,,,,
12-07-2022,0.20523004,0,5,zone_05,,,,
12-07-2022,0.20523004,0,6,zone_06,,,,
12-07-2022,0.20523004,0,7,zone_07,,,,
12-07-2022,0.20523004,0,8,zone_08,,,,
12-07-2022,0.20523004,0,9,zone_09,,,,
12-07-2022,0.20523004,0,10,zone_10,,,,
12-07-2022,0.20523004,0,11,zone_11,,,,
12-07-2022,0.20523004,0,12,zone_12,,,,
12-07-2022,0.20523004,0,13,zone_13,,,,
12-07-2022,0.20523004,0,14,zone_14,,,,
12-07-2022,0.20523004,0,15,zone_15,,,,
12-07-2022,0.20523004,0,16,zone_16,,,,
13-07-2022,0.21744972,0,1,zone_01,,,,
13-07-2022,0.21744972,0,2,zone_02,,,,
13-07-2022,0.21744972,0,3,zone_03,,,,
13-07-2022,0.21744972,0,4,zone_04,,,,
13-07-2022,0.21744972,0,5,zone_05,,,,
13-07-2022,0.21744972,0,6,zone_06,,,,
13-07-2022,0.21744972,0,7,zone_07,,,,
13-07-2022,0.21744972,0,8,zone_08,,,,
13-07-2022,0.21744972,0,9,zone_09,,,,
13-07-2022,0.21744972,0,10,zone_10,,,,
13-07-2022,0.21744972,0,11,zone_11,,,,
13-07-2022,0.21744972,0,12,zone_12,,,,
13-07-2022,0.21744972,0,13,zone_13,,,,
13-07-2022,0.21744972,0,14,zone_14,,,,
13-07-2022,0.21744972,0,15,zone_15,,,,
13-07-2022,0.21744972,0,16,zone_16,,,,
14-07-2022,0.19889592,0,1,zone_01,,,,
14-07-2022,0.19889592,0,2,zone_02,,,,
14-07-2022,0.19889592,0,3,zone_03,,,,
14-07-2022,0.19889592,0,4,zone_04,,,,
14-07-2022,0.19889592,0,5,zone_05,,,,
14-07-2022,0.19889592,0,6,zone_06,,,,
14-07-2022,0.19889592,0,7,zone_07,,,,
14-07-2022,0.19889592,0,8,zone_08,,,,
14-07-2022,0.19889592,0,9,zone_09,,,,
14-07-2022,0.19889592,0,10,zone_10,,,,
14-07-2022,0.19889592,0,11,zone_11,,,,
14-07-2022,0.19889592,0,12,zone_12,,,,
14-07-2022,0.19889592,0,13,zone_13,,,,
14-07-2022,0.19889592,0,14,zone_14,,,,
14-07-2022,0.19889592,0,15,zone_15,,,,
14-07-2022,0.19889592,0,16,zone_16,,,,
15-07-2022,0.18694592,0,1,zone_01,,,,
15-07-2022,0.18694592,0,2,zone_02,,,,
15-07-2022,0.18694592,0,3,zone_03,,,,
15-07-2022,0.18694592,0,4,zone_04,,,,
15-07-2022,0.18694592,0,5,zone_05,,,,
15-07-2022,0.18694592,0,6,zone_06,,,,
15-07-2022,0.18694592,0,7,zone_07,,,,
15-07-2022,0.18694592,0,8,zone_08,,,,
15-07-2022,0.18694592,0,9,zone_09,,,,
15-07-2022,0.18694592,0,10,zone_10,,,,
15-07-2022,0.18694592,0,11,zone_11,,,,
15-07-2022,0.18694592,0,12,zone_12,,,,
15-07-2022,0.18694592,0,13,zone_13,,,,
15-07-2022,0.18694592,0,14,zone_14,,,,
15-07-2022,0.18694592,0,15,zone_15,,,,
15-07-2022,0.18694592,0,16,zone_16,,,,
16-07-2022,0.18405984,0,1,zone_01,,,,
16-07-2022,0.18405984,0,2,zone_02,,,,
16-07-2022,0.18405984,0,3,zone_03,,,,
16-07-2022,0.18405984,0,4,zone_04,,,,
16-07-2022,0.18405984,0,5,zone_05,,,,
16-07-2022,0.18405984,0,6,zone_06,,,,
16-07-2022,0.18405984,0,7,zone_07,,,,
16-07-2022,0.18405984,0,8,zone_08,,,,
16-07-2022,0.18405984,0,9,zone_09,,,,
16-07-2022,0.18405984,0,10,zone_10,,,,
16-07-2022,0.18405984,0,11,zone_11,,,,
16-07-2022,0.18405984,0,12,zone_12,,,,
16-07-2022,0.18405984,0,13,zone_13,,,,
16-07-2022,0.18405984,0,14,zone_14,,,,
16-07-2022,0.18405984,0,15,zone_15,,,,
16-07-2022,0.18405984,0,16,zone_16,,,,
17-07-2022,0.1655061,0,1,zone_01,,,,
17-07-2022,0.1655061,0,2,zone_02,,,,
17-07-2022,0.1655061,0,3,zone_03,,,,
17-07-2022,0.1655061,0,4,zone_04,,,,
17-07-2022,0.1655061,0,5,zone_05,,,,
17-07-2022,0.1655061,0,6,zone_06,,,,
17-07-2022,0.1655061,0,7,zone_07,,,,
17-07-2022,0.1655061,0,8,zone_08,,,,
17-07-2022,0.1655061,0,9,zone_09,,,,
17-07-2022,0.1655061,0,10,zone_10,,,,
17-07-2022,0.1655061,0,11,zone_11,,,,
17-07-2022,0.1655061,0,12,zone_12,,,,
17-07-2022,0.1655061,0,13,zone_13,,,,
17-07-2022,0.1655061,0,14,zone_14,,,,
17-07-2022,0.1655061,0,15,zone_15,,,,
17-07-2022,0.1655061,0,16,zone_16,,,,
18-07-2022,0.18704155,0,1,zone_01,,,,
18-07-2022,0.18704155,0,2,zone_02,,,,
18-07-2022,0.18704155,0,3,zone_03,,,,
18-07-2022,0.18704155,0,4,zone_04,,,,
18-07-2022,0.18704155,0,5,zone_05,,,,
18-07-2022,0.18704155,0,6,zone_06,,,,
18-07-2022,0.18704155,0,7,zone_07,,,,
18-07-2022,0.18704155,0,8,zone_08,,,,
18-07-2022,0.18704155,0,9,zone_09,,,,
18-07-2022,0.18704155,0,10,zone_10,,,,
18-07-2022,0.18704155,0,11,zone_11,,,,
18-07-2022,0.18704155,0,12,zone_12,,,,
18-07-2022,0.18704155,0,13,zone_13,,,,
18-07-2022,0.18704155,0,14,zone_14,,,,
18-07-2022,0.18704155,0,15,zone_15,,,,
18-07-2022,0.18704155,0,16,zone_16,,,,
19-07-2022,0.185761,0,1,zone_01,,,,
19-07-2022,0.185761,0,2,zone_02,,,,
19-07-2022,0.185761,0,3,zone_03,,,,
19-07-2022,0.185761,0,4,zone_04,,,,
19-07-2022,0.185761,0,5,zone_05,,,,
19-07-2022,0.185761,0,6,zone_06,,,,
19-07-2022,0.185761,0,7,zone_07,,,,
19-07-2022,0.185761,0,8,zone_08,,,,
19-07-2022,0.185761,0,9,zone_09,,,,
19-07-2022,0.185761,0,10,zone_10,,,,
19-07-2022,0.185761,0,11,zone_11,,,,
19-07-2022,0.185761,0,12,zone_12,,,,
19-07-2022,0.185761,0,13,zone_13,,,,
19-07-2022,0.185761,0,14,zone_14,,,,
19-07-2022,0.185761,0,15,zone_15,,,,
19-07-2022,0.185761,0,16,zone_16,,,,
20-07-2022,0.16614647,0,1,zone_01,,,,
20-07-2022,0.16614647,0,2,zone_02,,,,
20-07-2022,0.16614647,0,3,zone_03,,,,
20-07-2022,0.16614647,0,4,zone_04,,,,
20-07-2022,0.16614647,0,5,zone_05,,,,
20-07-2022,0.16614647,0,6,zone_06,,,,
20-07-2022,0.16614647,0,7,zone_07,,,,
20-07-2022,0.16614647,0,8,zone_08,,,,
20-07-2022,0.16614647,0,9,zone_09,,,,
20-07-2022,0.16614647,0,10,zone_10,,,,
20-07-2022,0.16614647,0,11,zone_11,,,,
20-07-2022,0.16614647,0,12,zone_12,,,,
20-07-2022,0.16614647,0,13,zone_13,,,,
20-07-2022,0.16614647,0,14,zone_14,,,,
20-07-2022,0.16614647,0,15,zone_15,,,,
20-07-2022,0.16614647,0,16,zone_16,,,,
21-07-2022,0.157121,0,1,zone_01,,,,
21-07-2022,0.157121,0,2,zone_02,,,,
21-07-2022,0.157121,0,3,zone_03,,,,
21-07-2022,0.157121,0,4,zone_04,,,,
21-07-2022,0.157121,0,5,zone_05,,,,
21-07-2022,0.157121,0,6,zone_06,,,,
21-07-2022,0.157121,0,7,zone_07,,,,
21-07-2022,0.157121,0,8,zone_08,,,,
21-07-2022,0.157121,0,9,zone_09,,,,
21-07-2022,0.157121,0,10,zone_10,,,,
21-07-2022,0.157121,0,11,zone_11,,,,
21-07-2022,0.157121,0,12,zone_12,,,,
21-07-2022,0.157121,0,13,zone_13,,,,
21-07-2022,0.157121,0,14,zone_14,,,,
21-07-2022,0.157121,0,15,zone_15,,,,
21-07-2022,0.157121,0,16,zone_16,,,,
22-07-2022,0.17126925,0,1,zone_01,,,,
22-07-2022,0.17126925,0,2,zone_02,,,,
22-07-2022,0.17126925,0,3,zone_03,,,,
22-07-2022,0.17126925,0,4,zone_04,,,,
22-07-2022,0.17126925,0,5,zone_05,,,,
22-07-2022,0.17126925,0,6,zone_06,,,,
22-07-2022,0.17126925,0,7,zone_07,,,,
22-07-2022,0.17126925,0,8,zone_08,,,,
22-07-2022,0.17126925,0,9,zone_09,,,,
22-07-2022,0.17126925,0,10,zone_10,,,,
22-07-2022,0.17126925,0,11,zone_11,,,,
22-07-2022,0.17126925,0,12,zone_12,,,,
22-07-2022,0.17126925,0,13,zone_13,,,,
22-07-2022,0.17126925,0,14,zone_14,,,,
22-07-2022,0.17126925,0,15,zone_15,,,,
22-07-2022,0.17126925,0,16,zone_16,,,,
23-07-2022,0.17344879,0,1,zone_01,,,,
23-07-2022,0.17344879,0,2,zone_02,,,,
23-07-2022,0.17344879,0,3,zone_03,,,,
23-07-2022,0.17344879,0,4,zone_04,,,,
23-07-2022,0.17344879,0,5,zone_05,,,,
23-07-2022,0.17344879,0,6,zone_06,,,,
23-07-2022,0.17344879,0,7,zone_07,,,,
23-07-2022,0.17344879,0,8,zone_08,,,,
23-07-2022,0.17344879,0,9,zone_09,,,,
23-07-2022,0.17344879,0,10,zone_10,,,,
23-07-2022,0.17344879,0,11,zone_11,,,,
23-07-2022,0.17344879,0,12,zone_12,,,,
23-07-2022,0.17344879,0,13,zone_13,,,,
23-07-2022,0.17344879,0,14,zone_14,,,,
23-07-2022,0.17344879,0,15,zone_15,,,,
23-07-2022,0.17344879,0,16,zone_16,,,,
24-07-2022,0.18384026,0,1,zone_01,,,,
24-07-2022,0.18384026,0,2,zone_02,,,,
24-07-2022,0.18384026,0,3,zone_03,,,,
24-07-2022,0.18384026,0,4,zone_04,,,,
24-07-2022,0.18384026,0,5,zone_05,,,,
24-07-2022,0.18384026,0,6,zone_06,,,,
24-07-2022,0.18384026,0,7,zone_07,,,,
24-07-2022,0.18384026,0,8,zone_08,,,,
24-07-2022,0.18384026,0,9,zone_09,,,,
24-07-2022,0.18384026,0,10,zone_10,,,,
24-07-2022,0.18384026,0,11,zone_11,,,,
24-07-2022,0.18384026,0,12,zone_12,,,,
24-07-2022,0.18384026,0,13,zone_13,,,,
24-07-2022,0.18384026,0,14,zone_14,,,,
24-07-2022,0.18384026,0,15,zone_15,,,,
24-07-2022,0.18384026,0,16,zone_16,,,,
25-07-2022,0.17850496,0,1,zone_01,,,,
25-07-2022,0.17850496,0,2,zone_02,,,,
25-07-2022,0.17850496,0,3,zone_03,,,,
25-07-2022,0.17850496,0,4,zone_04,,,,
25-07-2022,0.17850496,0,5,zone_05,,,,
25-07-2022,0.17850496,0,6,zone_06,,,,
25-07-2022,0.17850496,0,7,zone_07,,,,
25-07-2022,0.17850496,0,8,zone_08,,,,
25-07-2022,0.17850496,0,9,zone_09,,,,
25-07-2022,0.17850496,0,10,zone_10,,,,
25-07-2022,0.17850496,0,11,zone_11,,,,
25-07-2022,0.17850496,0,12,zone_12,,,,
25-07-2022,0.17850496,0,13,zone_13,,,,
25-07-2022,0.17850496,0,14,zone_14,,,,
25-07-2022,0.17850496,0,15,zone_15,,,,
25-07-2022,0.17850496,0,16,zone_16,,,,
26-07-2022,0.1767663,0,1,zone_01,,,,
26-07-2022,0.1767663,0,2,zone_02,,,,
26-07-2022,0.1767663,0,3,zone_03,,,,
26-07-2022,0.1767663,0,4,zone_04,,,,
26-07-2022,0.1767663,0,5,zone_05,,,,
26-07-2022,0.1767663,0,6,zone_06,,,,
26-07-2022,0.1767663,0,7,zone_07,,,,
26-07-2022,0.1767663,0,8,zone_08,,,,
26-07-2022,0.1767663,0,9,zone_09,,,,
26-07-2022,0.1767663,0,10,zone_10,,,,
26-07-2022,0.1767663,0,11,zone_11,,,,
26-07-2022,0.1767663,0,12,zone_12,,,,
26-07-2022,0.1767663,0,13,zone_13,,,,
26-07-2022,0.1767663,0,14,zone_14,,,,
26-07-2022,0.1767663,0,15,zone_15,,,,
26-07-2022,0.1767663,0,16,zone_16,,,,
27-07-2022,0.15037315,0,1,zone_01,,,,
27-07-2022,0.15037315,0,2,zone_02,,,,
27-07-2022,0.15037315,0,3,zone_03,,,,
27-07-2022,0.15037315,0,4,zone_04,,,,
27-07-2022,0.15037315,0,5,zone_05,,,,
27-07-2022,0.15037315,0,6,zone_06,,,,
27-07-2022,0.15037315,0,7,zone_07,,,,
27-07-2022,0.15037315,0,8,zone_08,,,,
27-07-2022,0.15037315,0,9,zone_09,,,,
27-07-2022,0.15037315,0,10,zone_10,,,,
27-07-2022,0.15037315,0,11,zone_11,,,,
27-07-2022,0.15037315,0,12,zone_12,,,,
27-07-2022,0.15037315,0,13,zone_13,,,,
27-07-2022,0.15037315,0,14,zone_14,,,,
27-07-2022,0.15037315,0,15,zone_15,,,,
27-07-2022,0.15037315,0,16,zone_16,,,,
28-07-2022,0.15668081,0,1,zone_01,,,,
28-07-2022,0.15668081,0,2,zone_02,,,,
28-07-2022,0.15668081,0,3,zone_03,,,,
28-07-2022,0.15668081,0,4,zone_04,,,,
28-07-2022,0.15668081,0,5,zone_05,,,,
28-07-2022,0.15668081,0,6,zone_06,,,,
28-07-2022,0.15668081,0,7,zone_07,,,,
28-07-2022,0.15668081,0,8,zone_08,,,,
28-07-2022,0.15668081,0,9,zone_09,,,,
28-07-2022,0.15668081,0,10,zone_10,,,,
28-07-2022,0.15668081,0,11,zone_11,,,,
28-07-2022,0.15668081,0,12,zone_12,,,,
28-07-2022,0.15668081,0,13,zone_13,,,,
28-07-2022,0.15668081,0,14,zone_14,,,,
28-07-2022,0.15668081,0,15,zone_15,,,,
28-07-2022,0.15668081,0,16,zone_16,,,,
29-07-2022,0.14385636,0,1,zone_01,,,,
29-07-2022,0.14385636,0,2,zone_02,,,,
29-07-2022,0.14385636,0,3,zone_03,,,,
29-07-2022,0.14385636,0,4,zone_04,,,,
29-07-2022,0.14385636,0,5,zone_05,,,,
29-07-2022,0.14385636,0,6,zone_06,,,,
29-07-2022,0.14385636,0,7,zone_07,,,,
29-07-2022,0.14385636,0,8,zone_08,,,,
29-07-2022,0.14385636,0,9,zone_09,,,,
29-07-2022,0.14385636,0,10,zone_10,,,,
29-07-2022,0.14385636,0,11,zone_11,,,,
29-07-2022,0.14385636,0,12,zone_12,,,,
29-07-2022,0.14385636,0,13,zone_13,,,,
29-07-2022,0.14385636,0,14,zone_14,,,,
29-07-2022,0.14385636,0,15,zone_15,,,,
29-07-2022,0.14385636,0,16,zone_16,,,,
30-07-2022,0.13248418,0,1,zone_01,,,,
30-07-2022,0.13248418,0,2,zone_02,,,,
30-07-2022,0.13248418,0,3,zone_03,,,,
30-07-2022,0.13248418,0,4,zone_04,,,,
30-07-2022,0.13248418,0,5,zone_05,,,,
30-07-2022,0.13248418,0,6,zone_06,,,,
30-07-2022,0.13248418,0,7,zone_07,,,,
30-07-2022,0.13248418,0,8,zone_08,,,,
30-07-2022,0.13248418,0,9,zone_09,,,,
30-07-2022,0.13248418,0,10,zone_10,,,,
30-07-2022,0.13248418,0,11,zone_11,,,,
30-07-2022,0.13248418,0,12,zone_12,,,,
30-07-2022,0.13248418,0,13,zone_13,,,,
30-07-2022,0.13248418,0,14,zone_14,,,,
30-07-2022,0.13248418,0,15,zone_15,,,,
30-07-2022,0.13248418,0,16,zone_16,,,,
31-07-2022,0.123635896,0,1,zone_01,,,,
31-07-2022,0.123635896,0,2,zone_02,,,,
31-07-2022,0.123635896,0,3,zone_03,,,,
31-07-2022,0.123635896,0,4,zone_04,,,,
31-07-2022,0.123635896,0,5,zone_05,,,,
31-07-2022,0.123635896,0,6,zone_06,,,,
31-07-2022,0.123635896,0,7,zone_07,,,,
31-07-2022,0.123635896,0,8,zone_08,,,,
31-07-2022,0.123635896,0,9,zone_09,,,,
31-07-2022,0.123635896,0,10,zone_10,,,,
31-07-2022,0.123635896,0,11,zone_11,,,,
31-07-2022,0.123635896,0,12,zone_12,,,,
31-07-2022,0.123635896,0,13,zone_13,,,,
31-07-2022,0.123635896,0,14,zone_14,,,,
31-07-2022,0.123635896,0,15,zone_15,,,,
31-07-2022,0.123635896,0,16,zone_16,,,,
01-08-2022,0.11777103,0,1,zone_01,,,,
01-08-2022,0.11777103,0,2,zone_02,,,,
01-08-2022,0.11777103,0,3,zone_03,,,,
01-08-2022,0.11777103,0,4,zone_04,,,,
01-08-2022,0.11777103,0,5,zone_05,,,,
01-08-2022,0.11777103,0,6,zone_06,,,,
01-08-2022,0.11777103,0,7,zone_07,,,,
01-08-2022,0.11777103,0,8,zone_08,,,,
01-08-2022,0.11777103,0,9,zone_09,,,,
01-08-2022,0.11777103,0,10,zone_10,,,,
01-08-2022,0.11777103,0,11,zone_11,,,,
01-08-2022,0.11777103,0,12,zone_12,,,,
01-08-2022,0.11777103,0,13,zone_13,,,,
01-08-2022,0.11777103,0,14,zone_14,,,,
01-08-2022,0.11777103,0,15,zone_15,,,,
01-08-2022,0.11777103,0,16,zone_16,,,,
02-08-2022,0.13150668,0,1,zone_01,,,,
02-08-2022,0.13150668,0,2,zone_02,,,,
02-08-2022,0.13150668,0,3,zone_03,,,,
02-08-2022,0.13150668,0,4,zone_04,,,,
02-08-2022,0.13150668,0,5,zone_05,,,,
02-08-2022,0.13150668,0,6,zone_06,,,,
02-08-2022,0.13150668,0,7,zone_07,,,,
02-08-2022,0.13150668,0,8,zone_08,,,,
02-08-2022,0.13150668,0,9,zone_09,,,,
02-08-2022,0.13150668,0,10,zone_10,,,,
02-08-2022,0.13150668,0,11,zone_11,,,,
02-08-2022,0.13150668,0,12,zone_12,,,,
02-08-2022,0.13150668,0,13,zone_13,,,,
02-08-2022,0.13150668,0,14,zone_14,,,,
02-08-2022,0.13150668,0,15,zone_15,,,,
02-08-2022,0.13150668,0,16,zone_16,,,,
