date,rainfall_mm,runoff_mm,soil_moisture,rain_t1,rain_t2,runoff_t1,soil_t1
2018-01-03,0.0,0.077940002,12.52153036,0.0,6.759258313,0.080410004,12.52153036
2018-01-04,0.0,0.075549997,11.90956915,0.0,0.0,0.077940002,12.52153036
2018-01-05,0.0,0.073250003,11.90956915,0.0,0.0,0.075549997,11.90956915
2018-01-06,0.0,0.071039997,11.90956915,0.0,0.0,0.073250003,11.90956915
2018-01-07,0.0,0.06893,11.2972985,0.0,0.0,0.071039997,11.90956915
2018-01-08,0.0,0.066909999,11.2972985,0.0,0.0,0.06893,11.2972985
2018-01-09,1.570931595,0.064999998,11.2972985,0.0,0.0,0.066909999,11.2972985
2018-01-10,0.32016327,0.063300001,11.19062392,1.570931595,0.0,0.064999998,11.2972985
2018-01-11,0.495725611,0.06079,11.19062392,0.32016327,1.570931595,0.063300001,11.19062392
2018-01-12,0.0,0.0593175,11.19062392,0.495725611,0.32016327,0.06079,11.19062392
2018-01-13,0.0,0.057937499,9.892206116,0.0,0.495725611,0.0593175,11.19062392
2018-01-14,0.0,0.056615,9.892206116,0.0,0.0,0.057937499,9.892206116
2018-01-15,0.0,0.0553375,9.892206116,0.0,0.0,0.056615,9.892206116
2018-01-16,0.0,0.05410625,9.348231132,0.0,0.0,0.0553375,9.892206116
2018-01-17,0.0,0.05291875,9.348231132,0.0,0.0,0.05410625,9.348231132
2018-01-18,0.0,0.051775,9.348231132,0.0,0.0,0.05291875,9.348231132
2018-01-19,0.0,0.05067625,8.783215848,0.0,0.0,0.051775,9.348231132
2018-01-20,0.0,0.049625,8.783215848,0.0,0.0,0.05067625,8.783215848
2018-01-21,0.0,0.0486125,8.783215848,0.0,0.0,0.049625,8.783215848
2018-01-22,0.0,0.047642501,8.002046258,0.0,0.0,0.0486125,8.783215848
2018-01-23,0.0,0.046712499,8.002046258,0.0,0.0,0.047642501,8.002046258
2018-01-24,0.0,0.04582125,8.002046258,0.0,0.0,0.046712499,8.002046258
2018-01-25,0.0,0.0449675,7.393179589,0.0,0.0,0.04582125,8.002046258
2018-01-26,0.367159199,0.04415,7.393179589,0.0,0.0,0.0449675,7.393179589
2018-01-27,0.0,0.043366249,7.393179589,0.367159199,0.0,0.04415,7.393179589
2018-01-28,0.0,0.0426125,6.714213769,0.0,0.367159199,0.043366249,7.393179589
2018-01-29,0.0,0.04189125,6.714213769,0.0,0.0,0.0426125,6.714213769
2018-01-30,0.0,0.041199999,6.714213769,0.0,0.0,0.04189125,6.714213769
2018-01-31,0.0,0.0405325,6.714213769,0.0,0.0,0.041199999,6.714213769
2018-02-01,0.0,0.0398925,6.714213769,0.0,0.0,0.0405325,6.714213769
2018-02-02,0.0,0.03927625,6.714213769,0.0,0.0,0.0398925,6.714213769
2018-02-03,0.0,0.03868375,6.714213769,0.0,0.0,0.03927625,6.714213769
2018-02-04,0.0,0.03811125,6.714213769,0.0,0.0,0.03868375,6.714213769
2018-02-05,0.0,0.03755875,6.714213769,0.0,0.0,0.03811125,6.714213769
2018-02-06,0.0,0.03702625,6.714213769,0.0,0.0,0.03755875,6.714213769
2018-02-07,4.578734848,0.0377275,6.714213769,0.0,0.0,0.03702625,6.714213769
2018-02-08,0.0,0.036026249,6.714213769,4.578734848,0.0,0.0377275,6.714213769
2018-02-09,0.0,0.03561625,6.714213769,0.0,4.578734848,0.036026249,6.714213769
2018-02-10,0.0,0.03526375,6.714213769,0.0,0.0,0.03561625,6.714213769
2018-02-11,0.0,0.03493125,6.714213769,0.0,0.0,0.03526375,6.714213769
2018-02-12,0.0,0.03461125,6.714213769,0.0,0.0,0.03493125,6.714213769
2018-02-13,0.826261575,0.034285,6.714213769,0.0,0.0,0.03461125,6.714213769
2018-02-14,0.0,0.034035,6.714213769,0.826261575,0.0,0.034285,6.714213769
2018-02-15,0.743921754,0.03364125,6.714213769,0.0,0.826261575,0.034035,6.714213769
2018-02-16,0.0,0.03333,6.714213769,0.743921754,0.0,0.03364125,6.714213769
2018-02-17,0.0,0.03302875,6.714213769,0.0,0.743921754,0.03333,6.714213769
2018-02-18,0.0,0.0327275,6.714213769,0.0,0.0,0.03302875,6.714213769
2018-02-19,0.0,0.03242375,6.714213769,0.0,0.0,0.0327275,6.714213769
2018-02-20,0.0,0.0321175,6.714213769,0.0,0.0,0.03242375,6.714213769
2018-02-21,0.0,0.03181125,6.714213769,0.0,0.0,0.0321175,6.714213769
2018-02-22,0.0,0.0315025,6.714213769,0.0,0.0,0.03181125,6.714213769
2018-02-23,0.0,0.0311925,6.714213769,0.0,0.0,0.0315025,6.714213769
2018-02-24,0.0,0.03088375,6.714213769,0.0,0.0,0.0311925,6.714213769
2018-02-25,0.0,0.03057625,6.714213769,0.0,0.0,0.03088375,6.714213769
2018-02-26,0.0,0.03027375,6.714213769,0.0,0.0,0.03057625,6.714213769
2018-02-27,0.0,0.02997,6.714213769,0.0,0.0,0.03027375,6.714213769
2018-02-28,0.0,0.02967,6.714213769,0.0,0.0,0.02997,6.714213769
2018-03-01,0.0,0.02937375,6.714213769,0.0,0.0,0.02967,6.714213769
2018-03-02,0.0,0.0290825,6.714213769,0.0,0.0,0.02937375,6.714213769
2018-03-03,0.0,0.028795,6.714213769,0.0,0.0,0.0290825,6.714213769
2018-03-04,0.0,0.02851125,6.714213769,0.0,0.0,0.028795,6.714213769
2018-03-05,0.0,0.02823375,6.714213769,0.0,0.0,0.02851125,6.714213769
2018-03-06,0.0,0.02795875,6.714213769,0.0,0.0,0.02823375,6.714213769
2018-03-07,0.0,0.02768875,6.714213769,0.0,0.0,0.02795875,6.714213769
2018-03-08,0.0,0.02742375,6.714213769,0.0,0.0,0.02768875,6.714213769
2018-03-09,0.0,0.0271625,6.714213769,0.0,0.0,0.02742375,6.714213769
2018-03-10,0.0,0.02690625,6.714213769,0.0,0.0,0.0271625,6.714213769
2018-03-11,0.0,0.026655,6.714213769,0.0,0.0,0.02690625,6.714213769
2018-03-12,0.0,0.02641,6.714213769,0.0,0.0,0.026655,6.714213769
2018-03-13,0.0,0.02616625,6.714213769,0.0,0.0,0.02641,6.714213769
2018-03-14,0.0,0.02592625,6.714213769,0.0,0.0,0.02616625,6.714213769
2018-03-15,0.0,0.0256975,6.714213769,0.0,0.0,0.02592625,6.714213769
2018-03-16,5.744320879,0.02585,6.714213769,0.0,0.0,0.0256975,6.714213769
2018-03-17,3.237333972,0.04067,6.714213769,5.744320879,0.0,0.02585,6.714213769
2018-03-18,0.0,0.02518125,6.714213769,3.237333972,5.744320879,0.04067,6.714213769
2018-03-19,0.0,0.02517875,6.714213769,0.0,3.237333972,0.02518125,6.714213769
2018-03-20,0.0,0.02520625,6.714213769,0.0,0.0,0.02517875,6.714213769
2018-03-21,0.0,0.0252325,6.714213769,0.0,0.0,0.02520625,6.714213769
2018-03-22,0.0,0.02524,6.714213769,0.0,0.0,0.0252325,6.714213769
2018-03-23,0.0,0.02523125,6.714213769,0.0,0.0,0.02524,6.714213769
2018-03-24,0.0,0.02519875,6.714213769,0.0,0.0,0.02523125,6.714213769
2018-03-25,0.0,0.02514125,6.714213769,0.0,0.0,0.02519875,6.714213769
2018-03-26,0.0,0.025065,6.714213769,0.0,0.0,0.02514125,6.714213769
2018-03-27,0.0,0.02497625,6.714213769,0.0,0.0,0.025065,6.714213769
2018-03-28,0.0,0.02487,6.714213769,0.0,0.0,0.02497625,6.714213769
2018-03-29,0.0,0.02474875,6.714213769,0.0,0.0,0.02487,6.714213769
2018-03-30,2.557372123,0.02461875,6.714213769,0.0,0.0,0.02474875,6.714213769
2018-03-31,1.532059293,0.02447875,6.714213769,2.557372123,0.0,0.02461875,6.714213769
2018-04-01,0.0,0.0243325,6.714213769,1.532059293,2.557372123,0.02447875,6.714213769
2018-04-02,0.0,0.02418,6.714213769,0.0,1.532059293,0.0243325,6.714213769
2018-04-03,0.0,0.02402,6.714213769,0.0,0.0,0.02418,6.714213769
2018-04-04,0.0,0.02386,6.714213769,0.0,0.0,0.02402,6.714213769
2018-04-05,0.0,0.0236975,6.714213769,0.0,0.0,0.02386,6.714213769
2018-04-06,0.0,0.02353,6.714213769,0.0,0.0,0.0236975,6.714213769
2018-04-07,0.0,0.02336125,6.714213769,0.0,0.0,0.02353,6.714213769
2018-04-08,0.0,0.02319375,6.714213769,0.0,0.0,0.02336125,6.714213769
2018-04-09,0.0,0.02302375,6.714213769,0.0,0.0,0.02319375,6.714213769
2018-04-10,0.0,0.022855,6.714213769,0.0,0.0,0.02302375,6.714213769
2018-04-11,0.0,0.0226925,6.714213769,0.0,0.0,0.022855,6.714213769
2018-04-12,0.0,0.02252,6.714213769,0.0,0.0,0.0226925,6.714213769
2018-04-13,0.0,0.02236125,6.714213769,0.0,0.0,0.02252,6.714213769
2018-04-14,0.0,0.02219375,6.714213769,0.0,0.0,0.02236125,6.714213769
2018-04-15,0.0,0.02204,6.714213769,0.0,0.0,0.02219375,6.714213769
2018-04-16,0.0,0.02188,6.714213769,0.0,0.0,0.02204,6.714213769
2018-04-17,0.0,0.021725,6.714213769,0.0,0.0,0.02188,6.714213769
2018-04-18,0.0,0.02157125,6.714213769,0.0,0.0,0.021725,6.714213769
2018-04-19,3.141604473,0.02142,6.714213769,0.0,0.0,0.02157125,6.714213769
2018-04-20,0.0,0.02126875,6.714213769,3.141604473,0.0,0.02142,6.714213769
2018-04-21,0.0,0.0211175,6.714213769,0.0,3.141604473,0.02126875,6.714213769
2018-04-22,0.0,0.02096875,6.714213769,0.0,0.0,0.0211175,6.714213769
2018-04-23,0.0,0.0208225,6.714213769,0.0,0.0,0.02096875,6.714213769
2018-04-24,0.0,0.020675,6.714213769,0.0,0.0,0.0208225,6.714213769
2018-04-25,0.0,0.02052875,6.714213769,0.0,0.0,0.020675,6.714213769
2018-04-26,0.0,0.0203875,6.714213769,0.0,0.0,0.02052875,6.714213769
2018-04-27,0.0,0.020245,6.714213769,0.0,0.0,0.0203875,6.714213769
2018-04-28,0.0,0.020105,6.714213769,0.0,0.0,0.020245,6.714213769
2018-04-29,0.0,0.0199675,6.714213769,0.0,0.0,0.020105,6.714213769
2018-04-30,0.0,0.01983,6.714213769,0.0,0.0,0.0199675,6.714213769
2018-05-01,2.948907709,0.019695,6.714213769,0.0,0.0,0.01983,6.714213769
2018-05-02,1.501445492,0.01956125,6.714213769,2.948907709,0.0,0.019695,6.714213769
2018-05-03,1.362433343,0.020078751,6.714213769,1.501445492,2.948907709,0.01956125,6.714213769
2018-05-04,0.0,0.01929875,6.714213769,1.362433343,1.501445492,0.020078751,6.714213769
2018-05-05,0.0,0.01917875,6.714213769,0.0,1.362433343,0.01929875,6.714213769
2018-05-06,0.0,0.01907,6.714213769,0.0,0.0,0.01917875,6.714213769
2018-05-07,0.0,0.018965,6.714213769,0.0,0.0,0.01907,6.714213769
2018-05-08,2.885135197,0.01889375,6.714213769,0.0,0.0,0.018965,6.714213769
2018-05-09,0.0,0.02001625,6.714213769,2.885135197,0.0,0.01889375,6.714213769
2018-05-10,0.0,0.018675,6.714213769,0.0,2.885135197,0.02001625,6.714213769
2018-05-11,0.0,0.01859875,6.714213769,0.0,0.0,0.018675,6.714213769
2018-05-12,0.0,0.01854625,6.714213769,0.0,0.0,0.01859875,6.714213769
2018-05-13,0.0,0.0184725,6.714213769,0.0,0.0,0.01854625,6.714213769
2018-05-14,0.0,0.01843,6.714213769,0.0,0.0,0.0184725,6.714213769
2018-05-15,0.0,0.0184025,6.714213769,0.0,0.0,0.01843,6.714213769
2018-05-16,0.0,0.01829625,6.714213769,0.0,0.0,0.0184025,6.714213769
2018-05-17,0.0,0.01823875,6.714213769,0.0,0.0,0.01829625,6.714213769
2018-05-18,0.141161725,0.01818,6.714213769,0.0,0.0,0.01823875,6.714213769
2018-05-19,0.0,0.01812,6.714213769,0.141161725,0.0,0.01818,6.714213769
2018-05-20,0.0,0.018055,6.714213769,0.0,0.141161725,0.01812,6.714213769
2018-05-21,1.49014385,0.01798875,6.714213769,0.0,0.0,0.018055,6.714213769
2018-05-22,0.0,0.01791625,6.714213769,1.49014385,0.0,0.01798875,6.714213769
2018-05-23,0.147787226,0.017845,6.714213769,0.0,1.49014385,0.01791625,6.714213769
2018-05-24,1.914537762,0.017765,6.714213769,0.147787226,0.0,0.017845,6.714213769
2018-05-25,1.095842353,0.017685,6.714213769,1.914537762,0.147787226,0.017765,6.714213769
2018-05-26,0.0,0.017605,6.714213769,1.095842353,1.914537762,0.017685,6.714213769
2018-05-27,0.0,0.01759375,6.714213769,0.0,1.095842353,0.017605,6.714213769
2018-05-28,0.0,0.0174725,6.714213769,0.0,0.0,0.01759375,6.714213769
2018-05-29,0.0,0.01773625,6.714213769,0.0,0.0,0.0174725,6.714213769
2018-05-30,0.0,0.01727625,6.714213769,0.0,0.0,0.01773625,6.714213769
2018-05-31,0.0,0.01721625,6.714213769,0.0,0.0,0.01727625,6.714213769
2018-06-01,0.0,0.02591125,6.714213769,0.0,0.0,0.01721625,6.714213769
2018-06-02,4.230708852,0.01919875,6.714213769,0.0,0.0,0.02591125,6.714213769
2018-06-03,0.0,0.0170975,6.714213769,4.230708852,0.0,0.01919875,6.714213769
2018-06-04,0.0,0.01754625,6.714213769,0.0,4.230708852,0.0170975,6.714213769
2018-06-05,0.741101794,0.01727125,6.714213769,0.0,0.0,0.01754625,6.714213769
2018-06-06,15.0931587,0.0278725,6.714213769,0.741101794,0.0,0.01727125,6.714213769
2018-06-07,14.23398041,0.01749875,6.714213769,15.0931587,0.741101794,0.0278725,6.714213769
2018-06-08,0.0,0.02583375,6.714213769,14.23398041,15.0931587,0.01749875,6.714213769
2018-06-09,0.0,0.01801,6.714213769,0.0,14.23398041,0.02583375,6.714213769
2018-06-10,0.0,0.02157375,6.714213769,0.0,0.0,0.01801,6.714213769
2018-06-11,3.044697292,0.01883875,6.714213769,0.0,0.0,0.02157375,6.714213769
2018-06-12,4.281995777,0.020675,6.714213769,3.044697292,0.0,0.01883875,6.714213769
2018-06-13,2.433113473,0.01976375,6.714213769,4.281995777,3.044697292,0.020675,6.714213769
2018-06-14,0.0,0.02057125,6.714213769,2.433113473,4.281995777,0.01976375,6.714213769
2018-06-15,4.268994525,0.066836249,6.714213769,0.0,2.433113473,0.02057125,6.714213769
2018-06-16,6.572888036,0.0214275,6.714213769,4.268994525,0.0,0.066836249,6.714213769
2018-06-17,9.881382466,0.0226275,6.714213769,6.572888036,4.268994525,0.0214275,6.714213769
2018-06-18,0.0,0.0239325,6.714213769,9.881382466,6.572888036,0.0226275,6.714213769
2018-06-19,0.0,0.02508875,6.714213769,0.0,9.881382466,0.0239325,6.714213769
2018-06-20,0.0,0.026043751,6.714213769,0.0,0.0,0.02508875,6.714213769
2018-06-21,0.0,0.0268225,6.714213769,0.0,0.0,0.026043751,6.714213769
2018-06-22,2.448800282,0.02737875,6.714213769,0.0,0.0,0.0268225,6.714213769
2018-06-23,0.0,0.03232375,6.714213769,2.448800282,0.0,0.02737875,6.714213769
2018-06-24,9.206183998,0.0282425,6.714213769,0.0,2.448800282,0.03232375,6.714213769
2018-06-25,5.46013108,0.02852875,6.714213769,9.206183998,0.0,0.0282425,6.714213769
2018-06-26,4.897645238,0.02889125,6.714213769,5.46013108,9.206183998,0.02852875,6.714213769
2018-06-27,8.564947999,0.02922125,6.714213769,4.897645238,5.46013108,0.02889125,6.714213769
2018-06-28,6.768363771,0.02983375,6.714213769,8.564947999,4.897645238,0.02922125,6.714213769
2018-06-29,4.134685633,0.02967375,6.714213769,6.768363771,8.564947999,0.02983375,6.714213769
2018-06-30,3.722649446,0.02964,6.714213769,4.134685633,6.768363771,0.02967375,6.714213769
2018-07-01,7.564690856,0.03155,6.714213769,3.722649446,4.134685633,0.02964,6.714213769
2018-07-02,1.387596096,0.0507975,6.714213769,7.564690856,3.722649446,0.03155,6.714213769
2018-07-03,3.709761309,0.0301025,6.714213769,1.387596096,7.564690856,0.0507975,6.714213769
2018-07-04,7.965957133,0.03084,6.714213769,3.709761309,1.387596096,0.0301025,6.714213769
2018-07-05,0.0,0.0572475,6.714213769,7.965957133,3.709761309,0.03084,6.714213769
2018-07-06,5.756734413,0.03300125,6.714213769,0.0,7.965957133,0.0572475,6.714213769
2018-07-07,7.150064804,0.03419625,6.714213769,5.756734413,0.0,0.03300125,6.714213769
2018-07-08,7.238523265,0.035421251,6.714213769,7.150064804,5.756734413,0.03419625,6.714213769
2018-07-09,9.89569389,0.037548751,6.714213769,7.238523265,7.150064804,0.035421251,6.714213769
2018-07-10,6.905111163,0.037606251,6.714213769,9.89569389,7.238523265,0.037548751,6.714213769
2018-07-11,10.25042088,0.03845375,6.714213769,6.905111163,9.89569389,0.037606251,6.714213769
2018-07-12,9.899114185,0.039796251,6.714213769,10.25042088,6.905111163,0.03845375,6.714213769
2018-07-13,5.833309412,0.039471251,6.714213769,9.899114185,10.25042088,0.039796251,6.714213769
2018-07-14,5.964625603,0.039705,6.714213769,5.833309412,9.899114185,0.039471251,6.714213769
2018-07-15,5.964625603,0.039851251,6.714213769,5.964625603,5.833309412,0.039705,6.714213769
2018-07-16,0.0,0.039855,6.714213769,5.964625603,5.964625603,0.039851251,6.714213769
2018-07-17,0.0,0.03972125,6.714213769,0.0,5.964625603,0.039855,6.714213769
2018-07-18,0.0,0.042426251,6.714213769,0.0,0.0,0.03972125,6.714213769
2018-07-19,0.0,0.039199999,6.714213769,0.0,0.0,0.042426251,6.714213769
2018-07-20,5.15017412,0.05020875,6.714213769,0.0,0.0,0.039199999,6.714213769
2018-07-21,12.99519456,0.03969625,6.714213769,5.15017412,0.0,0.05020875,6.714213769
2018-07-22,0.0,0.04028875,6.714213769,12.99519456,5.15017412,0.03969625,6.714213769
2018-07-23,0.0,0.0410975,6.714213769,0.0,12.99519456,0.04028875,6.714213769
2018-07-24,0.0,0.04174125,6.714213769,0.0,0.0,0.0410975,6.714213769
2018-07-25,0.0,0.042617501,6.714213769,0.0,0.0,0.04174125,6.714213769
2018-07-26,4.911930372,0.044105,6.714213769,0.0,0.0,0.042617501,6.714213769
2018-07-27,4.180039221,0.04303625,6.714213769,4.911930372,0.0,0.044105,6.714213769
2018-07-28,0.057789824,0.04330625,6.714213769,4.180039221,4.911930372,0.04303625,6.714213769
2018-07-29,3.487236128,0.0434,6.714213769,0.057789824,4.180039221,0.04330625,6.714213769
2018-07-30,1.586774821,0.0438825,6.714213769,3.487236128,0.057789824,0.0434,6.714213769
2018-07-31,3.234893585,0.043253749,6.714213769,1.586774821,3.487236128,0.0438825,6.714213769
2018-08-01,0.0,0.043113751,6.714213769,3.234893585,1.586774821,0.043253749,6.714213769
2018-08-02,7.605357714,0.048715001,6.714213769,0.0,3.234893585,0.043113751,6.714213769
2018-08-03,8.442647306,0.04309875,6.714213769,7.605357714,0.0,0.048715001,6.714213769
2018-08-04,6.018340998,0.0459725,6.714213769,8.442647306,7.605357714,0.04309875,6.714213769
2018-08-05,0.0,0.043455,6.714213769,6.018340998,8.442647306,0.0459725,6.714213769
2018-08-06,0.294119166,0.04408625,6.714213769,0.0,6.018340998,0.043455,6.714213769
2018-08-07,6.529695263,0.04515375,6.714213769,0.294119166,0.0,0.04408625,6.714213769
2018-08-08,0.294119166,0.04867375,6.714213769,6.529695263,0.294119166,0.04515375,6.714213769
2018-08-09,2.326097636,0.04506125,6.714213769,0.294119166,6.529695263,0.04867375,6.714213769
2018-08-10,11.29309683,0.046396251,6.714213769,2.326097636,0.294119166,0.04506125,6.714213769
2018-08-11,17.12317947,0.0749225,6.714213769,11.29309683,2.326097636,0.046396251,6.714213769
2018-08-12,0.0,0.051481249,6.714213769,17.12317947,11.29309683,0.0749225,6.714213769
2018-08-13,5.296704741,0.05352375,6.714213769,0.0,17.12317947,0.051481249,6.714213769
2018-08-14,13.19625819,0.062376249,6.714213769,5.296704741,0.0,0.05352375,6.714213769
2018-08-15,11.993953,0.069080001,6.714213769,13.19625819,5.296704741,0.062376249,6.714213769
2018-08-16,5.508881262,0.06735125,6.714213769,11.993953,13.19625819,0.069080001,6.714213769
2018-08-17,8.227116106,0.07072875,6.714213769,5.508881262,11.993953,0.06735125,6.714213769
2018-08-18,0.381451226,0.073763751,6.714213769,8.227116106,5.508881262,0.07072875,6.714213769
2018-08-19,0.120231937,0.074993748,6.714213769,0.381451226,8.227116106,0.073763751,6.714213769
2018-08-20,0.104014502,0.07489,6.714213769,0.120231937,0.381451226,0.074993748,6.714213769
2018-08-21,0.0,0.07401125,6.714213769,0.104014502,0.120231937,0.07489,6.714213769
2018-08-22,0.0,0.07261,6.714213769,0.0,0.104014502,0.07401125,6.714213769
2018-08-23,0.0,0.070896251,6.714213769,0.0,0.0,0.07261,6.714213769
2018-08-24,10.20480743,0.069018749,6.714213769,0.0,0.0,0.070896251,6.714213769
2018-08-25,7.185642869,0.071133749,6.714213769,10.20480743,0.0,0.069018749,6.714213769
2018-08-26,6.105090435,0.0656325,6.714213769,7.185642869,10.20480743,0.071133749,6.714213769
2018-08-27,29.85344262,0.06480125,6.714213769,6.105090435,7.185642869,0.0656325,6.714213769
2018-08-28,13.27695193,0.064021252,6.714213769,29.85344262,6.105090435,0.06480125,6.714213769
2018-08-29,7.290487321,0.06302625,6.714213769,13.27695193,29.85344262,0.064021252,6.714213769
2018-08-30,2.079576974,0.06470625,6.714213769,7.290487321,13.27695193,0.06302625,6.714213769
2018-08-31,10.4762209,0.060767501,6.714213769,2.079576974,7.290487321,0.06470625,6.714213769
2018-09-01,11.73890776,0.0734375,6.714213769,10.4762209,2.079576974,0.060767501,6.714213769
2018-09-02,0.0,0.06026625,6.714213769,11.73890776,10.4762209,0.0734375,6.714213769
2018-09-03,0.0,0.06051625,6.714213769,0.0,11.73890776,0.06026625,6.714213769
2018-09-04,0.0,0.060495001,6.714213769,0.0,0.0,0.06051625,6.714213769
2018-09-05,0.0,0.06076375,6.714213769,0.0,0.0,0.060495001,6.714213769
2018-09-06,0.0,0.059527499,6.714213769,0.0,0.0,0.06076375,6.714213769
2018-09-07,0.0,0.059078749,6.714213769,0.0,0.0,0.059527499,6.714213769
2018-09-08,0.0,0.058747501,6.714213769,0.0,0.0,0.059078749,6.714213769
2018-09-09,0.0,0.05770125,6.714213769,0.0,0.0,0.058747501,6.714213769
2018-09-10,0.0,0.05924125,6.714213769,0.0,0.0,0.05770125,6.714213769
2018-09-11,0.0,0.058856249,6.714213769,0.0,0.0,0.05924125,6.714213769
2018-09-12,0.0,0.062762501,6.714213769,0.0,0.0,0.058856249,6.714213769
2018-09-13,7.471993749,0.0656725,6.714213769,0.0,0.0,0.062762501,6.714213769
2018-09-14,0.0,0.0641975,6.714213769,7.471993749,0.0,0.0656725,6.714213769
2018-09-15,0.0,0.0603975,6.714213769,0.0,7.471993749,0.0641975,6.714213769
2018-09-16,7.122809242,0.136047499,6.714213769,0.0,0.0,0.0603975,6.714213769
2018-09-17,14.4624316,0.099170001,6.714213769,7.122809242,0.0,0.136047499,6.714213769
2018-09-18,21.44187652,0.0890225,6.714213769,14.4624316,7.122809242,0.099170001,6.714213769
2018-09-19,28.58723806,0.10582375,6.714213769,21.44187652,14.4624316,0.0890225,6.714213769
2018-09-20,26.49873348,0.1166,6.714213769,28.58723806,21.44187652,0.10582375,6.714213769
2018-09-21,0.0,0.121697501,6.714213769,26.49873348,28.58723806,0.1166,6.714213769
2018-09-22,0.0,0.12151375,6.714213769,0.0,26.49873348,0.121697501,6.714213769
2018-09-23,0.0,0.119097499,6.714213769,0.0,0.0,0.12151375,6.714213769
2018-09-24,0.0,0.115031251,6.714213769,0.0,0.0,0.119097499,6.714213769
2018-09-25,0.0,0.110196249,6.714213769,0.0,0.0,0.115031251,6.714213769
2018-09-26,0.0,0.105141251,6.714213769,0.0,0.0,0.110196249,6.714213769
2018-09-27,0.0,0.100156252,6.714213769,0.0,0.0,0.105141251,6.714213769
2018-09-28,0.0,0.095937501,6.714213769,0.0,0.0,0.100156252,6.714213769
2018-09-29,0.0,0.09313,6.714213769,0.0,0.0,0.095937501,6.714213769
2018-09-30,0.0,0.088248749,6.714213769,0.0,0.0,0.09313,6.714213769
2018-10-01,0.0,0.097585001,6.714213769,0.0,0.0,0.088248749,6.714213769
2018-10-02,0.0,0.08385625,6.714213769,0.0,0.0,0.097585001,6.714213769
2018-10-03,18.8873472,0.089619999,6.714213769,0.0,0.0,0.08385625,6.714213769
2018-10-04,67.48779682,0.295861252,6.714213769,18.8873472,0.0,0.089619999,6.714213769
2018-10-05,37.72308157,0.163358752,6.714213769,67.48779682,18.8873472,0.295861252,6.714213769
2018-10-06,0.0,0.163499999,6.714213769,37.72308157,67.48779682,0.163358752,6.714213769
2018-10-07,1.531079051,0.191245002,6.714213769,0.0,37.72308157,0.163499999,6.714213769
2018-10-08,1.240361333,0.294421249,6.714213769,1.531079051,0.0,0.191245002,6.714213769
2018-10-09,9.586447329,0.2146025,6.714213769,1.240361333,1.531079051,0.294421249,6.714213769
2018-10-10,0.0,0.223779999,6.714213769,9.586447329,1.240361333,0.2146025,6.714213769
2018-10-11,0.0,0.214578752,6.714213769,0.0,9.586447329,0.223779999,6.714213769
2018-10-12,0.0,0.19892,6.714213769,0.0,0.0,0.214578752,6.714213769
2018-10-13,0.0,0.184368749,6.714213769,0.0,0.0,0.19892,6.714213769
2018-10-14,0.0,0.16822625,6.714213769,0.0,0.0,0.184368749,6.714213769
2018-10-15,0.406189187,0.1643275,6.714213769,0.0,0.0,0.16822625,6.714213769
2018-10-16,0.0,0.148286252,6.714213769,0.406189187,0.0,0.1643275,6.714213769
2018-10-17,4.498257754,0.1518875,6.714213769,0.0,0.406189187,0.148286252,6.714213769
2018-10-18,3.140648879,0.139448751,6.714213769,4.498257754,0.0,0.1518875,6.714213769
2018-10-19,3.480474245,0.136673748,6.714213769,3.140648879,4.498257754,0.139448751,6.714213769
2018-10-20,2.649432285,0.131892499,6.714213769,3.480474245,3.140648879,0.136673748,6.714213769
2018-10-21,17.03003754,0.12595875,6.714213769,2.649432285,3.480474245,0.131892499,6.714213769
2018-10-22,0.0,0.11957125,6.714213769,17.03003754,2.649432285,0.12595875,6.714213769
2018-10-23,0.0,0.11322375,6.714213769,0.0,17.03003754,0.11957125,6.714213769
2018-10-24,0.0,0.107167499,6.714213769,0.0,0.0,0.11322375,6.714213769
2018-10-25,0.0,0.101516249,6.714213769,0.0,0.0,0.107167499,6.714213769
2018-10-26,0.0,0.09630125,6.714213769,0.0,0.0,0.101516249,6.714213769
2018-10-27,0.0,0.091514999,6.714213769,0.0,0.0,0.09630125,6.714213769
2018-10-28,2.754065773,0.087135001,6.714213769,0.0,0.0,0.091514999,6.714213769
2018-10-29,8.019016679,0.083120001,6.714213769,2.754065773,0.0,0.087135001,6.714213769
2018-10-30,17.65095338,0.079439999,6.714213769,8.019016679,2.754065773,0.083120001,6.714213769
2018-10-31,14.992493,0.07867125,6.714213769,17.65095338,8.019016679,0.079439999,6.714213769
2018-11-01,26.90781734,0.074015,6.714213769,14.992493,17.65095338,0.07867125,6.714213769
2018-11-02,0.0,0.091971251,6.714213769,26.90781734,14.992493,0.074015,6.714213769
2018-11-03,1.414675478,0.073034999,6.714213769,0.0,26.90781734,0.091971251,6.714213769
2018-11-04,0.0,0.075142499,6.714213769,1.414675478,0.0,0.073034999,6.714213769
2018-11-05,0.0,0.077780001,6.714213769,0.0,1.414675478,0.075142499,6.714213769
2018-11-06,4.574401451,0.079812498,6.714213769,0.0,0.0,0.077780001,6.714213769
2018-11-07,14.01867177,0.079432501,6.714213769,4.574401451,0.0,0.079812498,6.714213769
2018-11-08,0.712201011,0.07893625,6.714213769,14.01867177,4.574401451,0.079432501,6.714213769
2018-11-09,0.0,0.07766625,6.714213769,0.712201011,14.01867177,0.07893625,6.714213769
2018-11-10,0.0,0.075887499,6.714213769,0.0,0.712201011,0.07766625,6.714213769
2018-11-11,0.0,0.073812501,6.714213769,0.0,0.0,0.075887499,6.714213769
2018-11-12,3.632913355,0.071600001,6.714213769,0.0,0.0,0.073812501,6.714213769
2018-11-13,0.0,0.069346251,6.714213769,3.632913355,0.0,0.071600001,6.714213769
2018-11-14,11.69890511,0.067117499,6.714213769,0.0,3.632913355,0.069346251,6.714213769
2018-11-15,2.584921612,0.07753875,6.714213769,11.69890511,0.0,0.067117499,6.714213769
2018-11-16,15.74130693,0.064267501,6.714213769,2.584921612,11.69890511,0.07753875,6.714213769
2018-11-17,0.0,0.06451125,6.714213769,15.74130693,2.584921612,0.064267501,6.714213769
2018-11-18,0.0,0.064920001,6.714213769,0.0,15.74130693,0.06451125,6.714213769
2018-11-19,4.557221986,0.064878749,6.714213769,0.0,0.0,0.064920001,6.714213769
2018-11-20,56.8250009,0.065511251,6.714213769,4.557221986,0.0,0.064878749,6.714213769
2018-11-21,124.7859789,0.372146254,6.714213769,56.8250009,4.557221986,0.065511251,6.714213769
2018-11-22,55.23993858,0.389588747,6.714213769,124.7859789,56.8250009,0.372146254,6.714213769
2018-11-23,0.0,0.491599996,6.714213769,55.23993858,124.7859789,0.389588747,6.714213769
2018-11-24,0.0,0.531099998,6.714213769,0.0,55.23993858,0.491599996,6.714213769
2018-11-25,0.0,0.465545003,6.714213769,0.0,0.0,0.531099998,6.714213769
2018-11-26,0.0,0.384726249,6.714213769,0.0,0.0,0.465545003,6.714213769
2018-11-27,0.0,0.321446251,6.714213769,0.0,0.0,0.384726249,6.714213769
2018-11-28,0.0,0.273985002,6.714213769,0.0,0.0,0.321446251,6.714213769
2018-11-29,0.0,0.23825875,6.714213769,0.0,0.0,0.273985002,6.714213769
2018-11-30,0.0,0.211202499,6.714213769,0.0,0.0,0.23825875,6.714213769
2018-12-01,0.0,0.1897575,6.714213769,0.0,0.0,0.211202499,6.714213769
2018-12-02,0.0,0.172203751,6.714213769,0.0,0.0,0.1897575,6.714213769
2018-12-03,0.0,0.157953749,6.714213769,0.0,0.0,0.172203751,6.714213769
2018-12-04,32.17145285,0.146705002,6.714213769,0.0,0.0,0.157953749,6.714213769
2018-12-05,8.69313913,0.156605001,6.714213769,32.17145285,0.0,0.146705002,6.714213769
2018-12-06,0.0,0.1333525,6.714213769,8.69313913,32.17145285,0.156605001,6.714213769
2018-12-07,0.0,0.131850001,6.714213769,0.0,8.69313913,0.1333525,6.714213769
2018-12-08,0.0,0.128083747,6.714213769,0.0,0.0,0.131850001,6.714213769
2018-12-09,0.0,0.122820001,6.714213769,0.0,0.0,0.128083747,6.714213769
2018-12-10,8.255374446,0.116918749,6.714213769,0.0,0.0,0.122820001,6.714213769
2018-12-11,0.0,0.110922501,6.714213769,8.255374446,0.0,0.116918749,6.714213769
2018-12-12,0.0,0.105117501,6.714213769,0.0,8.255374446,0.110922501,6.714213769
2018-12-13,17.35335244,0.09964375,6.714213769,0.0,0.0,0.105117501,6.714213769
2018-12-14,0.0,0.094557501,6.714213769,17.35335244,0.0,0.09964375,6.714213769
2018-12-15,12.81078014,0.089944999,6.714213769,0.0,17.35335244,0.094557501,6.714213769
2018-12-16,67.85659482,0.085697502,6.714213769,12.81078014,0.0,0.089944999,6.714213769
2018-12-17,0.551800888,0.082048752,6.714213769,67.85659482,12.81078014,0.085697502,6.714213769
2018-12-18,0.0,0.078744999,6.714213769,0.551800888,67.85659482,0.082048752,6.714213769
2018-12-19,0.0,0.075647501,6.714213769,0.0,0.551800888,0.078744999,6.714213769
2018-12-20,0.0,0.072760001,6.714213769,0.0,0.0,0.075647501,6.714213769
2018-12-21,1.39135283,0.069996249,6.714213769,0.0,0.0,0.072760001,6.714213769
2018-12-22,6.127899172,0.067523749,6.714213769,1.39135283,0.0,0.069996249,6.714213769
2018-12-23,3.412711465,0.0652625,6.714213769,6.127899172,1.39135283,0.067523749,6.714213769
2018-12-24,0.0,0.0631575,6.714213769,3.412711465,6.127899172,0.0652625,6.714213769
2018-12-25,1.24e-06,0.06116,6.714213769,0.0,3.412711465,0.0631575,6.714213769
2018-12-26,0.0,0.059256249,6.714213769,1.24e-06,0.0,0.06116,6.714213769
2018-12-27,0.0,0.057435,6.714213769,0.0,1.24e-06,0.059256249,6.714213769
2018-12-28,0.0,0.05575625,6.714213769,0.0,0.0,0.057435,6.714213769
2018-12-29,0.0,0.0541475,6.714213769,0.0,0.0,0.05575625,6.714213769
2018-12-30,0.0,0.052722501,6.714213769,0.0,0.0,0.0541475,6.714213769
2018-12-31,0.0,0.05141625,6.714213769,0.0,0.0,0.052722501,6.714213769
2019-01-01,0.0,0.050346251,6.714213769,0.0,0.0,0.05141625,6.714213769
2019-01-02,0.0,0.04930875,6.714213769,0.0,0.0,0.050346251,6.714213769
2019-01-03,3.665555353,0.048265,6.714213769,0.0,0.0,0.04930875,6.714213769
2019-01-04,0.0,0.047216251,6.714213769,3.665555353,0.0,0.048265,6.714213769
2019-01-05,0.0,0.04616625,6.714213769,0.0,3.665555353,0.047216251,6.714213769
2019-01-06,0.0,0.04512875,6.714213769,0.0,0.0,0.04616625,6.714213769
2019-01-07,1.362870494,0.0441075,6.714213769,0.0,0.0,0.04512875,6.714213769
2019-01-08,0.0,0.04311375,6.714213769,1.362870494,0.0,0.0441075,6.714213769
2019-01-09,0.0,0.04214375,6.714213769,0.0,1.362870494,0.04311375,6.714213769
2019-01-10,0.0,0.04120625,6.714213769,0.0,0.0,0.04214375,6.714213769
2019-01-11,0.0,0.040298751,6.714213769,0.0,0.0,0.04120625,6.714213769
2019-01-12,0.077447784,0.03942375,6.714213769,0.0,0.0,0.040298751,6.714213769
2019-01-13,0.091704295,0.038580001,6.714213769,0.077447784,0.0,0.03942375,6.714213769
2019-01-14,1.516487807,0.03777,6.714213769,0.091704295,0.077447784,0.038580001,6.714213769
2019-01-15,0.0,0.036986249,6.714213769,1.516487807,0.091704295,0.03777,6.714213769
2019-01-16,0.0,0.03623125,6.714213769,0.0,1.516487807,0.036986249,6.714213769
2019-01-17,0.0,0.0355225,6.714213769,0.0,0.0,0.03623125,6.714213769
2019-01-18,0.0,0.0348175,6.714213769,0.0,0.0,0.0355225,6.714213769
2019-01-19,0.0,0.034166249,6.714213769,0.0,0.0,0.0348175,6.714213769
2019-01-20,0.0,0.0335425,6.714213769,0.0,0.0,0.034166249,6.714213769
2019-01-21,0.160112736,0.03294375,6.714213769,0.0,0.0,0.0335425,6.714213769
2019-01-22,0.0,0.032361249,6.714213769,0.160112736,0.0,0.03294375,6.714213769
2019-01-23,0.0,0.0317975,6.714213769,0.0,0.160112736,0.032361249,6.714213769
2019-01-24,0.0,0.0312525,6.714213769,0.0,0.0,0.0317975,6.714213769
2019-01-25,0.0,0.03072125,6.714213769,0.0,0.0,0.0312525,6.714213769
2019-01-26,0.0,0.03021875,6.714213769,0.0,0.0,0.03072125,6.714213769
2019-01-27,0.0,0.02972,6.714213769,0.0,0.0,0.03021875,6.714213769
2019-01-28,0.0,0.02925,6.714213769,0.0,0.0,0.02972,6.714213769
2019-01-29,0.0,0.0288075,6.714213769,0.0,0.0,0.02925,6.714213769
2019-01-30,0.0,0.02836,6.714213769,0.0,0.0,0.0288075,6.714213769
2019-01-31,0.0,0.02794125,6.714213769,0.0,0.0,0.02836,6.714213769
2019-02-01,0.0,0.027535,6.714213769,0.0,0.0,0.02794125,6.714213769
2019-02-02,0.0,0.02714625,6.714213769,0.0,0.0,0.027535,6.714213769
2019-02-03,0.0,0.02676375,6.714213769,0.0,0.0,0.02714625,6.714213769
2019-02-04,0.0,0.02639,6.714213769,0.0,0.0,0.02676375,6.714213769
2019-02-05,0.0,0.026025,6.714213769,0.0,0.0,0.02639,6.714213769
2019-02-06,0.0,0.02567,6.714213769,0.0,0.0,0.026025,6.714213769
2019-02-07,0.0,0.0253225,6.714213769,0.0,0.0,0.02567,6.714213769
2019-02-08,0.0,0.02498375,6.714213769,0.0,0.0,0.0253225,6.714213769
2019-02-09,0.0,0.0246525,6.714213769,0.0,0.0,0.02498375,6.714213769
2019-02-10,0.0,0.02433,6.714213769,0.0,0.0,0.0246525,6.714213769
2019-02-11,0.0,0.02401625,6.714213769,0.0,0.0,0.02433,6.714213769
2019-02-12,0.0,0.02370625,6.714213769,0.0,0.0,0.02401625,6.714213769
2019-02-13,0.0,0.02340875,6.714213769,0.0,0.0,0.02370625,6.714213769
2019-02-14,0.0,0.0231175,6.714213769,0.0,0.0,0.02340875,6.714213769
2019-02-15,0.0,0.022835,6.714213769,0.0,0.0,0.0231175,6.714213769
2019-02-16,0.0,0.022557499,6.714213769,0.0,0.0,0.022835,6.714213769
2019-02-17,0.0,0.02228625,6.714213769,0.0,0.0,0.022557499,6.714213769
2019-02-18,7.089049396,0.0221825,6.714213769,0.0,0.0,0.02228625,6.714213769
2019-02-19,0.0,0.02177625,6.714213769,7.089049396,0.0,0.0221825,6.714213769
2019-02-20,0.0,0.02155375,6.714213769,0.0,7.089049396,0.02177625,6.714213769
2019-02-21,0.0,0.02134625,6.714213769,0.0,0.0,0.02155375,6.714213769
2019-02-22,0.0,0.021143749,6.714213769,0.0,0.0,0.02134625,6.714213769
2019-02-23,0.0,0.02094625,6.714213769,0.0,0.0,0.021143749,6.714213769
2019-02-24,0.0,0.0207525,6.714213769,0.0,0.0,0.02094625,6.714213769
2019-02-25,0.0,0.020558751,6.714213769,0.0,0.0,0.0207525,6.714213769
2019-02-26,0.0,0.02036625,6.714213769,0.0,0.0,0.020558751,6.714213769
2019-02-27,0.0,0.020172501,6.714213769,0.0,0.0,0.02036625,6.714213769
2019-02-28,0.0,0.0220475,6.714213769,0.0,0.0,0.020172501,6.714213769
2019-03-01,0.0,0.0200825,6.714213769,0.0,0.0,0.0220475,6.714213769
2019-03-02,0.0,0.01966375,6.714213769,0.0,0.0,0.0200825,6.714213769
2019-03-03,0.0,0.0195675,6.714213769,0.0,0.0,0.01966375,6.714213769
2019-03-04,0.0,0.01949375,6.714213769,0.0,0.0,0.0195675,6.714213769
2019-03-05,0.0,0.01942,6.714213769,0.0,0.0,0.01949375,6.714213769
2019-03-06,0.0,0.01934375,6.714213769,0.0,0.0,0.01942,6.714213769
2019-03-07,0.0,0.01925375,6.714213769,0.0,0.0,0.01934375,6.714213769
2019-03-08,0.0,0.01916625,6.714213769,0.0,0.0,0.01925375,6.714213769
2019-03-09,0.0,0.01924625,6.714213769,0.0,0.0,0.01916625,6.714213769
2019-03-10,0.0,0.0189575,6.714213769,0.0,0.0,0.01924625,6.714213769
2019-03-11,0.0,0.0188675,6.714213769,0.0,0.0,0.0189575,6.714213769
2019-03-12,0.0,0.01878,6.714213769,0.0,0.0,0.0188675,6.714213769
2019-03-13,0.0,0.01868875,6.714213769,0.0,0.0,0.01878,6.714213769
2019-03-14,0.0,0.01858875,6.714213769,0.0,0.0,0.01868875,6.714213769
2019-03-15,0.0,0.01848375,6.714213769,0.0,0.0,0.01858875,6.714213769
2019-03-16,0.0,0.0183725,6.714213769,0.0,0.0,0.01848375,6.714213769
2019-03-17,0.0,0.018255,6.714213769,0.0,0.0,0.0183725,6.714213769
2019-03-18,0.0,0.01813375,6.714213769,0.0,0.0,0.018255,6.714213769
2019-03-19,0.0,0.01800625,6.714213769,0.0,0.0,0.01813375,6.714213769
2019-03-20,0.0,0.01787625,6.714213769,0.0,0.0,0.01800625,6.714213769
2019-03-21,0.0,0.017743751,6.714213769,0.0,0.0,0.01787625,6.714213769
2019-03-22,0.0,0.01760875,6.714213769,0.0,0.0,0.017743751,6.714213769
2019-03-23,0.0,0.0174725,6.714213769,0.0,0.0,0.01760875,6.714213769
2019-03-24,0.0,0.01733625,6.714213769,0.0,0.0,0.0174725,6.714213769
2019-03-25,0.0,0.0171975,6.714213769,0.0,0.0,0.01733625,6.714213769
2019-03-26,0.0,0.01706,6.714213769,0.0,0.0,0.0171975,6.714213769
2019-03-27,0.0,0.01692125,6.714213769,0.0,0.0,0.01706,6.714213769
2019-03-28,0.0,0.01678625,6.714213769,0.0,0.0,0.01692125,6.714213769
2019-03-29,0.0,0.01665,6.714213769,0.0,0.0,0.01678625,6.714213769
2019-03-30,0.0,0.0165125,6.714213769,0.0,0.0,0.01665,6.714213769
2019-03-31,0.0,0.01637875,6.714213769,0.0,0.0,0.0165125,6.714213769
2019-04-01,0.0,0.016245,6.714213769,0.0,0.0,0.01637875,6.714213769
2019-04-02,0.0,0.016115,6.714213769,0.0,0.0,0.016245,6.714213769
2019-04-03,0.0,0.01598625,6.714213769,0.0,0.0,0.016115,6.714213769
2019-04-04,0.0,0.01585625,6.714213769,0.0,0.0,0.01598625,6.714213769
2019-04-05,0.0,0.01572875,6.714213769,0.0,0.0,0.01585625,6.714213769
2019-04-06,0.0,0.015605,6.714213769,0.0,0.0,0.01572875,6.714213769
2019-04-07,0.0,0.01548125,6.714213769,0.0,0.0,0.015605,6.714213769
2019-04-08,0.0,0.01536125,6.714213769,0.0,0.0,0.01548125,6.714213769
2019-04-09,0.0,0.01524,6.714213769,0.0,0.0,0.01536125,6.714213769
2019-04-10,0.0,0.01512125,6.714213769,0.0,0.0,0.01524,6.714213769
2019-04-11,0.0,0.01500625,6.714213769,0.0,0.0,0.01512125,6.714213769
2019-04-12,0.0,0.0148925,6.714213769,0.0,0.0,0.01500625,6.714213769
2019-04-13,0.0,0.01477875,6.714213769,0.0,0.0,0.0148925,6.714213769
2019-04-14,0.0,0.0146675,6.714213769,0.0,0.0,0.01477875,6.714213769
2019-04-15,0.0,0.01455875,6.714213769,0.0,0.0,0.0146675,6.714213769
2019-04-16,0.0,0.01445,6.714213769,0.0,0.0,0.01455875,6.714213769
2019-04-17,0.0,0.01434375,6.714213769,0.0,0.0,0.01445,6.714213769
2019-04-18,0.0,0.01424,6.714213769,0.0,0.0,0.01434375,6.714213769
2019-04-19,0.0,0.014135,6.714213769,0.0,0.0,0.01424,6.714213769
2019-04-20,0.0,0.01403375,6.714213769,0.0,0.0,0.014135,6.714213769
2019-04-21,0.007796707,0.0139325,6.714213769,0.0,0.0,0.01403375,6.714213769
2019-04-22,0.283646237,0.01383375,6.714213769,0.007796707,0.0,0.0139325,6.714213769
2019-04-23,0.001034683,0.01373625,6.714213769,0.283646237,0.007796707,0.01383375,6.714213769
2019-04-24,2.36e-07,0.01364,6.714213769,0.001034683,0.283646237,0.01373625,6.714213769
2019-04-25,0.0,0.013545,6.714213769,2.36e-07,0.001034683,0.01364,6.714213769
2019-04-26,0.0,0.01345125,6.714213769,0.0,2.36e-07,0.013545,6.714213769
2019-04-27,0.519770562,0.01335875,6.714213769,0.0,0.0,0.01345125,6.714213769
2019-04-28,3.088360797,0.0132675,6.714213769,0.519770562,0.0,0.01335875,6.714213769
2019-04-29,1.233232177,0.0131775,6.714213769,3.088360797,0.519770562,0.0132675,6.714213769
2019-04-30,1.924787194,0.01308875,6.714213769,1.233232177,3.088360797,0.0131775,6.714213769
2019-05-01,6.776261635,0.0204875,6.714213769,1.924787194,1.233232177,0.01308875,6.714213769
2019-05-02,3.150463499,0.01294625,6.714213769,6.776261635,1.924787194,0.0204875,6.714213769
2019-05-03,0.0,0.0129175,6.714213769,3.150463499,6.776261635,0.01294625,6.714213769
2019-05-04,0.0,0.01290375,6.714213769,0.0,3.150463499,0.0129175,6.714213769
2019-05-05,0.0,0.01289625,6.714213769,0.0,0.0,0.01290375,6.714213769
2019-05-06,0.0,0.01288875,6.714213769,0.0,0.0,0.01289625,6.714213769
2019-05-07,0.098470515,0.0152525,6.714213769,0.0,0.0,0.01288875,6.714213769
2019-05-08,0.0,0.01287,6.714213769,0.098470515,0.0,0.0152525,6.714213769
2019-05-09,0.0,0.012875,6.714213769,0.0,0.098470515,0.01287,6.714213769
2019-05-10,0.0,0.01289,6.714213769,0.0,0.0,0.012875,6.714213769
2019-05-11,0.0,0.01290875,6.714213769,0.0,0.0,0.01289,6.714213769
2019-05-12,0.0,0.012925,6.714213769,0.0,0.0,0.01290875,6.714213769
2019-05-13,0.0,0.01293375,6.714213769,0.0,0.0,0.012925,6.714213769
2019-05-14,0.0,0.01294,6.714213769,0.0,0.0,0.01293375,6.714213769
2019-05-15,0.0,0.01293375,6.714213769,0.0,0.0,0.01294,6.714213769
2019-05-16,0.0,0.01292375,6.714213769,0.0,0.0,0.01293375,6.714213769
2019-05-17,1.126148254,0.012905,6.714213769,0.0,0.0,0.01292375,6.714213769
2019-05-18,0.0,0.01288125,6.714213769,1.126148254,0.0,0.012905,6.714213769
2019-05-19,0.0,0.0128525,6.714213769,0.0,1.126148254,0.01288125,6.714213769
2019-05-20,0.0,0.01281875,6.714213769,0.0,0.0,0.0128525,6.714213769
2019-05-21,0.0,0.01278,6.714213769,0.0,0.0,0.01281875,6.714213769
2019-05-22,0.0,0.01273625,6.714213769,0.0,0.0,0.01278,6.714213769
2019-05-23,0.0,0.01268875,6.714213769,0.0,0.0,0.01273625,6.714213769
2019-05-24,0.0,0.01264,6.714213769,0.0,0.0,0.01268875,6.714213769
2019-05-25,0.0,0.0125875,6.714213769,0.0,0.0,0.01264,6.714213769
2019-05-26,0.0,0.01253375,6.714213769,0.0,0.0,0.0125875,6.714213769
2019-05-27,0.0,0.0124775,6.714213769,0.0,0.0,0.01253375,6.714213769
2019-05-28,0.0,0.02029125,6.714213769,0.0,0.0,0.0124775,6.714213769
2019-05-29,0.0,0.01710375,6.714213769,0.0,0.0,0.02029125,6.714213769
2019-05-30,0.954451441,0.01239125,6.714213769,0.0,0.0,0.01710375,6.714213769
2019-05-31,0.0,0.01249125,6.714213769,0.954451441,0.0,0.01239125,6.714213769
2019-06-01,0.0,0.01263125,6.714213769,0.0,0.954451441,0.01249125,6.714213769
2019-06-02,0.0,0.01278,6.714213769,0.0,0.0,0.01263125,6.714213769
2019-06-03,0.0,0.02792,6.714213769,0.0,0.0,0.01278,6.714213769
2019-06-04,0.0,0.013095,6.714213769,0.0,0.0,0.02792,6.714213769
2019-06-05,0.0,0.01331,6.714213769,0.0,0.0,0.013095,6.714213769
2019-06-06,0.0,0.013595,6.714213769,0.0,0.0,0.01331,6.714213769
2019-06-07,0.0,0.01646,6.714213769,0.0,0.0,0.013595,6.714213769
2019-06-08,0.0,0.01415125,6.714213769,0.0,0.0,0.01646,6.714213769
2019-06-09,0.0,0.0144275,6.714213769,0.0,0.0,0.01415125,6.714213769
2019-06-10,0.0,0.0146975,6.714213769,0.0,0.0,0.0144275,6.714213769
2019-06-11,3.439550484,0.01503375,6.714213769,0.0,0.0,0.0146975,6.714213769
2019-06-12,0.018651642,0.01514875,6.714213769,3.439550484,0.0,0.01503375,6.714213769
2019-06-13,1.034267568,0.0153325,6.714213769,0.018651642,3.439550484,0.01514875,6.714213769
2019-06-14,0.458453264,0.01559,6.714213769,1.034267568,0.018651642,0.0153325,6.714213769
2019-06-15,1.471051962,0.01560875,6.714213769,0.458453264,1.034267568,0.01559,6.714213769
2019-06-16,0.0,0.01571375,6.714213769,1.471051962,0.458453264,0.01560875,6.714213769
2019-06-17,0.638103045,0.01588125,6.714213769,0.0,1.471051962,0.01571375,6.714213769
2019-06-18,0.0,0.01588875,6.714213769,0.638103045,0.0,0.01588125,6.714213769
2019-06-19,6.852183986,0.01591875,6.714213769,0.0,0.638103045,0.01588875,6.714213769
2019-06-20,0.359170737,0.01602625,6.714213769,6.852183986,0.0,0.01591875,6.714213769
2019-06-21,10.7190048,0.015992501,6.714213769,0.359170737,6.852183986,0.01602625,6.714213769
2019-06-22,3.074896749,0.02757,6.714213769,10.7190048,0.359170737,0.015992501,6.714213769
2019-06-23,0.0,0.02327125,6.714213769,3.074896749,10.7190048,0.02757,6.714213769
2019-06-24,5.496540461,0.0208375,6.714213769,0.0,3.074896749,0.02327125,6.714213769
2019-06-25,12.17477941,0.0288,6.714213769,5.496540461,0.0,0.0208375,6.714213769
2019-06-26,8.22257175,0.02383125,6.714213769,12.17477941,5.496540461,0.0288,6.714213769
2019-06-27,0.0,0.01886,6.714213769,8.22257175,12.17477941,0.02383125,6.714213769
2019-06-28,0.187132393,0.0201,6.714213769,0.0,8.22257175,0.01886,6.714213769
2019-06-29,0.0,0.02201375,6.714213769,0.187132393,0.0,0.0201,6.714213769
2019-06-30,0.521860353,0.02222625,6.714213769,0.0,0.187132393,0.02201375,6.714213769
2019-07-01,4.355455098,0.02329,6.714213769,0.521860353,0.0,0.02222625,6.714213769
2019-07-02,8.792169682,0.02393625,6.714213769,4.355455098,0.521860353,0.02329,6.714213769
2019-07-03,0.0,0.02448625,6.714213769,8.792169682,4.355455098,0.02393625,6.714213769
2019-07-04,0.0,0.0250525,6.714213769,0.0,8.792169682,0.02448625,6.714213769
2019-07-05,7.131494069,0.02549875,6.714213769,0.0,0.0,0.0250525,6.714213769
2019-07-06,3.515388955,0.026907499,6.714213769,7.131494069,0.0,0.02549875,6.714213769
2019-07-07,0.0,0.02609875,6.714213769,3.515388955,7.131494069,0.026907499,6.714213769
2019-07-08,0.0,0.02632,6.714213769,0.0,3.515388955,0.02609875,6.714213769
2019-07-09,3.849021752,0.04228125,6.714213769,0.0,0.0,0.02632,6.714213769
2019-07-10,1.924510876,0.0269675,6.714213769,3.849021752,0.0,0.04228125,6.714213769
2019-07-11,0.0,0.03497875,6.714213769,1.924510876,3.849021752,0.0269675,6.714213769
2019-07-12,0.0,0.0276975,6.714213769,0.0,1.924510876,0.03497875,6.714213769
2019-07-13,0.0,0.0289775,6.714213769,0.0,0.0,0.0276975,6.714213769
2019-07-14,0.0,0.0302275,6.714213769,0.0,0.0,0.0289775,6.714213769
2019-07-15,18.01579683,0.03196375,6.714213769,0.0,0.0,0.0302275,6.714213769
2019-07-16,0.0,0.0315625,6.714213769,18.01579683,0.0,0.03196375,6.714213769
2019-07-17,22.2214695,0.032677501,6.714213769,0.0,18.01579683,0.0315625,6.714213769
2019-07-18,1.659323259,0.0446325,6.714213769,22.2214695,0.0,0.032677501,6.714213769
2019-07-19,18.41698729,0.038453751,6.714213769,1.659323259,22.2214695,0.0446325,6.714213769
2019-07-20,0.0,0.04706,6.714213769,18.41698729,1.659323259,0.038453751,6.714213769
2019-07-21,10.44907063,0.03946125,6.714213769,0.0,18.41698729,0.04706,6.714213769
2019-07-22,15.31559505,0.04668125,6.714213769,10.44907063,0.0,0.03946125,6.714213769
2019-07-23,6.626831838,0.082366251,6.714213769,15.31559505,10.44907063,0.04668125,6.714213769
2019-07-24,0.0,0.05354875,6.714213769,6.626831838,15.31559505,0.082366251,6.714213769
2019-07-25,1.772253826,0.05770875,6.714213769,0.0,6.626831838,0.05354875,6.714213769
2019-07-26,21.32901347,0.083750001,6.714213769,1.772253826,0.0,0.05770875,6.714213769
2019-07-27,4.789233334,0.069335001,6.714213769,21.32901347,1.772253826,0.083750001,6.714213769
2019-07-28,4.507537321,0.08274,6.714213769,4.789233334,21.32901347,0.069335001,6.714213769
2019-07-29,3.291720556,0.07897375,6.714213769,4.507537321,4.789233334,0.08274,6.714213769
2019-07-30,10.19511806,0.08316625,6.714213769,3.291720556,4.507537321,0.07897375,6.714213769
2019-07-31,0.0,0.085432501,6.714213769,10.19511806,3.291720556,0.08316625,6.714213769
2019-08-01,7.542697317,0.093618751,6.714213769,0.0,10.19511806,0.085432501,6.714213769
2019-08-02,2.351416666,0.09431125,6.714213769,7.542697317,0.0,0.093618751,6.714213769
2019-08-03,0.0,0.08921875,6.714213769,2.351416666,7.542697317,0.09431125,6.714213769
2019-08-04,1.906547694,0.10789375,6.714213769,0.0,2.351416666,0.08921875,6.714213769
2019-08-05,0.027931128,0.094026251,6.714213769,1.906547694,0.0,0.10789375,6.714213769
2019-08-06,0.724635626,0.096877501,6.714213769,0.027931128,1.906547694,0.094026251,6.714213769
2019-08-07,1.305411061,0.09662375,6.714213769,0.724635626,0.027931128,0.096877501,6.714213769
2019-08-08,0.0,0.103752501,6.714213769,1.305411061,0.724635626,0.09662375,6.714213769
2019-08-09,0.0,0.09548,6.714213769,0.0,1.305411061,0.103752501,6.714213769
2019-08-10,0.015282328,0.094926251,6.714213769,0.0,0.0,0.09548,6.714213769
2019-08-11,0.0,0.09462625,6.714213769,0.015282328,0.0,0.094926251,6.714213769
2019-08-12,0.589587381,0.108215001,6.714213769,0.0,0.015282328,0.09462625,6.714213769
2019-08-13,1.383673032,0.09677375,6.714213769,0.589587381,0.0,0.108215001,6.714213769
2019-08-14,7.206990809,0.197150003,6.714213769,1.383673032,0.589587381,0.09677375,6.714213769
2019-08-15,0.0,0.13043375,6.714213769,7.206990809,1.383673032,0.197150003,6.714213769
2019-08-16,10.61545865,0.125441249,6.714213769,0.0,7.206990809,0.13043375,6.714213769
2019-08-17,24.56702845,0.1892625,6.714213769,10.61545865,0.0,0.125441249,6.714213769
2019-08-18,17.1076365,0.171691248,6.714213769,24.56702845,10.61545865,0.1892625,6.714213769
2019-08-19,0.266068858,0.190089999,6.714213769,17.1076365,24.56702845,0.171691248,6.714213769
2019-08-20,10.44669594,0.209534999,6.714213769,0.266068858,17.1076365,0.190089999,6.714213769
2019-08-21,3.872739212,0.207898749,6.714213769,10.44669594,0.266068858,0.209534999,6.714213769
2019-08-22,8.17239753,0.203301249,6.714213769,3.872739212,10.44669594,0.207898749,6.714213769
2019-08-23,0.785479865,0.195680001,6.714213769,8.17239753,3.872739212,0.203301249,6.714213769
2019-08-24,5.504595842,0.183181249,6.714213769,0.785479865,8.17239753,0.195680001,6.714213769
2019-08-25,0.0,0.171879999,6.714213769,5.504595842,0.785479865,0.183181249,6.714213769
2019-08-26,0.0,0.161571251,6.714213769,0.0,5.504595842,0.171879999,6.714213769
2019-08-27,0.0,0.162801249,6.714213769,0.0,0.0,0.161571251,6.714213769
2019-08-28,3.573404943,0.150447501,6.714213769,0.0,0.0,0.162801249,6.714213769
2019-08-29,0.0,0.142296249,6.714213769,3.573404943,0.0,0.150447501,6.714213769
2019-08-30,5.337350893,0.141032499,6.714213769,0.0,3.573404943,0.142296249,6.714213769
2019-08-31,11.39156071,0.193730001,6.714213769,5.337350893,0.0,0.141032499,6.714213769
2019-09-01,9.737608445,0.154851251,6.714213769,11.39156071,5.337350893,0.193730001,6.714213769
2019-09-02,12.43292507,0.255263751,6.714213769,9.737608445,11.39156071,0.154851251,6.714213769
2019-09-03,10.35843002,0.176829999,6.714213769,12.43292507,9.737608445,0.255263751,6.714213769
2019-09-04,9.022107703,0.211319998,6.714213769,10.35843002,12.43292507,0.176829999,6.714213769
2019-09-05,0.125296253,0.205598747,6.714213769,9.022107703,10.35843002,0.211319998,6.714213769
2019-09-06,6.495298427,0.207763748,6.714213769,0.125296253,9.022107703,0.205598747,6.714213769
2019-09-07,0.0,0.196391251,6.714213769,6.495298427,0.125296253,0.207763748,6.714213769
2019-09-08,0.0,0.184933752,6.714213769,0.0,6.495298427,0.196391251,6.714213769
2019-09-09,3.331446617,0.173797501,6.714213769,0.0,0.0,0.184933752,6.714213769
2019-09-10,0.0,0.160552499,6.714213769,3.331446617,0.0,0.173797501,6.714213769
2019-09-11,21.42870444,0.172580001,6.714213769,0.0,3.331446617,0.160552499,6.714213769
2019-09-12,1.226961636,0.1489875,6.714213769,21.42870444,0.0,0.172580001,6.714213769
2019-09-13,0.0,0.153883749,6.714213769,1.226961636,21.42870444,0.1489875,6.714213769
2019-09-14,0.0,0.144337499,6.714213769,0.0,1.226961636,0.153883749,6.714213769
2019-09-15,1.676188881,0.144331249,6.714213769,0.0,0.0,0.144337499,6.714213769
2019-09-16,0.0,0.177333752,6.714213769,1.676188881,0.0,0.144331249,6.714213769
2019-09-17,25.39484469,0.16066875,6.714213769,0.0,1.676188881,0.177333752,6.714213769
2019-09-18,18.52833265,0.177080002,6.714213769,25.39484469,0.0,0.16066875,6.714213769
2019-09-19,22.38648841,0.183586251,6.714213769,18.52833265,25.39484469,0.177080002,6.714213769
2019-09-20,8.855162704,0.190772501,6.714213769,22.38648841,18.52833265,0.183586251,6.714213769
2019-09-21,0.0,0.187872498,6.714213769,8.855162704,22.38648841,0.190772501,6.714213769
2019-09-22,6.510970812,0.19846375,6.714213769,0.0,8.855162704,0.187872498,6.714213769
2019-09-23,6.455347762,0.183423752,6.714213769,6.510970812,0.0,0.19846375,6.714213769
2019-09-24,16.63447187,0.184725004,6.714213769,6.455347762,6.510970812,0.183423752,6.714213769
2019-09-25,11.48741513,0.191186249,6.714213769,16.63447187,6.455347762,0.184725004,6.714213769
2019-09-26,0.0,0.175423749,6.714213769,11.48741513,16.63447187,0.191186249,6.714213769
2019-09-27,0.0,0.169454998,6.714213769,0.0,11.48741513,0.175423749,6.714213769
2019-09-28,0.0,0.160768749,6.714213769,0.0,0.0,0.169454998,6.714213769
2019-09-29,0.0,0.150699999,6.714213769,0.0,0.0,0.160768749,6.714213769
2019-09-30,0.0,0.140574997,6.714213769,0.0,0.0,0.150699999,6.714213769
2019-10-01,0.0,0.13106,6.714213769,0.0,0.0,0.140574997,6.714213769
2019-10-02,0.0,0.12238,6.714213769,0.0,0.0,0.13106,6.714213769
2019-10-03,0.0,0.1145575,6.714213769,0.0,0.0,0.12238,6.714213769
2019-10-04,0.0,0.1075625,6.714213769,0.0,0.0,0.1145575,6.714213769
2019-10-05,0.0,0.10161625,6.714213769,0.0,0.0,0.1075625,6.714213769
2019-10-06,0.0,0.097041252,6.714213769,0.0,0.0,0.10161625,6.714213769
2019-10-07,0.0,0.091806249,6.714213769,0.0,0.0,0.097041252,6.714213769
2019-10-08,0.0,0.088532499,6.714213769,0.0,0.0,0.091806249,6.714213769
2019-10-09,0.0,0.0853575,6.714213769,0.0,0.0,0.088532499,6.714213769
2019-10-10,0.017518854,0.082445,6.714213769,0.0,0.0,0.0853575,6.714213769
2019-10-11,0.0,0.079653751,6.714213769,0.017518854,0.0,0.082445,6.714213769
2019-10-12,0.0,0.07677875,6.714213769,0.0,0.017518854,0.079653751,6.714213769
2019-10-13,0.0,0.07414375,6.714213769,0.0,0.0,0.07677875,6.714213769
2019-10-14,2.046775303,0.07496875,6.714213769,0.0,0.0,0.07414375,6.714213769
2019-10-15,7.181561858,0.074275,6.714213769,2.046775303,0.0,0.07496875,6.714213769
2019-10-16,20.35394145,0.10316125,6.714213769,7.181561858,2.046775303,0.074275,6.714213769
2019-10-17,26.09868752,0.077196251,6.714213769,20.35394145,7.181561858,0.10316125,6.714213769
2019-10-18,8.215059484,0.078685001,6.714213769,26.09868752,20.35394145,0.077196251,6.714213769
2019-10-19,23.13517481,0.08468875,6.714213769,8.215059484,26.09868752,0.078685001,6.714213769
2019-10-20,1.207856248,0.087051249,6.714213769,23.13517481,8.215059484,0.08468875,6.714213769
2019-10-21,47.20518874,0.088205001,6.714213769,1.207856248,23.13517481,0.087051249,6.714213769
2019-10-22,17.13107476,0.090957499,6.714213769,47.20518874,1.207856248,0.088205001,6.714213769
2019-10-23,7.410192819,0.09901625,6.714213769,17.13107476,47.20518874,0.090957499,6.714213769
2019-10-24,12.75298148,0.25464875,6.714213769,7.410192819,17.13107476,0.09901625,6.714213769
2019-10-25,7.410192819,0.117688751,6.714213769,12.75298148,7.410192819,0.25464875,6.714213769
2019-10-26,11.05716582,0.130014999,6.714213769,7.410192819,12.75298148,0.117688751,6.714213769
2019-10-27,0.0,0.145233749,6.714213769,11.05716582,7.410192819,0.130014999,6.714213769
2019-10-28,1.732361867,0.13674875,6.714213769,0.0,11.05716582,0.145233749,6.714213769
2019-10-29,39.85722143,0.17606,6.714213769,1.732361867,0.0,0.13674875,6.714213769
2019-10-30,32.66680159,0.206608752,6.714213769,39.85722143,1.732361867,0.17606,6.714213769
2019-10-31,18.11216322,0.202468752,6.714213769,32.66680159,39.85722143,0.206608752,6.714213769
2019-11-01,0.0,0.222745001,6.714213769,18.11216322,32.66680159,0.202468752,6.714213769
2019-11-02,0.0,0.218983752,6.714213769,0.0,18.11216322,0.222745001,6.714213769
2019-11-03,0.0,0.204745,6.714213769,0.0,0.0,0.218983752,6.714213769
2019-11-04,0.0,0.1882875,6.714213769,0.0,0.0,0.204745,6.714213769
2019-11-05,0.0,0.172402499,6.714213769,0.0,0.0,0.1882875,6.714213769
2019-11-06,0.0,0.158032499,6.714213769,0.0,0.0,0.172402499,6.714213769
2019-11-07,0.0,0.145387501,6.714213769,0.0,0.0,0.158032499,6.714213769
2019-11-08,0.0,0.134431251,6.714213769,0.0,0.0,0.145387501,6.714213769
2019-11-09,4.198981646,0.124977498,6.714213769,0.0,0.0,0.134431251,6.714213769
2019-11-10,0.0,0.1167375,6.714213769,4.198981646,0.0,0.124977498,6.714213769
2019-11-11,0.177309378,0.109453749,6.714213769,0.0,4.198981646,0.1167375,6.714213769
2019-11-12,0.635249454,0.10297,6.714213769,0.177309378,0.0,0.109453749,6.714213769
2019-11-13,2.835191376,0.098801251,6.714213769,0.635249454,0.177309378,0.10297,6.714213769
2019-11-14,15.18025841,0.13868625,6.714213769,2.835191376,0.635249454,0.098801251,6.714213769
2019-11-15,5.988481447,0.14078125,6.714213769,15.18025841,2.835191376,0.13868625,6.714213769
2019-11-16,0.0,0.10672375,6.714213769,5.988481447,15.18025841,0.14078125,6.714213769
2019-11-17,0.0,0.119117499,6.714213769,0.0,5.988481447,0.10672375,6.714213769
2019-11-18,0.0,0.1238825,6.714213769,0.0,0.0,0.119117499,6.714213769
2019-11-19,64.36961729,0.131114999,6.714213769,0.0,0.0,0.1238825,6.714213769
2019-11-20,11.64167352,0.155630001,6.714213769,64.36961729,0.0,0.131114999,6.714213769
2019-11-21,0.0,0.177227504,6.714213769,11.64167352,64.36961729,0.155630001,6.714213769
2019-11-22,7.806796046,0.167110001,6.714213769,0.0,11.64167352,0.177227504,6.714213769
2019-11-23,0.577779079,0.17956375,6.714213769,7.806796046,0.0,0.167110001,6.714213769
2019-11-24,0.0,0.178656252,6.714213769,0.577779079,7.806796046,0.17956375,6.714213769
2019-11-25,0.0,0.17034875,6.714213769,0.0,0.577779079,0.178656252,6.714213769
2019-11-26,0.0,0.1601875,6.714213769,0.0,0.0,0.17034875,6.714213769
2019-11-27,0.0,0.16329875,6.714213769,0.0,0.0,0.1601875,6.714213769
2019-11-28,1.561388971,0.228850003,6.714213769,0.0,0.0,0.16329875,6.714213769
2019-11-29,0.0,0.189160002,6.714213769,1.561388971,0.0,0.228850003,6.714213769
2019-11-30,78.68926781,0.735178747,6.714213769,0.0,1.561388971,0.189160002,6.714213769
2019-12-01,171.3137479,0.6148975,6.714213769,78.68926781,0.0,0.735178747,6.714213769
2019-12-02,0.756351723,0.768772501,6.714213769,171.3137479,78.68926781,0.6148975,6.714213769
2019-12-03,0.0,0.698303748,6.714213769,0.756351723,171.3137479,0.768772501,6.714213769
2019-12-04,0.0,0.567929997,6.714213769,0.0,0.756351723,0.698303748,6.714213769
2019-12-05,0.0,0.458397499,6.714213769,0.0,0.0,0.567929997,6.714213769
2019-12-06,1.809593494,0.380433746,6.714213769,0.0,0.0,0.458397499,6.714213769
2019-12-07,0.0,0.333031254,6.714213769,1.809593494,0.0,0.380433746,6.714213769
2019-12-08,0.0,0.297357498,6.714213769,0.0,1.809593494,0.333031254,6.714213769
2019-12-09,0.0,0.277657498,6.714213769,0.0,0.0,0.297357498,6.714213769
2019-12-10,0.0,0.256409999,6.714213769,0.0,0.0,0.277657498,6.714213769
2019-12-11,0.0,0.235906251,6.714213769,0.0,0.0,0.256409999,6.714213769
2019-12-12,0.0,0.217687503,6.714213769,0.0,0.0,0.235906251,6.714213769
2019-12-13,0.0,0.20326625,6.714213769,0.0,0.0,0.217687503,6.714213769
2019-12-14,0.0,0.197115001,6.714213769,0.0,0.0,0.20326625,6.714213769
2019-12-15,0.0,0.183617499,6.714213769,0.0,0.0,0.197115001,6.714213769
2019-12-16,0.0,0.178643752,6.714213769,0.0,0.0,0.183617499,6.714213769
2019-12-17,0.0,0.171995002,6.714213769,0.0,0.0,0.178643752,6.714213769
2019-12-18,0.0,0.164692499,6.714213769,0.0,0.0,0.171995002,6.714213769
2019-12-19,0.0,0.15764375,6.714213769,0.0,0.0,0.164692499,6.714213769
2019-12-20,0.0,0.1508525,6.714213769,0.0,0.0,0.15764375,6.714213769
2019-12-21,0.0,0.143933751,6.714213769,0.0,0.0,0.1508525,6.714213769
2019-12-22,0.0,0.137111252,6.714213769,0.0,0.0,0.143933751,6.714213769
2019-12-23,0.0,0.13047125,6.714213769,0.0,0.0,0.137111252,6.714213769
2019-12-24,0.0,0.124609999,6.714213769,0.0,0.0,0.13047125,6.714213769
2019-12-25,0.0,0.11892125,6.714213769,0.0,0.0,0.124609999,6.714213769
2019-12-26,0.0,0.114366251,6.714213769,0.0,0.0,0.11892125,6.714213769
2019-12-27,0.0,0.109985001,6.714213769,0.0,0.0,0.114366251,6.714213769
2019-12-28,0.0,0.10562375,6.714213769,0.0,0.0,0.109985001,6.714213769
2019-12-29,0.0,0.1013425,6.714213769,0.0,0.0,0.10562375,6.714213769
2019-12-30,0.0,0.105031251,6.714213769,0.0,0.0,0.1013425,6.714213769
2019-12-31,0.0,0.095115001,6.714213769,0.0,0.0,0.105031251,6.714213769
2020-01-01,10.29066728,0.109048749,6.714213769,0.0,0.0,0.095115001,6.714213769
2020-01-02,6.05998371,0.106941251,6.714213769,10.29066728,0.0,0.109048749,6.714213769
2020-01-03,0.0,0.104733749,6.714213769,6.05998371,10.29066728,0.106941251,6.714213769
2020-01-04,0.0,0.102112502,6.714213769,0.0,6.05998371,0.104733749,6.714213769
2020-01-05,1.894295515,0.099686251,6.714213769,0.0,0.0,0.102112502,6.714213769
2020-01-06,7.895401975,0.09827375,6.714213769,1.894295515,0.0,0.099686251,6.714213769
2020-01-07,0.0,0.09770875,6.714213769,7.895401975,1.894295515,0.09827375,6.714213769
2020-01-08,0.0,0.094118749,6.714213769,0.0,7.895401975,0.09770875,6.714213769
2020-01-09,0.0,0.09317125,6.714213769,0.0,0.0,0.094118749,6.714213769
2020-01-10,0.0,0.09164875,6.714213769,0.0,0.0,0.09317125,6.714213769
2020-01-11,0.430650639,0.089632502,6.714213769,0.0,0.0,0.09164875,6.714213769
2020-01-12,0.725581105,0.087371249,6.714213769,0.430650639,0.0,0.089632502,6.714213769
2020-01-13,0.0,0.084992499,6.714213769,0.725581105,0.430650639,0.087371249,6.714213769
2020-01-14,0.0,0.08255,6.714213769,0.0,0.725581105,0.084992499,6.714213769
2020-01-15,0.0,0.080259999,6.714213769,0.0,0.0,0.08255,6.714213769
2020-01-16,0.0,0.07796125,6.714213769,0.0,0.0,0.080259999,6.714213769
2020-01-17,0.0,0.076035,6.714213769,0.0,0.0,0.07796125,6.714213769
2020-01-18,0.698081768,0.075809999,6.714213769,0.0,0.0,0.076035,6.714213769
2020-01-19,0.0,0.0721275,6.714213769,0.698081768,0.0,0.075809999,6.714213769
2020-01-20,0.0,0.0709775,6.714213769,0.0,0.698081768,0.0721275,6.714213769
2020-01-21,0.0,0.069751249,6.714213769,0.0,0.0,0.0709775,6.714213769
2020-01-22,0.96287493,0.068385,6.714213769,0.0,0.0,0.069751249,6.714213769
2020-01-23,0.0,0.066906251,6.714213769,0.96287493,0.0,0.068385,6.714213769
2020-01-24,0.0,0.065377501,6.714213769,0.0,0.96287493,0.066906251,6.714213769
2020-01-25,0.0,0.06383125,6.714213769,0.0,0.0,0.065377501,6.714213769
2020-01-26,0.0,0.06228125,6.714213769,0.0,0.0,0.06383125,6.714213769
2020-01-27,0.0,0.060745,6.714213769,0.0,0.0,0.06228125,6.714213769
2020-01-28,0.0,0.0592375,6.714213769,0.0,0.0,0.060745,6.714213769
2020-01-29,0.0,0.0519925,6.714213769,0.0,0.0,0.0592375,6.714213769
2020-01-30,0.0,0.041427499,6.714213769,0.0,0.0,0.0519925,6.714213769
2020-01-31,0.56909149,0.04076375,6.714213769,0.0,0.0,0.041427499,6.714213769
2020-02-01,0.0,0.04013375,6.714213769,0.56909149,0.0,0.04076375,6.714213769
2020-02-02,0.0,0.03952,6.714213769,0.0,0.56909149,0.04013375,6.714213769
2020-02-03,0.0,0.03891875,6.714213769,0.0,0.0,0.03952,6.714213769
2020-02-04,0.0,0.038332499,6.714213769,0.0,0.0,0.03891875,6.714213769
2020-02-05,0.0,0.03775875,6.714213769,0.0,0.0,0.038332499,6.714213769
2020-02-06,0.0,0.037203749,6.714213769,0.0,0.0,0.03775875,6.714213769
2020-02-07,0.0,0.03666125,6.714213769,0.0,0.0,0.037203749,6.714213769
2020-02-08,0.0,0.0361325,6.714213769,0.0,0.0,0.03666125,6.714213769
2020-02-09,0.0,0.03561875,6.714213769,0.0,0.0,0.0361325,6.714213769
2020-02-10,0.0,0.0351175,6.714213769,0.0,0.0,0.03561875,6.714213769
2020-02-11,0.0,0.03463,6.714213769,0.0,0.0,0.0351175,6.714213769
2020-02-12,0.0,0.03415875,6.714213769,0.0,0.0,0.03463,6.714213769
2020-02-13,0.0,0.033698751,6.714213769,0.0,0.0,0.03415875,6.714213769
2020-02-14,0.0,0.03325125,6.714213769,0.0,0.0,0.033698751,6.714213769
2020-02-15,0.0,0.0328175,6.714213769,0.0,0.0,0.03325125,6.714213769
2020-02-16,0.0,0.032397499,6.714213769,0.0,0.0,0.0328175,6.714213769
2020-02-17,0.0,0.031985,6.714213769,0.0,0.0,0.032397499,6.714213769
2020-02-18,0.0,0.0315875,6.714213769,0.0,0.0,0.031985,6.714213769
2020-02-19,0.0,0.0312,6.714213769,0.0,0.0,0.0315875,6.714213769
2020-02-20,0.0,0.03082375,6.714213769,0.0,0.0,0.0312,6.714213769
2020-02-21,0.0,0.030455,6.714213769,0.0,0.0,0.03082375,6.714213769
2020-02-22,0.0,0.0300975,6.714213769,0.0,0.0,0.030455,6.714213769
2020-02-23,0.0,0.0297475,6.714213769,0.0,0.0,0.0300975,6.714213769
2020-02-24,0.0,0.0340325,6.714213769,0.0,0.0,0.0297475,6.714213769
2020-02-25,0.0,0.0291675,6.714213769,0.0,0.0,0.0340325,6.714213769
2020-02-26,0.0,0.02899625,6.714213769,0.0,0.0,0.0291675,6.714213769
2020-02-27,0.0,0.02885875,6.714213769,0.0,0.0,0.02899625,6.714213769
2020-02-28,0.0,0.02872375,6.714213769,0.0,0.0,0.02885875,6.714213769
2020-02-29,0.0,0.02857875,6.714213769,0.0,0.0,0.02872375,6.714213769
2020-03-01,0.0,0.028425,6.714213769,0.0,0.0,0.02857875,6.714213769
2020-03-02,0.0,0.028255,6.714213769,0.0,0.0,0.028425,6.714213769
2020-03-03,0.0,0.02807,6.714213769,0.0,0.0,0.028255,6.714213769
2020-03-04,0.0,0.027875,6.714213769,0.0,0.0,0.02807,6.714213769
2020-03-05,0.0,0.02766875,6.714213769,0.0,0.0,0.027875,6.714213769
2020-03-06,0.0,0.02747125,6.714213769,0.0,0.0,0.02766875,6.714213769
2020-03-07,0.0,0.02724,6.714213769,0.0,0.0,0.02747125,6.714213769
2020-03-08,0.0,0.02702625,6.714213769,0.0,0.0,0.02724,6.714213769
2020-03-09,0.0,0.02681,6.714213769,0.0,0.0,0.02702625,6.714213769
2020-03-10,0.0,0.0265925,6.714213769,0.0,0.0,0.02681,6.714213769
2020-03-11,0.0,0.0263725,6.714213769,0.0,0.0,0.0265925,6.714213769
2020-03-12,0.0,0.0261525,6.714213769,0.0,0.0,0.0263725,6.714213769
2020-03-13,0.0,0.02593125,6.714213769,0.0,0.0,0.0261525,6.714213769
2020-03-14,0.0,0.02571,6.714213769,0.0,0.0,0.02593125,6.714213769
2020-03-15,0.0,0.02548875,6.714213769,0.0,0.0,0.02571,6.714213769
2020-03-16,0.0,0.0252675,6.714213769,0.0,0.0,0.02548875,6.714213769
2020-03-17,0.0,0.0250475,6.714213769,0.0,0.0,0.0252675,6.714213769
2020-03-18,0.0,0.02483125,6.714213769,0.0,0.0,0.0250475,6.714213769
2020-03-19,0.0,0.024615,6.714213769,0.0,0.0,0.02483125,6.714213769
2020-03-20,0.0,0.0244,6.714213769,0.0,0.0,0.024615,6.714213769
2020-03-21,0.0,0.02418875,6.714213769,0.0,0.0,0.0244,6.714213769
2020-03-22,0.0,0.02398125,6.714213769,0.0,0.0,0.02418875,6.714213769
2020-03-23,0.0,0.02378,6.714213769,0.0,0.0,0.02398125,6.714213769
2020-03-24,0.0,0.02358,6.714213769,0.0,0.0,0.02378,6.714213769
2020-03-25,0.0,0.02338875,6.714213769,0.0,0.0,0.02358,6.714213769
2020-03-26,0.0,0.02318875,6.714213769,0.0,0.0,0.02338875,6.714213769
2020-03-27,0.0,0.02299875,6.714213769,0.0,0.0,0.02318875,6.714213769
2020-03-28,0.0,0.02281375,6.714213769,0.0,0.0,0.02299875,6.714213769
2020-03-29,0.0,0.0226325,6.714213769,0.0,0.0,0.02281375,6.714213769
2020-03-30,0.0,0.02245375,6.714213769,0.0,0.0,0.0226325,6.714213769
2020-03-31,0.0,0.02227625,6.714213769,0.0,0.0,0.02245375,6.714213769
2020-04-01,0.0,0.02210125,6.714213769,0.0,0.0,0.02227625,6.714213769
2020-04-02,0.0,0.0219275,6.714213769,0.0,0.0,0.02210125,6.714213769
2020-04-03,0.0,0.02175875,6.714213769,0.0,0.0,0.0219275,6.714213769
2020-04-04,0.0,0.02159,6.714213769,0.0,0.0,0.02175875,6.714213769
2020-04-05,0.0,0.02142,6.714213769,0.0,0.0,0.02159,6.714213769
2020-04-06,0.224327217,0.02126,6.714213769,0.0,0.0,0.02142,6.714213769
2020-04-07,0.148401149,0.021095,6.714213769,0.224327217,0.0,0.02126,6.714213769
2020-04-08,0.0,0.020935,6.714213769,0.148401149,0.224327217,0.021095,6.714213769
2020-04-09,6.259419496,0.02833375,6.714213769,0.0,0.148401149,0.020935,6.714213769
2020-04-10,0.0,0.02073,6.714213769,6.259419496,0.0,0.02833375,6.714213769
2020-04-11,0.0,0.0208325,6.714213769,0.0,6.259419496,0.02073,6.714213769
2020-04-12,0.0,0.02100625,6.714213769,0.0,0.0,0.0208325,6.714213769
2020-04-13,0.0,0.02118875,6.714213769,0.0,0.0,0.02100625,6.714213769
2020-04-14,0.0,0.02135625,6.714213769,0.0,0.0,0.02118875,6.714213769
2020-04-15,0.0,0.0214925,6.714213769,0.0,0.0,0.02135625,6.714213769
2020-04-16,0.0,0.021595,6.714213769,0.0,0.0,0.0214925,6.714213769
2020-04-17,0.0,0.02166875,6.714213769,0.0,0.0,0.021595,6.714213769
2020-04-18,0.0,0.02171125,6.714213769,0.0,0.0,0.02166875,6.714213769
2020-04-19,0.0,0.02172875,6.714213769,0.0,0.0,0.02171125,6.714213769
2020-04-20,0.0,0.0217175,6.714213769,0.0,0.0,0.02172875,6.714213769
2020-04-21,0.0,0.02168875,6.714213769,0.0,0.0,0.0217175,6.714213769
2020-04-22,0.0,0.02164,6.714213769,0.0,0.0,0.02168875,6.714213769
2020-04-23,0.0,0.0215775,6.714213769,0.0,0.0,0.02164,6.714213769
2020-04-24,0.0,0.0215025,6.714213769,0.0,0.0,0.0215775,6.714213769
2020-04-25,2.285672643,0.0216525,6.714213769,0.0,0.0,0.0215025,6.714213769
2020-04-26,7.734394598,0.234286251,6.714213769,2.285672643,0.0,0.0216525,6.714213769
2020-04-27,2.623661618,0.02179375,6.714213769,7.734394598,2.285672643,0.234286251,6.714213769
2020-04-28,0.0,0.0235525,6.714213769,2.623661618,7.734394598,0.02179375,6.714213769
2020-04-29,1.046711572,0.0255875,6.714213769,0.0,2.623661618,0.0235525,6.714213769
2020-04-30,0.0,0.0273775,6.714213769,1.046711572,0.0,0.0255875,6.714213769
2020-05-01,0.0,0.02881625,6.714213769,0.0,1.046711572,0.0273775,6.714213769
2020-05-02,0.0,0.02993875,6.714213769,0.0,0.0,0.02881625,6.714213769
2020-05-03,0.0,0.0307825,6.714213769,0.0,0.0,0.02993875,6.714213769
2020-05-04,0.0,0.03138625,6.714213769,0.0,0.0,0.0307825,6.714213769
2020-05-05,0.0,0.03179375,6.714213769,0.0,0.0,0.03138625,6.714213769
2020-05-06,0.0,0.03204125,6.714213769,0.0,0.0,0.03179375,6.714213769
2020-05-07,0.076152157,0.03216,6.714213769,0.0,0.0,0.03204125,6.714213769
2020-05-08,0.0,0.03217125,6.714213769,0.076152157,0.0,0.03216,6.714213769
2020-05-09,0.0,0.03210375,6.714213769,0.0,0.076152157,0.03217125,6.714213769
2020-05-10,0.0,0.03197,6.714213769,0.0,0.0,0.03210375,6.714213769
2020-05-11,1.176868742,0.03178375,6.714213769,0.0,0.0,0.03197,6.714213769
2020-05-12,0.0,0.031579999,6.714213769,1.176868742,0.0,0.03178375,6.714213769
2020-05-13,0.0,0.03131,6.714213769,0.0,1.176868742,0.031579999,6.714213769
2020-05-14,0.0,0.03104625,6.714213769,0.0,0.0,0.03131,6.714213769
2020-05-15,0.0,0.03076875,6.714213769,0.0,0.0,0.03104625,6.714213769
2020-05-16,0.629373049,0.0304925,6.714213769,0.0,0.0,0.03076875,6.714213769
2020-05-17,5.429265996,0.04615875,6.714213769,0.629373049,0.0,0.0304925,6.714213769
2020-05-18,5.597210187,0.03958,6.714213769,5.429265996,0.629373049,0.04615875,6.714213769
2020-05-19,0.113836481,0.03111625,6.714213769,5.597210187,5.429265996,0.03958,6.714213769
2020-05-20,0.0,0.032537501,6.714213769,0.113836481,5.597210187,0.03111625,6.714213769
2020-05-21,0.198157406,0.03417875,6.714213769,0.0,0.113836481,0.032537501,6.714213769
2020-05-22,0.109238685,0.03553,6.714213769,0.198157406,0.0,0.03417875,6.714213769
2020-05-23,1.708918652,0.0365275,6.714213769,0.109238685,0.198157406,0.03553,6.714213769
2020-05-24,0.0,0.037195,6.714213769,1.708918652,0.109238685,0.0365275,6.714213769
2020-05-25,0.026406908,0.0375925,6.714213769,0.0,1.708918652,0.037195,6.714213769
2020-05-26,0.0,0.03777125,6.714213769,0.026406908,0.0,0.0375925,6.714213769
2020-05-27,0.0,0.03778125,6.714213769,0.0,0.026406908,0.03777125,6.714213769
2020-05-28,0.0,0.03765625,6.714213769,0.0,0.0,0.03778125,6.714213769
2020-05-29,0.0,0.03743625,6.714213769,0.0,0.0,0.03765625,6.714213769
2020-05-30,0.0,0.037138751,6.714213769,0.0,0.0,0.03743625,6.714213769
2020-05-31,0.0,0.03678875,6.714213769,0.0,0.0,0.037138751,6.714213769
2020-06-01,2.3055451,0.0381875,6.714213769,0.0,0.0,0.03678875,6.714213769
2020-06-02,0.56998344,0.03609125,6.714213769,2.3055451,0.0,0.0381875,6.714213769
2020-06-03,0.000648,0.03582125,6.714213769,0.56998344,2.3055451,0.03609125,6.714213769
2020-06-04,1.065355618,0.03555,6.714213769,0.000648,0.56998344,0.03582125,6.714213769
2020-06-05,0.936166337,0.03528,6.714213769,1.065355618,0.000648,0.03555,6.714213769
2020-06-06,2.953546791,0.03517125,6.714213769,0.936166337,1.065355618,0.03528,6.714213769
2020-06-07,0.0,0.034655,6.714213769,2.953546791,0.936166337,0.03517125,6.714213769
2020-06-08,0.0,0.0344025,6.714213769,0.0,2.953546791,0.034655,6.714213769
2020-06-09,8.860640521,0.085095002,6.714213769,0.0,0.0,0.0344025,6.714213769
2020-06-10,16.25551482,0.0833925,6.714213769,8.860640521,0.0,0.085095002,6.714213769
2020-06-11,2.642149802,0.136778752,6.714213769,16.25551482,8.860640521,0.0833925,6.714213769
2020-06-12,0.868051815,0.05744125,6.714213769,2.642149802,16.25551482,0.136778752,6.714213769
2020-06-13,1.101460478,0.0701425,6.714213769,0.868051815,2.642149802,0.05744125,6.714213769
2020-06-14,0.000483,0.077655,6.714213769,1.101460478,0.868051815,0.0701425,6.714213769
2020-06-15,0.077019153,0.081489999,6.714213769,0.000483,1.101460478,0.077655,6.714213769
2020-06-16,2.250535448,0.082799998,6.714213769,0.077019153,0.000483,0.081489999,6.714213769
2020-06-17,0.0,0.08296125,6.714213769,2.250535448,0.077019153,0.082799998,6.714213769
2020-06-18,2.319603062,0.082030001,6.714213769,0.0,2.250535448,0.08296125,6.714213769
2020-06-19,0.0,0.0807275,6.714213769,2.319603062,0.0,0.082030001,6.714213769
2020-06-20,2.83960138,0.10277125,6.714213769,0.0,2.319603062,0.0807275,6.714213769
2020-06-21,13.82922205,0.1015625,6.714213769,2.83960138,0.0,0.10277125,6.714213769
2020-06-22,0.0,0.08850125,6.714213769,13.82922205,2.83960138,0.1015625,6.714213769
2020-06-23,0.0,0.097567501,6.714213769,0.0,13.82922205,0.08850125,6.714213769
2020-06-24,0.0,0.102004998,6.714213769,0.0,0.0,0.097567501,6.714213769
2020-06-25,3.006107521,0.102727501,6.714213769,0.0,0.0,0.102004998,6.714213769
2020-06-26,0.0,0.101375,6.714213769,3.006107521,0.0,0.102727501,6.714213769
2020-06-27,0.0,0.098983749,6.714213769,0.0,3.006107521,0.101375,6.714213769
2020-06-28,0.0,0.09589,6.714213769,0.0,0.0,0.098983749,6.714213769
2020-06-29,6.077990622,0.092471249,6.714213769,0.0,0.0,0.09589,6.714213769
2020-06-30,0.0,0.08906625,6.714213769,6.077990622,0.0,0.092471249,6.714213769
2020-07-01,9.373643692,0.172835003,6.714213769,0.0,6.077990622,0.08906625,6.714213769
2020-07-02,9.338406559,0.124331249,6.714213769,9.373643692,0.0,0.172835003,6.714213769
2020-07-03,1.280990732,0.10710625,6.714213769,9.338406559,9.373643692,0.124331249,6.714213769
2020-07-04,8.432092005,0.158561249,6.714213769,1.280990732,9.338406559,0.10710625,6.714213769
2020-07-05,12.45120848,0.17646625,6.714213769,8.432092005,1.280990732,0.158561249,6.714213769
2020-07-06,17.57066104,0.307919999,6.714213769,12.45120848,8.432092005,0.17646625,6.714213769
2020-07-07,2.119007106,0.258936253,6.714213769,17.57066104,12.45120848,0.307919999,6.714213769
2020-07-08,1.621080921,0.292223746,6.714213769,2.119007106,17.57066104,0.258936253,6.714213769
2020-07-09,3.165310037,0.278872498,6.714213769,1.621080921,2.119007106,0.292223746,6.714213769
2020-07-10,3.879613765,0.255383754,6.714213769,3.165310037,1.621080921,0.278872498,6.714213769
2020-07-11,0.535925071,0.231601251,6.714213769,3.879613765,3.165310037,0.255383754,6.714213769
2020-07-12,0.0,0.210228749,6.714213769,0.535925071,3.879613765,0.231601251,6.714213769
2020-07-13,3.544947118,0.1925925,6.714213769,0.0,0.535925071,0.210228749,6.714213769
2020-07-14,10.25495512,0.211188746,6.714213769,3.544947118,0.0,0.1925925,6.714213769
2020-07-15,17.66248272,0.246963749,6.714213769,10.25495512,3.544947118,0.211188746,6.714213769
2020-07-16,6.737366783,0.335191249,6.714213769,17.66248272,10.25495512,0.246963749,6.714213769
2020-07-17,6.521800991,0.303962503,6.714213769,6.737366783,17.66248272,0.335191249,6.714213769
2020-07-18,5.2045707,0.402581253,6.714213769,6.521800991,6.737366783,0.303962503,6.714213769
2020-07-19,7.938813311,0.366234999,6.714213769,5.2045707,6.521800991,0.402581253,6.714213769
2020-07-20,0.746587331,0.363953751,6.714213769,7.938813311,5.2045707,0.366234999,6.714213769
2020-07-21,0.0,0.323813751,6.714213769,0.746587331,7.938813311,0.363953751,6.714213769
2020-07-22,0.0,0.282024998,6.714213769,0.0,0.746587331,0.323813751,6.714213769
2020-07-23,5.056240076,0.24736125,6.714213769,0.0,0.0,0.282024998,6.714213769
2020-07-24,4.965534448,0.329124998,6.714213769,5.056240076,0.0,0.24736125,6.714213769
2020-07-25,0.454186129,0.220022499,6.714213769,4.965534448,5.056240076,0.329124998,6.714213769
2020-07-26,0.0,0.212456251,6.714213769,0.454186129,4.965534448,0.220022499,6.714213769
2020-07-27,0.0,0.199832499,6.714213769,0.0,0.454186129,0.212456251,6.714213769
2020-07-28,0.828447258,0.186190002,6.714213769,0.0,0.0,0.199832499,6.714213769
2020-07-29,14.09750987,0.184448751,6.714213769,0.828447258,0.0,0.186190002,6.714213769
2020-07-30,0.058110794,0.165943751,6.714213769,14.09750987,0.828447258,0.184448751,6.714213769
2020-07-31,2.817753584,0.162930002,6.714213769,0.058110794,14.09750987,0.165943751,6.714213769
2020-08-01,7.971818623,0.160922499,6.714213769,2.817753584,0.058110794,0.162930002,6.714213769
2020-08-02,14.067868,0.177538752,6.714213769,7.971818623,2.817753584,0.160922499,6.714213769
2020-08-03,4.191793142,0.159918754,6.714213769,14.067868,7.971818623,0.177538752,6.714213769
2020-08-04,10.71798451,0.164050001,6.714213769,4.191793142,14.067868,0.159918754,6.714213769
2020-08-05,2.923052157,0.161287498,6.714213769,10.71798451,4.191793142,0.164050001,6.714213769
2020-08-06,2.45368532,0.154832498,6.714213769,2.923052157,10.71798451,0.161287498,6.714213769
2020-08-07,3.380711466,0.146813748,6.714213769,2.45368532,2.923052157,0.154832498,6.714213769
2020-08-08,17.18007037,0.146907502,6.714213769,3.380711466,2.45368532,0.146813748,6.714213769
2020-08-09,17.66919093,0.300505,6.714213769,17.18007037,3.380711466,0.146907502,6.714213769
2020-08-10,1.304617784,0.184100003,6.714213769,17.66919093,17.18007037,0.300505,6.714213769
2020-08-11,5.016501874,0.204087499,6.714213769,1.304617784,17.66919093,0.184100003,6.714213769
2020-08-12,10.82853289,0.224406251,6.714213769,5.016501874,1.304617784,0.204087499,6.714213769
2020-08-13,4.08883202,0.24071625,6.714213769,10.82853289,5.016501874,0.224406251,6.714213769
2020-08-14,7.233428513,0.276646254,6.714213769,4.08883202,10.82853289,0.24071625,6.714213769
2020-08-15,5.696253796,0.283846248,6.714213769,7.233428513,4.08883202,0.276646254,6.714213769
2020-08-16,2.661939166,0.3018975,6.714213769,5.696253796,7.233428513,0.283846248,6.714213769
2020-08-17,0.0,0.298713751,6.714213769,2.661939166,5.696253796,0.3018975,6.714213769
2020-08-18,2.772320432,0.2751575,6.714213769,0.0,2.661939166,0.298713751,6.714213769
2020-08-19,11.35669801,0.279941251,6.714213769,2.772320432,0.0,0.2751575,6.714213769
2020-08-20,9.378266625,0.299438746,6.714213769,11.35669801,2.772320432,0.279941251,6.714213769
2020-08-21,0.0,0.271601245,6.714213769,9.378266625,11.35669801,0.299438746,6.714213769
2020-08-22,5.199534386,0.278121251,6.714213769,0.0,9.378266625,0.271601245,6.714213769
2020-08-23,14.71245663,0.272357504,6.714213769,5.199534386,0.0,0.278121251,6.714213769
2020-08-24,0.0,0.269291254,6.714213769,14.71245663,5.199534386,0.272357504,6.714213769
2020-08-25,4.962841573,0.266919999,6.714213769,0.0,14.71245663,0.269291254,6.714213769
2020-08-26,1.586725335,0.254668748,6.714213769,4.962841573,0.0,0.266919999,6.714213769
2020-08-27,3.297677191,0.240737498,6.714213769,1.586725335,4.962841573,0.254668748,6.714213769
2020-08-28,0.0,0.223278748,6.714213769,3.297677191,1.586725335,0.240737498,6.714213769
2020-08-29,0.150996526,0.20563625,6.714213769,0.0,3.297677191,0.223278748,6.714213769
2020-08-30,0.0,0.189352499,6.714213769,0.150996526,0.0,0.20563625,6.714213769
2020-08-31,0.241392337,0.174974997,6.714213769,0.0,0.150996526,0.189352499,6.714213769
2020-09-01,11.05018472,0.197032499,6.714213769,0.241392337,0.0,0.174974997,6.714213769
2020-09-02,0.0,0.162153752,6.714213769,11.05018472,0.241392337,0.197032499,6.714213769
2020-09-03,2.336489997,0.162333749,6.714213769,0.0,11.05018472,0.162153752,6.714213769
2020-09-04,0.128939647,0.159044999,6.714213769,2.336489997,0.0,0.162333749,6.714213769
2020-09-05,0.0,0.153138751,6.714213769,0.128939647,2.336489997,0.159044999,6.714213769
2020-09-06,0.0,0.146740001,6.714213769,0.0,0.128939647,0.153138751,6.714213769
2020-09-07,8.790406757,0.149622501,6.714213769,0.0,0.0,0.146740001,6.714213769
2020-09-08,0.0,0.134402497,6.714213769,8.790406757,0.0,0.149622501,6.714213769
2020-09-09,3.552905113,0.145181248,6.714213769,0.0,8.790406757,0.134402497,6.714213769
2020-09-10,5.372893702,0.132062499,6.714213769,3.552905113,0.0,0.145181248,6.714213769
2020-09-11,7.854996149,0.1634325,6.714213769,5.372893702,3.552905113,0.132062499,6.714213769
2020-09-12,6.955914345,0.201462499,6.714213769,7.854996149,5.372893702,0.1634325,6.714213769
2020-09-13,9.646183319,0.178382501,6.714213769,6.955914345,7.854996149,0.201462499,6.714213769
2020-09-14,2.537381204,0.203200002,6.714213769,9.646183319,6.955914345,0.178382501,6.714213769
2020-09-15,13.93589866,0.23122875,6.714213769,2.537381204,9.646183319,0.203200002,6.714213769
2020-09-16,4.763296437,0.263373749,6.714213769,13.93589866,2.537381204,0.23122875,6.714213769
2020-09-17,5.910633374,0.265777497,6.714213769,4.763296437,13.93589866,0.263373749,6.714213769
2020-09-18,9.774182716,0.314597505,6.714213769,5.910633374,4.763296437,0.265777497,6.714213769
2020-09-19,31.17099345,0.416814993,6.714213769,9.774182716,5.910633374,0.314597505,6.714213769
2020-09-20,6.362977901,0.390003749,6.714213769,31.17099345,9.774182716,0.416814993,6.714213769
2020-09-21,2.478272176,0.434298751,6.714213769,6.362977901,31.17099345,0.390003749,6.714213769
2020-09-22,0.0,0.437001251,6.714213769,2.478272176,6.362977901,0.434298751,6.714213769
2020-09-23,0.0,0.401734997,6.714213769,0.0,2.478272176,0.437001251,6.714213769
2020-09-24,0.0,0.360972501,6.714213769,0.0,0.0,0.401734997,6.714213769
2020-09-25,9.376833363,0.326208751,6.714213769,0.0,0.0,0.360972501,6.714213769
2020-09-26,8.395445202,0.303412499,6.714213769,9.376833363,0.0,0.326208751,6.714213769
2020-09-27,10.89080124,0.311468748,6.714213769,8.395445202,9.376833363,0.303412499,6.714213769
2020-09-28,5.765804068,0.294684997,6.714213769,10.89080124,8.395445202,0.311468748,6.714213769
2020-09-29,12.91319401,0.297216253,6.714213769,5.765804068,10.89080124,0.294684997,6.714213769
2020-09-30,20.25274382,0.310047504,6.714213769,12.91319401,5.765804068,0.297216253,6.714213769
2020-10-01,0.0,0.295354996,6.714213769,20.25274382,12.91319401,0.310047504,6.714213769
2020-10-02,0.0,0.298113752,6.714213769,0.0,20.25274382,0.295354996,6.714213769
2020-10-03,12.17804025,0.411854994,6.714213769,0.0,0.0,0.298113752,6.714213769
2020-10-04,15.49352732,0.372418753,6.714213769,12.17804025,0.0,0.411854994,6.714213769
2020-10-05,0.0,0.350763746,6.714213769,15.49352732,12.17804025,0.372418753,6.714213769
2020-10-06,0.0,0.357385006,6.714213769,0.0,15.49352732,0.350763746,6.714213769
2020-10-07,0.0,0.33989,6.714213769,0.0,0.0,0.357385006,6.714213769
2020-10-08,0.0,0.315201249,6.714213769,0.0,0.0,0.33989,6.714213769
2020-10-09,5.754037163,0.290085,6.714213769,0.0,0.0,0.315201249,6.714213769
2020-10-10,16.07326634,0.293185004,6.714213769,5.754037163,0.0,0.290085,6.714213769
2020-10-11,37.31407754,0.322997504,6.714213769,16.07326634,5.754037163,0.293185004,6.714213769
2020-10-12,15.22773469,0.284582498,6.714213769,37.31407754,16.07326634,0.322997504,6.714213769
2020-10-13,1.86207659,0.314633746,6.714213769,15.22773469,37.31407754,0.284582498,6.714213769
2020-10-14,12.8740986,0.328916255,6.714213769,1.86207659,15.22773469,0.314633746,6.714213769
2020-10-15,0.0,0.325251248,6.714213769,12.8740986,1.86207659,0.328916255,6.714213769
2020-10-16,1.611917032,0.309564996,6.714213769,0.0,12.8740986,0.325251248,6.714213769
2020-10-17,7.184650859,0.348851255,6.714213769,1.611917032,0.0,0.309564996,6.714213769
2020-10-18,11.35978696,0.463632498,6.714213769,7.184650859,1.611917032,0.348851255,6.714213769
2020-10-19,0.0,0.339162498,6.714213769,11.35978696,7.184650859,0.463632498,6.714213769
2020-10-20,10.85738878,0.43631,6.714213769,0.0,11.35978696,0.339162498,6.714213769
2020-10-21,0.482360864,0.467345,6.714213769,10.85738878,0.0,0.43631,6.714213769
2020-10-22,12.45786358,0.513772501,6.714213769,0.482360864,10.85738878,0.467345,6.714213769
2020-10-23,0.0,0.510011252,6.714213769,12.45786358,0.482360864,0.513772501,6.714213769
2020-10-24,4.588053012,0.47959375,6.714213769,0.0,12.45786358,0.510011252,6.714213769
2020-10-25,1.427817273,0.43946125,6.714213769,4.588053012,0.0,0.47959375,6.714213769
2020-10-26,0.0,0.3993675,6.714213769,1.427817273,4.588053012,0.43946125,6.714213769
2020-10-27,0.933051285,0.36206875,6.714213769,0.0,1.427817273,0.3993675,6.714213769
2020-10-28,8.15832829,0.334992502,6.714213769,0.933051285,0.0,0.36206875,6.714213769
2020-10-29,4.955496257,0.317218751,6.714213769,8.15832829,0.933051285,0.334992502,6.714213769
2020-10-30,2.580519314,0.296340004,6.714213769,4.955496257,8.15832829,0.317218751,6.714213769
2020-10-31,8.71e-10,0.286667503,6.714213769,2.580519314,4.955496257,0.296340004,6.714213769
2020-11-01,0.0,0.272272505,6.714213769,8.71e-10,2.580519314,0.286667503,6.714213769
2020-11-02,0.0,0.255463753,6.714213769,0.0,8.71e-10,0.272272505,6.714213769
2020-11-03,0.0,0.238526249,6.714213769,0.0,0.0,0.255463753,6.714213769
2020-11-04,13.5155938,0.222811248,6.714213769,0.0,0.0,0.238526249,6.714213769
2020-11-05,0.0,0.208741251,6.714213769,13.5155938,0.0,0.222811248,6.714213769
2020-11-06,0.0,0.196078749,6.714213769,0.0,13.5155938,0.208741251,6.714213769
2020-11-07,2.843775993,0.18425625,6.714213769,0.0,0.0,0.196078749,6.714213769
2020-11-08,0.0,0.173241248,6.714213769,2.843775993,0.0,0.18425625,6.714213769
2020-11-09,0.0,0.163001249,6.714213769,0.0,2.843775993,0.173241248,6.714213769
2020-11-10,0.0,0.153846249,6.714213769,0.0,0.0,0.163001249,6.714213769
2020-11-11,1.186862419,0.171574997,6.714213769,0.0,0.0,0.153846249,6.714213769
2020-11-12,68.04454031,0.278402496,6.714213769,1.186862419,0.0,0.171574997,6.714213769
2020-11-13,36.15300781,0.167781251,6.714213769,68.04454031,1.186862419,0.278402496,6.714213769
2020-11-14,18.40373066,0.19241625,6.714213769,36.15300781,68.04454031,0.167781251,6.714213769
2020-11-15,90.65008728,0.616157493,6.714213769,18.40373066,36.15300781,0.19241625,6.714213769
2020-11-16,132.5585998,1.168510002,6.714213769,90.65008728,18.40373066,0.616157493,6.714213769
2020-11-17,0.0,0.821834996,6.714213769,132.5585998,90.65008728,1.168510002,6.714213769
2020-11-18,0.0,0.821743757,6.714213769,0.0,132.5585998,0.821834996,6.714213769
2020-11-19,0.0,0.729412497,6.714213769,0.0,0.0,0.821743757,6.714213769
2020-11-20,0.0,0.638612501,6.714213769,0.0,0.0,0.729412497,6.714213769
2020-11-21,0.0,0.56212125,6.714213769,0.0,0.0,0.638612501,6.714213769
2020-11-22,5.481517862,0.504158743,6.714213769,0.0,0.0,0.56212125,6.714213769
2020-11-23,14.04741276,0.548593751,6.714213769,5.481517862,0.0,0.504158743,6.714213769
2020-11-24,39.6503542,0.807123761,6.714213769,14.04741276,5.481517862,0.548593751,6.714213769
2020-11-25,71.28268031,2.235854968,6.714213769,39.6503542,14.04741276,0.807123761,6.714213769
2020-11-26,130.0301173,1.386453762,6.714213769,71.28268031,39.6503542,2.235854968,6.714213769
2020-11-27,0.0,1.739142507,6.714213769,130.0301173,71.28268031,1.386453762,6.714213769
2020-11-28,0.0,1.471688759,6.714213769,0.0,130.0301173,1.739142507,6.714213769
2020-11-29,0.0,1.186593741,6.714213769,0.0,0.0,1.471688759,6.714213769
2020-11-30,0.0,0.9755475,6.714213769,0.0,0.0,1.186593741,6.714213769
2020-12-01,28.39678707,0.82911125,6.714213769,0.0,0.0,0.9755475,6.714213769
2020-12-02,116.116538,1.670101254,6.714213769,28.39678707,0.0,0.82911125,6.714213769
2020-12-03,88.06682937,0.996978739,6.714213769,116.116538,28.39678707,1.670101254,6.714213769
2020-12-04,61.75780805,1.425511258,6.714213769,88.06682937,116.116538,0.996978739,6.714213769
2020-12-05,14.12424553,1.464947477,6.714213769,61.75780805,88.06682937,1.425511258,6.714213769
2020-12-06,0.0,1.313363746,6.714213769,14.12424553,61.75780805,1.464947477,6.714213769
2020-12-07,0.112899315,1.096118748,6.714213769,0.0,14.12424553,1.313363746,6.714213769
2020-12-08,0.0,0.919383742,6.714213769,0.112899315,0.0,1.096118748,6.714213769
2020-12-09,0.0,0.777708747,6.714213769,0.0,0.112899315,0.919383742,6.714213769
2020-12-10,0.0,0.664318748,6.714213769,0.0,0.0,0.777708747,6.714213769
2020-12-11,0.0,0.573060006,6.714213769,0.0,0.0,0.664318748,6.714213769
2020-12-12,0.0,0.499337491,6.714213769,0.0,0.0,0.573060006,6.714213769
2020-12-13,0.0,0.439310003,6.714213769,0.0,0.0,0.499337491,6.714213769
2020-12-14,0.0,0.38978,6.714213769,0.0,0.0,0.439310003,6.714213769
2020-12-15,0.0,0.348448742,6.714213769,0.0,0.0,0.38978,6.714213769
2020-12-16,89.18900304,0.329883752,6.714213769,0.0,0.0,0.348448742,6.714213769
2020-12-17,25.24366689,0.289687495,6.714213769,89.18900304,0.0,0.329883752,6.714213769
2020-12-18,0.0,0.273101251,6.714213769,25.24366689,89.18900304,0.289687495,6.714213769
2020-12-19,6.476826551,0.258878751,6.714213769,0.0,25.24366689,0.273101251,6.714213769
2020-12-20,0.0,0.2448075,6.714213769,6.476826551,0.0,0.258878751,6.714213769
2020-12-21,0.0,0.230743753,6.714213769,0.0,6.476826551,0.2448075,6.714213769
2020-12-22,0.0,0.216671249,6.714213769,0.0,0.0,0.230743753,6.714213769
2020-12-23,0.0,0.203188749,6.714213769,0.0,0.0,0.216671249,6.714213769
2020-12-24,0.0,0.190437499,6.714213769,0.0,0.0,0.203188749,6.714213769
2020-12-25,0.0,0.17856,6.714213769,0.0,0.0,0.190437499,6.714213769
2020-12-26,0.0,0.167593749,6.714213769,0.0,0.0,0.17856,6.714213769
2020-12-27,0.0,0.1575225,6.714213769,0.0,0.0,0.167593749,6.714213769
2020-12-28,0.0,0.148303749,6.714213769,0.0,0.0,0.1575225,6.714213769
2020-12-29,0.0,0.143762499,6.714213769,0.0,0.0,0.148303749,6.714213769
2020-12-30,0.0,0.13316375,6.714213769,0.0,0.0,0.143762499,6.714213769
2020-12-31,0.0,0.127391249,6.714213769,0.0,0.0,0.13316375,6.714213769
2021-01-01,0.0,0.1220775,6.714213769,0.0,0.0,0.127391249,6.714213769
2021-01-02,0.293877446,0.117542499,6.714213769,0.0,0.0,0.1220775,6.714213769
2021-01-03,0.503652437,0.112396249,6.714213769,0.293877446,0.0,0.117542499,6.714213769
2021-01-04,0.0,0.10902375,6.714213769,0.503652437,0.293877446,0.112396249,6.714213769
2021-01-05,24.06512256,0.303284995,6.714213769,0.0,0.503652437,0.10902375,6.714213769
2021-01-06,0.491733756,0.11798625,6.714213769,24.06512256,0.0,0.303284995,6.714213769
2021-01-07,0.0,0.13325125,6.714213769,0.491733756,24.06512256,0.11798625,6.714213769
2021-01-08,0.0,0.14121625,6.714213769,0.0,0.491733756,0.13325125,6.714213769
2021-01-09,2.933824667,0.149358748,6.714213769,0.0,0.0,0.14121625,6.714213769
2021-01-10,6.115351804,0.153108752,6.714213769,2.933824667,0.0,0.149358748,6.714213769
2021-01-11,1.061301271,0.155176248,6.714213769,6.115351804,2.933824667,0.153108752,6.714213769
2021-01-12,0.002550343,0.15861625,6.714213769,1.061301271,6.115351804,0.155176248,6.714213769
2021-01-13,0.0,0.162333751,6.714213769,0.002550343,1.061301271,0.15861625,6.714213769
2021-01-14,0.0,0.1607175,6.714213769,0.0,0.002550343,0.162333751,6.714213769
2021-01-15,0.0,0.156010002,6.714213769,0.0,0.0,0.1607175,6.714213769
2021-01-16,0.0,0.149812501,6.714213769,0.0,0.0,0.156010002,6.714213769
2021-01-17,0.0,0.14305125,6.714213769,0.0,0.0,0.149812501,6.714213769
2021-01-18,0.0,0.1362275,6.714213769,0.0,0.0,0.14305125,6.714213769
2021-01-19,0.0,0.129605001,6.714213769,0.0,0.0,0.1362275,6.714213769
2021-01-20,0.0,0.123311251,6.714213769,0.0,0.0,0.129605001,6.714213769
2021-01-21,0.0,0.117402499,6.714213769,0.0,0.0,0.123311251,6.714213769
2021-01-22,0.0,0.1118875,6.714213769,0.0,0.0,0.117402499,6.714213769
2021-01-23,0.0,0.10675875,6.714213769,0.0,0.0,0.1118875,6.714213769
2021-01-24,0.0,0.101992501,6.714213769,0.0,0.0,0.10675875,6.714213769
2021-01-25,0.0,0.0975675,6.714213769,0.0,0.0,0.101992501,6.714213769
2021-01-26,0.0,0.09345625,6.714213769,0.0,0.0,0.0975675,6.714213769
2021-01-27,0.0,0.089638751,6.714213769,0.0,0.0,0.09345625,6.714213769
2021-01-28,0.0,0.08609375,6.714213769,0.0,0.0,0.089638751,6.714213769
2021-01-29,0.0,0.082791249,6.714213769,0.0,0.0,0.08609375,6.714213769
2021-01-30,0.0,0.079718749,6.714213769,0.0,0.0,0.082791249,6.714213769
2021-01-31,0.0,0.0768525,6.714213769,0.0,0.0,0.079718749,6.714213769
2021-02-01,0.0,0.07420375,6.714213769,0.0,0.0,0.0768525,6.714213769
2021-02-02,3.303272298,0.071705001,6.714213769,0.0,0.0,0.07420375,6.714213769
2021-02-03,0.0,0.069368749,6.714213769,3.303272298,0.0,0.071705001,6.714213769
2021-02-04,0.0,0.0671775,6.714213769,0.0,3.303272298,0.069368749,6.714213769
2021-02-05,0.0,0.065125001,6.714213769,0.0,0.0,0.0671775,6.714213769
2021-02-06,2.526409032,0.0632,6.714213769,0.0,0.0,0.065125001,6.714213769
2021-02-07,0.0,0.06139,6.714213769,2.526409032,0.0,0.0632,6.714213769
2021-02-08,0.0,0.059687499,6.714213769,0.0,2.526409032,0.06139,6.714213769
2021-02-09,0.0,0.058086251,6.714213769,0.0,0.0,0.059687499,6.714213769
2021-02-10,0.0,0.05657625,6.714213769,0.0,0.0,0.058086251,6.714213769
2021-02-11,0.0,0.05518625,6.714213769,0.0,0.0,0.05657625,6.714213769
2021-02-12,0.0,0.0538275,6.714213769,0.0,0.0,0.05518625,6.714213769
2021-02-13,0.0,0.05259125,6.714213769,0.0,0.0,0.0538275,6.714213769
2021-02-14,0.0,0.051441249,6.714213769,0.0,0.0,0.05259125,6.714213769
2021-02-15,0.0,0.05035375,6.714213769,0.0,0.0,0.051441249,6.714213769
2021-02-16,0.0,0.0493175,6.714213769,0.0,0.0,0.05035375,6.714213769
2021-02-17,0.0,0.04832375,6.714213769,0.0,0.0,0.0493175,6.714213769
2021-02-18,0.0,0.04737375,6.714213769,0.0,0.0,0.04832375,6.714213769
2021-02-19,0.0,0.04669375,6.714213769,0.0,0.0,0.04737375,6.714213769
2021-02-20,0.0,0.04583625,6.714213769,0.0,0.0,0.04669375,6.714213769
2021-02-21,0.0,0.04502625,6.714213769,0.0,0.0,0.04583625,6.714213769
2021-02-22,0.0,0.044500001,6.714213769,0.0,0.0,0.04502625,6.714213769
2021-02-23,0.0,0.044062499,6.714213769,0.0,0.0,0.044500001,6.714213769
2021-02-24,0.0,0.043626251,6.714213769,0.0,0.0,0.044062499,6.714213769
2021-02-25,0.0,0.0431675,6.714213769,0.0,0.0,0.043626251,6.714213769
2021-02-26,0.0,0.04268,6.714213769,0.0,0.0,0.0431675,6.714213769
2021-02-27,0.0,0.04217,6.714213769,0.0,0.0,0.04268,6.714213769
2021-02-28,0.0,0.04163875,6.714213769,0.0,0.0,0.04217,6.714213769
2021-03-01,0.0,0.04110375,6.714213769,0.0,0.0,0.04163875,6.714213769
2021-03-02,0.0,0.040556251,6.714213769,0.0,0.0,0.04110375,6.714213769
2021-03-03,0.0,0.04000625,6.714213769,0.0,0.0,0.040556251,6.714213769
2021-03-04,0.0,0.03962875,6.714213769,0.0,0.0,0.04000625,6.714213769
2021-03-05,0.0,0.03894625,6.714213769,0.0,0.0,0.03962875,6.714213769
2021-03-06,0.0,0.038490001,6.714213769,0.0,0.0,0.03894625,6.714213769
2021-03-07,0.0,0.0380625,6.714213769,0.0,0.0,0.038490001,6.714213769
2021-03-08,0.0,0.037645,6.714213769,0.0,0.0,0.0380625,6.714213769
2021-03-09,0.0,0.037225,6.714213769,0.0,0.0,0.037645,6.714213769
2021-03-10,0.0,0.03680375,6.714213769,0.0,0.0,0.037225,6.714213769
2021-03-11,0.0,0.03637625,6.714213769,0.0,0.0,0.03680375,6.714213769
2021-03-12,0.0,0.03595,6.714213769,0.0,0.0,0.03637625,6.714213769
2021-03-13,0.0,0.0355225,6.714213769,0.0,0.0,0.03595,6.714213769
2021-03-14,0.0,0.03509625,6.714213769,0.0,0.0,0.0355225,6.714213769
2021-03-15,0.0,0.0346725,6.714213769,0.0,0.0,0.03509625,6.714213769
2021-03-16,0.0,0.03425375,6.714213769,0.0,0.0,0.0346725,6.714213769
2021-03-17,0.0,0.033842499,6.714213769,0.0,0.0,0.03425375,6.714213769
2021-03-18,0.0,0.033435,6.714213769,0.0,0.0,0.033842499,6.714213769
2021-03-19,0.0,0.033035,6.714213769,0.0,0.0,0.033435,6.714213769
2021-03-20,0.0,0.032640001,6.714213769,0.0,0.0,0.033035,6.714213769
2021-03-21,0.0,0.03225375,6.714213769,0.0,0.0,0.032640001,6.714213769
2021-03-22,0.0,0.03187375,6.714213769,0.0,0.0,0.03225375,6.714213769
2021-03-23,0.0,0.0315025,6.714213769,0.0,0.0,0.03187375,6.714213769
2021-03-24,0.028361184,0.03114125,6.714213769,0.0,0.0,0.0315025,6.714213769
2021-03-25,2.063117704,0.03078375,6.714213769,0.028361184,0.0,0.03114125,6.714213769
2021-03-26,0.0,0.0304375,6.714213769,2.063117704,0.028361184,0.03078375,6.714213769
2021-03-27,0.0,0.0301,6.714213769,0.0,2.063117704,0.0304375,6.714213769
2021-03-28,0.0,0.02977,6.714213769,0.0,0.0,0.0301,6.714213769
2021-03-29,0.075120064,0.02945,6.714213769,0.0,0.0,0.02977,6.714213769
2021-03-30,0.0,0.02913,6.714213769,0.075120064,0.0,0.02945,6.714213769
2021-03-31,0.0,0.0288225,6.714213769,0.0,0.075120064,0.02913,6.714213769
2021-04-01,0.0,0.0285225,6.714213769,0.0,0.0,0.0288225,6.714213769
2021-04-02,0.0,0.028225,6.714213769,0.0,0.0,0.0285225,6.714213769
2021-04-03,0.0,0.0279325,6.714213769,0.0,0.0,0.028225,6.714213769
2021-04-04,0.0,0.0276475,6.714213769,0.0,0.0,0.0279325,6.714213769
2021-04-05,0.0,0.027368749,6.714213769,0.0,0.0,0.0276475,6.714213769
2021-04-06,0.0,0.027095,6.714213769,0.0,0.0,0.027368749,6.714213769
2021-04-07,0.0,0.02682625,6.714213769,0.0,0.0,0.027095,6.714213769
2021-04-08,0.0,0.026565,6.714213769,0.0,0.0,0.02682625,6.714213769
2021-04-09,0.0,0.02630875,6.714213769,0.0,0.0,0.026565,6.714213769
2021-04-10,0.0,0.026055,6.714213769,0.0,0.0,0.02630875,6.714213769
2021-04-11,0.0,0.02580625,6.714213769,0.0,0.0,0.026055,6.714213769
2021-04-12,0.0,0.02556625,6.714213769,0.0,0.0,0.02580625,6.714213769
2021-04-13,1.952966258,0.02532625,6.714213769,0.0,0.0,0.02556625,6.714213769
2021-04-14,3.505603937,0.02575,6.714213769,1.952966258,0.0,0.02532625,6.714213769
2021-04-15,4.931584731,0.115018748,6.714213769,3.505603937,1.952966258,0.02575,6.714213769
2021-04-16,0.0,0.02518125,6.714213769,4.931584731,3.505603937,0.115018748,6.714213769
2021-04-17,0.0,0.02646,6.714213769,0.0,4.931584731,0.02518125,6.714213769
2021-04-18,0.0,0.02791875,6.714213769,0.0,0.0,0.02646,6.714213769
2021-04-19,0.0,0.02921125,6.714213769,0.0,0.0,0.02791875,6.714213769
2021-04-20,0.0,0.03026,6.714213769,0.0,0.0,0.02921125,6.714213769
2021-04-21,0.0,0.03106625,6.714213769,0.0,0.0,0.03026,6.714213769
2021-04-22,0.0,0.0316625,6.714213769,0.0,0.0,0.03106625,6.714213769
2021-04-23,0.0,0.0321425,6.714213769,0.0,0.0,0.0316625,6.714213769
2021-04-24,3.343667803,0.03236125,6.714213769,0.0,0.0,0.0321425,6.714213769
2021-04-25,0.0,0.03254875,6.714213769,3.343667803,0.0,0.03236125,6.714213769
2021-04-26,0.0,0.0326575,6.714213769,0.0,3.343667803,0.03254875,6.714213769
2021-04-27,0.0,0.03268375,6.714213769,0.0,0.0,0.0326575,6.714213769
2021-04-28,0.0,0.032635,6.714213769,0.0,0.0,0.03268375,6.714213769
2021-04-29,0.0,0.03253125,6.714213769,0.0,0.0,0.032635,6.714213769
2021-04-30,0.0,0.03237375,6.714213769,0.0,0.0,0.03253125,6.714213769
2021-05-01,0.0,0.0321775,6.714213769,0.0,0.0,0.03237375,6.714213769
2021-05-02,0.0,0.031945,6.714213769,0.0,0.0,0.0321775,6.714213769
2021-05-03,0.0,0.03169375,6.714213769,0.0,0.0,0.031945,6.714213769
2021-05-04,0.0,0.03142,6.714213769,0.0,0.0,0.03169375,6.714213769
2021-05-05,0.0,0.03113125,6.714213769,0.0,0.0,0.03142,6.714213769
2021-05-06,0.0,0.030835,6.714213769,0.0,0.0,0.03113125,6.714213769
2021-05-07,0.0,0.03052875,6.714213769,0.0,0.0,0.030835,6.714213769
2021-05-08,0.0,0.03022,6.714213769,0.0,0.0,0.03052875,6.714213769
2021-05-09,0.0,0.02991375,6.714213769,0.0,0.0,0.03022,6.714213769
2021-05-10,0.0,0.0296075,6.714213769,0.0,0.0,0.02991375,6.714213769
2021-05-11,1.634023647,0.029525,6.714213769,0.0,0.0,0.0296075,6.714213769
2021-05-12,1.562326862,0.03125625,6.714213769,1.634023647,0.0,0.029525,6.714213769
2021-05-13,1.572850834,0.028887501,6.714213769,1.562326862,1.634023647,0.03125625,6.714213769
2021-05-14,0.382221119,0.02912125,6.714213769,1.572850834,1.562326862,0.028887501,6.714213769
2021-05-15,0.493130577,0.02901125,6.714213769,0.382221119,1.572850834,0.02912125,6.714213769
2021-05-16,0.034195669,0.0310425,6.714213769,0.493130577,0.382221119,0.02901125,6.714213769
2021-05-17,0.0,0.02940375,6.714213769,0.034195669,0.493130577,0.0310425,6.714213769
2021-05-18,0.0,0.029745,6.714213769,0.0,0.034195669,0.02940375,6.714213769
2021-05-19,0.0,0.0300675,6.714213769,0.0,0.0,0.029745,6.714213769
2021-05-20,0.022050746,0.03033375,6.714213769,0.0,0.0,0.0300675,6.714213769
2021-05-21,3.011739009,0.04394375,6.714213769,0.022050746,0.0,0.03033375,6.714213769
2021-05-22,5.245260803,0.06948375,6.714213769,3.011739009,0.022050746,0.04394375,6.714213769
2021-05-23,4.314371229,0.051556249,6.714213769,5.245260803,3.011739009,0.06948375,6.714213769
2021-05-24,5.245260803,0.0497925,6.714213769,4.314371229,5.245260803,0.051556249,6.714213769
2021-05-25,0.0,0.046572501,6.714213769,5.245260803,4.314371229,0.0497925,6.714213769
2021-05-26,0.0,0.0533325,6.714213769,0.0,5.245260803,0.046572501,6.714213769
2021-05-27,0.0,0.058086249,6.714213769,0.0,0.0,0.0533325,6.714213769
2021-05-28,0.0,0.060990001,6.714213769,0.0,0.0,0.058086249,6.714213769
2021-05-29,0.0,0.06249,6.714213769,0.0,0.0,0.060990001,6.714213769
2021-05-30,0.0,0.062989999,6.714213769,0.0,0.0,0.06249,6.714213769
2021-05-31,0.0,0.06281125,6.714213769,0.0,0.0,0.062989999,6.714213769
2021-06-01,0.0,0.06218625,6.714213769,0.0,0.0,0.06281125,6.714213769
2021-06-02,0.0,0.06127375,6.714213769,0.0,0.0,0.06218625,6.714213769
2021-06-03,3.866532985,0.06018125,6.714213769,0.0,0.0,0.06127375,6.714213769
2021-06-04,0.0,0.0589725,6.714213769,3.866532985,0.0,0.06018125,6.714213769
2021-06-05,0.0,0.05772375,6.714213769,0.0,3.866532985,0.0589725,6.714213769
2021-06-06,0.0,0.05642875,6.714213769,0.0,0.0,0.05772375,6.714213769
2021-06-07,7.387525049,0.05531875,6.714213769,0.0,0.0,0.05642875,6.714213769
2021-06-08,0.156026146,0.055657499,6.714213769,7.387525049,0.0,0.05531875,6.714213769
2021-06-09,0.0,0.053283751,6.714213769,0.156026146,7.387525049,0.055657499,6.714213769
2021-06-10,3.426750703,0.052619999,6.714213769,0.0,0.156026146,0.053283751,6.714213769
2021-06-11,5.681623848,0.082595,6.714213769,3.426750703,0.0,0.052619999,6.714213769
2021-06-12,2.355100273,0.05218375,6.714213769,5.681623848,3.426750703,0.082595,6.714213769
2021-06-13,1.087307559,0.06124,6.714213769,2.355100273,5.681623848,0.05218375,6.714213769
2021-06-14,4.234592713,0.0575925,6.714213769,1.087307559,2.355100273,0.06124,6.714213769
2021-06-15,0.0,0.06043125,6.714213769,4.234592713,1.087307559,0.0575925,6.714213769
2021-06-16,0.0,0.062475,6.714213769,0.0,4.234592713,0.06043125,6.714213769
2021-06-17,0.0,0.06349125,6.714213769,0.0,0.0,0.062475,6.714213769
2021-06-18,12.1716052,0.06375625,6.714213769,0.0,0.0,0.06349125,6.714213769
2021-06-19,0.0,0.063374999,6.714213769,12.1716052,0.0,0.06375625,6.714213769
2021-06-20,0.0,0.0627225,6.714213769,0.0,12.1716052,0.063374999,6.714213769
2021-06-21,0.0,0.0618,6.714213769,0.0,0.0,0.0627225,6.714213769
2021-06-22,0.0,0.06269625,6.714213769,0.0,0.0,0.0618,6.714213769
2021-06-23,0.0,0.05986625,6.714213769,0.0,0.0,0.06269625,6.714213769
2021-06-24,8.429946126,0.0596075,6.714213769,0.0,0.0,0.05986625,6.714213769
2021-06-25,0.0,0.05923375,6.714213769,8.429946126,0.0,0.0596075,6.714213769
2021-06-26,3.041838092,0.07649,6.714213769,0.0,8.429946126,0.05923375,6.714213769
2021-06-27,6.673727707,0.07800375,6.714213769,3.041838092,0.0,0.07649,6.714213769
2021-06-28,4.963811594,0.076317499,6.714213769,6.673727707,3.041838092,0.07800375,6.714213769
2021-06-29,0.0,0.085250001,6.714213769,4.963811594,6.673727707,0.076317499,6.714213769
2021-06-30,0.0,0.09581375,6.714213769,0.0,4.963811594,0.085250001,6.714213769
2021-07-01,1.094531501,0.101486251,6.714213769,0.0,0.0,0.09581375,6.714213769
2021-07-02,2.805017649,0.1027875,6.714213769,1.094531501,0.0,0.101486251,6.714213769
2021-07-03,2.669273888,0.103423749,6.714213769,2.805017649,1.094531501,0.1027875,6.714213769
2021-07-04,7.304926428,0.111958749,6.714213769,2.669273888,2.805017649,0.103423749,6.714213769
2021-07-05,0.0,0.103880002,6.714213769,7.304926428,2.669273888,0.111958749,6.714213769
2021-07-06,0.0,0.10550875,6.714213769,0.0,7.304926428,0.103880002,6.714213769
2021-07-07,0.0,0.105219999,6.714213769,0.0,0.0,0.10550875,6.714213769
2021-07-08,10.32939539,0.10450375,6.714213769,0.0,0.0,0.105219999,6.714213769
2021-07-09,12.78373742,0.105324999,6.714213769,10.32939539,0.0,0.10450375,6.714213769
2021-07-10,9.726128944,0.10361375,6.714213769,12.78373742,10.32939539,0.105324999,6.714213769
2021-07-11,8.288271682,0.119,6.714213769,9.726128944,12.78373742,0.10361375,6.714213769
2021-07-12,0.897141413,0.1451825,6.714213769,8.288271682,9.726128944,0.119,6.714213769
2021-07-13,16.315651,0.274403755,6.714213769,0.897141413,8.288271682,0.1451825,6.714213769
2021-07-14,12.02747179,0.2347725,6.714213769,16.315651,0.897141413,0.274403755,6.714213769
2021-07-15,0.0,0.275441254,6.714213769,12.02747179,16.315651,0.2347725,6.714213769
2021-07-16,7.212673195,0.297216245,6.714213769,0.0,12.02747179,0.275441254,6.714213769
2021-07-17,4.024210007,0.286776251,6.714213769,7.212673195,0.0,0.297216245,6.714213769
2021-07-18,15.6737215,0.291512498,6.714213769,4.024210007,7.212673195,0.286776251,6.714213769
2021-07-19,12.88576316,0.271802499,6.714213769,15.6737215,4.024210007,0.291512498,6.714213769
2021-07-20,6.708593526,0.297669999,6.714213769,12.88576316,15.6737215,0.271802499,6.714213769
2021-07-21,12.28008368,0.347821251,6.714213769,6.708593526,12.88576316,0.297669999,6.714213769
2021-07-22,6.556627617,0.334109999,6.714213769,12.28008368,6.708593526,0.347821251,6.714213769
2021-07-23,0.0,0.329484996,6.714213769,6.556627617,12.28008368,0.334109999,6.714213769
2021-07-24,0.0,0.318366248,6.714213769,0.0,6.556627617,0.329484996,6.714213769
2021-07-25,0.0,0.285588748,6.714213769,0.0,0.0,0.318366248,6.714213769
2021-07-26,3.150662698,0.252867505,6.714213769,0.0,0.0,0.285588748,6.714213769
2021-07-27,0.0,0.224722502,6.714213769,3.150662698,0.0,0.252867505,6.714213769
2021-07-28,0.0,0.201410002,6.714213769,0.0,3.150662698,0.224722502,6.714213769
2021-07-29,8.661976601,0.189658751,6.714213769,0.0,0.0,0.201410002,6.714213769
2021-07-30,3.512404122,0.173709999,6.714213769,8.661976601,0.0,0.189658751,6.714213769
2021-07-31,0.0,0.169498748,6.714213769,3.512404122,8.661976601,0.173709999,6.714213769
2021-08-01,0.0,0.162637498,6.714213769,0.0,3.512404122,0.169498748,6.714213769
2021-08-02,0.0,0.1545625,6.714213769,0.0,0.0,0.162637498,6.714213769
2021-08-03,0.0,0.145547502,6.714213769,0.0,0.0,0.1545625,6.714213769
2021-08-04,0.0,0.136457497,6.714213769,0.0,0.0,0.145547502,6.714213769
2021-08-05,0.579420486,0.127826249,6.714213769,0.0,0.0,0.136457497,6.714213769
2021-08-06,0.0,0.1198725,6.714213769,0.579420486,0.0,0.127826249,6.714213769
2021-08-07,0.0,0.1126525,6.714213769,0.0,0.579420486,0.1198725,6.714213769
2021-08-08,0.0,0.10615625,6.714213769,0.0,0.0,0.1126525,6.714213769
2021-08-09,2.095206878,0.10036375,6.714213769,0.0,0.0,0.10615625,6.714213769
2021-08-10,0.0,0.09523625,6.714213769,2.095206878,0.0,0.10036375,6.714213769
2021-08-11,0.0,0.090690001,6.714213769,0.0,2.095206878,0.09523625,6.714213769
2021-08-12,17.52074382,0.158233749,6.714213769,0.0,0.0,0.090690001,6.714213769
2021-08-13,4.847950056,0.094706251,6.714213769,17.52074382,0.0,0.158233749,6.714213769
2021-08-14,7.345794402,0.120216251,6.714213769,4.847950056,17.52074382,0.094706251,6.714213769
2021-08-15,17.88193412,0.130880001,6.714213769,7.345794402,4.847950056,0.120216251,6.714213769
2021-08-16,27.82128953,0.231557502,6.714213769,17.88193412,7.345794402,0.130880001,6.714213769
2021-08-17,11.13561713,0.190961252,6.714213769,27.82128953,17.88193412,0.231557502,6.714213769
2021-08-18,3.308314893,0.2082,6.714213769,11.13561713,27.82128953,0.190961252,6.714213769
2021-08-19,8.349433505,0.225014999,6.714213769,3.308314893,11.13561713,0.2082,6.714213769
2021-08-20,5.567808563,0.222938748,6.714213769,8.349433505,3.308314893,0.225014999,6.714213769
2021-08-21,1.092807981,0.215921251,6.714213769,5.567808563,8.349433505,0.222938748,6.714213769
2021-08-22,0.0,0.204581252,6.714213769,1.092807981,5.567808563,0.215921251,6.714213769
2021-08-23,11.81792579,0.194643752,6.714213769,0.0,1.092807981,0.204581252,6.714213769
2021-08-24,0.514639209,0.18172125,6.714213769,11.81792579,0.0,0.194643752,6.714213769
2021-08-25,0.0,0.169419998,6.714213769,0.514639209,11.81792579,0.18172125,6.714213769
2021-08-26,0.962121111,0.1575325,6.714213769,0.0,0.514639209,0.169419998,6.714213769
2021-08-27,0.38697076,0.148292499,6.714213769,0.962121111,0.0,0.1575325,6.714213769
2021-08-28,20.94894029,0.147728749,6.714213769,0.38697076,0.962121111,0.148292499,6.714213769
2021-08-29,5.566470664,0.135943749,6.714213769,20.94894029,0.38697076,0.147728749,6.714213769
2021-08-30,16.11020039,0.135524997,6.714213769,5.566470664,20.94894029,0.135943749,6.714213769
2021-08-31,0.0,0.134975003,6.714213769,16.11020039,5.566470664,0.135524997,6.714213769
2021-09-01,3.387665325,0.13423125,6.714213769,0.0,16.11020039,0.134975003,6.714213769
2021-09-02,3.443400362,0.137125001,6.714213769,3.387665325,0.0,0.13423125,6.714213769
2021-09-03,8.754888459,0.150344998,6.714213769,3.443400362,3.387665325,0.137125001,6.714213769
2021-09-04,8.162738254,0.171136247,6.714213769,8.754888459,3.443400362,0.150344998,6.714213769
2021-09-05,2.760264388,0.177392501,6.714213769,8.162738254,8.754888459,0.171136247,6.714213769
2021-09-06,7.637448429,0.191226248,6.714213769,2.760264388,8.162738254,0.177392501,6.714213769
2021-09-07,0.0,0.189043751,6.714213769,7.637448429,2.760264388,0.191226248,6.714213769
2021-09-08,3.30287142,0.181913751,6.714213769,0.0,7.637448429,0.189043751,6.714213769
2021-09-09,0.0,0.172285,6.714213769,3.30287142,0.0,0.181913751,6.714213769
2021-09-10,3.973153132,0.163157502,6.714213769,0.0,3.30287142,0.172285,6.714213769
2021-09-11,0.269331668,0.158455003,6.714213769,3.973153132,0.0,0.163157502,6.714213769
2021-09-12,5.746288987,0.15749375,6.714213769,0.269331668,3.973153132,0.158455003,6.714213769
2021-09-13,0.0,0.148459999,6.714213769,5.746288987,0.269331668,0.15749375,6.714213769
2021-09-14,0.0,0.15000375,6.714213769,0.0,5.746288987,0.148459999,6.714213769
2021-09-15,0.269331668,0.146893752,6.714213769,0.0,0.0,0.15000375,6.714213769
2021-09-16,1.064675953,0.1424125,6.714213769,0.269331668,0.0,0.146893752,6.714213769
2021-09-17,0.16750247,0.136477498,6.714213769,1.064675953,0.269331668,0.1424125,6.714213769
2021-09-18,0.0,0.130983749,6.714213769,0.16750247,1.064675953,0.136477498,6.714213769
2021-09-19,0.0,0.124863749,6.714213769,0.0,0.16750247,0.130983749,6.714213769
2021-09-20,0.16750247,0.1185425,6.714213769,0.0,0.0,0.124863749,6.714213769
2021-09-21,10.2214982,0.11247375,6.714213769,0.16750247,0.0,0.1185425,6.714213769
2021-09-22,10.2214982,0.1536225,6.714213769,10.2214982,0.16750247,0.11247375,6.714213769
2021-09-23,13.96723248,0.160712502,6.714213769,10.2214982,10.2214982,0.1536225,6.714213769
2021-09-24,0.756120193,0.13612875,6.714213769,13.96723248,10.2214982,0.160712502,6.714213769
2021-09-25,5.904610534,0.155464998,6.714213769,0.756120193,13.96723248,0.13612875,6.714213769
2021-09-26,6.49143721,0.177676251,6.714213769,5.904610534,0.756120193,0.155464998,6.714213769
2021-09-27,11.81781933,0.17148625,6.714213769,6.49143721,5.904610534,0.177676251,6.714213769
2021-09-28,0.0,0.180888751,6.714213769,11.81781933,6.49143721,0.17148625,6.714213769
2021-09-29,2.198762229,0.1876125,6.714213769,0.0,11.81781933,0.180888751,6.714213769
2021-09-30,4.780863034,0.1854375,6.714213769,2.198762229,0.0,0.1876125,6.714213769
2021-10-01,0.0,0.17883875,6.714213769,4.780863034,2.198762229,0.1854375,6.714213769
2021-10-02,0.600071945,0.169491248,6.714213769,0.0,4.780863034,0.17883875,6.714213769
2021-10-03,1.513417056,0.158762497,6.714213769,0.600071945,0.0,0.169491248,6.714213769
2021-10-04,0.0,0.148525,6.714213769,1.513417056,0.600071945,0.158762497,6.714213769
2021-10-05,17.36711446,0.140078751,6.714213769,0.0,1.513417056,0.148525,6.714213769
2021-10-06,5.891171604,0.132406252,6.714213769,17.36711446,0.0,0.140078751,6.714213769
2021-10-07,0.0,0.126333751,6.714213769,5.891171604,17.36711446,0.132406252,6.714213769
2021-10-08,32.18522408,0.123368751,6.714213769,0.0,5.891171604,0.126333751,6.714213769
2021-10-09,17.80241527,0.177492499,6.714213769,32.18522408,0.0,0.123368751,6.714213769
2021-10-10,1.35078848,0.129512499,6.714213769,17.80241527,32.18522408,0.177492499,6.714213769
2021-10-11,8.115020834,0.176818751,6.714213769,1.35078848,17.80241527,0.129512499,6.714213769
2021-10-12,3.204472585,0.17311625,6.714213769,8.115020834,1.35078848,0.176818751,6.714213769
2021-10-13,0.0,0.186706251,6.714213769,3.204472585,8.115020834,0.17311625,6.714213769
2021-10-14,2.712447333,0.1845025,6.714213769,0.0,3.204472585,0.186706251,6.714213769
2021-10-15,0.0,0.175349999,6.714213769,2.712447333,0.0,0.1845025,6.714213769
2021-10-16,9.266847365,0.164957504,6.714213769,0.0,2.712447333,0.175349999,6.714213769
2021-10-17,7.175251066,0.154538749,6.714213769,9.266847365,0.0,0.164957504,6.714213769
2021-10-18,4.897263036,0.19406125,6.714213769,7.175251066,9.266847365,0.154538749,6.714213769
2021-10-19,1.051228972,0.15668125,6.714213769,4.897263036,7.175251066,0.19406125,6.714213769
2021-10-20,1.555824981,0.167012501,6.714213769,1.051228972,4.897263036,0.15668125,6.714213769
2021-10-21,0.382727981,0.167269999,6.714213769,1.555824981,1.051228972,0.167012501,6.714213769
2021-10-22,0.0,0.1620175,6.714213769,0.382727981,1.555824981,0.167269999,6.714213769
2021-10-23,0.0,0.15428,6.714213769,0.0,0.382727981,0.1620175,6.714213769
2021-10-24,10.0573976,0.152099998,6.714213769,0.0,0.0,0.15428,6.714213769
2021-10-25,0.0,0.14117875,6.714213769,10.0573976,0.0,0.152099998,6.714213769
2021-10-26,0.0,0.139124999,6.714213769,0.0,10.0573976,0.14117875,6.714213769
2021-10-27,0.0,0.136737498,6.714213769,0.0,0.0,0.139124999,6.714213769
2021-10-28,7.065760203,0.160700001,6.714213769,0.0,0.0,0.136737498,6.714213769
2021-10-29,24.06981821,0.157895001,6.714213769,7.065760203,0.0,0.160700001,6.714213769
2021-10-30,11.49835588,0.165883748,6.714213769,24.06981821,7.065760203,0.157895001,6.714213769
2021-10-31,26.24575085,0.436668755,6.714213769,11.49835588,24.06981821,0.165883748,6.714213769
2021-11-01,62.17534681,0.724723757,6.714213769,26.24575085,11.49835588,0.436668755,6.714213769
2021-11-02,54.2672038,0.625568749,6.714213769,62.17534681,26.24575085,0.724723757,6.714213769
2021-11-03,58.40025053,0.892532492,6.714213769,54.2672038,62.17534681,0.625568749,6.714213769
2021-11-04,26.97138023,0.889670001,6.714213769,58.40025053,54.2672038,0.892532492,6.714213769
2021-11-05,3.334668306,0.925977502,6.714213769,26.97138023,58.40025053,0.889670001,6.714213769
2021-11-06,11.79807813,0.974704996,6.714213769,3.334668306,26.97138023,0.925977502,6.714213769
2021-11-07,46.87731626,0.961463749,6.714213769,11.79807813,3.334668306,0.974704996,6.714213769
2021-11-08,74.93620574,1.440585003,6.714213769,46.87731626,11.79807813,0.961463749,6.714213769
2021-11-09,18.88322389,1.829299981,6.714213769,74.93620574,46.87731626,1.440585003,6.714213769
2021-11-10,83.96126409,2.611347497,6.714213769,18.88322389,74.93620574,1.829299981,6.714213769
2021-11-11,54.0082016,2.584175017,6.714213769,83.96126409,18.88322389,2.611347497,6.714213769
2021-11-12,0.0,2.382505,6.714213769,54.0082016,83.96126409,2.584175017,6.714213769
2021-11-13,0.0,1.947186253,6.714213769,0.0,54.0082016,2.382505,6.714213769
2021-11-14,0.0,1.518830001,6.714213769,0.0,0.0,1.947186253,6.714213769
2021-11-15,60.62764897,1.230138782,6.714213769,0.0,0.0,1.518830001,6.714213769
2021-11-16,19.0066472,1.031592503,6.714213769,60.62764897,0.0,1.230138782,6.714213769
2021-11-17,76.07858293,1.229911249,6.714213769,19.0066472,60.62764897,1.031592503,6.714213769
2021-11-18,110.3986186,1.182175011,6.714213769,76.07858293,19.0066472,1.229911249,6.714213769
2021-11-19,3.425871991,1.37203373,6.714213769,110.3986186,76.07858293,1.182175011,6.714213769
2021-11-20,42.78443413,1.373466249,6.714213769,3.425871991,110.3986186,1.37203373,6.714213769
2021-11-21,0.0,1.181570009,6.714213769,42.78443413,3.425871991,1.373466249,6.714213769
2021-11-22,10.45848918,1.002353752,6.714213769,0.0,42.78443413,1.181570009,6.714213769
2021-11-23,0.0,0.850858741,6.714213769,10.45848918,0.0,1.002353752,6.714213769
2021-11-24,0.0,0.726191254,6.714213769,0.0,10.45848918,0.850858741,6.714213769
2021-11-25,72.95091789,0.643298751,6.714213769,0.0,0.0,0.726191254,6.714213769
2021-11-26,78.40278624,0.792747498,6.714213769,72.95091789,0.0,0.643298751,6.714213769
2021-11-27,54.90505594,1.023167511,6.714213769,78.40278624,72.95091789,0.792747498,6.714213769
2021-11-28,58.23270745,1.735961233,6.714213769,54.90505594,78.40278624,1.023167511,6.714213769
2021-11-29,51.42452806,1.871570011,6.714213769,58.23270745,54.90505594,1.735961233,6.714213769
2021-11-30,0.0,1.649908751,6.714213769,51.42452806,58.23270745,1.871570011,6.714213769
2021-12-01,8.195906851,1.347203761,6.714213769,0.0,51.42452806,1.649908751,6.714213769
2021-12-02,0.0,1.165143752,6.714213769,8.195906851,0.0,1.347203761,6.714213769
2021-12-03,0.0,0.991676239,6.714213769,0.0,8.195906851,1.165143752,6.714213769
2021-12-04,0.0,0.915311255,6.714213769,0.0,0.0,0.991676239,6.714213769
2021-12-05,0.0,0.8413525,6.714213769,0.0,0.0,0.915311255,6.714213769
2021-12-06,0.0,0.740851261,6.714213769,0.0,0.0,0.8413525,6.714213769
2021-12-07,0.0,0.644850001,6.714213769,0.0,0.0,0.740851261,6.714213769
2021-12-08,0.341109083,0.561883748,6.714213769,0.0,0.0,0.644850001,6.714213769
2021-12-09,1.72008654,0.492838752,6.714213769,0.341109083,0.0,0.561883748,6.714213769
2021-12-10,6.128654364,0.436055001,6.714213769,1.72008654,0.341109083,0.492838752,6.714213769
2021-12-11,2.897537861,0.388685003,6.714213769,6.128654364,1.72008654,0.436055001,6.714213769
2021-12-12,1.714815373,0.350560004,6.714213769,2.897537861,6.128654364,0.388685003,6.714213769
2021-12-13,0.0,0.316516247,6.714213769,1.714815373,2.897537861,0.350560004,6.714213769
2021-12-14,0.0,0.292353753,6.714213769,0.0,1.714815373,0.316516247,6.714213769
2021-12-15,0.0,0.272507499,6.714213769,0.0,0.0,0.292353753,6.714213769
2021-12-16,10.0126511,0.252537499,6.714213769,0.0,0.0,0.272507499,6.714213769
2021-12-17,0.0,0.238726253,6.714213769,10.0126511,0.0,0.252537499,6.714213769
2021-12-18,0.0,0.225303749,6.714213769,0.0,10.0126511,0.238726253,6.714213769
2021-12-19,0.0,0.211888753,6.714213769,0.0,0.0,0.225303749,6.714213769
2021-12-20,0.0,0.1988425,6.714213769,0.0,0.0,0.211888753,6.714213769
2021-12-21,0.0,0.186483752,6.714213769,0.0,0.0,0.1988425,6.714213769
2021-12-22,6.899525031,0.174991248,6.714213769,0.0,0.0,0.186483752,6.714213769
2021-12-23,0.0,0.164382501,6.714213769,6.899525031,0.0,0.174991248,6.714213769
2021-12-24,0.0,0.15464,6.714213769,0.0,6.899525031,0.164382501,6.714213769
2021-12-25,4.892787606,0.145733748,6.714213769,0.0,0.0,0.15464,6.714213769
2021-12-26,0.0,0.137767499,6.714213769,4.892787606,0.0,0.145733748,6.714213769
2021-12-27,0.0,0.130337499,6.714213769,0.0,4.892787606,0.137767499,6.714213769
2021-12-28,0.0,0.124543751,6.714213769,0.0,0.0,0.130337499,6.714213769
2021-12-29,0.0,0.11808375,6.714213769,0.0,0.0,0.124543751,6.714213769
2021-12-30,30.66400336,0.18921875,6.714213769,0.0,0.0,0.11808375,6.714213769
2021-12-31,19.58130861,0.1283175,6.714213769,30.66400336,0.0,0.18921875,6.714213769
2022-01-01,14.55352423,0.11864125,6.714213769,19.58130861,30.66400336,0.1283175,6.714213769
2022-01-02,3.354942865,0.124135001,6.714213769,14.55352423,19.58130861,0.11864125,6.714213769
2022-01-03,0.0,0.126046248,6.714213769,3.354942865,14.55352423,0.124135001,6.714213769
2022-01-04,0.0,0.125117501,6.714213769,0.0,3.354942865,0.126046248,6.714213769
2022-01-05,0.0,0.122425001,6.714213769,0.0,0.0,0.125117501,6.714213769
2022-01-06,0.0,0.118748751,6.714213769,0.0,0.0,0.122425001,6.714213769
2022-01-07,2.501707917,0.11459125,6.714213769,0.0,0.0,0.118748751,6.714213769
2022-01-08,2.919022627,0.1102525,6.714213769,2.501707917,0.0,0.11459125,6.714213769
2022-01-09,0.0,0.10591625,6.714213769,2.919022627,2.501707917,0.1102525,6.714213769
2022-01-10,0.0,0.105700001,6.714213769,0.0,2.919022627,0.10591625,6.714213769
2022-01-11,0.0,0.097848749,6.714213769,0.0,0.0,0.105700001,6.714213769
2022-01-12,0.0,0.0948025,6.714213769,0.0,0.0,0.097848749,6.714213769
2022-01-13,0.0,0.09200875,6.714213769,0.0,0.0,0.0948025,6.714213769
2022-01-14,0.0,0.089239999,6.714213769,0.0,0.0,0.09200875,6.714213769
2022-01-15,0.0,0.086493749,6.714213769,0.0,0.0,0.089239999,6.714213769
2022-01-16,0.721277723,0.083814999,6.714213769,0.0,0.0,0.086493749,6.714213769
2022-01-17,0.379654715,0.08122375,6.714213769,0.721277723,0.0,0.083814999,6.714213769
2022-01-18,0.0,0.0786975,6.714213769,0.379654715,0.721277723,0.08122375,6.714213769
2022-01-19,0.0,0.076235,6.714213769,0.0,0.379654715,0.0786975,6.714213769
2022-01-20,0.0,0.073849999,6.714213769,0.0,0.0,0.076235,6.714213769
2022-01-21,0.0,0.07155625,6.714213769,0.0,0.0,0.073849999,6.714213769
2022-01-22,0.0,0.069358749,6.714213769,0.0,0.0,0.07155625,6.714213769
2022-01-23,0.0,0.06726375,6.714213769,0.0,0.0,0.069358749,6.714213769
2022-01-24,0.47161038,0.065268749,6.714213769,0.0,0.0,0.06726375,6.714213769
2022-01-25,0.0,0.063369999,6.714213769,0.47161038,0.0,0.065268749,6.714213769
2022-01-26,0.0,0.061575,6.714213769,0.0,0.47161038,0.063369999,6.714213769
2022-01-27,0.0,0.059883751,6.714213769,0.0,0.0,0.061575,6.714213769
2022-01-28,0.0,0.058283751,6.714213769,0.0,0.0,0.059883751,6.714213769
2022-01-29,0.0,0.05676375,6.714213769,0.0,0.0,0.058283751,6.714213769
2022-01-30,0.0,0.05532125,6.714213769,0.0,0.0,0.05676375,6.714213769
2022-01-31,0.0,0.053950001,6.714213769,0.0,0.0,0.05532125,6.714213769
2022-02-01,0.0,0.0524975,6.714213769,0.0,0.0,0.053950001,6.714213769
2022-02-02,0.0,0.051265,6.714213769,0.0,0.0,0.0524975,6.714213769
2022-02-03,0.0,0.050087499,6.714213769,0.0,0.0,0.051265,6.714213769
2022-02-04,0.0,0.04897125,6.714213769,0.0,0.0,0.050087499,6.714213769
2022-02-05,0.559707999,0.0479075,6.714213769,0.0,0.0,0.04897125,6.714213769
2022-02-06,0.0,0.04689375,6.714213769,0.559707999,0.0,0.0479075,6.714213769
2022-02-07,0.0,0.04592625,6.714213769,0.0,0.559707999,0.04689375,6.714213769
2022-02-08,0.0,0.045035001,6.714213769,0.0,0.0,0.04592625,6.714213769
2022-02-09,0.07612025,0.053785001,6.714213769,0.0,0.0,0.045035001,6.714213769
2022-02-10,1.216110717,0.04372,6.714213769,0.07612025,0.0,0.053785001,6.714213769
2022-02-11,0.0,0.046378751,6.714213769,1.216110717,0.07612025,0.04372,6.714213769
2022-02-12,0.0,0.0436775,6.714213769,0.0,1.216110717,0.046378751,6.714213769
2022-02-13,0.0,0.0439675,6.714213769,0.0,0.0,0.0436775,6.714213769
2022-02-14,0.0,0.044221251,6.714213769,0.0,0.0,0.0439675,6.714213769
2022-02-15,0.0,0.04433,6.714213769,0.0,0.0,0.044221251,6.714213769
2022-02-16,0.0,0.0442825,6.714213769,0.0,0.0,0.04433,6.714213769
2022-02-17,0.0,0.044103749,6.714213769,0.0,0.0,0.0442825,6.714213769
2022-02-18,0.0,0.043825,6.714213769,0.0,0.0,0.044103749,6.714213769
2022-02-19,0.0,0.04346375,6.714213769,0.0,0.0,0.043825,6.714213769
2022-02-20,0.0,0.04304125,6.714213769,0.0,0.0,0.04346375,6.714213769
2022-02-21,0.0,0.042566251,6.714213769,0.0,0.0,0.04304125,6.714213769
2022-02-22,0.0,0.04205375,6.714213769,0.0,0.0,0.042566251,6.714213769
2022-02-23,0.0,0.0415175,6.714213769,0.0,0.0,0.04205375,6.714213769
2022-02-24,0.0,0.040965,6.714213769,0.0,0.0,0.0415175,6.714213769
2022-02-25,0.0,0.0403975,6.714213769,0.0,0.0,0.040965,6.714213769
2022-02-26,0.0,0.03983375,6.714213769,0.0,0.0,0.0403975,6.714213769
2022-02-27,0.0,0.039264999,6.714213769,0.0,0.0,0.03983375,6.714213769
2022-02-28,0.0,0.038705001,6.714213769,0.0,0.0,0.039264999,6.714213769
2022-03-01,0.0,0.0379625,6.714213769,0.0,0.0,0.038705001,6.714213769
2022-03-02,0.0,0.03742125,6.714213769,0.0,0.0,0.0379625,6.714213769
2022-03-03,2.529240986,0.03736375,6.714213769,0.0,0.0,0.03742125,6.714213769
2022-03-04,0.033111476,0.036791251,6.714213769,2.529240986,0.0,0.03736375,6.714213769
2022-03-05,1.849514705,0.04175375,6.714213769,0.033111476,2.529240986,0.036791251,6.714213769
2022-03-06,0.0,0.03594875,6.714213769,1.849514705,0.033111476,0.04175375,6.714213769
2022-03-07,0.0,0.03608125,6.714213769,0.0,1.849514705,0.03594875,6.714213769
2022-03-08,0.0,0.0363725,6.714213769,0.0,0.0,0.03608125,6.714213769
2022-03-09,0.0,0.03661125,6.714213769,0.0,0.0,0.0363725,6.714213769
2022-03-10,0.0,0.03674875,6.714213769,0.0,0.0,0.03661125,6.714213769
2022-03-11,0.0,0.03677625,6.714213769,0.0,0.0,0.03674875,6.714213769
2022-03-12,0.0,0.036713751,6.714213769,0.0,0.0,0.03677625,6.714213769
2022-03-13,0.0,0.03657125,6.714213769,0.0,0.0,0.036713751,6.714213769
2022-03-14,0.0,0.036362501,6.714213769,0.0,0.0,0.03657125,6.714213769
2022-03-15,0.0,0.036115,6.714213769,0.0,0.0,0.036362501,6.714213769
2022-03-16,0.61158765,0.035865001,6.714213769,0.0,0.0,0.036115,6.714213769
2022-03-17,0.0,0.03552625,6.714213769,0.61158765,0.0,0.035865001,6.714213769
2022-03-18,0.0,0.03521,6.714213769,0.0,0.61158765,0.03552625,6.714213769
2022-03-19,0.0,0.03487875,6.714213769,0.0,0.0,0.03521,6.714213769
2022-03-20,0.020810554,0.03453375,6.714213769,0.0,0.0,0.03487875,6.714213769
2022-03-21,0.0,0.03417875,6.714213769,0.020810554,0.0,0.03453375,6.714213769
2022-03-22,0.0,0.033811249,6.714213769,0.0,0.020810554,0.03417875,6.714213769
2022-03-23,0.0,0.221716249,6.714213769,0.0,0.0,0.033811249,6.714213769
2022-03-24,0.0,0.0385475,6.714213769,0.0,0.0,0.221716249,6.714213769
2022-03-25,0.0,0.04912875,6.714213769,0.0,0.0,0.0385475,6.714213769
2022-03-26,0.0,0.05735625,6.714213769,0.0,0.0,0.04912875,6.714213769
2022-03-27,0.0,0.062676249,6.714213769,0.0,0.0,0.05735625,6.714213769
2022-03-28,0.0,0.065748749,6.714213769,0.0,0.0,0.062676249,6.714213769
2022-03-29,0.0,0.067223748,6.714213769,0.0,0.0,0.065748749,6.714213769
2022-03-30,0.0,0.06759875,6.714213769,0.0,0.0,0.067223748,6.714213769
2022-03-31,0.0,0.067327499,6.714213769,0.0,0.0,0.06759875,6.714213769
2022-04-01,0.0,0.06639375,6.714213769,0.0,0.0,0.067327499,6.714213769
2022-04-02,0.0,0.06545625,6.714213769,0.0,0.0,0.06639375,6.714213769
2022-04-03,0.0,0.06435,6.714213769,0.0,0.0,0.06545625,6.714213769
2022-04-04,0.0,0.063272501,6.714213769,0.0,0.0,0.06435,6.714213769
2022-04-05,0.0,0.06213,6.714213769,0.0,0.0,0.063272501,6.714213769
2022-04-06,0.0,0.06090625,6.714213769,0.0,0.0,0.06213,6.714213769
2022-04-07,0.0,0.0596225,6.714213769,0.0,0.0,0.06090625,6.714213769
2022-04-08,0.0,0.0583,6.714213769,0.0,0.0,0.0596225,6.714213769
2022-04-09,0.0,0.05712875,6.714213769,0.0,0.0,0.0583,6.714213769
2022-04-10,0.0,0.055732499,6.714213769,0.0,0.0,0.05712875,6.714213769
2022-04-11,0.0,0.05459125,6.714213769,0.0,0.0,0.055732499,6.714213769
2022-04-12,0.0,0.053488751,6.714213769,0.0,0.0,0.05459125,6.714213769
2022-04-13,5.218235665,0.0524175,6.714213769,0.0,0.0,0.053488751,6.714213769
2022-04-14,0.0,0.0513375,6.714213769,5.218235665,0.0,0.0524175,6.714213769
2022-04-15,0.0,0.05032625,6.714213769,0.0,5.218235665,0.0513375,6.714213769
2022-04-16,0.40442082,0.04935,6.714213769,0.0,0.0,0.05032625,6.714213769
2022-04-17,3.013771616,0.048636249,6.714213769,0.40442082,0.0,0.04935,6.714213769
2022-04-18,0.0,0.04757875,6.714213769,3.013771616,0.40442082,0.048636249,6.714213769
2022-04-19,0.0,0.046845,6.714213769,0.0,3.013771616,0.04757875,6.714213769
2022-04-20,0.0,0.046125,6.714213769,0.0,0.0,0.046845,6.714213769
2022-04-21,0.0,0.045405,6.714213769,0.0,0.0,0.046125,6.714213769
2022-04-22,0.0,0.04467375,6.714213769,0.0,0.0,0.045405,6.714213769
2022-04-23,0.0,0.043945,6.714213769,0.0,0.0,0.04467375,6.714213769
2022-04-24,0.0,0.043205,6.714213769,0.0,0.0,0.043945,6.714213769
2022-04-25,0.0,0.042485,6.714213769,0.0,0.0,0.043205,6.714213769
2022-04-26,0.0,0.041777501,6.714213769,0.0,0.0,0.042485,6.714213769
2022-04-27,0.0,0.04108375,6.714213769,0.0,0.0,0.041777501,6.714213769
2022-04-28,0.0,0.0404,6.714213769,0.0,0.0,0.04108375,6.714213769
2022-04-29,0.0,0.039725,6.714213769,0.0,0.0,0.0404,6.714213769
2022-04-30,0.0,0.039065,6.714213769,0.0,0.0,0.039725,6.714213769
2022-05-01,0.0,0.03835,6.714213769,0.0,0.0,0.039065,6.714213769
2022-05-02,0.0,0.03772375,6.714213769,0.0,0.0,0.03835,6.714213769
2022-05-03,0.0,0.0371175,6.714213769,0.0,0.0,0.03772375,6.714213769
2022-05-04,0.0,0.03654,6.714213769,0.0,0.0,0.0371175,6.714213769
2022-05-05,0.0,0.03596625,6.714213769,0.0,0.0,0.03654,6.714213769
2022-05-06,0.0,0.03543,6.714213769,0.0,0.0,0.03596625,6.714213769
2022-05-07,0.0,0.0349125,6.714213769,0.0,0.0,0.03543,6.714213769
2022-05-08,1.738454634,0.0356,6.714213769,0.0,0.0,0.0349125,6.714213769
2022-05-09,7.098914319,0.133337501,6.714213769,1.738454634,0.0,0.0356,6.714213769
2022-05-10,6.23755763,0.348963741,6.714213769,7.098914319,1.738454634,0.133337501,6.714213769
2022-05-11,8.113722578,0.099631249,6.714213769,6.23755763,7.098914319,0.348963741,6.714213769
2022-05-12,1.106540032,0.15603,6.714213769,8.113722578,6.23755763,0.099631249,6.714213769
2022-05-13,3.071796486,0.191688748,6.714213769,1.106540032,8.113722578,0.15603,6.714213769
2022-05-14,0.308524848,0.1971075,6.714213769,3.071796486,1.106540032,0.191688748,6.714213769
2022-05-15,1.448680074,0.189487502,6.714213769,0.308524848,3.071796486,0.1971075,6.714213769
2022-05-16,3.769118304,0.177838751,6.714213769,1.448680074,0.308524848,0.189487502,6.714213769
2022-05-17,3.587018138,0.165770002,6.714213769,3.769118304,1.448680074,0.177838751,6.714213769
2022-05-18,0.0,0.154437503,6.714213769,3.587018138,3.769118304,0.165770002,6.714213769
2022-05-19,0.0,0.143906253,6.714213769,0.0,3.587018138,0.154437503,6.714213769
2022-05-20,0.0,0.1342775,6.714213769,0.0,0.0,0.143906253,6.714213769
2022-05-21,0.0,0.12559125,6.714213769,0.0,0.0,0.1342775,6.714213769
2022-05-22,0.0,0.11780625,6.714213769,0.0,0.0,0.12559125,6.714213769
2022-05-23,0.0,0.110842502,6.714213769,0.0,0.0,0.11780625,6.714213769
2022-05-24,0.0,0.1046075,6.714213769,0.0,0.0,0.110842502,6.714213769
2022-05-25,0.52350081,0.099007501,6.714213769,0.0,0.0,0.1046075,6.714213769
2022-05-26,0.0,0.093968749,6.714213769,0.52350081,0.0,0.099007501,6.714213769
2022-05-27,0.0,0.08943625,6.714213769,0.0,0.52350081,0.093968749,6.714213769
2022-05-28,0.0,0.0853425,6.714213769,0.0,0.0,0.08943625,6.714213769
2022-05-29,0.0,0.081610001,6.714213769,0.0,0.0,0.0853425,6.714213769
2022-05-30,0.0,0.0781875,6.714213769,0.0,0.0,0.081610001,6.714213769
2022-05-31,0.0,0.07503625,6.714213769,0.0,0.0,0.0781875,6.714213769
2022-06-01,0.0,0.071807501,6.714213769,0.0,0.0,0.07503625,6.714213769
2022-06-02,0.0,0.0691425,6.714213769,0.0,0.0,0.071807501,6.714213769
2022-06-03,0.0,0.06666625,6.714213769,0.0,0.0,0.0691425,6.714213769
2022-06-04,0.0,0.064363749,6.714213769,0.0,0.0,0.06666625,6.714213769
2022-06-05,0.0,0.0622175,6.714213769,0.0,0.0,0.064363749,6.714213769
2022-06-06,0.0,0.0602175,6.714213769,0.0,0.0,0.0622175,6.714213769
2022-06-07,3.593166879,0.05835,6.714213769,0.0,0.0,0.0602175,6.714213769
2022-06-08,0.0,0.05660875,6.714213769,3.593166879,0.0,0.05835,6.714213769
2022-06-09,0.0,0.05497375,6.714213769,0.0,3.593166879,0.05660875,6.714213769
2022-06-10,0.0,0.0534325,6.714213769,0.0,0.0,0.05497375,6.714213769
2022-06-11,15.573633,0.0632,6.714213769,0.0,0.0,0.0534325,6.714213769
2022-06-12,0.0,0.05082875,6.714213769,15.573633,0.0,0.0632,6.714213769
2022-06-13,0.0,0.0504125,6.714213769,0.0,15.573633,0.05082875,6.714213769
2022-06-14,0.0,0.05020875,6.714213769,0.0,0.0,0.0504125,6.714213769
2022-06-15,0.0,0.04991625,6.714213769,0.0,0.0,0.05020875,6.714213769
2022-06-16,5.376841437,0.0494675,6.714213769,0.0,0.0,0.04991625,6.714213769
2022-06-17,4.621950732,0.0488825,6.714213769,5.376841437,0.0,0.0494675,6.714213769
2022-06-18,3.812413554,0.048185001,6.714213769,4.621950732,5.376841437,0.0488825,6.714213769
2022-06-19,6.634762458,0.04757125,6.714213769,3.812413554,4.621950732,0.048185001,6.714213769
2022-06-20,6.417328731,0.04689125,6.714213769,6.634762458,3.812413554,0.04757125,6.714213769
2022-06-21,14.40834028,0.07603375,6.714213769,6.417328731,6.634762458,0.04689125,6.714213769
2022-06-22,0.522745043,0.08546125,6.714213769,14.40834028,6.417328731,0.07603375,6.714213769
2022-06-23,12.07279589,0.132601252,6.714213769,0.522745043,14.40834028,0.08546125,6.714213769
2022-06-24,9.529631079,0.188127501,6.714213769,12.07279589,0.522745043,0.132601252,6.714213769
2022-06-25,3.011560012,0.09861625,6.714213769,9.529631079,12.07279589,0.188127501,6.714213769
2022-06-26,0.0,0.131917499,6.714213769,3.011560012,9.529631079,0.09861625,6.714213769
2022-06-27,12.99114762,0.15056,6.714213769,0.0,3.011560012,0.131917499,6.714213769
2022-06-28,4.558116738,0.153377497,6.714213769,12.99114762,0.0,0.15056,6.714213769
2022-06-29,0.0,0.1543875,6.714213769,4.558116738,12.99114762,0.153377497,6.714213769
2022-06-30,4.362670295,0.1525375,6.714213769,0.0,4.558116738,0.1543875,6.714213769
2022-07-01,0.0,0.1470775,6.714213769,4.362670295,0.0,0.1525375,6.714213769
2022-07-02,0.563702378,0.141453751,6.714213769,0.0,4.362670295,0.1470775,6.714213769
2022-07-03,14.12751155,0.16213,6.714213769,0.563702378,0.0,0.141453751,6.714213769
2022-07-04,2.218986662,0.146185001,6.714213769,14.12751155,0.563702378,0.16213,6.714213769
2022-07-05,17.71639118,0.1668025,6.714213769,2.218986662,14.12751155,0.146185001,6.714213769
2022-07-06,4.968660335,0.1888925,6.714213769,17.71639118,2.218986662,0.1668025,6.714213769
2022-07-07,1.643087108,0.205121249,6.714213769,4.968660335,17.71639118,0.1888925,6.714213769
2022-07-08,8.573428037,0.221423751,6.714213769,1.643087108,4.968660335,0.205121249,6.714213769
2022-07-09,8.5328729,0.229073749,6.714213769,8.573428037,1.643087108,0.221423751,6.714213769
2022-07-10,4.545197327,0.227875002,6.714213769,8.5328729,8.573428037,0.229073749,6.714213769
2022-07-11,10.19886263,0.231306252,6.714213769,4.545197327,8.5328729,0.227875002,6.714213769
2022-07-12,0.0,0.227217501,6.714213769,10.19886263,4.545197327,0.231306252,6.714213769
2022-07-13,0.0,0.217924999,6.714213769,0.0,10.19886263,0.227217501,6.714213769
2022-07-14,0.0,0.20418375,6.714213769,0.0,0.0,0.217924999,6.714213769
2022-07-15,0.0,0.190778751,6.714213769,0.0,0.0,0.20418375,6.714213769
2022-07-16,4.100511218,0.177716251,6.714213769,0.0,0.0,0.190778751,6.714213769
2022-07-17,0.87967521,0.166488751,6.714213769,4.100511218,0.0,0.177716251,6.714213769
2022-07-18,14.48222441,0.19145875,6.714213769,0.87967521,4.100511218,0.166488751,6.714213769
2022-07-19,0.0,0.158992499,6.714213769,14.48222441,0.87967521,0.19145875,6.714213769
2022-07-20,4.2372528,0.165945003,6.714213769,0.0,14.48222441,0.158992499,6.714213769
2022-07-21,4.340264578,0.164649999,6.714213769,4.2372528,0.0,0.165945003,6.714213769
2022-07-22,9.745459396,0.167873749,6.714213769,4.340264578,4.2372528,0.164649999,6.714213769
2022-07-23,9.27820456,0.15955,6.714213769,9.745459396,4.340264578,0.167873749,6.714213769
2022-07-24,15.19769724,0.165267501,6.714213769,9.27820456,9.745459396,0.15955,6.714213769
2022-07-25,0.0,0.162802503,6.714213769,15.19769724,9.27820456,0.165267501,6.714213769
2022-07-26,7.021112164,0.16260375,6.714213769,0.0,15.19769724,0.162802503,6.714213769
2022-07-27,0.0,0.15638875,6.714213769,7.021112164,0.0,0.16260375,6.714213769
2022-07-28,0.0,0.150572499,6.714213769,0.0,7.021112164,0.15638875,6.714213769
2022-07-29,0.645425986,0.142877499,6.714213769,0.0,0.0,0.150572499,6.714213769
2022-07-30,0.0,0.13459125,6.714213769,0.645425986,0.0,0.142877499,6.714213769
2022-07-31,0.0,0.126464998,6.714213769,0.0,0.645425986,0.13459125,6.714213769
2022-08-01,0.0,0.11799375,6.714213769,0.0,0.0,0.126464998,6.714213769
2022-08-02,9.337374962,0.123546251,6.714213769,0.0,0.0,0.11799375,6.714213769
