zone_id,date,rainfall_mm,soil_moisture
1.0,20210902,7.02,0.73
1.0,20210903,8.8,0.73
1.0,20210904,12.16,0.74
1.0,20210905,7.22,0.75
1.0,20210906,6.91,0.75
1.0,20210907,0.43,0.75
1.0,20210908,0.06,0.74
1.0,20210909,0.15,0.74
1.0,20210910,0.53,0.73
1.0,20210911,0.06,0.73
1.0,20210912,0.17,0.72
1.0,20210913,0.05,0.72
1.0,20210914,0.04,0.71
1.0,20210915,1.77,0.71
1.0,20210916,2.6,0.71
1.0,20210917,1.42,0.71
1.0,20210918,5.01,0.71
1.0,20210919,6.04,0.71
1.0,20210920,3.03,0.71
1.0,20210921,4.59,0.71
1.0,20210922,21.25,0.74
1.0,20210923,1.37,0.74
1.0,20210924,1.87,0.74
1.0,20210925,7.28,0.73
1.0,20210926,7.13,0.75
1.0,20210927,0.08,0.74
1.0,20210928,2.25,0.73
1.0,20210929,1.48,0.73
1.0,20210930,3.93,0.73
1.0,20211001,2.28,0.73
1.0,20211002,5.59,0.73
1.0,20211003,4.45,0.73
1.0,20211004,4.71,0.73
1.0,20211005,37.11,0.76
1.0,20211006,8.39,0.79
1.0,20211007,3.17,0.79
1.0,20211008,3.81,0.78
1.0,20211009,5.3,0.78
1.0,20211010,9.41,0.79
1.0,20211011,4.31,0.8
1.0,20211012,4.16,0.79
1.0,20211013,6.49,0.8
1.0,20211014,0.24,0.79
1.0,20211015,2.84,0.79
1.0,20211016,1.62,0.79
1.0,20211017,3.02,0.79
1.0,20211018,0.37,0.79
1.0,20211019,3.3,0.78
1.0,20211020,1.74,0.78
1.0,20211021,1.85,0.79
1.0,20211022,0.51,0.78
1.0,20211023,0.54,0.78
1.0,20211024,5.98,0.78
1.0,20211025,0.93,0.78
1.0,20211026,0.98,0.77
1.0,20211027,0.75,0.77
1.0,20211028,6.67,0.76
1.0,20211029,25.07,0.79
1.0,20211030,17.88,0.83
1.0,20211031,16.09,0.83
1.0,20211101,21.37,0.86
1.0,20211102,23.68,0.88
1.0,20211103,30.77,0.91
1.0,20211104,18.47,0.92
1.0,20211105,16.95,0.92
1.0,20211106,49.77,0.94
1.0,20211107,40.64,0.97
1.0,20211108,36.4,0.98
1.0,20211109,16.97,0.98
1.0,20211110,84.05,0.99
1.0,20211111,75.19,1.0
1.0,20211112,3.63,0.99
1.0,20211113,3.72,0.99
1.0,20211114,4.74,0.99
1.0,20211115,4.57,0.99
1.0,20211116,2.4,0.99
1.0,20211117,11.0,0.99
1.0,20211118,74.21,1.0
1.0,20211119,20.62,1.0
1.0,20211120,16.63,1.0
1.0,20211121,7.5,1.0
1.0,20211122,5.0,0.99
1.0,20211123,2.29,0.99
1.0,20211124,2.87,0.99
1.0,20211125,18.25,0.99
1.0,20211126,58.61,1.0
1.0,20211127,29.98,1.0
1.0,20211128,61.12,1.0
1.0,20211129,12.76,1.0
1.0,20211130,9.8,1.0
1.0,20211201,1.22,1.0
1.0,20211202,0.03,1.0
1.0,20211203,0.14,0.99
1.0,20211204,0.01,0.99
1.0,20211205,0.15,0.99
1.0,20211206,1.22,0.98
1.0,20211207,0.09,0.98
1.0,20211208,0.38,0.97
1.0,20211209,3.98,0.97
1.0,20211210,2.35,0.97
1.0,20211211,3.71,0.96
1.0,20211212,6.0,0.96
1.0,20211213,6.87,0.96
1.0,20211214,2.34,0.96
1.0,20211215,1.6,0.95
1.0,20211216,0.48,0.95
1.0,20211217,0.15,0.94
1.0,20211218,0.0,0.93
1.0,20211219,0.0,0.93
1.0,20211220,0.0,0.92
1.0,20211221,0.0,0.92
1.0,20211222,0.0,0.91
1.0,20211223,0.0,0.9
1.0,20211224,0.0,0.9
1.0,20211225,0.0,0.89
1.0,20211226,0.0,0.88
1.0,20211227,0.41,0.88
1.0,20211228,0.87,0.87
1.0,20211229,0.92,0.87
1.0,20211230,55.65,0.89
1.0,20211231,42.52,0.96
1.0,20220101,8.69,0.96
1.0,20220102,0.5,0.95
1.0,20220103,0.02,0.94
1.0,20220104,0.01,0.93
1.0,20220105,0.02,0.93
1.0,20220106,0.04,0.92
1.0,20220107,0.03,0.91
1.0,20220108,0.0,0.91
1.0,20220109,0.0,0.9
1.0,20220110,0.0,0.9
1.0,20220111,0.02,0.89
1.0,20220112,0.14,0.88
1.0,20220113,0.95,0.87
1.0,20220114,0.68,0.87
1.0,20220115,0.64,0.86
1.0,20220116,5.86,0.86
1.0,20220117,6.17,0.86
1.0,20220118,1.52,0.86
1.0,20220119,0.47,0.85
1.0,20220120,0.0,0.85
1.0,20220121,0.0,0.84
1.0,20220122,0.0,0.83
1.0,20220123,0.59,0.83
1.0,20220124,3.1,0.83
1.0,20220125,1.19,0.82
1.0,20220126,0.7,0.82
1.0,20220127,0.19,0.81
1.0,20220128,0.26,0.8
1.0,20220129,0.08,0.8
1.0,20220130,0.0,0.79
1.0,20220131,0.0,0.78
1.0,20220201,0.0,0.78
1.0,20220202,0.0,0.77
1.0,20220203,0.0,0.76
1.0,20220204,0.0,0.76
1.0,20220205,0.04,0.75
1.0,20220206,0.0,0.74
1.0,20220207,0.0,0.74
1.0,20220208,0.0,0.73
1.0,20220209,0.0,0.72
1.0,20220210,0.13,0.72
1.0,20220211,0.25,0.71
1.0,20220212,0.07,0.71
1.0,20220213,0.0,0.7
1.0,20220214,0.03,0.69
1.0,20220215,0.01,0.69
1.0,20220216,0.0,0.68
1.0,20220217,0.0,0.68
1.0,20220218,0.0,0.67
1.0,20220219,0.0,0.67
1.0,20220220,0.0,0.66
1.0,20220221,0.0,0.66
1.0,20220222,0.03,0.65
1.0,20220223,0.0,0.65
1.0,20220224,0.0,0.64
1.0,20220225,0.0,0.64
1.0,20220226,0.01,0.63
1.0,20220227,0.0,0.63
1.0,20220228,0.0,0.62
1.0,20220301,0.0,0.62
1.0,20220302,0.0,0.61
1.0,20220303,0.0,0.61
1.0,20220304,0.06,0.61
1.0,20220305,0.01,0.6
1.0,20220306,0.89,0.6
1.0,20220307,0.21,0.6
1.0,20220308,0.0,0.59
1.0,20220309,0.0,0.59
1.0,20220310,0.0,0.59
1.0,20220311,0.0,0.58
1.0,20220312,0.0,0.58
1.0,20220313,0.01,0.57
1.0,20220314,0.0,0.57
1.0,20220315,0.0,0.57
1.0,20220316,0.0,0.56
1.0,20220317,0.0,0.56
1.0,20220318,0.0,0.55
1.0,20220319,0.01,0.55
1.0,20220320,0.08,0.55
1.0,20220321,0.49,0.55
1.0,20220322,0.87,0.55
1.0,20220323,0.01,0.54
1.0,20220324,0.01,0.54
1.0,20220325,0.0,0.54
1.0,20220326,0.0,0.53
1.0,20220327,0.0,0.53
1.0,20220328,0.0,0.53
1.0,20220329,0.0,0.53
1.0,20220330,0.0,0.53
1.0,20220331,0.01,0.52
1.0,20220401,0.0,0.52
1.0,20220402,0.01,0.52
1.0,20220403,0.0,0.52
1.0,20220404,0.01,0.52
1.0,20220405,0.0,0.52
1.0,20220406,0.05,0.52
1.0,20220407,0.1,0.52
1.0,20220408,0.14,0.52
1.0,20220409,0.14,0.52
1.0,20220410,0.66,0.52
1.0,20220411,0.26,0.52
1.0,20220412,0.07,0.52
1.0,20220413,0.11,0.52
1.0,20220414,0.02,0.52
1.0,20220415,0.02,0.52
1.0,20220416,0.03,0.52
1.0,20220417,0.42,0.52
1.0,20220418,0.33,0.52
1.0,20220419,0.03,0.52
1.0,20220420,0.02,0.52
1.0,20220421,0.01,0.52
1.0,20220422,0.02,0.51
1.0,20220423,0.04,0.51
1.0,20220424,0.0,0.51
1.0,20220425,0.0,0.51
1.0,20220426,0.0,0.51
1.0,20220427,0.0,0.51
1.0,20220428,0.0,0.51
1.0,20220429,0.02,0.51
1.0,20220430,0.01,0.51
1.0,20220501,0.38,0.51
1.0,20220502,0.99,0.51
1.0,20220503,0.48,0.52
1.0,20220504,1.98,0.52
1.0,20220505,1.93,0.52
1.0,20220506,4.02,0.52
1.0,20220507,8.16,0.54
1.0,20220508,0.52,0.54
1.0,20220509,1.28,0.53
1.0,20220510,10.74,0.54
1.0,20220511,6.44,0.55
1.0,20220512,8.99,0.55
1.0,20220513,1.16,0.57
1.0,20220514,1.15,0.56
1.0,20220515,7.5,0.56
1.0,20220516,6.12,0.58
1.0,20220517,2.55,0.58
1.0,20220518,1.4,0.58
1.0,20220519,0.45,0.57
1.0,20220520,0.4,0.57
1.0,20220521,0.02,0.56
1.0,20220522,0.03,0.56
1.0,20220523,0.01,0.55
1.0,20220524,0.07,0.55
1.0,20220525,2.43,0.55
1.0,20220526,3.13,0.55
1.0,20220527,1.93,0.55
1.0,20220528,0.08,0.55
1.0,20220529,0.13,0.54
1.0,20220530,0.09,0.54
1.0,20220531,0.03,0.54
1.0,20220601,0.01,0.53
1.0,20220602,0.0,0.53
1.0,20220603,0.01,0.53
1.0,20220604,0.01,0.53
1.0,20220605,1.81,0.53
1.0,20220606,3.7,0.53
1.0,20220607,2.57,0.53
1.0,20220608,0.38,0.53
1.0,20220609,0.26,0.53
1.0,20220610,0.21,0.53
1.0,20220611,1.31,0.53
1.0,20220612,1.97,0.53
1.0,20220613,1.48,0.53
1.0,20220614,1.54,0.53
1.0,20220615,8.16,0.54
1.0,20220616,8.64,0.55
1.0,20220617,7.47,0.56
1.0,20220618,4.74,0.56
1.0,20220619,28.85,0.59
1.0,20220620,18.31,0.64
1.0,20220621,23.54,0.66
1.0,20220622,9.51,0.68
1.0,20220623,3.63,0.67
1.0,20220624,2.55,0.67
1.0,20220625,1.99,0.67
1.0,20220626,0.65,0.66
1.0,20220627,2.44,0.65
1.0,20220628,2.59,0.66
1.0,20220629,5.16,0.65
1.0,20220630,5.14,0.66
1.0,20220701,4.5,0.66
1.0,20220702,3.0,0.66
1.0,20220703,3.04,0.66
1.0,20220704,3.24,0.66
1.0,20220705,6.45,0.66
1.0,20220706,4.59,0.67
1.0,20220707,1.75,0.66
1.0,20220708,3.76,0.66
1.0,20220709,2.01,0.66
1.0,20220710,2.79,0.66
1.0,20220711,1.15,0.65
1.0,20220712,1.38,0.65
1.0,20220713,2.29,0.65
1.0,20220714,0.31,0.64
1.0,20220715,0.09,0.63
1.0,20220716,5.09,0.63
1.0,20220717,9.42,0.65
1.0,20220718,2.0,0.65
1.0,20220719,0.94,0.64
1.0,20220720,10.14,0.65
1.0,20220721,5.89,0.66
1.0,20220722,15.58,0.68
1.0,20220723,1.46,0.68
1.0,20220724,3.4,0.68
1.0,20220725,3.46,0.68
1.0,20220726,7.74,0.69
1.0,20220727,0.2,0.68
1.0,20220728,0.75,0.68
1.0,20220729,0.73,0.68
1.0,20220730,1.37,0.67
1.0,20220731,4.17,0.67
1.0,20220801,8.36,0.67
1.0,20220802,6.98,0.68
2.0,20210902,7.02,0.73
2.0,20210903,8.8,0.73
2.0,20210904,12.16,0.74
2.0,20210905,7.22,0.75
2.0,20210906,6.91,0.75
2.0,20210907,0.43,0.75
2.0,20210908,0.06,0.74
2.0,20210909,0.15,0.74
2.0,20210910,0.53,0.73
2.0,20210911,0.06,0.73
2.0,20210912,0.17,0.72
2.0,20210913,0.05,0.72
2.0,20210914,0.04,0.71
2.0,20210915,1.77,0.71
2.0,20210916,2.6,0.71
2.0,20210917,1.42,0.71
2.0,20210918,5.01,0.71
2.0,20210919,6.04,0.71
2.0,20210920,3.03,0.71
2.0,20210921,4.59,0.71
2.0,20210922,21.25,0.74
2.0,20210923,1.37,0.74
2.0,20210924,1.87,0.74
2.0,20210925,7.28,0.73
2.0,20210926,7.13,0.75
2.0,20210927,0.08,0.74
2.0,20210928,2.25,0.73
2.0,20210929,1.48,0.73
2.0,20210930,3.93,0.73
2.0,20211001,2.28,0.73
2.0,20211002,5.59,0.73
2.0,20211003,4.45,0.73
2.0,20211004,4.71,0.73
2.0,20211005,37.11,0.76
2.0,20211006,8.39,0.79
2.0,20211007,3.17,0.79
2.0,20211008,3.81,0.78
2.0,20211009,5.3,0.78
2.0,20211010,9.41,0.79
2.0,20211011,4.31,0.8
2.0,20211012,4.16,0.79
2.0,20211013,6.49,0.8
2.0,20211014,0.24,0.79
2.0,20211015,2.84,0.79
2.0,20211016,1.62,0.79
2.0,20211017,3.02,0.79
2.0,20211018,0.37,0.79
2.0,20211019,3.3,0.78
2.0,20211020,1.74,0.78
2.0,20211021,1.85,0.79
2.0,20211022,0.51,0.78
2.0,20211023,0.54,0.78
2.0,20211024,5.98,0.78
2.0,20211025,0.93,0.78
2.0,20211026,0.98,0.77
2.0,20211027,0.75,0.77
2.0,20211028,6.67,0.76
2.0,20211029,25.07,0.79
2.0,20211030,17.88,0.83
2.0,20211031,16.09,0.83
2.0,20211101,21.37,0.86
2.0,20211102,23.68,0.88
2.0,20211103,30.77,0.91
2.0,20211104,18.47,0.92
2.0,20211105,16.95,0.92
2.0,20211106,49.77,0.94
2.0,20211107,40.64,0.97
2.0,20211108,36.4,0.98
2.0,20211109,16.97,0.98
2.0,20211110,84.05,0.99
2.0,20211111,75.19,1.0
2.0,20211112,3.63,0.99
2.0,20211113,3.72,0.99
2.0,20211114,4.74,0.99
2.0,20211115,4.57,0.99
2.0,20211116,2.4,0.99
2.0,20211117,11.0,0.99
2.0,20211118,74.21,1.0
2.0,20211119,20.62,1.0
2.0,20211120,16.63,1.0
2.0,20211121,7.5,1.0
2.0,20211122,5.0,0.99
2.0,20211123,2.29,0.99
2.0,20211124,2.87,0.99
2.0,20211125,18.25,0.99
2.0,20211126,58.61,1.0
2.0,20211127,29.98,1.0
2.0,20211128,61.12,1.0
2.0,20211129,12.76,1.0
2.0,20211130,9.8,1.0
2.0,20211201,1.22,1.0
2.0,20211202,0.03,1.0
2.0,20211203,0.14,0.99
2.0,20211204,0.01,0.99
2.0,20211205,0.15,0.99
2.0,20211206,1.22,0.98
2.0,20211207,0.09,0.98
2.0,20211208,0.38,0.97
2.0,20211209,3.98,0.97
2.0,20211210,2.35,0.97
2.0,20211211,3.71,0.96
2.0,20211212,6.0,0.96
2.0,20211213,6.87,0.96
2.0,20211214,2.34,0.96
2.0,20211215,1.6,0.95
2.0,20211216,0.48,0.95
2.0,20211217,0.15,0.94
2.0,20211218,0.0,0.93
2.0,20211219,0.0,0.93
2.0,20211220,0.0,0.92
2.0,20211221,0.0,0.92
2.0,20211222,0.0,0.91
2.0,20211223,0.0,0.9
2.0,20211224,0.0,0.9
2.0,20211225,0.0,0.89
2.0,20211226,0.0,0.88
2.0,20211227,0.41,0.88
2.0,20211228,0.87,0.87
2.0,20211229,0.92,0.87
2.0,20211230,55.65,0.89
2.0,20211231,42.52,0.96
2.0,20220101,8.69,0.96
2.0,20220102,0.5,0.95
2.0,20220103,0.02,0.94
2.0,20220104,0.01,0.93
2.0,20220105,0.02,0.93
2.0,20220106,0.04,0.92
2.0,20220107,0.03,0.91
2.0,20220108,0.0,0.91
2.0,20220109,0.0,0.9
2.0,20220110,0.0,0.9
2.0,20220111,0.02,0.89
2.0,20220112,0.14,0.88
2.0,20220113,0.95,0.87
2.0,20220114,0.68,0.87
2.0,20220115,0.64,0.86
2.0,20220116,5.86,0.86
2.0,20220117,6.17,0.86
2.0,20220118,1.52,0.86
2.0,20220119,0.47,0.85
2.0,20220120,0.0,0.85
2.0,20220121,0.0,0.84
2.0,20220122,0.0,0.83
2.0,20220123,0.59,0.83
2.0,20220124,3.1,0.83
2.0,20220125,1.19,0.82
2.0,20220126,0.7,0.82
2.0,20220127,0.19,0.81
2.0,20220128,0.26,0.8
2.0,20220129,0.08,0.8
2.0,20220130,0.0,0.79
2.0,20220131,0.0,0.78
2.0,20220201,0.0,0.78
2.0,20220202,0.0,0.77
2.0,20220203,0.0,0.76
2.0,20220204,0.0,0.76
2.0,20220205,0.04,0.75
2.0,20220206,0.0,0.74
2.0,20220207,0.0,0.74
2.0,20220208,0.0,0.73
2.0,20220209,0.0,0.72
2.0,20220210,0.13,0.72
2.0,20220211,0.25,0.71
2.0,20220212,0.07,0.71
2.0,20220213,0.0,0.7
2.0,20220214,0.03,0.69
2.0,20220215,0.01,0.69
2.0,20220216,0.0,0.68
2.0,20220217,0.0,0.68
2.0,20220218,0.0,0.67
2.0,20220219,0.0,0.67
2.0,20220220,0.0,0.66
2.0,20220221,0.0,0.66
2.0,20220222,0.03,0.65
2.0,20220223,0.0,0.65
2.0,20220224,0.0,0.64
2.0,20220225,0.0,0.64
2.0,20220226,0.01,0.63
2.0,20220227,0.0,0.63
2.0,20220228,0.0,0.62
2.0,20220301,0.0,0.62
2.0,20220302,0.0,0.61
2.0,20220303,0.0,0.61
2.0,20220304,0.06,0.61
2.0,20220305,0.01,0.6
2.0,20220306,0.89,0.6
2.0,20220307,0.21,0.6
2.0,20220308,0.0,0.59
2.0,20220309,0.0,0.59
2.0,20220310,0.0,0.59
2.0,20220311,0.0,0.58
2.0,20220312,0.0,0.58
2.0,20220313,0.01,0.57
2.0,20220314,0.0,0.57
2.0,20220315,0.0,0.57
2.0,20220316,0.0,0.56
2.0,20220317,0.0,0.56
2.0,20220318,0.0,0.55
2.0,20220319,0.01,0.55
2.0,20220320,0.08,0.55
2.0,20220321,0.49,0.55
2.0,20220322,0.87,0.55
2.0,20220323,0.01,0.54
2.0,20220324,0.01,0.54
2.0,20220325,0.0,0.54
2.0,20220326,0.0,0.53
2.0,20220327,0.0,0.53
2.0,20220328,0.0,0.53
2.0,20220329,0.0,0.53
2.0,20220330,0.0,0.53
2.0,20220331,0.01,0.52
2.0,20220401,0.0,0.52
2.0,20220402,0.01,0.52
2.0,20220403,0.0,0.52
2.0,20220404,0.01,0.52
2.0,20220405,0.0,0.52
2.0,20220406,0.05,0.52
2.0,20220407,0.1,0.52
2.0,20220408,0.14,0.52
2.0,20220409,0.14,0.52
2.0,20220410,0.66,0.52
2.0,20220411,0.26,0.52
2.0,20220412,0.07,0.52
2.0,20220413,0.11,0.52
2.0,20220414,0.02,0.52
2.0,20220415,0.02,0.52
2.0,20220416,0.03,0.52
2.0,20220417,0.42,0.52
2.0,20220418,0.33,0.52
2.0,20220419,0.03,0.52
2.0,20220420,0.02,0.52
2.0,20220421,0.01,0.52
2.0,20220422,0.02,0.51
2.0,20220423,0.04,0.51
2.0,20220424,0.0,0.51
2.0,20220425,0.0,0.51
2.0,20220426,0.0,0.51
2.0,20220427,0.0,0.51
2.0,20220428,0.0,0.51
2.0,20220429,0.02,0.51
2.0,20220430,0.01,0.51
2.0,20220501,0.38,0.51
2.0,20220502,0.99,0.51
2.0,20220503,0.48,0.52
2.0,20220504,1.98,0.52
2.0,20220505,1.93,0.52
2.0,20220506,4.02,0.52
2.0,20220507,8.16,0.54
2.0,20220508,0.52,0.54
2.0,20220509,1.28,0.53
2.0,20220510,10.74,0.54
2.0,20220511,6.44,0.55
2.0,20220512,8.99,0.55
2.0,20220513,1.16,0.57
2.0,20220514,1.15,0.56
2.0,20220515,7.5,0.56
2.0,20220516,6.12,0.58
2.0,20220517,2.55,0.58
2.0,20220518,1.4,0.58
2.0,20220519,0.45,0.57
2.0,20220520,0.4,0.57
2.0,20220521,0.02,0.56
2.0,20220522,0.03,0.56
2.0,20220523,0.01,0.55
2.0,20220524,0.07,0.55
2.0,20220525,2.43,0.55
2.0,20220526,3.13,0.55
2.0,20220527,1.93,0.55
2.0,20220528,0.08,0.55
2.0,20220529,0.13,0.54
2.0,20220530,0.09,0.54
2.0,20220531,0.03,0.54
2.0,20220601,0.01,0.53
2.0,20220602,0.0,0.53
2.0,20220603,0.01,0.53
2.0,20220604,0.01,0.53
2.0,20220605,1.81,0.53
2.0,20220606,3.7,0.53
2.0,20220607,2.57,0.53
2.0,20220608,0.38,0.53
2.0,20220609,0.26,0.53
2.0,20220610,0.21,0.53
2.0,20220611,1.31,0.53
2.0,20220612,1.97,0.53
2.0,20220613,1.48,0.53
2.0,20220614,1.54,0.53
2.0,20220615,8.16,0.54
2.0,20220616,8.64,0.55
2.0,20220617,7.47,0.56
2.0,20220618,4.74,0.56
2.0,20220619,28.85,0.59
2.0,20220620,18.31,0.64
2.0,20220621,23.54,0.66
2.0,20220622,9.51,0.68
2.0,20220623,3.63,0.67
2.0,20220624,2.55,0.67
2.0,20220625,1.99,0.67
2.0,20220626,0.65,0.66
2.0,20220627,2.44,0.65
2.0,20220628,2.59,0.66
2.0,20220629,5.16,0.65
2.0,20220630,5.14,0.66
2.0,20220701,4.5,0.66
2.0,20220702,3.0,0.66
2.0,20220703,3.04,0.66
2.0,20220704,3.24,0.66
2.0,20220705,6.45,0.66
2.0,20220706,4.59,0.67
2.0,20220707,1.75,0.66
2.0,20220708,3.76,0.66
2.0,20220709,2.01,0.66
2.0,20220710,2.79,0.66
2.0,20220711,1.15,0.65
2.0,20220712,1.38,0.65
2.0,20220713,2.29,0.65
2.0,20220714,0.31,0.64
2.0,20220715,0.09,0.63
2.0,20220716,5.09,0.63
2.0,20220717,9.42,0.65
2.0,20220718,2.0,0.65
2.0,20220719,0.94,0.64
2.0,20220720,10.14,0.65
2.0,20220721,5.89,0.66
2.0,20220722,15.58,0.68
2.0,20220723,1.46,0.68
2.0,20220724,3.4,0.68
2.0,20220725,3.46,0.68
2.0,20220726,7.74,0.69
2.0,20220727,0.2,0.68
2.0,20220728,0.75,0.68
2.0,20220729,0.73,0.68
2.0,20220730,1.37,0.67
2.0,20220731,4.17,0.67
2.0,20220801,8.36,0.67
2.0,20220802,6.98,0.68
3.0,20210902,7.02,0.73
3.0,20210903,8.8,0.73
3.0,20210904,12.16,0.74
3.0,20210905,7.22,0.75
3.0,20210906,6.91,0.75
3.0,20210907,0.43,0.75
3.0,20210908,0.06,0.74
3.0,20210909,0.15,0.74
3.0,20210910,0.53,0.73
3.0,20210911,0.06,0.73
3.0,20210912,0.17,0.72
3.0,20210913,0.05,0.72
3.0,20210914,0.04,0.71
3.0,20210915,1.77,0.71
3.0,20210916,2.6,0.71
3.0,20210917,1.42,0.71
3.0,20210918,5.01,0.71
3.0,20210919,6.04,0.71
3.0,20210920,3.03,0.71
3.0,20210921,4.59,0.71
3.0,20210922,21.25,0.74
3.0,20210923,1.37,0.74
3.0,20210924,1.87,0.74
3.0,20210925,7.28,0.73
3.0,20210926,7.13,0.75
3.0,20210927,0.08,0.74
3.0,20210928,2.25,0.73
3.0,20210929,1.48,0.73
3.0,20210930,3.93,0.73
3.0,20211001,2.28,0.73
3.0,20211002,5.59,0.73
3.0,20211003,4.45,0.73
3.0,20211004,4.71,0.73
3.0,20211005,37.11,0.76
3.0,20211006,8.39,0.79
3.0,20211007,3.17,0.79
3.0,20211008,3.81,0.78
3.0,20211009,5.3,0.78
3.0,20211010,9.41,0.79
3.0,20211011,4.31,0.8
3.0,20211012,4.16,0.79
3.0,20211013,6.49,0.8
3.0,20211014,0.24,0.79
3.0,20211015,2.84,0.79
3.0,20211016,1.62,0.79
3.0,20211017,3.02,0.79
3.0,20211018,0.37,0.79
3.0,20211019,3.3,0.78
3.0,20211020,1.74,0.78
3.0,20211021,1.85,0.79
3.0,20211022,0.51,0.78
3.0,20211023,0.54,0.78
3.0,20211024,5.98,0.78
3.0,20211025,0.93,0.78
3.0,20211026,0.98,0.77
3.0,20211027,0.75,0.77
3.0,20211028,6.67,0.76
3.0,20211029,25.07,0.79
3.0,20211030,17.88,0.83
3.0,20211031,16.09,0.83
3.0,20211101,21.37,0.86
3.0,20211102,23.68,0.88
3.0,20211103,30.77,0.91
3.0,20211104,18.47,0.92
3.0,20211105,16.95,0.92
3.0,20211106,49.77,0.94
3.0,20211107,40.64,0.97
3.0,20211108,36.4,0.98
3.0,20211109,16.97,0.98
3.0,20211110,84.05,0.99
3.0,20211111,75.19,1.0
3.0,20211112,3.63,0.99
3.0,20211113,3.72,0.99
3.0,20211114,4.74,0.99
3.0,20211115,4.57,0.99
3.0,20211116,2.4,0.99
3.0,20211117,11.0,0.99
3.0,20211118,74.21,1.0
3.0,20211119,20.62,1.0
3.0,20211120,16.63,1.0
3.0,20211121,7.5,1.0
3.0,20211122,5.0,0.99
3.0,20211123,2.29,0.99
3.0,20211124,2.87,0.99
3.0,20211125,18.25,0.99
3.0,20211126,58.61,1.0
3.0,20211127,29.98,1.0
3.0,20211128,61.12,1.0
3.0,20211129,12.76,1.0
3.0,20211130,9.8,1.0
3.0,20211201,1.22,1.0
3.0,20211202,0.03,1.0
3.0,20211203,0.14,0.99
3.0,20211204,0.01,0.99
3.0,20211205,0.15,0.99
3.0,20211206,1.22,0.98
3.0,20211207,0.09,0.98
3.0,20211208,0.38,0.97
3.0,20211209,3.98,0.97
3.0,20211210,2.35,0.97
3.0,20211211,3.71,0.96
3.0,20211212,6.0,0.96
3.0,20211213,6.87,0.96
3.0,20211214,2.34,0.96
3.0,20211215,1.6,0.95
3.0,20211216,0.48,0.95
3.0,20211217,0.15,0.94
3.0,20211218,0.0,0.93
3.0,20211219,0.0,0.93
3.0,20211220,0.0,0.92
3.0,20211221,0.0,0.92
3.0,20211222,0.0,0.91
3.0,20211223,0.0,0.9
3.0,20211224,0.0,0.9
3.0,20211225,0.0,0.89
3.0,20211226,0.0,0.88
3.0,20211227,0.41,0.88
3.0,20211228,0.87,0.87
3.0,20211229,0.92,0.87
3.0,20211230,55.65,0.89
3.0,20211231,42.52,0.96
3.0,20220101,8.69,0.96
3.0,20220102,0.5,0.95
3.0,20220103,0.02,0.94
3.0,20220104,0.01,0.93
3.0,20220105,0.02,0.93
3.0,20220106,0.04,0.92
3.0,20220107,0.03,0.91
3.0,20220108,0.0,0.91
3.0,20220109,0.0,0.9
3.0,20220110,0.0,0.9
3.0,20220111,0.02,0.89
3.0,20220112,0.14,0.88
3.0,20220113,0.95,0.87
3.0,20220114,0.68,0.87
3.0,20220115,0.64,0.86
3.0,20220116,5.86,0.86
3.0,20220117,6.17,0.86
3.0,20220118,1.52,0.86
3.0,20220119,0.47,0.85
3.0,20220120,0.0,0.85
3.0,20220121,0.0,0.84
3.0,20220122,0.0,0.83
3.0,20220123,0.59,0.83
3.0,20220124,3.1,0.83
3.0,20220125,1.19,0.82
3.0,20220126,0.7,0.82
3.0,20220127,0.19,0.81
3.0,20220128,0.26,0.8
3.0,20220129,0.08,0.8
3.0,20220130,0.0,0.79
3.0,20220131,0.0,0.78
3.0,20220201,0.0,0.78
3.0,20220202,0.0,0.77
3.0,20220203,0.0,0.76
3.0,20220204,0.0,0.76
3.0,20220205,0.04,0.75
3.0,20220206,0.0,0.74
3.0,20220207,0.0,0.74
3.0,20220208,0.0,0.73
3.0,20220209,0.0,0.72
3.0,20220210,0.13,0.72
3.0,20220211,0.25,0.71
3.0,20220212,0.07,0.71
3.0,20220213,0.0,0.7
3.0,20220214,0.03,0.69
3.0,20220215,0.01,0.69
3.0,20220216,0.0,0.68
3.0,20220217,0.0,0.68
3.0,20220218,0.0,0.67
3.0,20220219,0.0,0.67
3.0,20220220,0.0,0.66
3.0,20220221,0.0,0.66
3.0,20220222,0.03,0.65
3.0,20220223,0.0,0.65
3.0,20220224,0.0,0.64
3.0,20220225,0.0,0.64
3.0,20220226,0.01,0.63
3.0,20220227,0.0,0.63
3.0,20220228,0.0,0.62
3.0,20220301,0.0,0.62
3.0,20220302,0.0,0.61
3.0,20220303,0.0,0.61
3.0,20220304,0.06,0.61
3.0,20220305,0.01,0.6
3.0,20220306,0.89,0.6
3.0,20220307,0.21,0.6
3.0,20220308,0.0,0.59
3.0,20220309,0.0,0.59
3.0,20220310,0.0,0.59
3.0,20220311,0.0,0.58
3.0,20220312,0.0,0.58
3.0,20220313,0.01,0.57
3.0,20220314,0.0,0.57
3.0,20220315,0.0,0.57
3.0,20220316,0.0,0.56
3.0,20220317,0.0,0.56
3.0,20220318,0.0,0.55
3.0,20220319,0.01,0.55
3.0,20220320,0.08,0.55
3.0,20220321,0.49,0.55
3.0,20220322,0.87,0.55
3.0,20220323,0.01,0.54
3.0,20220324,0.01,0.54
3.0,20220325,0.0,0.54
3.0,20220326,0.0,0.53
3.0,20220327,0.0,0.53
3.0,20220328,0.0,0.53
3.0,20220329,0.0,0.53
3.0,20220330,0.0,0.53
3.0,20220331,0.01,0.52
3.0,20220401,0.0,0.52
3.0,20220402,0.01,0.52
3.0,20220403,0.0,0.52
3.0,20220404,0.01,0.52
3.0,20220405,0.0,0.52
3.0,20220406,0.05,0.52
3.0,20220407,0.1,0.52
3.0,20220408,0.14,0.52
3.0,20220409,0.14,0.52
3.0,20220410,0.66,0.52
3.0,20220411,0.26,0.52
3.0,20220412,0.07,0.52
3.0,20220413,0.11,0.52
3.0,20220414,0.02,0.52
3.0,20220415,0.02,0.52
3.0,20220416,0.03,0.52
3.0,20220417,0.42,0.52
3.0,20220418,0.33,0.52
3.0,20220419,0.03,0.52
3.0,20220420,0.02,0.52
3.0,20220421,0.01,0.52
3.0,20220422,0.02,0.51
3.0,20220423,0.04,0.51
3.0,20220424,0.0,0.51
3.0,20220425,0.0,0.51
3.0,20220426,0.0,0.51
3.0,20220427,0.0,0.51
3.0,20220428,0.0,0.51
3.0,20220429,0.02,0.51
3.0,20220430,0.01,0.51
3.0,20220501,0.38,0.51
3.0,20220502,0.99,0.51
3.0,20220503,0.48,0.52
3.0,20220504,1.98,0.52
3.0,20220505,1.93,0.52
3.0,20220506,4.02,0.52
3.0,20220507,8.16,0.54
3.0,20220508,0.52,0.54
3.0,20220509,1.28,0.53
3.0,20220510,10.74,0.54
3.0,20220511,6.44,0.55
3.0,20220512,8.99,0.55
3.0,20220513,1.16,0.57
3.0,20220514,1.15,0.56
3.0,20220515,7.5,0.56
3.0,20220516,6.12,0.58
3.0,20220517,2.55,0.58
3.0,20220518,1.4,0.58
3.0,20220519,0.45,0.57
3.0,20220520,0.4,0.57
3.0,20220521,0.02,0.56
3.0,20220522,0.03,0.56
3.0,20220523,0.01,0.55
3.0,20220524,0.07,0.55
3.0,20220525,2.43,0.55
3.0,20220526,3.13,0.55
3.0,20220527,1.93,0.55
3.0,20220528,0.08,0.55
3.0,20220529,0.13,0.54
3.0,20220530,0.09,0.54
3.0,20220531,0.03,0.54
3.0,20220601,0.01,0.53
3.0,20220602,0.0,0.53
3.0,20220603,0.01,0.53
3.0,20220604,0.01,0.53
3.0,20220605,1.81,0.53
3.0,20220606,3.7,0.53
3.0,20220607,2.57,0.53
3.0,20220608,0.38,0.53
3.0,20220609,0.26,0.53
3.0,20220610,0.21,0.53
3.0,20220611,1.31,0.53
3.0,20220612,1.97,0.53
3.0,20220613,1.48,0.53
3.0,20220614,1.54,0.53
3.0,20220615,8.16,0.54
3.0,20220616,8.64,0.55
3.0,20220617,7.47,0.56
3.0,20220618,4.74,0.56
3.0,20220619,28.85,0.59
3.0,20220620,18.31,0.64
3.0,20220621,23.54,0.66
3.0,20220622,9.51,0.68
3.0,20220623,3.63,0.67
3.0,20220624,2.55,0.67
3.0,20220625,1.99,0.67
3.0,20220626,0.65,0.66
3.0,20220627,2.44,0.65
3.0,20220628,2.59,0.66
3.0,20220629,5.16,0.65
3.0,20220630,5.14,0.66
3.0,20220701,4.5,0.66
3.0,20220702,3.0,0.66
3.0,20220703,3.04,0.66
3.0,20220704,3.24,0.66
3.0,20220705,6.45,0.66
3.0,20220706,4.59,0.67
3.0,20220707,1.75,0.66
3.0,20220708,3.76,0.66
3.0,20220709,2.01,0.66
3.0,20220710,2.79,0.66
3.0,20220711,1.15,0.65
3.0,20220712,1.38,0.65
3.0,20220713,2.29,0.65
3.0,20220714,0.31,0.64
3.0,20220715,0.09,0.63
3.0,20220716,5.09,0.63
3.0,20220717,9.42,0.65
3.0,20220718,2.0,0.65
3.0,20220719,0.94,0.64
3.0,20220720,10.14,0.65
3.0,20220721,5.89,0.66
3.0,20220722,15.58,0.68
3.0,20220723,1.46,0.68
3.0,20220724,3.4,0.68
3.0,20220725,3.46,0.68
3.0,20220726,7.74,0.69
3.0,20220727,0.2,0.68
3.0,20220728,0.75,0.68
3.0,20220729,0.73,0.68
3.0,20220730,1.37,0.67
3.0,20220731,4.17,0.67
3.0,20220801,8.36,0.67
3.0,20220802,6.98,0.68
4.0,20210902,7.02,0.73
4.0,20210903,8.8,0.73
4.0,20210904,12.16,0.74
4.0,20210905,7.22,0.75
4.0,20210906,6.91,0.75
4.0,20210907,0.43,0.75
4.0,20210908,0.06,0.74
4.0,20210909,0.15,0.74
4.0,20210910,0.53,0.73
4.0,20210911,0.06,0.73
4.0,20210912,0.17,0.72
4.0,20210913,0.05,0.72
4.0,20210914,0.04,0.71
4.0,20210915,1.77,0.71
4.0,20210916,2.6,0.71
4.0,20210917,1.42,0.71
4.0,20210918,5.01,0.71
4.0,20210919,6.04,0.71
4.0,20210920,3.03,0.71
4.0,20210921,4.59,0.71
4.0,20210922,21.25,0.74
4.0,20210923,1.37,0.74
4.0,20210924,1.87,0.74
4.0,20210925,7.28,0.73
4.0,20210926,7.13,0.75
4.0,20210927,0.08,0.74
4.0,20210928,2.25,0.73
4.0,20210929,1.48,0.73
4.0,20210930,3.93,0.73
4.0,20211001,2.28,0.73
4.0,20211002,5.59,0.73
4.0,20211003,4.45,0.73
4.0,20211004,4.71,0.73
4.0,20211005,37.11,0.76
4.0,20211006,8.39,0.79
4.0,20211007,3.17,0.79
4.0,20211008,3.81,0.78
4.0,20211009,5.3,0.78
4.0,20211010,9.41,0.79
4.0,20211011,4.31,0.8
4.0,20211012,4.16,0.79
4.0,20211013,6.49,0.8
4.0,20211014,0.24,0.79
4.0,20211015,2.84,0.79
4.0,20211016,1.62,0.79
4.0,20211017,3.02,0.79
4.0,20211018,0.37,0.79
4.0,20211019,3.3,0.78
4.0,20211020,1.74,0.78
4.0,20211021,1.85,0.79
4.0,20211022,0.51,0.78
4.0,20211023,0.54,0.78
4.0,20211024,5.98,0.78
4.0,20211025,0.93,0.78
4.0,20211026,0.98,0.77
4.0,20211027,0.75,0.77
4.0,20211028,6.67,0.76
4.0,20211029,25.07,0.79
4.0,20211030,17.88,0.83
4.0,20211031,16.09,0.83
4.0,20211101,21.37,0.86
4.0,20211102,23.68,0.88
4.0,20211103,30.77,0.91
4.0,20211104,18.47,0.92
4.0,20211105,16.95,0.92
4.0,20211106,49.77,0.94
4.0,20211107,40.64,0.97
4.0,20211108,36.4,0.98
4.0,20211109,16.97,0.98
4.0,20211110,84.05,0.99
4.0,20211111,75.19,1.0
4.0,20211112,3.63,0.99
4.0,20211113,3.72,0.99
4.0,20211114,4.74,0.99
4.0,20211115,4.57,0.99
4.0,20211116,2.4,0.99
4.0,20211117,11.0,0.99
4.0,20211118,74.21,1.0
4.0,20211119,20.62,1.0
4.0,20211120,16.63,1.0
4.0,20211121,7.5,1.0
4.0,20211122,5.0,0.99
4.0,20211123,2.29,0.99
4.0,20211124,2.87,0.99
4.0,20211125,18.25,0.99
4.0,20211126,58.61,1.0
4.0,20211127,29.98,1.0
4.0,20211128,61.12,1.0
4.0,20211129,12.76,1.0
4.0,20211130,9.8,1.0
4.0,20211201,1.22,1.0
4.0,20211202,0.03,1.0
4.0,20211203,0.14,0.99
4.0,20211204,0.01,0.99
4.0,20211205,0.15,0.99
4.0,20211206,1.22,0.98
4.0,20211207,0.09,0.98
4.0,20211208,0.38,0.97
4.0,20211209,3.98,0.97
4.0,20211210,2.35,0.97
4.0,20211211,3.71,0.96
4.0,20211212,6.0,0.96
4.0,20211213,6.87,0.96
4.0,20211214,2.34,0.96
4.0,20211215,1.6,0.95
4.0,20211216,0.48,0.95
4.0,20211217,0.15,0.94
4.0,20211218,0.0,0.93
4.0,20211219,0.0,0.93
4.0,20211220,0.0,0.92
4.0,20211221,0.0,0.92
4.0,20211222,0.0,0.91
4.0,20211223,0.0,0.9
4.0,20211224,0.0,0.9
4.0,20211225,0.0,0.89
4.0,20211226,0.0,0.88
4.0,20211227,0.41,0.88
4.0,20211228,0.87,0.87
4.0,20211229,0.92,0.87
4.0,20211230,55.65,0.89
4.0,20211231,42.52,0.96
4.0,20220101,8.69,0.96
4.0,20220102,0.5,0.95
4.0,20220103,0.02,0.94
4.0,20220104,0.01,0.93
4.0,20220105,0.02,0.93
4.0,20220106,0.04,0.92
4.0,20220107,0.03,0.91
4.0,20220108,0.0,0.91
4.0,20220109,0.0,0.9
4.0,20220110,0.0,0.9
4.0,20220111,0.02,0.89
4.0,20220112,0.14,0.88
4.0,20220113,0.95,0.87
4.0,20220114,0.68,0.87
4.0,20220115,0.64,0.86
4.0,20220116,5.86,0.86
4.0,20220117,6.17,0.86
4.0,20220118,1.52,0.86
4.0,20220119,0.47,0.85
4.0,20220120,0.0,0.85
4.0,20220121,0.0,0.84
4.0,20220122,0.0,0.83
4.0,20220123,0.59,0.83
4.0,20220124,3.1,0.83
4.0,20220125,1.19,0.82
4.0,20220126,0.7,0.82
4.0,20220127,0.19,0.81
4.0,20220128,0.26,0.8
4.0,20220129,0.08,0.8
4.0,20220130,0.0,0.79
4.0,20220131,0.0,0.78
4.0,20220201,0.0,0.78
4.0,20220202,0.0,0.77
4.0,20220203,0.0,0.76
4.0,20220204,0.0,0.76
4.0,20220205,0.04,0.75
4.0,20220206,0.0,0.74
4.0,20220207,0.0,0.74
4.0,20220208,0.0,0.73
4.0,20220209,0.0,0.72
4.0,20220210,0.13,0.72
4.0,20220211,0.25,0.71
4.0,20220212,0.07,0.71
4.0,20220213,0.0,0.7
4.0,20220214,0.03,0.69
4.0,20220215,0.01,0.69
4.0,20220216,0.0,0.68
4.0,20220217,0.0,0.68
4.0,20220218,0.0,0.67
4.0,20220219,0.0,0.67
4.0,20220220,0.0,0.66
4.0,20220221,0.0,0.66
4.0,20220222,0.03,0.65
4.0,20220223,0.0,0.65
4.0,20220224,0.0,0.64
4.0,20220225,0.0,0.64
4.0,20220226,0.01,0.63
4.0,20220227,0.0,0.63
4.0,20220228,0.0,0.62
4.0,20220301,0.0,0.62
4.0,20220302,0.0,0.61
4.0,20220303,0.0,0.61
4.0,20220304,0.06,0.61
4.0,20220305,0.01,0.6
4.0,20220306,0.89,0.6
4.0,20220307,0.21,0.6
4.0,20220308,0.0,0.59
4.0,20220309,0.0,0.59
4.0,20220310,0.0,0.59
4.0,20220311,0.0,0.58
4.0,20220312,0.0,0.58
4.0,20220313,0.01,0.57
4.0,20220314,0.0,0.57
4.0,20220315,0.0,0.57
4.0,20220316,0.0,0.56
4.0,20220317,0.0,0.56
4.0,20220318,0.0,0.55
4.0,20220319,0.01,0.55
4.0,20220320,0.08,0.55
4.0,20220321,0.49,0.55
4.0,20220322,0.87,0.55
4.0,20220323,0.01,0.54
4.0,20220324,0.01,0.54
4.0,20220325,0.0,0.54
4.0,20220326,0.0,0.53
4.0,20220327,0.0,0.53
4.0,20220328,0.0,0.53
4.0,20220329,0.0,0.53
4.0,20220330,0.0,0.53
4.0,20220331,0.01,0.52
4.0,20220401,0.0,0.52
4.0,20220402,0.01,0.52
4.0,20220403,0.0,0.52
4.0,20220404,0.01,0.52
4.0,20220405,0.0,0.52
4.0,20220406,0.05,0.52
4.0,20220407,0.1,0.52
4.0,20220408,0.14,0.52
4.0,20220409,0.14,0.52
4.0,20220410,0.66,0.52
4.0,20220411,0.26,0.52
4.0,20220412,0.07,0.52
4.0,20220413,0.11,0.52
4.0,20220414,0.02,0.52
4.0,20220415,0.02,0.52
4.0,20220416,0.03,0.52
4.0,20220417,0.42,0.52
4.0,20220418,0.33,0.52
4.0,20220419,0.03,0.52
4.0,20220420,0.02,0.52
4.0,20220421,0.01,0.52
4.0,20220422,0.02,0.51
4.0,20220423,0.04,0.51
4.0,20220424,0.0,0.51
4.0,20220425,0.0,0.51
4.0,20220426,0.0,0.51
4.0,20220427,0.0,0.51
4.0,20220428,0.0,0.51
4.0,20220429,0.02,0.51
4.0,20220430,0.01,0.51
4.0,20220501,0.38,0.51
4.0,20220502,0.99,0.51
4.0,20220503,0.48,0.52
4.0,20220504,1.98,0.52
4.0,20220505,1.93,0.52
4.0,20220506,4.02,0.52
4.0,20220507,8.16,0.54
4.0,20220508,0.52,0.54
4.0,20220509,1.28,0.53
4.0,20220510,10.74,0.54
4.0,20220511,6.44,0.55
4.0,20220512,8.99,0.55
4.0,20220513,1.16,0.57
4.0,20220514,1.15,0.56
4.0,20220515,7.5,0.56
4.0,20220516,6.12,0.58
4.0,20220517,2.55,0.58
4.0,20220518,1.4,0.58
4.0,20220519,0.45,0.57
4.0,20220520,0.4,0.57
4.0,20220521,0.02,0.56
4.0,20220522,0.03,0.56
4.0,20220523,0.01,0.55
4.0,20220524,0.07,0.55
4.0,20220525,2.43,0.55
4.0,20220526,3.13,0.55
4.0,20220527,1.93,0.55
4.0,20220528,0.08,0.55
4.0,20220529,0.13,0.54
4.0,20220530,0.09,0.54
4.0,20220531,0.03,0.54
4.0,20220601,0.01,0.53
4.0,20220602,0.0,0.53
4.0,20220603,0.01,0.53
4.0,20220604,0.01,0.53
4.0,20220605,1.81,0.53
4.0,20220606,3.7,0.53
4.0,20220607,2.57,0.53
4.0,20220608,0.38,0.53
4.0,20220609,0.26,0.53
4.0,20220610,0.21,0.53
4.0,20220611,1.31,0.53
4.0,20220612,1.97,0.53
4.0,20220613,1.48,0.53
4.0,20220614,1.54,0.53
4.0,20220615,8.16,0.54
4.0,20220616,8.64,0.55
4.0,20220617,7.47,0.56
4.0,20220618,4.74,0.56
4.0,20220619,28.85,0.59
4.0,20220620,18.31,0.64
4.0,20220621,23.54,0.66
4.0,20220622,9.51,0.68
4.0,20220623,3.63,0.67
4.0,20220624,2.55,0.67
4.0,20220625,1.99,0.67
4.0,20220626,0.65,0.66
4.0,20220627,2.44,0.65
4.0,20220628,2.59,0.66
4.0,20220629,5.16,0.65
4.0,20220630,5.14,0.66
4.0,20220701,4.5,0.66
4.0,20220702,3.0,0.66
4.0,20220703,3.04,0.66
4.0,20220704,3.24,0.66
4.0,20220705,6.45,0.66
4.0,20220706,4.59,0.67
4.0,20220707,1.75,0.66
4.0,20220708,3.76,0.66
4.0,20220709,2.01,0.66
4.0,20220710,2.79,0.66
4.0,20220711,1.15,0.65
4.0,20220712,1.38,0.65
4.0,20220713,2.29,0.65
4.0,20220714,0.31,0.64
4.0,20220715,0.09,0.63
4.0,20220716,5.09,0.63
4.0,20220717,9.42,0.65
4.0,20220718,2.0,0.65
4.0,20220719,0.94,0.64
4.0,20220720,10.14,0.65
4.0,20220721,5.89,0.66
4.0,20220722,15.58,0.68
4.0,20220723,1.46,0.68
4.0,20220724,3.4,0.68
4.0,20220725,3.46,0.68
4.0,20220726,7.74,0.69
4.0,20220727,0.2,0.68
4.0,20220728,0.75,0.68
4.0,20220729,0.73,0.68
4.0,20220730,1.37,0.67
4.0,20220731,4.17,0.67
4.0,20220801,8.36,0.67
4.0,20220802,6.98,0.68
5.0,20210902,7.02,0.73
5.0,20210903,8.8,0.73
5.0,20210904,12.16,0.74
5.0,20210905,7.22,0.75
5.0,20210906,6.91,0.75
5.0,20210907,0.43,0.75
5.0,20210908,0.06,0.74
5.0,20210909,0.15,0.74
5.0,20210910,0.53,0.73
5.0,20210911,0.06,0.73
5.0,20210912,0.17,0.72
5.0,20210913,0.05,0.72
5.0,20210914,0.04,0.71
5.0,20210915,1.77,0.71
5.0,20210916,2.6,0.71
5.0,20210917,1.42,0.71
5.0,20210918,5.01,0.71
5.0,20210919,6.04,0.71
5.0,20210920,3.03,0.71
5.0,20210921,4.59,0.71
5.0,20210922,21.25,0.74
5.0,20210923,1.37,0.74
5.0,20210924,1.87,0.74
5.0,20210925,7.28,0.73
5.0,20210926,7.13,0.75
5.0,20210927,0.08,0.74
5.0,20210928,2.25,0.73
5.0,20210929,1.48,0.73
5.0,20210930,3.93,0.73
5.0,20211001,2.28,0.73
5.0,20211002,5.59,0.73
5.0,20211003,4.45,0.73
5.0,20211004,4.71,0.73
5.0,20211005,37.11,0.76
5.0,20211006,8.39,0.79
5.0,20211007,3.17,0.79
5.0,20211008,3.81,0.78
5.0,20211009,5.3,0.78
5.0,20211010,9.41,0.79
5.0,20211011,4.31,0.8
5.0,20211012,4.16,0.79
5.0,20211013,6.49,0.8
5.0,20211014,0.24,0.79
5.0,20211015,2.84,0.79
5.0,20211016,1.62,0.79
5.0,20211017,3.02,0.79
5.0,20211018,0.37,0.79
5.0,20211019,3.3,0.78
5.0,20211020,1.74,0.78
5.0,20211021,1.85,0.79
5.0,20211022,0.51,0.78
5.0,20211023,0.54,0.78
5.0,20211024,5.98,0.78
5.0,20211025,0.93,0.78
5.0,20211026,0.98,0.77
5.0,20211027,0.75,0.77
5.0,20211028,6.67,0.76
5.0,20211029,25.07,0.79
5.0,20211030,17.88,0.83
5.0,20211031,16.09,0.83
5.0,20211101,21.37,0.86
5.0,20211102,23.68,0.88
5.0,20211103,30.77,0.91
5.0,20211104,18.47,0.92
5.0,20211105,16.95,0.92
5.0,20211106,49.77,0.94
5.0,20211107,40.64,0.97
5.0,20211108,36.4,0.98
5.0,20211109,16.97,0.98
5.0,20211110,84.05,0.99
5.0,20211111,75.19,1.0
5.0,20211112,3.63,0.99
5.0,20211113,3.72,0.99
5.0,20211114,4.74,0.99
5.0,20211115,4.57,0.99
5.0,20211116,2.4,0.99
5.0,20211117,11.0,0.99
5.0,20211118,74.21,1.0
5.0,20211119,20.62,1.0
5.0,20211120,16.63,1.0
5.0,20211121,7.5,1.0
5.0,20211122,5.0,0.99
5.0,20211123,2.29,0.99
5.0,20211124,2.87,0.99
5.0,20211125,18.25,0.99
5.0,20211126,58.61,1.0
5.0,20211127,29.98,1.0
5.0,20211128,61.12,1.0
5.0,20211129,12.76,1.0
5.0,20211130,9.8,1.0
5.0,20211201,1.22,1.0
5.0,20211202,0.03,1.0
5.0,20211203,0.14,0.99
5.0,20211204,0.01,0.99
5.0,20211205,0.15,0.99
5.0,20211206,1.22,0.98
5.0,20211207,0.09,0.98
5.0,20211208,0.38,0.97
5.0,20211209,3.98,0.97
5.0,20211210,2.35,0.97
5.0,20211211,3.71,0.96
5.0,20211212,6.0,0.96
5.0,20211213,6.87,0.96
5.0,20211214,2.34,0.96
5.0,20211215,1.6,0.95
5.0,20211216,0.48,0.95
5.0,20211217,0.15,0.94
5.0,20211218,0.0,0.93
5.0,20211219,0.0,0.93
5.0,20211220,0.0,0.92
5.0,20211221,0.0,0.92
5.0,20211222,0.0,0.91
5.0,20211223,0.0,0.9
5.0,20211224,0.0,0.9
5.0,20211225,0.0,0.89
5.0,20211226,0.0,0.88
5.0,20211227,0.41,0.88
5.0,20211228,0.87,0.87
5.0,20211229,0.92,0.87
5.0,20211230,55.65,0.89
5.0,20211231,42.52,0.96
5.0,20220101,8.69,0.96
5.0,20220102,0.5,0.95
5.0,20220103,0.02,0.94
5.0,20220104,0.01,0.93
5.0,20220105,0.02,0.93
5.0,20220106,0.04,0.92
5.0,20220107,0.03,0.91
5.0,20220108,0.0,0.91
5.0,20220109,0.0,0.9
5.0,20220110,0.0,0.9
5.0,20220111,0.02,0.89
5.0,20220112,0.14,0.88
5.0,20220113,0.95,0.87
5.0,20220114,0.68,0.87
5.0,20220115,0.64,0.86
5.0,20220116,5.86,0.86
5.0,20220117,6.17,0.86
5.0,20220118,1.52,0.86
5.0,20220119,0.47,0.85
5.0,20220120,0.0,0.85
5.0,20220121,0.0,0.84
5.0,20220122,0.0,0.83
5.0,20220123,0.59,0.83
5.0,20220124,3.1,0.83
5.0,20220125,1.19,0.82
5.0,20220126,0.7,0.82
5.0,20220127,0.19,0.81
5.0,20220128,0.26,0.8
5.0,20220129,0.08,0.8
5.0,20220130,0.0,0.79
5.0,20220131,0.0,0.78
5.0,20220201,0.0,0.78
5.0,20220202,0.0,0.77
5.0,20220203,0.0,0.76
5.0,20220204,0.0,0.76
5.0,20220205,0.04,0.75
5.0,20220206,0.0,0.74
5.0,20220207,0.0,0.74
5.0,20220208,0.0,0.73
5.0,20220209,0.0,0.72
5.0,20220210,0.13,0.72
5.0,20220211,0.25,0.71
5.0,20220212,0.07,0.71
5.0,20220213,0.0,0.7
5.0,20220214,0.03,0.69
5.0,20220215,0.01,0.69
5.0,20220216,0.0,0.68
5.0,20220217,0.0,0.68
5.0,20220218,0.0,0.67
5.0,20220219,0.0,0.67
5.0,20220220,0.0,0.66
5.0,20220221,0.0,0.66
5.0,20220222,0.03,0.65
5.0,20220223,0.0,0.65
5.0,20220224,0.0,0.64
5.0,20220225,0.0,0.64
5.0,20220226,0.01,0.63
5.0,20220227,0.0,0.63
5.0,20220228,0.0,0.62
5.0,20220301,0.0,0.62
5.0,20220302,0.0,0.61
5.0,20220303,0.0,0.61
5.0,20220304,0.06,0.61
5.0,20220305,0.01,0.6
5.0,20220306,0.89,0.6
5.0,20220307,0.21,0.6
5.0,20220308,0.0,0.59
5.0,20220309,0.0,0.59
5.0,20220310,0.0,0.59
5.0,20220311,0.0,0.58
5.0,20220312,0.0,0.58
5.0,20220313,0.01,0.57
5.0,20220314,0.0,0.57
5.0,20220315,0.0,0.57
5.0,20220316,0.0,0.56
5.0,20220317,0.0,0.56
5.0,20220318,0.0,0.55
5.0,20220319,0.01,0.55
5.0,20220320,0.08,0.55
5.0,20220321,0.49,0.55
5.0,20220322,0.87,0.55
5.0,20220323,0.01,0.54
5.0,20220324,0.01,0.54
5.0,20220325,0.0,0.54
5.0,20220326,0.0,0.53
5.0,20220327,0.0,0.53
5.0,20220328,0.0,0.53
5.0,20220329,0.0,0.53
5.0,20220330,0.0,0.53
5.0,20220331,0.01,0.52
5.0,20220401,0.0,0.52
5.0,20220402,0.01,0.52
5.0,20220403,0.0,0.52
5.0,20220404,0.01,0.52
5.0,20220405,0.0,0.52
5.0,20220406,0.05,0.52
5.0,20220407,0.1,0.52
5.0,20220408,0.14,0.52
5.0,20220409,0.14,0.52
5.0,20220410,0.66,0.52
5.0,20220411,0.26,0.52
5.0,20220412,0.07,0.52
5.0,20220413,0.11,0.52
5.0,20220414,0.02,0.52
5.0,20220415,0.02,0.52
5.0,20220416,0.03,0.52
5.0,20220417,0.42,0.52
5.0,20220418,0.33,0.52
5.0,20220419,0.03,0.52
5.0,20220420,0.02,0.52
5.0,20220421,0.01,0.52
5.0,20220422,0.02,0.51
5.0,20220423,0.04,0.51
5.0,20220424,0.0,0.51
5.0,20220425,0.0,0.51
5.0,20220426,0.0,0.51
5.0,20220427,0.0,0.51
5.0,20220428,0.0,0.51
5.0,20220429,0.02,0.51
5.0,20220430,0.01,0.51
5.0,20220501,0.38,0.51
5.0,20220502,0.99,0.51
5.0,20220503,0.48,0.52
5.0,20220504,1.98,0.52
5.0,20220505,1.93,0.52
5.0,20220506,4.02,0.52
5.0,20220507,8.16,0.54
5.0,20220508,0.52,0.54
5.0,20220509,1.28,0.53
5.0,20220510,10.74,0.54
5.0,20220511,6.44,0.55
5.0,20220512,8.99,0.55
5.0,20220513,1.16,0.57
5.0,20220514,1.15,0.56
5.0,20220515,7.5,0.56
5.0,20220516,6.12,0.58
5.0,20220517,2.55,0.58
5.0,20220518,1.4,0.58
5.0,20220519,0.45,0.57
5.0,20220520,0.4,0.57
5.0,20220521,0.02,0.56
5.0,20220522,0.03,0.56
5.0,20220523,0.01,0.55
5.0,20220524,0.07,0.55
5.0,20220525,2.43,0.55
5.0,20220526,3.13,0.55
5.0,20220527,1.93,0.55
5.0,20220528,0.08,0.55
5.0,20220529,0.13,0.54
5.0,20220530,0.09,0.54
5.0,20220531,0.03,0.54
5.0,20220601,0.01,0.53
5.0,20220602,0.0,0.53
5.0,20220603,0.01,0.53
5.0,20220604,0.01,0.53
5.0,20220605,1.81,0.53
5.0,20220606,3.7,0.53
5.0,20220607,2.57,0.53
5.0,20220608,0.38,0.53
5.0,20220609,0.26,0.53
5.0,20220610,0.21,0.53
5.0,20220611,1.31,0.53
5.0,20220612,1.97,0.53
5.0,20220613,1.48,0.53
5.0,20220614,1.54,0.53
5.0,20220615,8.16,0.54
5.0,20220616,8.64,0.55
5.0,20220617,7.47,0.56
5.0,20220618,4.74,0.56
5.0,20220619,28.85,0.59
5.0,20220620,18.31,0.64
5.0,20220621,23.54,0.66
5.0,20220622,9.51,0.68
5.0,20220623,3.63,0.67
5.0,20220624,2.55,0.67
5.0,20220625,1.99,0.67
5.0,20220626,0.65,0.66
5.0,20220627,2.44,0.65
5.0,20220628,2.59,0.66
5.0,20220629,5.16,0.65
5.0,20220630,5.14,0.66
5.0,20220701,4.5,0.66
5.0,20220702,3.0,0.66
5.0,20220703,3.04,0.66
5.0,20220704,3.24,0.66
5.0,20220705,6.45,0.66
5.0,20220706,4.59,0.67
5.0,20220707,1.75,0.66
5.0,20220708,3.76,0.66
5.0,20220709,2.01,0.66
5.0,20220710,2.79,0.66
5.0,20220711,1.15,0.65
5.0,20220712,1.38,0.65
5.0,20220713,2.29,0.65
5.0,20220714,0.31,0.64
5.0,20220715,0.09,0.63
5.0,20220716,5.09,0.63
5.0,20220717,9.42,0.65
5.0,20220718,2.0,0.65
5.0,20220719,0.94,0.64
5.0,20220720,10.14,0.65
5.0,20220721,5.89,0.66
5.0,20220722,15.58,0.68
5.0,20220723,1.46,0.68
5.0,20220724,3.4,0.68
5.0,20220725,3.46,0.68
5.0,20220726,7.74,0.69
5.0,20220727,0.2,0.68
5.0,20220728,0.75,0.68
5.0,20220729,0.73,0.68
5.0,20220730,1.37,0.67
5.0,20220731,4.17,0.67
5.0,20220801,8.36,0.67
5.0,20220802,6.98,0.68
6.0,20210902,7.02,0.73
6.0,20210903,8.8,0.73
6.0,20210904,12.16,0.74
6.0,20210905,7.22,0.75
6.0,20210906,6.91,0.75
6.0,20210907,0.43,0.75
6.0,20210908,0.06,0.74
6.0,20210909,0.15,0.74
6.0,20210910,0.53,0.73
6.0,20210911,0.06,0.73
6.0,20210912,0.17,0.72
6.0,20210913,0.05,0.72
6.0,20210914,0.04,0.71
6.0,20210915,1.77,0.71
6.0,20210916,2.6,0.71
6.0,20210917,1.42,0.71
6.0,20210918,5.01,0.71
6.0,20210919,6.04,0.71
6.0,20210920,3.03,0.71
6.0,20210921,4.59,0.71
6.0,20210922,21.25,0.74
6.0,20210923,1.37,0.74
6.0,20210924,1.87,0.74
6.0,20210925,7.28,0.73
6.0,20210926,7.13,0.75
6.0,20210927,0.08,0.74
6.0,20210928,2.25,0.73
6.0,20210929,1.48,0.73
6.0,20210930,3.93,0.73
6.0,20211001,2.28,0.73
6.0,20211002,5.59,0.73
6.0,20211003,4.45,0.73
6.0,20211004,4.71,0.73
6.0,20211005,37.11,0.76
6.0,20211006,8.39,0.79
6.0,20211007,3.17,0.79
6.0,20211008,3.81,0.78
6.0,20211009,5.3,0.78
6.0,20211010,9.41,0.79
6.0,20211011,4.31,0.8
6.0,20211012,4.16,0.79
6.0,20211013,6.49,0.8
6.0,20211014,0.24,0.79
6.0,20211015,2.84,0.79
6.0,20211016,1.62,0.79
6.0,20211017,3.02,0.79
6.0,20211018,0.37,0.79
6.0,20211019,3.3,0.78
6.0,20211020,1.74,0.78
6.0,20211021,1.85,0.79
6.0,20211022,0.51,0.78
6.0,20211023,0.54,0.78
6.0,20211024,5.98,0.78
6.0,20211025,0.93,0.78
6.0,20211026,0.98,0.77
6.0,20211027,0.75,0.77
6.0,20211028,6.67,0.76
6.0,20211029,25.07,0.79
6.0,20211030,17.88,0.83
6.0,20211031,16.09,0.83
6.0,20211101,21.37,0.86
6.0,20211102,23.68,0.88
6.0,20211103,30.77,0.91
6.0,20211104,18.47,0.92
6.0,20211105,16.95,0.92
6.0,20211106,49.77,0.94
6.0,20211107,40.64,0.97
6.0,20211108,36.4,0.98
6.0,20211109,16.97,0.98
6.0,20211110,84.05,0.99
6.0,20211111,75.19,1.0
6.0,20211112,3.63,0.99
6.0,20211113,3.72,0.99
6.0,20211114,4.74,0.99
6.0,20211115,4.57,0.99
6.0,20211116,2.4,0.99
6.0,20211117,11.0,0.99
6.0,20211118,74.21,1.0
6.0,20211119,20.62,1.0
6.0,20211120,16.63,1.0
6.0,20211121,7.5,1.0
6.0,20211122,5.0,0.99
6.0,20211123,2.29,0.99
6.0,20211124,2.87,0.99
6.0,20211125,18.25,0.99
6.0,20211126,58.61,1.0
6.0,20211127,29.98,1.0
6.0,20211128,61.12,1.0
6.0,20211129,12.76,1.0
6.0,20211130,9.8,1.0
6.0,20211201,1.22,1.0
6.0,20211202,0.03,1.0
6.0,20211203,0.14,0.99
6.0,20211204,0.01,0.99
6.0,20211205,0.15,0.99
6.0,20211206,1.22,0.98
6.0,20211207,0.09,0.98
6.0,20211208,0.38,0.97
6.0,20211209,3.98,0.97
6.0,20211210,2.35,0.97
6.0,20211211,3.71,0.96
6.0,20211212,6.0,0.96
6.0,20211213,6.87,0.96
6.0,20211214,2.34,0.96
6.0,20211215,1.6,0.95
6.0,20211216,0.48,0.95
6.0,20211217,0.15,0.94
6.0,20211218,0.0,0.93
6.0,20211219,0.0,0.93
6.0,20211220,0.0,0.92
6.0,20211221,0.0,0.92
6.0,20211222,0.0,0.91
6.0,20211223,0.0,0.9
6.0,20211224,0.0,0.9
6.0,20211225,0.0,0.89
6.0,20211226,0.0,0.88
6.0,20211227,0.41,0.88
6.0,20211228,0.87,0.87
6.0,20211229,0.92,0.87
6.0,20211230,55.65,0.89
6.0,20211231,42.52,0.96
6.0,20220101,8.69,0.96
6.0,20220102,0.5,0.95
6.0,20220103,0.02,0.94
6.0,20220104,0.01,0.93
6.0,20220105,0.02,0.93
6.0,20220106,0.04,0.92
6.0,20220107,0.03,0.91
6.0,20220108,0.0,0.91
6.0,20220109,0.0,0.9
6.0,20220110,0.0,0.9
6.0,20220111,0.02,0.89
6.0,20220112,0.14,0.88
6.0,20220113,0.95,0.87
6.0,20220114,0.68,0.87
6.0,20220115,0.64,0.86
6.0,20220116,5.86,0.86
6.0,20220117,6.17,0.86
6.0,20220118,1.52,0.86
6.0,20220119,0.47,0.85
6.0,20220120,0.0,0.85
6.0,20220121,0.0,0.84
6.0,20220122,0.0,0.83
6.0,20220123,0.59,0.83
6.0,20220124,3.1,0.83
6.0,20220125,1.19,0.82
6.0,20220126,0.7,0.82
6.0,20220127,0.19,0.81
6.0,20220128,0.26,0.8
6.0,20220129,0.08,0.8
6.0,20220130,0.0,0.79
6.0,20220131,0.0,0.78
6.0,20220201,0.0,0.78
6.0,20220202,0.0,0.77
6.0,20220203,0.0,0.76
6.0,20220204,0.0,0.76
6.0,20220205,0.04,0.75
6.0,20220206,0.0,0.74
6.0,20220207,0.0,0.74
6.0,20220208,0.0,0.73
6.0,20220209,0.0,0.72
6.0,20220210,0.13,0.72
6.0,20220211,0.25,0.71
6.0,20220212,0.07,0.71
6.0,20220213,0.0,0.7
6.0,20220214,0.03,0.69
6.0,20220215,0.01,0.69
6.0,20220216,0.0,0.68
6.0,20220217,0.0,0.68
6.0,20220218,0.0,0.67
6.0,20220219,0.0,0.67
6.0,20220220,0.0,0.66
6.0,20220221,0.0,0.66
6.0,20220222,0.03,0.65
6.0,20220223,0.0,0.65
6.0,20220224,0.0,0.64
6.0,20220225,0.0,0.64
6.0,20220226,0.01,0.63
6.0,20220227,0.0,0.63
6.0,20220228,0.0,0.62
6.0,20220301,0.0,0.62
6.0,20220302,0.0,0.61
6.0,20220303,0.0,0.61
6.0,20220304,0.06,0.61
6.0,20220305,0.01,0.6
6.0,20220306,0.89,0.6
6.0,20220307,0.21,0.6
6.0,20220308,0.0,0.59
6.0,20220309,0.0,0.59
6.0,20220310,0.0,0.59
6.0,20220311,0.0,0.58
6.0,20220312,0.0,0.58
6.0,20220313,0.01,0.57
6.0,20220314,0.0,0.57
6.0,20220315,0.0,0.57
6.0,20220316,0.0,0.56
6.0,20220317,0.0,0.56
6.0,20220318,0.0,0.55
6.0,20220319,0.01,0.55
6.0,20220320,0.08,0.55
6.0,20220321,0.49,0.55
6.0,20220322,0.87,0.55
6.0,20220323,0.01,0.54
6.0,20220324,0.01,0.54
6.0,20220325,0.0,0.54
6.0,20220326,0.0,0.53
6.0,20220327,0.0,0.53
6.0,20220328,0.0,0.53
6.0,20220329,0.0,0.53
6.0,20220330,0.0,0.53
6.0,20220331,0.01,0.52
6.0,20220401,0.0,0.52
6.0,20220402,0.01,0.52
6.0,20220403,0.0,0.52
6.0,20220404,0.01,0.52
6.0,20220405,0.0,0.52
6.0,20220406,0.05,0.52
6.0,20220407,0.1,0.52
6.0,20220408,0.14,0.52
6.0,20220409,0.14,0.52
6.0,20220410,0.66,0.52
6.0,20220411,0.26,0.52
6.0,20220412,0.07,0.52
6.0,20220413,0.11,0.52
6.0,20220414,0.02,0.52
6.0,20220415,0.02,0.52
6.0,20220416,0.03,0.52
6.0,20220417,0.42,0.52
6.0,20220418,0.33,0.52
6.0,20220419,0.03,0.52
6.0,20220420,0.02,0.52
6.0,20220421,0.01,0.52
6.0,20220422,0.02,0.51
6.0,20220423,0.04,0.51
6.0,20220424,0.0,0.51
6.0,20220425,0.0,0.51
6.0,20220426,0.0,0.51
6.0,20220427,0.0,0.51
6.0,20220428,0.0,0.51
6.0,20220429,0.02,0.51
6.0,20220430,0.01,0.51
6.0,20220501,0.38,0.51
6.0,20220502,0.99,0.51
6.0,20220503,0.48,0.52
6.0,20220504,1.98,0.52
6.0,20220505,1.93,0.52
6.0,20220506,4.02,0.52
6.0,20220507,8.16,0.54
6.0,20220508,0.52,0.54
6.0,20220509,1.28,0.53
6.0,20220510,10.74,0.54
6.0,20220511,6.44,0.55
6.0,20220512,8.99,0.55
6.0,20220513,1.16,0.57
6.0,20220514,1.15,0.56
6.0,20220515,7.5,0.56
6.0,20220516,6.12,0.58
6.0,20220517,2.55,0.58
6.0,20220518,1.4,0.58
6.0,20220519,0.45,0.57
6.0,20220520,0.4,0.57
6.0,20220521,0.02,0.56
6.0,20220522,0.03,0.56
6.0,20220523,0.01,0.55
6.0,20220524,0.07,0.55
6.0,20220525,2.43,0.55
6.0,20220526,3.13,0.55
6.0,20220527,1.93,0.55
6.0,20220528,0.08,0.55
6.0,20220529,0.13,0.54
6.0,20220530,0.09,0.54
6.0,20220531,0.03,0.54
6.0,20220601,0.01,0.53
6.0,20220602,0.0,0.53
6.0,20220603,0.01,0.53
6.0,20220604,0.01,0.53
6.0,20220605,1.81,0.53
6.0,20220606,3.7,0.53
6.0,20220607,2.57,0.53
6.0,20220608,0.38,0.53
6.0,20220609,0.26,0.53
6.0,20220610,0.21,0.53
6.0,20220611,1.31,0.53
6.0,20220612,1.97,0.53
6.0,20220613,1.48,0.53
6.0,20220614,1.54,0.53
6.0,20220615,8.16,0.54
6.0,20220616,8.64,0.55
6.0,20220617,7.47,0.56
6.0,20220618,4.74,0.56
6.0,20220619,28.85,0.59
6.0,20220620,18.31,0.64
6.0,20220621,23.54,0.66
6.0,20220622,9.51,0.68
6.0,20220623,3.63,0.67
6.0,20220624,2.55,0.67
6.0,20220625,1.99,0.67
6.0,20220626,0.65,0.66
6.0,20220627,2.44,0.65
6.0,20220628,2.59,0.66
6.0,20220629,5.16,0.65
6.0,20220630,5.14,0.66
6.0,20220701,4.5,0.66
6.0,20220702,3.0,0.66
6.0,20220703,3.04,0.66
6.0,20220704,3.24,0.66
6.0,20220705,6.45,0.66
6.0,20220706,4.59,0.67
6.0,20220707,1.75,0.66
6.0,20220708,3.76,0.66
6.0,20220709,2.01,0.66
6.0,20220710,2.79,0.66
6.0,20220711,1.15,0.65
6.0,20220712,1.38,0.65
6.0,20220713,2.29,0.65
6.0,20220714,0.31,0.64
6.0,20220715,0.09,0.63
6.0,20220716,5.09,0.63
6.0,20220717,9.42,0.65
6.0,20220718,2.0,0.65
6.0,20220719,0.94,0.64
6.0,20220720,10.14,0.65
6.0,20220721,5.89,0.66
6.0,20220722,15.58,0.68
6.0,20220723,1.46,0.68
6.0,20220724,3.4,0.68
6.0,20220725,3.46,0.68
6.0,20220726,7.74,0.69
6.0,20220727,0.2,0.68
6.0,20220728,0.75,0.68
6.0,20220729,0.73,0.68
6.0,20220730,1.37,0.67
6.0,20220731,4.17,0.67
6.0,20220801,8.36,0.67
6.0,20220802,6.98,0.68
7.0,20210902,7.02,0.73
7.0,20210903,8.8,0.73
7.0,20210904,12.16,0.74
7.0,20210905,7.22,0.75
7.0,20210906,6.91,0.75
7.0,20210907,0.43,0.75
7.0,20210908,0.06,0.74
7.0,20210909,0.15,0.74
7.0,20210910,0.53,0.73
7.0,20210911,0.06,0.73
7.0,20210912,0.17,0.72
7.0,20210913,0.05,0.72
7.0,20210914,0.04,0.71
7.0,20210915,1.77,0.71
7.0,20210916,2.6,0.71
7.0,20210917,1.42,0.71
7.0,20210918,5.01,0.71
7.0,20210919,6.04,0.71
7.0,20210920,3.03,0.71
7.0,20210921,4.59,0.71
7.0,20210922,21.25,0.74
7.0,20210923,1.37,0.74
7.0,20210924,1.87,0.74
7.0,20210925,7.28,0.73
7.0,20210926,7.13,0.75
7.0,20210927,0.08,0.74
7.0,20210928,2.25,0.73
7.0,20210929,1.48,0.73
7.0,20210930,3.93,0.73
7.0,20211001,2.28,0.73
7.0,20211002,5.59,0.73
7.0,20211003,4.45,0.73
7.0,20211004,4.71,0.73
7.0,20211005,37.11,0.76
7.0,20211006,8.39,0.79
7.0,20211007,3.17,0.79
7.0,20211008,3.81,0.78
7.0,20211009,5.3,0.78
7.0,20211010,9.41,0.79
7.0,20211011,4.31,0.8
7.0,20211012,4.16,0.79
7.0,20211013,6.49,0.8
7.0,20211014,0.24,0.79
7.0,20211015,2.84,0.79
7.0,20211016,1.62,0.79
7.0,20211017,3.02,0.79
7.0,20211018,0.37,0.79
7.0,20211019,3.3,0.78
7.0,20211020,1.74,0.78
7.0,20211021,1.85,0.79
7.0,20211022,0.51,0.78
7.0,20211023,0.54,0.78
7.0,20211024,5.98,0.78
7.0,20211025,0.93,0.78
7.0,20211026,0.98,0.77
7.0,20211027,0.75,0.77
7.0,20211028,6.67,0.76
7.0,20211029,25.07,0.79
7.0,20211030,17.88,0.83
7.0,20211031,16.09,0.83
7.0,20211101,21.37,0.86
7.0,20211102,23.68,0.88
7.0,20211103,30.77,0.91
7.0,20211104,18.47,0.92
7.0,20211105,16.95,0.92
7.0,20211106,49.77,0.94
7.0,20211107,40.64,0.97
7.0,20211108,36.4,0.98
7.0,20211109,16.97,0.98
7.0,20211110,84.05,0.99
7.0,20211111,75.19,1.0
7.0,20211112,3.63,0.99
7.0,20211113,3.72,0.99
7.0,20211114,4.74,0.99
7.0,20211115,4.57,0.99
7.0,20211116,2.4,0.99
7.0,20211117,11.0,0.99
7.0,20211118,74.21,1.0
7.0,20211119,20.62,1.0
7.0,20211120,16.63,1.0
7.0,20211121,7.5,1.0
7.0,20211122,5.0,0.99
7.0,20211123,2.29,0.99
7.0,20211124,2.87,0.99
7.0,20211125,18.25,0.99
7.0,20211126,58.61,1.0
7.0,20211127,29.98,1.0
7.0,20211128,61.12,1.0
7.0,20211129,12.76,1.0
7.0,20211130,9.8,1.0
7.0,20211201,1.22,1.0
7.0,20211202,0.03,1.0
7.0,20211203,0.14,0.99
7.0,20211204,0.01,0.99
7.0,20211205,0.15,0.99
7.0,20211206,1.22,0.98
7.0,20211207,0.09,0.98
7.0,20211208,0.38,0.97
7.0,20211209,3.98,0.97
7.0,20211210,2.35,0.97
7.0,20211211,3.71,0.96
7.0,20211212,6.0,0.96
7.0,20211213,6.87,0.96
7.0,20211214,2.34,0.96
7.0,20211215,1.6,0.95
7.0,20211216,0.48,0.95
7.0,20211217,0.15,0.94
7.0,20211218,0.0,0.93
7.0,20211219,0.0,0.93
7.0,20211220,0.0,0.92
7.0,20211221,0.0,0.92
7.0,20211222,0.0,0.91
7.0,20211223,0.0,0.9
7.0,20211224,0.0,0.9
7.0,20211225,0.0,0.89
7.0,20211226,0.0,0.88
7.0,20211227,0.41,0.88
7.0,20211228,0.87,0.87
7.0,20211229,0.92,0.87
7.0,20211230,55.65,0.89
7.0,20211231,42.52,0.96
7.0,20220101,8.69,0.96
7.0,20220102,0.5,0.95
7.0,20220103,0.02,0.94
7.0,20220104,0.01,0.93
7.0,20220105,0.02,0.93
7.0,20220106,0.04,0.92
7.0,20220107,0.03,0.91
7.0,20220108,0.0,0.91
7.0,20220109,0.0,0.9
7.0,20220110,0.0,0.9
7.0,20220111,0.02,0.89
7.0,20220112,0.14,0.88
7.0,20220113,0.95,0.87
7.0,20220114,0.68,0.87
7.0,20220115,0.64,0.86
7.0,20220116,5.86,0.86
7.0,20220117,6.17,0.86
7.0,20220118,1.52,0.86
7.0,20220119,0.47,0.85
7.0,20220120,0.0,0.85
7.0,20220121,0.0,0.84
7.0,20220122,0.0,0.83
7.0,20220123,0.59,0.83
7.0,20220124,3.1,0.83
7.0,20220125,1.19,0.82
7.0,20220126,0.7,0.82
7.0,20220127,0.19,0.81
7.0,20220128,0.26,0.8
7.0,20220129,0.08,0.8
7.0,20220130,0.0,0.79
7.0,20220131,0.0,0.78
7.0,20220201,0.0,0.78
7.0,20220202,0.0,0.77
7.0,20220203,0.0,0.76
7.0,20220204,0.0,0.76
7.0,20220205,0.04,0.75
7.0,20220206,0.0,0.74
7.0,20220207,0.0,0.74
7.0,20220208,0.0,0.73
7.0,20220209,0.0,0.72
7.0,20220210,0.13,0.72
7.0,20220211,0.25,0.71
7.0,20220212,0.07,0.71
7.0,20220213,0.0,0.7
7.0,20220214,0.03,0.69
7.0,20220215,0.01,0.69
7.0,20220216,0.0,0.68
7.0,20220217,0.0,0.68
7.0,20220218,0.0,0.67
7.0,20220219,0.0,0.67
7.0,20220220,0.0,0.66
7.0,20220221,0.0,0.66
7.0,20220222,0.03,0.65
7.0,20220223,0.0,0.65
7.0,20220224,0.0,0.64
7.0,20220225,0.0,0.64
7.0,20220226,0.01,0.63
7.0,20220227,0.0,0.63
7.0,20220228,0.0,0.62
7.0,20220301,0.0,0.62
7.0,20220302,0.0,0.61
7.0,20220303,0.0,0.61
7.0,20220304,0.06,0.61
7.0,20220305,0.01,0.6
7.0,20220306,0.89,0.6
7.0,20220307,0.21,0.6
7.0,20220308,0.0,0.59
7.0,20220309,0.0,0.59
7.0,20220310,0.0,0.59
7.0,20220311,0.0,0.58
7.0,20220312,0.0,0.58
7.0,20220313,0.01,0.57
7.0,20220314,0.0,0.57
7.0,20220315,0.0,0.57
7.0,20220316,0.0,0.56
7.0,20220317,0.0,0.56
7.0,20220318,0.0,0.55
7.0,20220319,0.01,0.55
7.0,20220320,0.08,0.55
7.0,20220321,0.49,0.55
7.0,20220322,0.87,0.55
7.0,20220323,0.01,0.54
7.0,20220324,0.01,0.54
7.0,20220325,0.0,0.54
7.0,20220326,0.0,0.53
7.0,20220327,0.0,0.53
7.0,20220328,0.0,0.53
7.0,20220329,0.0,0.53
7.0,20220330,0.0,0.53
7.0,20220331,0.01,0.52
7.0,20220401,0.0,0.52
7.0,20220402,0.01,0.52
7.0,20220403,0.0,0.52
7.0,20220404,0.01,0.52
7.0,20220405,0.0,0.52
7.0,20220406,0.05,0.52
7.0,20220407,0.1,0.52
7.0,20220408,0.14,0.52
7.0,20220409,0.14,0.52
7.0,20220410,0.66,0.52
7.0,20220411,0.26,0.52
7.0,20220412,0.07,0.52
7.0,20220413,0.11,0.52
7.0,20220414,0.02,0.52
7.0,20220415,0.02,0.52
7.0,20220416,0.03,0.52
7.0,20220417,0.42,0.52
7.0,20220418,0.33,0.52
7.0,20220419,0.03,0.52
7.0,20220420,0.02,0.52
7.0,20220421,0.01,0.52
7.0,20220422,0.02,0.51
7.0,20220423,0.04,0.51
7.0,20220424,0.0,0.51
7.0,20220425,0.0,0.51
7.0,20220426,0.0,0.51
7.0,20220427,0.0,0.51
7.0,20220428,0.0,0.51
7.0,20220429,0.02,0.51
7.0,20220430,0.01,0.51
7.0,20220501,0.38,0.51
7.0,20220502,0.99,0.51
7.0,20220503,0.48,0.52
7.0,20220504,1.98,0.52
7.0,20220505,1.93,0.52
7.0,20220506,4.02,0.52
7.0,20220507,8.16,0.54
7.0,20220508,0.52,0.54
7.0,20220509,1.28,0.53
7.0,20220510,10.74,0.54
7.0,20220511,6.44,0.55
7.0,20220512,8.99,0.55
7.0,20220513,1.16,0.57
7.0,20220514,1.15,0.56
7.0,20220515,7.5,0.56
7.0,20220516,6.12,0.58
7.0,20220517,2.55,0.58
7.0,20220518,1.4,0.58
7.0,20220519,0.45,0.57
7.0,20220520,0.4,0.57
7.0,20220521,0.02,0.56
7.0,20220522,0.03,0.56
7.0,20220523,0.01,0.55
7.0,20220524,0.07,0.55
7.0,20220525,2.43,0.55
7.0,20220526,3.13,0.55
7.0,20220527,1.93,0.55
7.0,20220528,0.08,0.55
7.0,20220529,0.13,0.54
7.0,20220530,0.09,0.54
7.0,20220531,0.03,0.54
7.0,20220601,0.01,0.53
7.0,20220602,0.0,0.53
7.0,20220603,0.01,0.53
7.0,20220604,0.01,0.53
7.0,20220605,1.81,0.53
7.0,20220606,3.7,0.53
7.0,20220607,2.57,0.53
7.0,20220608,0.38,0.53
7.0,20220609,0.26,0.53
7.0,20220610,0.21,0.53
7.0,20220611,1.31,0.53
7.0,20220612,1.97,0.53
7.0,20220613,1.48,0.53
7.0,20220614,1.54,0.53
7.0,20220615,8.16,0.54
7.0,20220616,8.64,0.55
7.0,20220617,7.47,0.56
7.0,20220618,4.74,0.56
7.0,20220619,28.85,0.59
7.0,20220620,18.31,0.64
7.0,20220621,23.54,0.66
7.0,20220622,9.51,0.68
7.0,20220623,3.63,0.67
7.0,20220624,2.55,0.67
7.0,20220625,1.99,0.67
7.0,20220626,0.65,0.66
7.0,20220627,2.44,0.65
7.0,20220628,2.59,0.66
7.0,20220629,5.16,0.65
7.0,20220630,5.14,0.66
7.0,20220701,4.5,0.66
7.0,20220702,3.0,0.66
7.0,20220703,3.04,0.66
7.0,20220704,3.24,0.66
7.0,20220705,6.45,0.66
7.0,20220706,4.59,0.67
7.0,20220707,1.75,0.66
7.0,20220708,3.76,0.66
7.0,20220709,2.01,0.66
7.0,20220710,2.79,0.66
7.0,20220711,1.15,0.65
7.0,20220712,1.38,0.65
7.0,20220713,2.29,0.65
7.0,20220714,0.31,0.64
7.0,20220715,0.09,0.63
7.0,20220716,5.09,0.63
7.0,20220717,9.42,0.65
7.0,20220718,2.0,0.65
7.0,20220719,0.94,0.64
7.0,20220720,10.14,0.65
7.0,20220721,5.89,0.66
7.0,20220722,15.58,0.68
7.0,20220723,1.46,0.68
7.0,20220724,3.4,0.68
7.0,20220725,3.46,0.68
7.0,20220726,7.74,0.69
7.0,20220727,0.2,0.68
7.0,20220728,0.75,0.68
7.0,20220729,0.73,0.68
7.0,20220730,1.37,0.67
7.0,20220731,4.17,0.67
7.0,20220801,8.36,0.67
7.0,20220802,6.98,0.68
8.0,20210902,7.02,0.73
8.0,20210903,8.8,0.73
8.0,20210904,12.16,0.74
8.0,20210905,7.22,0.75
8.0,20210906,6.91,0.75
8.0,20210907,0.43,0.75
8.0,20210908,0.06,0.74
8.0,20210909,0.15,0.74
8.0,20210910,0.53,0.73
8.0,20210911,0.06,0.73
8.0,20210912,0.17,0.72
8.0,20210913,0.05,0.72
8.0,20210914,0.04,0.71
8.0,20210915,1.77,0.71
8.0,20210916,2.6,0.71
8.0,20210917,1.42,0.71
8.0,20210918,5.01,0.71
8.0,20210919,6.04,0.71
8.0,20210920,3.03,0.71
8.0,20210921,4.59,0.71
8.0,20210922,21.25,0.74
8.0,20210923,1.37,0.74
8.0,20210924,1.87,0.74
8.0,20210925,7.28,0.73
8.0,20210926,7.13,0.75
8.0,20210927,0.08,0.74
8.0,20210928,2.25,0.73
8.0,20210929,1.48,0.73
8.0,20210930,3.93,0.73
8.0,20211001,2.28,0.73
8.0,20211002,5.59,0.73
8.0,20211003,4.45,0.73
8.0,20211004,4.71,0.73
8.0,20211005,37.11,0.76
8.0,20211006,8.39,0.79
8.0,20211007,3.17,0.79
8.0,20211008,3.81,0.78
8.0,20211009,5.3,0.78
8.0,20211010,9.41,0.79
8.0,20211011,4.31,0.8
8.0,20211012,4.16,0.79
8.0,20211013,6.49,0.8
8.0,20211014,0.24,0.79
8.0,20211015,2.84,0.79
8.0,20211016,1.62,0.79
8.0,20211017,3.02,0.79
8.0,20211018,0.37,0.79
8.0,20211019,3.3,0.78
8.0,20211020,1.74,0.78
8.0,20211021,1.85,0.79
8.0,20211022,0.51,0.78
8.0,20211023,0.54,0.78
8.0,20211024,5.98,0.78
8.0,20211025,0.93,0.78
8.0,20211026,0.98,0.77
8.0,20211027,0.75,0.77
8.0,20211028,6.67,0.76
8.0,20211029,25.07,0.79
8.0,20211030,17.88,0.83
8.0,20211031,16.09,0.83
8.0,20211101,21.37,0.86
8.0,20211102,23.68,0.88
8.0,20211103,30.77,0.91
8.0,20211104,18.47,0.92
8.0,20211105,16.95,0.92
8.0,20211106,49.77,0.94
8.0,20211107,40.64,0.97
8.0,20211108,36.4,0.98
8.0,20211109,16.97,0.98
8.0,20211110,84.05,0.99
8.0,20211111,75.19,1.0
8.0,20211112,3.63,0.99
8.0,20211113,3.72,0.99
8.0,20211114,4.74,0.99
8.0,20211115,4.57,0.99
8.0,20211116,2.4,0.99
8.0,20211117,11.0,0.99
8.0,20211118,74.21,1.0
8.0,20211119,20.62,1.0
8.0,20211120,16.63,1.0
8.0,20211121,7.5,1.0
8.0,20211122,5.0,0.99
8.0,20211123,2.29,0.99
8.0,20211124,2.87,0.99
8.0,20211125,18.25,0.99
8.0,20211126,58.61,1.0
8.0,20211127,29.98,1.0
8.0,20211128,61.12,1.0
8.0,20211129,12.76,1.0
8.0,20211130,9.8,1.0
8.0,20211201,1.22,1.0
8.0,20211202,0.03,1.0
8.0,20211203,0.14,0.99
8.0,20211204,0.01,0.99
8.0,20211205,0.15,0.99
8.0,20211206,1.22,0.98
8.0,20211207,0.09,0.98
8.0,20211208,0.38,0.97
8.0,20211209,3.98,0.97
8.0,20211210,2.35,0.97
8.0,20211211,3.71,0.96
8.0,20211212,6.0,0.96
8.0,20211213,6.87,0.96
8.0,20211214,2.34,0.96
8.0,20211215,1.6,0.95
8.0,20211216,0.48,0.95
8.0,20211217,0.15,0.94
8.0,20211218,0.0,0.93
8.0,20211219,0.0,0.93
8.0,20211220,0.0,0.92
8.0,20211221,0.0,0.92
8.0,20211222,0.0,0.91
8.0,20211223,0.0,0.9
8.0,20211224,0.0,0.9
8.0,20211225,0.0,0.89
8.0,20211226,0.0,0.88
8.0,20211227,0.41,0.88
8.0,20211228,0.87,0.87
8.0,20211229,0.92,0.87
8.0,20211230,55.65,0.89
8.0,20211231,42.52,0.96
8.0,20220101,8.69,0.96
8.0,20220102,0.5,0.95
8.0,20220103,0.02,0.94
8.0,20220104,0.01,0.93
8.0,20220105,0.02,0.93
8.0,20220106,0.04,0.92
8.0,20220107,0.03,0.91
8.0,20220108,0.0,0.91
8.0,20220109,0.0,0.9
8.0,20220110,0.0,0.9
8.0,20220111,0.02,0.89
8.0,20220112,0.14,0.88
8.0,20220113,0.95,0.87
8.0,20220114,0.68,0.87
8.0,20220115,0.64,0.86
8.0,20220116,5.86,0.86
8.0,20220117,6.17,0.86
8.0,20220118,1.52,0.86
8.0,20220119,0.47,0.85
8.0,20220120,0.0,0.85
8.0,20220121,0.0,0.84
8.0,20220122,0.0,0.83
8.0,20220123,0.59,0.83
8.0,20220124,3.1,0.83
8.0,20220125,1.19,0.82
8.0,20220126,0.7,0.82
8.0,20220127,0.19,0.81
8.0,20220128,0.26,0.8
8.0,20220129,0.08,0.8
8.0,20220130,0.0,0.79
8.0,20220131,0.0,0.78
8.0,20220201,0.0,0.78
8.0,20220202,0.0,0.77
8.0,20220203,0.0,0.76
8.0,20220204,0.0,0.76
8.0,20220205,0.04,0.75
8.0,20220206,0.0,0.74
8.0,20220207,0.0,0.74
8.0,20220208,0.0,0.73
8.0,20220209,0.0,0.72
8.0,20220210,0.13,0.72
8.0,20220211,0.25,0.71
8.0,20220212,0.07,0.71
8.0,20220213,0.0,0.7
8.0,20220214,0.03,0.69
8.0,20220215,0.01,0.69
8.0,20220216,0.0,0.68
8.0,20220217,0.0,0.68
8.0,20220218,0.0,0.67
8.0,20220219,0.0,0.67
8.0,20220220,0.0,0.66
8.0,20220221,0.0,0.66
8.0,20220222,0.03,0.65
8.0,20220223,0.0,0.65
8.0,20220224,0.0,0.64
8.0,20220225,0.0,0.64
8.0,20220226,0.01,0.63
8.0,20220227,0.0,0.63
8.0,20220228,0.0,0.62
8.0,20220301,0.0,0.62
8.0,20220302,0.0,0.61
8.0,20220303,0.0,0.61
8.0,20220304,0.06,0.61
8.0,20220305,0.01,0.6
8.0,20220306,0.89,0.6
8.0,20220307,0.21,0.6
8.0,20220308,0.0,0.59
8.0,20220309,0.0,0.59
8.0,20220310,0.0,0.59
8.0,20220311,0.0,0.58
8.0,20220312,0.0,0.58
8.0,20220313,0.01,0.57
8.0,20220314,0.0,0.57
8.0,20220315,0.0,0.57
8.0,20220316,0.0,0.56
8.0,20220317,0.0,0.56
8.0,20220318,0.0,0.55
8.0,20220319,0.01,0.55
8.0,20220320,0.08,0.55
8.0,20220321,0.49,0.55
8.0,20220322,0.87,0.55
8.0,20220323,0.01,0.54
8.0,20220324,0.01,0.54
8.0,20220325,0.0,0.54
8.0,20220326,0.0,0.53
8.0,20220327,0.0,0.53
8.0,20220328,0.0,0.53
8.0,20220329,0.0,0.53
8.0,20220330,0.0,0.53
8.0,20220331,0.01,0.52
8.0,20220401,0.0,0.52
8.0,20220402,0.01,0.52
8.0,20220403,0.0,0.52
8.0,20220404,0.01,0.52
8.0,20220405,0.0,0.52
8.0,20220406,0.05,0.52
8.0,20220407,0.1,0.52
8.0,20220408,0.14,0.52
8.0,20220409,0.14,0.52
8.0,20220410,0.66,0.52
8.0,20220411,0.26,0.52
8.0,20220412,0.07,0.52
8.0,20220413,0.11,0.52
8.0,20220414,0.02,0.52
8.0,20220415,0.02,0.52
8.0,20220416,0.03,0.52
8.0,20220417,0.42,0.52
8.0,20220418,0.33,0.52
8.0,20220419,0.03,0.52
8.0,20220420,0.02,0.52
8.0,20220421,0.01,0.52
8.0,20220422,0.02,0.51
8.0,20220423,0.04,0.51
8.0,20220424,0.0,0.51
8.0,20220425,0.0,0.51
8.0,20220426,0.0,0.51
8.0,20220427,0.0,0.51
8.0,20220428,0.0,0.51
8.0,20220429,0.02,0.51
8.0,20220430,0.01,0.51
8.0,20220501,0.38,0.51
8.0,20220502,0.99,0.51
8.0,20220503,0.48,0.52
8.0,20220504,1.98,0.52
8.0,20220505,1.93,0.52
8.0,20220506,4.02,0.52
8.0,20220507,8.16,0.54
8.0,20220508,0.52,0.54
8.0,20220509,1.28,0.53
8.0,20220510,10.74,0.54
8.0,20220511,6.44,0.55
8.0,20220512,8.99,0.55
8.0,20220513,1.16,0.57
8.0,20220514,1.15,0.56
8.0,20220515,7.5,0.56
8.0,20220516,6.12,0.58
8.0,20220517,2.55,0.58
8.0,20220518,1.4,0.58
8.0,20220519,0.45,0.57
8.0,20220520,0.4,0.57
8.0,20220521,0.02,0.56
8.0,20220522,0.03,0.56
8.0,20220523,0.01,0.55
8.0,20220524,0.07,0.55
8.0,20220525,2.43,0.55
8.0,20220526,3.13,0.55
8.0,20220527,1.93,0.55
8.0,20220528,0.08,0.55
8.0,20220529,0.13,0.54
8.0,20220530,0.09,0.54
8.0,20220531,0.03,0.54
8.0,20220601,0.01,0.53
8.0,20220602,0.0,0.53
8.0,20220603,0.01,0.53
8.0,20220604,0.01,0.53
8.0,20220605,1.81,0.53
8.0,20220606,3.7,0.53
8.0,20220607,2.57,0.53
8.0,20220608,0.38,0.53
8.0,20220609,0.26,0.53
8.0,20220610,0.21,0.53
8.0,20220611,1.31,0.53
8.0,20220612,1.97,0.53
8.0,20220613,1.48,0.53
8.0,20220614,1.54,0.53
8.0,20220615,8.16,0.54
8.0,20220616,8.64,0.55
8.0,20220617,7.47,0.56
8.0,20220618,4.74,0.56
8.0,20220619,28.85,0.59
8.0,20220620,18.31,0.64
8.0,20220621,23.54,0.66
8.0,20220622,9.51,0.68
8.0,20220623,3.63,0.67
8.0,20220624,2.55,0.67
8.0,20220625,1.99,0.67
8.0,20220626,0.65,0.66
8.0,20220627,2.44,0.65
8.0,20220628,2.59,0.66
8.0,20220629,5.16,0.65
8.0,20220630,5.14,0.66
8.0,20220701,4.5,0.66
8.0,20220702,3.0,0.66
8.0,20220703,3.04,0.66
8.0,20220704,3.24,0.66
8.0,20220705,6.45,0.66
8.0,20220706,4.59,0.67
8.0,20220707,1.75,0.66
8.0,20220708,3.76,0.66
8.0,20220709,2.01,0.66
8.0,20220710,2.79,0.66
8.0,20220711,1.15,0.65
8.0,20220712,1.38,0.65
8.0,20220713,2.29,0.65
8.0,20220714,0.31,0.64
8.0,20220715,0.09,0.63
8.0,20220716,5.09,0.63
8.0,20220717,9.42,0.65
8.0,20220718,2.0,0.65
8.0,20220719,0.94,0.64
8.0,20220720,10.14,0.65
8.0,20220721,5.89,0.66
8.0,20220722,15.58,0.68
8.0,20220723,1.46,0.68
8.0,20220724,3.4,0.68
8.0,20220725,3.46,0.68
8.0,20220726,7.74,0.69
8.0,20220727,0.2,0.68
8.0,20220728,0.75,0.68
8.0,20220729,0.73,0.68
8.0,20220730,1.37,0.67
8.0,20220731,4.17,0.67
8.0,20220801,8.36,0.67
8.0,20220802,6.98,0.68
9.0,20210902,7.02,0.73
9.0,20210903,8.8,0.73
9.0,20210904,12.16,0.74
9.0,20210905,7.22,0.75
9.0,20210906,6.91,0.75
9.0,20210907,0.43,0.75
9.0,20210908,0.06,0.74
9.0,20210909,0.15,0.74
9.0,20210910,0.53,0.73
9.0,20210911,0.06,0.73
9.0,20210912,0.17,0.72
9.0,20210913,0.05,0.72
9.0,20210914,0.04,0.71
9.0,20210915,1.77,0.71
9.0,20210916,2.6,0.71
9.0,20210917,1.42,0.71
9.0,20210918,5.01,0.71
9.0,20210919,6.04,0.71
9.0,20210920,3.03,0.71
9.0,20210921,4.59,0.71
9.0,20210922,21.25,0.74
9.0,20210923,1.37,0.74
9.0,20210924,1.87,0.74
9.0,20210925,7.28,0.73
9.0,20210926,7.13,0.75
9.0,20210927,0.08,0.74
9.0,20210928,2.25,0.73
9.0,20210929,1.48,0.73
9.0,20210930,3.93,0.73
9.0,20211001,2.28,0.73
9.0,20211002,5.59,0.73
9.0,20211003,4.45,0.73
9.0,20211004,4.71,0.73
9.0,20211005,37.11,0.76
9.0,20211006,8.39,0.79
9.0,20211007,3.17,0.79
9.0,20211008,3.81,0.78
9.0,20211009,5.3,0.78
9.0,20211010,9.41,0.79
9.0,20211011,4.31,0.8
9.0,20211012,4.16,0.79
9.0,20211013,6.49,0.8
9.0,20211014,0.24,0.79
9.0,20211015,2.84,0.79
9.0,20211016,1.62,0.79
9.0,20211017,3.02,0.79
9.0,20211018,0.37,0.79
9.0,20211019,3.3,0.78
9.0,20211020,1.74,0.78
9.0,20211021,1.85,0.79
9.0,20211022,0.51,0.78
9.0,20211023,0.54,0.78
9.0,20211024,5.98,0.78
9.0,20211025,0.93,0.78
9.0,20211026,0.98,0.77
9.0,20211027,0.75,0.77
9.0,20211028,6.67,0.76
9.0,20211029,25.07,0.79
9.0,20211030,17.88,0.83
9.0,20211031,16.09,0.83
9.0,20211101,21.37,0.86
9.0,20211102,23.68,0.88
9.0,20211103,30.77,0.91
9.0,20211104,18.47,0.92
9.0,20211105,16.95,0.92
9.0,20211106,49.77,0.94
9.0,20211107,40.64,0.97
9.0,20211108,36.4,0.98
9.0,20211109,16.97,0.98
9.0,20211110,84.05,0.99
9.0,20211111,75.19,1.0
9.0,20211112,3.63,0.99
9.0,20211113,3.72,0.99
9.0,20211114,4.74,0.99
9.0,20211115,4.57,0.99
9.0,20211116,2.4,0.99
9.0,20211117,11.0,0.99
9.0,20211118,74.21,1.0
9.0,20211119,20.62,1.0
9.0,20211120,16.63,1.0
9.0,20211121,7.5,1.0
9.0,20211122,5.0,0.99
9.0,20211123,2.29,0.99
9.0,20211124,2.87,0.99
9.0,20211125,18.25,0.99
9.0,20211126,58.61,1.0
9.0,20211127,29.98,1.0
9.0,20211128,61.12,1.0
9.0,20211129,12.76,1.0
9.0,20211130,9.8,1.0
9.0,20211201,1.22,1.0
9.0,20211202,0.03,1.0
9.0,20211203,0.14,0.99
9.0,20211204,0.01,0.99
9.0,20211205,0.15,0.99
9.0,20211206,1.22,0.98
9.0,20211207,0.09,0.98
9.0,20211208,0.38,0.97
9.0,20211209,3.98,0.97
9.0,20211210,2.35,0.97
9.0,20211211,3.71,0.96
9.0,20211212,6.0,0.96
9.0,20211213,6.87,0.96
9.0,20211214,2.34,0.96
9.0,20211215,1.6,0.95
9.0,20211216,0.48,0.95
9.0,20211217,0.15,0.94
9.0,20211218,0.0,0.93
9.0,20211219,0.0,0.93
9.0,20211220,0.0,0.92
9.0,20211221,0.0,0.92
9.0,20211222,0.0,0.91
9.0,20211223,0.0,0.9
9.0,20211224,0.0,0.9
9.0,20211225,0.0,0.89
9.0,20211226,0.0,0.88
9.0,20211227,0.41,0.88
9.0,20211228,0.87,0.87
9.0,20211229,0.92,0.87
9.0,20211230,55.65,0.89
9.0,20211231,42.52,0.96
9.0,20220101,8.69,0.96
9.0,20220102,0.5,0.95
9.0,20220103,0.02,0.94
9.0,20220104,0.01,0.93
9.0,20220105,0.02,0.93
9.0,20220106,0.04,0.92
9.0,20220107,0.03,0.91
9.0,20220108,0.0,0.91
9.0,20220109,0.0,0.9
9.0,20220110,0.0,0.9
9.0,20220111,0.02,0.89
9.0,20220112,0.14,0.88
9.0,20220113,0.95,0.87
9.0,20220114,0.68,0.87
9.0,20220115,0.64,0.86
9.0,20220116,5.86,0.86
9.0,20220117,6.17,0.86
9.0,20220118,1.52,0.86
9.0,20220119,0.47,0.85
9.0,20220120,0.0,0.85
9.0,20220121,0.0,0.84
9.0,20220122,0.0,0.83
9.0,20220123,0.59,0.83
9.0,20220124,3.1,0.83
9.0,20220125,1.19,0.82
9.0,20220126,0.7,0.82
9.0,20220127,0.19,0.81
9.0,20220128,0.26,0.8
9.0,20220129,0.08,0.8
9.0,20220130,0.0,0.79
9.0,20220131,0.0,0.78
9.0,20220201,0.0,0.78
9.0,20220202,0.0,0.77
9.0,20220203,0.0,0.76
9.0,20220204,0.0,0.76
9.0,20220205,0.04,0.75
9.0,20220206,0.0,0.74
9.0,20220207,0.0,0.74
9.0,20220208,0.0,0.73
9.0,20220209,0.0,0.72
9.0,20220210,0.13,0.72
9.0,20220211,0.25,0.71
9.0,20220212,0.07,0.71
9.0,20220213,0.0,0.7
9.0,20220214,0.03,0.69
9.0,20220215,0.01,0.69
9.0,20220216,0.0,0.68
9.0,20220217,0.0,0.68
9.0,20220218,0.0,0.67
9.0,20220219,0.0,0.67
9.0,20220220,0.0,0.66
9.0,20220221,0.0,0.66
9.0,20220222,0.03,0.65
9.0,20220223,0.0,0.65
9.0,20220224,0.0,0.64
9.0,20220225,0.0,0.64
9.0,20220226,0.01,0.63
9.0,20220227,0.0,0.63
9.0,20220228,0.0,0.62
9.0,20220301,0.0,0.62
9.0,20220302,0.0,0.61
9.0,20220303,0.0,0.61
9.0,20220304,0.06,0.61
9.0,20220305,0.01,0.6
9.0,20220306,0.89,0.6
9.0,20220307,0.21,0.6
9.0,20220308,0.0,0.59
9.0,20220309,0.0,0.59
9.0,20220310,0.0,0.59
9.0,20220311,0.0,0.58
9.0,20220312,0.0,0.58
9.0,20220313,0.01,0.57
9.0,20220314,0.0,0.57
9.0,20220315,0.0,0.57
9.0,20220316,0.0,0.56
9.0,20220317,0.0,0.56
9.0,20220318,0.0,0.55
9.0,20220319,0.01,0.55
9.0,20220320,0.08,0.55
9.0,20220321,0.49,0.55
9.0,20220322,0.87,0.55
9.0,20220323,0.01,0.54
9.0,20220324,0.01,0.54
9.0,20220325,0.0,0.54
9.0,20220326,0.0,0.53
9.0,20220327,0.0,0.53
9.0,20220328,0.0,0.53
9.0,20220329,0.0,0.53
9.0,20220330,0.0,0.53
9.0,20220331,0.01,0.52
9.0,20220401,0.0,0.52
9.0,20220402,0.01,0.52
9.0,20220403,0.0,0.52
9.0,20220404,0.01,0.52
9.0,20220405,0.0,0.52
9.0,20220406,0.05,0.52
9.0,20220407,0.1,0.52
9.0,20220408,0.14,0.52
9.0,20220409,0.14,0.52
9.0,20220410,0.66,0.52
9.0,20220411,0.26,0.52
9.0,20220412,0.07,0.52
9.0,20220413,0.11,0.52
9.0,20220414,0.02,0.52
9.0,20220415,0.02,0.52
9.0,20220416,0.03,0.52
9.0,20220417,0.42,0.52
9.0,20220418,0.33,0.52
9.0,20220419,0.03,0.52
9.0,20220420,0.02,0.52
9.0,20220421,0.01,0.52
9.0,20220422,0.02,0.51
9.0,20220423,0.04,0.51
9.0,20220424,0.0,0.51
9.0,20220425,0.0,0.51
9.0,20220426,0.0,0.51
9.0,20220427,0.0,0.51
9.0,20220428,0.0,0.51
9.0,20220429,0.02,0.51
9.0,20220430,0.01,0.51
9.0,20220501,0.38,0.51
9.0,20220502,0.99,0.51
9.0,20220503,0.48,0.52
9.0,20220504,1.98,0.52
9.0,20220505,1.93,0.52
9.0,20220506,4.02,0.52
9.0,20220507,8.16,0.54
9.0,20220508,0.52,0.54
9.0,20220509,1.28,0.53
9.0,20220510,10.74,0.54
9.0,20220511,6.44,0.55
9.0,20220512,8.99,0.55
9.0,20220513,1.16,0.57
9.0,20220514,1.15,0.56
9.0,20220515,7.5,0.56
9.0,20220516,6.12,0.58
9.0,20220517,2.55,0.58
9.0,20220518,1.4,0.58
9.0,20220519,0.45,0.57
9.0,20220520,0.4,0.57
9.0,20220521,0.02,0.56
9.0,20220522,0.03,0.56
9.0,20220523,0.01,0.55
9.0,20220524,0.07,0.55
9.0,20220525,2.43,0.55
9.0,20220526,3.13,0.55
9.0,20220527,1.93,0.55
9.0,20220528,0.08,0.55
9.0,20220529,0.13,0.54
9.0,20220530,0.09,0.54
9.0,20220531,0.03,0.54
9.0,20220601,0.01,0.53
9.0,20220602,0.0,0.53
9.0,20220603,0.01,0.53
9.0,20220604,0.01,0.53
9.0,20220605,1.81,0.53
9.0,20220606,3.7,0.53
9.0,20220607,2.57,0.53
9.0,20220608,0.38,0.53
9.0,20220609,0.26,0.53
9.0,20220610,0.21,0.53
9.0,20220611,1.31,0.53
9.0,20220612,1.97,0.53
9.0,20220613,1.48,0.53
9.0,20220614,1.54,0.53
9.0,20220615,8.16,0.54
9.0,20220616,8.64,0.55
9.0,20220617,7.47,0.56
9.0,20220618,4.74,0.56
9.0,20220619,28.85,0.59
9.0,20220620,18.31,0.64
9.0,20220621,23.54,0.66
9.0,20220622,9.51,0.68
9.0,20220623,3.63,0.67
9.0,20220624,2.55,0.67
9.0,20220625,1.99,0.67
9.0,20220626,0.65,0.66
9.0,20220627,2.44,0.65
9.0,20220628,2.59,0.66
9.0,20220629,5.16,0.65
9.0,20220630,5.14,0.66
9.0,20220701,4.5,0.66
9.0,20220702,3.0,0.66
9.0,20220703,3.04,0.66
9.0,20220704,3.24,0.66
9.0,20220705,6.45,0.66
9.0,20220706,4.59,0.67
9.0,20220707,1.75,0.66
9.0,20220708,3.76,0.66
9.0,20220709,2.01,0.66
9.0,20220710,2.79,0.66
9.0,20220711,1.15,0.65
9.0,20220712,1.38,0.65
9.0,20220713,2.29,0.65
9.0,20220714,0.31,0.64
9.0,20220715,0.09,0.63
9.0,20220716,5.09,0.63
9.0,20220717,9.42,0.65
9.0,20220718,2.0,0.65
9.0,20220719,0.94,0.64
9.0,20220720,10.14,0.65
9.0,20220721,5.89,0.66
9.0,20220722,15.58,0.68
9.0,20220723,1.46,0.68
9.0,20220724,3.4,0.68
9.0,20220725,3.46,0.68
9.0,20220726,7.74,0.69
9.0,20220727,0.2,0.68
9.0,20220728,0.75,0.68
9.0,20220729,0.73,0.68
9.0,20220730,1.37,0.67
9.0,20220731,4.17,0.67
9.0,20220801,8.36,0.67
9.0,20220802,6.98,0.68
10.0,20210902,7.02,0.73
10.0,20210903,8.8,0.73
10.0,20210904,12.16,0.74
10.0,20210905,7.22,0.75
10.0,20210906,6.91,0.75
10.0,20210907,0.43,0.75
10.0,20210908,0.06,0.74
10.0,20210909,0.15,0.74
10.0,20210910,0.53,0.73
10.0,20210911,0.06,0.73
10.0,20210912,0.17,0.72
10.0,20210913,0.05,0.72
10.0,20210914,0.04,0.71
10.0,20210915,1.77,0.71
10.0,20210916,2.6,0.71
10.0,20210917,1.42,0.71
10.0,20210918,5.01,0.71
10.0,20210919,6.04,0.71
10.0,20210920,3.03,0.71
10.0,20210921,4.59,0.71
10.0,20210922,21.25,0.74
10.0,20210923,1.37,0.74
10.0,20210924,1.87,0.74
10.0,20210925,7.28,0.73
10.0,20210926,7.13,0.75
10.0,20210927,0.08,0.74
10.0,20210928,2.25,0.73
10.0,20210929,1.48,0.73
10.0,20210930,3.93,0.73
10.0,20211001,2.28,0.73
10.0,20211002,5.59,0.73
10.0,20211003,4.45,0.73
10.0,20211004,4.71,0.73
10.0,20211005,37.11,0.76
10.0,20211006,8.39,0.79
10.0,20211007,3.17,0.79
10.0,20211008,3.81,0.78
10.0,20211009,5.3,0.78
10.0,20211010,9.41,0.79
10.0,20211011,4.31,0.8
10.0,20211012,4.16,0.79
10.0,20211013,6.49,0.8
10.0,20211014,0.24,0.79
10.0,20211015,2.84,0.79
10.0,20211016,1.62,0.79
10.0,20211017,3.02,0.79
10.0,20211018,0.37,0.79
10.0,20211019,3.3,0.78
10.0,20211020,1.74,0.78
10.0,20211021,1.85,0.79
10.0,20211022,0.51,0.78
10.0,20211023,0.54,0.78
10.0,20211024,5.98,0.78
10.0,20211025,0.93,0.78
10.0,20211026,0.98,0.77
10.0,20211027,0.75,0.77
10.0,20211028,6.67,0.76
10.0,20211029,25.07,0.79
10.0,20211030,17.88,0.83
10.0,20211031,16.09,0.83
10.0,20211101,21.37,0.86
10.0,20211102,23.68,0.88
10.0,20211103,30.77,0.91
10.0,20211104,18.47,0.92
10.0,20211105,16.95,0.92
10.0,20211106,49.77,0.94
10.0,20211107,40.64,0.97
10.0,20211108,36.4,0.98
10.0,20211109,16.97,0.98
10.0,20211110,84.05,0.99
10.0,20211111,75.19,1.0
10.0,20211112,3.63,0.99
10.0,20211113,3.72,0.99
10.0,20211114,4.74,0.99
10.0,20211115,4.57,0.99
10.0,20211116,2.4,0.99
10.0,20211117,11.0,0.99
10.0,20211118,74.21,1.0
10.0,20211119,20.62,1.0
10.0,20211120,16.63,1.0
10.0,20211121,7.5,1.0
10.0,20211122,5.0,0.99
10.0,20211123,2.29,0.99
10.0,20211124,2.87,0.99
10.0,20211125,18.25,0.99
10.0,20211126,58.61,1.0
10.0,20211127,29.98,1.0
10.0,20211128,61.12,1.0
10.0,20211129,12.76,1.0
10.0,20211130,9.8,1.0
10.0,20211201,1.22,1.0
10.0,20211202,0.03,1.0
10.0,20211203,0.14,0.99
10.0,20211204,0.01,0.99
10.0,20211205,0.15,0.99
10.0,20211206,1.22,0.98
10.0,20211207,0.09,0.98
10.0,20211208,0.38,0.97
10.0,20211209,3.98,0.97
10.0,20211210,2.35,0.97
10.0,20211211,3.71,0.96
10.0,20211212,6.0,0.96
10.0,20211213,6.87,0.96
10.0,20211214,2.34,0.96
10.0,20211215,1.6,0.95
10.0,20211216,0.48,0.95
10.0,20211217,0.15,0.94
10.0,20211218,0.0,0.93
10.0,20211219,0.0,0.93
10.0,20211220,0.0,0.92
10.0,20211221,0.0,0.92
10.0,20211222,0.0,0.91
10.0,20211223,0.0,0.9
10.0,20211224,0.0,0.9
10.0,20211225,0.0,0.89
10.0,20211226,0.0,0.88
10.0,20211227,0.41,0.88
10.0,20211228,0.87,0.87
10.0,20211229,0.92,0.87
10.0,20211230,55.65,0.89
10.0,20211231,42.52,0.96
10.0,20220101,8.69,0.96
10.0,20220102,0.5,0.95
10.0,20220103,0.02,0.94
10.0,20220104,0.01,0.93
10.0,20220105,0.02,0.93
10.0,20220106,0.04,0.92
10.0,20220107,0.03,0.91
10.0,20220108,0.0,0.91
10.0,20220109,0.0,0.9
10.0,20220110,0.0,0.9
10.0,20220111,0.02,0.89
10.0,20220112,0.14,0.88
10.0,20220113,0.95,0.87
10.0,20220114,0.68,0.87
10.0,20220115,0.64,0.86
10.0,20220116,5.86,0.86
10.0,20220117,6.17,0.86
10.0,20220118,1.52,0.86
10.0,20220119,0.47,0.85
10.0,20220120,0.0,0.85
10.0,20220121,0.0,0.84
10.0,20220122,0.0,0.83
10.0,20220123,0.59,0.83
10.0,20220124,3.1,0.83
10.0,20220125,1.19,0.82
10.0,20220126,0.7,0.82
10.0,20220127,0.19,0.81
10.0,20220128,0.26,0.8
10.0,20220129,0.08,0.8
10.0,20220130,0.0,0.79
10.0,20220131,0.0,0.78
10.0,20220201,0.0,0.78
10.0,20220202,0.0,0.77
10.0,20220203,0.0,0.76
10.0,20220204,0.0,0.76
10.0,20220205,0.04,0.75
10.0,20220206,0.0,0.74
10.0,20220207,0.0,0.74
10.0,20220208,0.0,0.73
10.0,20220209,0.0,0.72
10.0,20220210,0.13,0.72
10.0,20220211,0.25,0.71
10.0,20220212,0.07,0.71
10.0,20220213,0.0,0.7
10.0,20220214,0.03,0.69
10.0,20220215,0.01,0.69
10.0,20220216,0.0,0.68
10.0,20220217,0.0,0.68
10.0,20220218,0.0,0.67
10.0,20220219,0.0,0.67
10.0,20220220,0.0,0.66
10.0,20220221,0.0,0.66
10.0,20220222,0.03,0.65
10.0,20220223,0.0,0.65
10.0,20220224,0.0,0.64
10.0,20220225,0.0,0.64
10.0,20220226,0.01,0.63
10.0,20220227,0.0,0.63
10.0,20220228,0.0,0.62
10.0,20220301,0.0,0.62
10.0,20220302,0.0,0.61
10.0,20220303,0.0,0.61
10.0,20220304,0.06,0.61
10.0,20220305,0.01,0.6
10.0,20220306,0.89,0.6
10.0,20220307,0.21,0.6
10.0,20220308,0.0,0.59
10.0,20220309,0.0,0.59
10.0,20220310,0.0,0.59
10.0,20220311,0.0,0.58
10.0,20220312,0.0,0.58
10.0,20220313,0.01,0.57
10.0,20220314,0.0,0.57
10.0,20220315,0.0,0.57
10.0,20220316,0.0,0.56
10.0,20220317,0.0,0.56
10.0,20220318,0.0,0.55
10.0,20220319,0.01,0.55
10.0,20220320,0.08,0.55
10.0,20220321,0.49,0.55
10.0,20220322,0.87,0.55
10.0,20220323,0.01,0.54
10.0,20220324,0.01,0.54
10.0,20220325,0.0,0.54
10.0,20220326,0.0,0.53
10.0,20220327,0.0,0.53
10.0,20220328,0.0,0.53
10.0,20220329,0.0,0.53
10.0,20220330,0.0,0.53
10.0,20220331,0.01,0.52
10.0,20220401,0.0,0.52
10.0,20220402,0.01,0.52
10.0,20220403,0.0,0.52
10.0,20220404,0.01,0.52
10.0,20220405,0.0,0.52
10.0,20220406,0.05,0.52
10.0,20220407,0.1,0.52
10.0,20220408,0.14,0.52
10.0,20220409,0.14,0.52
10.0,20220410,0.66,0.52
10.0,20220411,0.26,0.52
10.0,20220412,0.07,0.52
10.0,20220413,0.11,0.52
10.0,20220414,0.02,0.52
10.0,20220415,0.02,0.52
10.0,20220416,0.03,0.52
10.0,20220417,0.42,0.52
10.0,20220418,0.33,0.52
10.0,20220419,0.03,0.52
10.0,20220420,0.02,0.52
10.0,20220421,0.01,0.52
10.0,20220422,0.02,0.51
10.0,20220423,0.04,0.51
10.0,20220424,0.0,0.51
10.0,20220425,0.0,0.51
10.0,20220426,0.0,0.51
10.0,20220427,0.0,0.51
10.0,20220428,0.0,0.51
10.0,20220429,0.02,0.51
10.0,20220430,0.01,0.51
10.0,20220501,0.38,0.51
10.0,20220502,0.99,0.51
10.0,20220503,0.48,0.52
10.0,20220504,1.98,0.52
10.0,20220505,1.93,0.52
10.0,20220506,4.02,0.52
10.0,20220507,8.16,0.54
10.0,20220508,0.52,0.54
10.0,20220509,1.28,0.53
10.0,20220510,10.74,0.54
10.0,20220511,6.44,0.55
10.0,20220512,8.99,0.55
10.0,20220513,1.16,0.57
10.0,20220514,1.15,0.56
10.0,20220515,7.5,0.56
10.0,20220516,6.12,0.58
10.0,20220517,2.55,0.58
10.0,20220518,1.4,0.58
10.0,20220519,0.45,0.57
10.0,20220520,0.4,0.57
10.0,20220521,0.02,0.56
10.0,20220522,0.03,0.56
10.0,20220523,0.01,0.55
10.0,20220524,0.07,0.55
10.0,20220525,2.43,0.55
10.0,20220526,3.13,0.55
10.0,20220527,1.93,0.55
10.0,20220528,0.08,0.55
10.0,20220529,0.13,0.54
10.0,20220530,0.09,0.54
10.0,20220531,0.03,0.54
10.0,20220601,0.01,0.53
10.0,20220602,0.0,0.53
10.0,20220603,0.01,0.53
10.0,20220604,0.01,0.53
10.0,20220605,1.81,0.53
10.0,20220606,3.7,0.53
10.0,20220607,2.57,0.53
10.0,20220608,0.38,0.53
10.0,20220609,0.26,0.53
10.0,20220610,0.21,0.53
10.0,20220611,1.31,0.53
10.0,20220612,1.97,0.53
10.0,20220613,1.48,0.53
10.0,20220614,1.54,0.53
10.0,20220615,8.16,0.54
10.0,20220616,8.64,0.55
10.0,20220617,7.47,0.56
10.0,20220618,4.74,0.56
10.0,20220619,28.85,0.59
10.0,20220620,18.31,0.64
10.0,20220621,23.54,0.66
10.0,20220622,9.51,0.68
10.0,20220623,3.63,0.67
10.0,20220624,2.55,0.67
10.0,20220625,1.99,0.67
10.0,20220626,0.65,0.66
10.0,20220627,2.44,0.65
10.0,20220628,2.59,0.66
10.0,20220629,5.16,0.65
10.0,20220630,5.14,0.66
10.0,20220701,4.5,0.66
10.0,20220702,3.0,0.66
10.0,20220703,3.04,0.66
10.0,20220704,3.24,0.66
10.0,20220705,6.45,0.66
10.0,20220706,4.59,0.67
10.0,20220707,1.75,0.66
10.0,20220708,3.76,0.66
10.0,20220709,2.01,0.66
10.0,20220710,2.79,0.66
10.0,20220711,1.15,0.65
10.0,20220712,1.38,0.65
10.0,20220713,2.29,0.65
10.0,20220714,0.31,0.64
10.0,20220715,0.09,0.63
10.0,20220716,5.09,0.63
10.0,20220717,9.42,0.65
10.0,20220718,2.0,0.65
10.0,20220719,0.94,0.64
10.0,20220720,10.14,0.65
10.0,20220721,5.89,0.66
10.0,20220722,15.58,0.68
10.0,20220723,1.46,0.68
10.0,20220724,3.4,0.68
10.0,20220725,3.46,0.68
10.0,20220726,7.74,0.69
10.0,20220727,0.2,0.68
10.0,20220728,0.75,0.68
10.0,20220729,0.73,0.68
10.0,20220730,1.37,0.67
10.0,20220731,4.17,0.67
10.0,20220801,8.36,0.67
10.0,20220802,6.98,0.68
11.0,20210902,7.02,0.73
11.0,20210903,8.8,0.73
11.0,20210904,12.16,0.74
11.0,20210905,7.22,0.75
11.0,20210906,6.91,0.75
11.0,20210907,0.43,0.75
11.0,20210908,0.06,0.74
11.0,20210909,0.15,0.74
11.0,20210910,0.53,0.73
11.0,20210911,0.06,0.73
11.0,20210912,0.17,0.72
11.0,20210913,0.05,0.72
11.0,20210914,0.04,0.71
11.0,20210915,1.77,0.71
11.0,20210916,2.6,0.71
11.0,20210917,1.42,0.71
11.0,20210918,5.01,0.71
11.0,20210919,6.04,0.71
11.0,20210920,3.03,0.71
11.0,20210921,4.59,0.71
11.0,20210922,21.25,0.74
11.0,20210923,1.37,0.74
11.0,20210924,1.87,0.74
11.0,20210925,7.28,0.73
11.0,20210926,7.13,0.75
11.0,20210927,0.08,0.74
11.0,20210928,2.25,0.73
11.0,20210929,1.48,0.73
11.0,20210930,3.93,0.73
11.0,20211001,2.28,0.73
11.0,20211002,5.59,0.73
11.0,20211003,4.45,0.73
11.0,20211004,4.71,0.73
11.0,20211005,37.11,0.76
11.0,20211006,8.39,0.79
11.0,20211007,3.17,0.79
11.0,20211008,3.81,0.78
11.0,20211009,5.3,0.78
11.0,20211010,9.41,0.79
11.0,20211011,4.31,0.8
11.0,20211012,4.16,0.79
11.0,20211013,6.49,0.8
11.0,20211014,0.24,0.79
11.0,20211015,2.84,0.79
11.0,20211016,1.62,0.79
11.0,20211017,3.02,0.79
11.0,20211018,0.37,0.79
11.0,20211019,3.3,0.78
11.0,20211020,1.74,0.78
11.0,20211021,1.85,0.79
11.0,20211022,0.51,0.78
11.0,20211023,0.54,0.78
11.0,20211024,5.98,0.78
11.0,20211025,0.93,0.78
11.0,20211026,0.98,0.77
11.0,20211027,0.75,0.77
11.0,20211028,6.67,0.76
11.0,20211029,25.07,0.79
11.0,20211030,17.88,0.83
11.0,20211031,16.09,0.83
11.0,20211101,21.37,0.86
11.0,20211102,23.68,0.88
11.0,20211103,30.77,0.91
11.0,20211104,18.47,0.92
11.0,20211105,16.95,0.92
11.0,20211106,49.77,0.94
11.0,20211107,40.64,0.97
11.0,20211108,36.4,0.98
11.0,20211109,16.97,0.98
11.0,20211110,84.05,0.99
11.0,20211111,75.19,1.0
11.0,20211112,3.63,0.99
11.0,20211113,3.72,0.99
11.0,20211114,4.74,0.99
11.0,20211115,4.57,0.99
11.0,20211116,2.4,0.99
11.0,20211117,11.0,0.99
11.0,20211118,74.21,1.0
11.0,20211119,20.62,1.0
11.0,20211120,16.63,1.0
11.0,20211121,7.5,1.0
11.0,20211122,5.0,0.99
11.0,20211123,2.29,0.99
11.0,20211124,2.87,0.99
11.0,20211125,18.25,0.99
11.0,20211126,58.61,1.0
11.0,20211127,29.98,1.0
11.0,20211128,61.12,1.0
11.0,20211129,12.76,1.0
11.0,20211130,9.8,1.0
11.0,20211201,1.22,1.0
11.0,20211202,0.03,1.0
11.0,20211203,0.14,0.99
11.0,20211204,0.01,0.99
11.0,20211205,0.15,0.99
11.0,20211206,1.22,0.98
11.0,20211207,0.09,0.98
11.0,20211208,0.38,0.97
11.0,20211209,3.98,0.97
11.0,20211210,2.35,0.97
11.0,20211211,3.71,0.96
11.0,20211212,6.0,0.96
11.0,20211213,6.87,0.96
11.0,20211214,2.34,0.96
11.0,20211215,1.6,0.95
11.0,20211216,0.48,0.95
11.0,20211217,0.15,0.94
11.0,20211218,0.0,0.93
11.0,20211219,0.0,0.93
11.0,20211220,0.0,0.92
11.0,20211221,0.0,0.92
11.0,20211222,0.0,0.91
11.0,20211223,0.0,0.9
11.0,20211224,0.0,0.9
11.0,20211225,0.0,0.89
11.0,20211226,0.0,0.88
11.0,20211227,0.41,0.88
11.0,20211228,0.87,0.87
11.0,20211229,0.92,0.87
11.0,20211230,55.65,0.89
11.0,20211231,42.52,0.96
11.0,20220101,8.69,0.96
11.0,20220102,0.5,0.95
11.0,20220103,0.02,0.94
11.0,20220104,0.01,0.93
11.0,20220105,0.02,0.93
11.0,20220106,0.04,0.92
11.0,20220107,0.03,0.91
11.0,20220108,0.0,0.91
11.0,20220109,0.0,0.9
11.0,20220110,0.0,0.9
11.0,20220111,0.02,0.89
11.0,20220112,0.14,0.88
11.0,20220113,0.95,0.87
11.0,20220114,0.68,0.87
11.0,20220115,0.64,0.86
11.0,20220116,5.86,0.86
11.0,20220117,6.17,0.86
11.0,20220118,1.52,0.86
11.0,20220119,0.47,0.85
11.0,20220120,0.0,0.85
11.0,20220121,0.0,0.84
11.0,20220122,0.0,0.83
11.0,20220123,0.59,0.83
11.0,20220124,3.1,0.83
11.0,20220125,1.19,0.82
11.0,20220126,0.7,0.82
11.0,20220127,0.19,0.81
11.0,20220128,0.26,0.8
11.0,20220129,0.08,0.8
11.0,20220130,0.0,0.79
11.0,20220131,0.0,0.78
11.0,20220201,0.0,0.78
11.0,20220202,0.0,0.77
11.0,20220203,0.0,0.76
11.0,20220204,0.0,0.76
11.0,20220205,0.04,0.75
11.0,20220206,0.0,0.74
11.0,20220207,0.0,0.74
11.0,20220208,0.0,0.73
11.0,20220209,0.0,0.72
11.0,20220210,0.13,0.72
11.0,20220211,0.25,0.71
11.0,20220212,0.07,0.71
11.0,20220213,0.0,0.7
11.0,20220214,0.03,0.69
11.0,20220215,0.01,0.69
11.0,20220216,0.0,0.68
11.0,20220217,0.0,0.68
11.0,20220218,0.0,0.67
11.0,20220219,0.0,0.67
11.0,20220220,0.0,0.66
11.0,20220221,0.0,0.66
11.0,20220222,0.03,0.65
11.0,20220223,0.0,0.65
11.0,20220224,0.0,0.64
11.0,20220225,0.0,0.64
11.0,20220226,0.01,0.63
11.0,20220227,0.0,0.63
11.0,20220228,0.0,0.62
11.0,20220301,0.0,0.62
11.0,20220302,0.0,0.61
11.0,20220303,0.0,0.61
11.0,20220304,0.06,0.61
11.0,20220305,0.01,0.6
11.0,20220306,0.89,0.6
11.0,20220307,0.21,0.6
11.0,20220308,0.0,0.59
11.0,20220309,0.0,0.59
11.0,20220310,0.0,0.59
11.0,20220311,0.0,0.58
11.0,20220312,0.0,0.58
11.0,20220313,0.01,0.57
11.0,20220314,0.0,0.57
11.0,20220315,0.0,0.57
11.0,20220316,0.0,0.56
11.0,20220317,0.0,0.56
11.0,20220318,0.0,0.55
11.0,20220319,0.01,0.55
11.0,20220320,0.08,0.55
11.0,20220321,0.49,0.55
11.0,20220322,0.87,0.55
11.0,20220323,0.01,0.54
11.0,20220324,0.01,0.54
11.0,20220325,0.0,0.54
11.0,20220326,0.0,0.53
11.0,20220327,0.0,0.53
11.0,20220328,0.0,0.53
11.0,20220329,0.0,0.53
11.0,20220330,0.0,0.53
11.0,20220331,0.01,0.52
11.0,20220401,0.0,0.52
11.0,20220402,0.01,0.52
11.0,20220403,0.0,0.52
11.0,20220404,0.01,0.52
11.0,20220405,0.0,0.52
11.0,20220406,0.05,0.52
11.0,20220407,0.1,0.52
11.0,20220408,0.14,0.52
11.0,20220409,0.14,0.52
11.0,20220410,0.66,0.52
11.0,20220411,0.26,0.52
11.0,20220412,0.07,0.52
11.0,20220413,0.11,0.52
11.0,20220414,0.02,0.52
11.0,20220415,0.02,0.52
11.0,20220416,0.03,0.52
11.0,20220417,0.42,0.52
11.0,20220418,0.33,0.52
11.0,20220419,0.03,0.52
11.0,20220420,0.02,0.52
11.0,20220421,0.01,0.52
11.0,20220422,0.02,0.51
11.0,20220423,0.04,0.51
11.0,20220424,0.0,0.51
11.0,20220425,0.0,0.51
11.0,20220426,0.0,0.51
11.0,20220427,0.0,0.51
11.0,20220428,0.0,0.51
11.0,20220429,0.02,0.51
11.0,20220430,0.01,0.51
11.0,20220501,0.38,0.51
11.0,20220502,0.99,0.51
11.0,20220503,0.48,0.52
11.0,20220504,1.98,0.52
11.0,20220505,1.93,0.52
11.0,20220506,4.02,0.52
11.0,20220507,8.16,0.54
11.0,20220508,0.52,0.54
11.0,20220509,1.28,0.53
11.0,20220510,10.74,0.54
11.0,20220511,6.44,0.55
11.0,20220512,8.99,0.55
11.0,20220513,1.16,0.57
11.0,20220514,1.15,0.56
11.0,20220515,7.5,0.56
11.0,20220516,6.12,0.58
11.0,20220517,2.55,0.58
11.0,20220518,1.4,0.58
11.0,20220519,0.45,0.57
11.0,20220520,0.4,0.57
11.0,20220521,0.02,0.56
11.0,20220522,0.03,0.56
11.0,20220523,0.01,0.55
11.0,20220524,0.07,0.55
11.0,20220525,2.43,0.55
11.0,20220526,3.13,0.55
11.0,20220527,1.93,0.55
11.0,20220528,0.08,0.55
11.0,20220529,0.13,0.54
11.0,20220530,0.09,0.54
11.0,20220531,0.03,0.54
11.0,20220601,0.01,0.53
11.0,20220602,0.0,0.53
11.0,20220603,0.01,0.53
11.0,20220604,0.01,0.53
11.0,20220605,1.81,0.53
11.0,20220606,3.7,0.53
11.0,20220607,2.57,0.53
11.0,20220608,0.38,0.53
11.0,20220609,0.26,0.53
11.0,20220610,0.21,0.53
11.0,20220611,1.31,0.53
11.0,20220612,1.97,0.53
11.0,20220613,1.48,0.53
11.0,20220614,1.54,0.53
11.0,20220615,8.16,0.54
11.0,20220616,8.64,0.55
11.0,20220617,7.47,0.56
11.0,20220618,4.74,0.56
11.0,20220619,28.85,0.59
11.0,20220620,18.31,0.64
11.0,20220621,23.54,0.66
11.0,20220622,9.51,0.68
11.0,20220623,3.63,0.67
11.0,20220624,2.55,0.67
11.0,20220625,1.99,0.67
11.0,20220626,0.65,0.66
11.0,20220627,2.44,0.65
11.0,20220628,2.59,0.66
11.0,20220629,5.16,0.65
11.0,20220630,5.14,0.66
11.0,20220701,4.5,0.66
11.0,20220702,3.0,0.66
11.0,20220703,3.04,0.66
11.0,20220704,3.24,0.66
11.0,20220705,6.45,0.66
11.0,20220706,4.59,0.67
11.0,20220707,1.75,0.66
11.0,20220708,3.76,0.66
11.0,20220709,2.01,0.66
11.0,20220710,2.79,0.66
11.0,20220711,1.15,0.65
11.0,20220712,1.38,0.65
11.0,20220713,2.29,0.65
11.0,20220714,0.31,0.64
11.0,20220715,0.09,0.63
11.0,20220716,5.09,0.63
11.0,20220717,9.42,0.65
11.0,20220718,2.0,0.65
11.0,20220719,0.94,0.64
11.0,20220720,10.14,0.65
11.0,20220721,5.89,0.66
11.0,20220722,15.58,0.68
11.0,20220723,1.46,0.68
11.0,20220724,3.4,0.68
11.0,20220725,3.46,0.68
11.0,20220726,7.74,0.69
11.0,20220727,0.2,0.68
11.0,20220728,0.75,0.68
11.0,20220729,0.73,0.68
11.0,20220730,1.37,0.67
11.0,20220731,4.17,0.67
11.0,20220801,8.36,0.67
11.0,20220802,6.98,0.68
12.0,20210902,7.02,0.73
12.0,20210903,8.8,0.73
12.0,20210904,12.16,0.74
12.0,20210905,7.22,0.75
12.0,20210906,6.91,0.75
12.0,20210907,0.43,0.75
12.0,20210908,0.06,0.74
12.0,20210909,0.15,0.74
12.0,20210910,0.53,0.73
12.0,20210911,0.06,0.73
12.0,20210912,0.17,0.72
12.0,20210913,0.05,0.72
12.0,20210914,0.04,0.71
12.0,20210915,1.77,0.71
12.0,20210916,2.6,0.71
12.0,20210917,1.42,0.71
12.0,20210918,5.01,0.71
12.0,20210919,6.04,0.71
12.0,20210920,3.03,0.71
12.0,20210921,4.59,0.71
12.0,20210922,21.25,0.74
12.0,20210923,1.37,0.74
12.0,20210924,1.87,0.74
12.0,20210925,7.28,0.73
12.0,20210926,7.13,0.75
12.0,20210927,0.08,0.74
12.0,20210928,2.25,0.73
12.0,20210929,1.48,0.73
12.0,20210930,3.93,0.73
12.0,20211001,2.28,0.73
12.0,20211002,5.59,0.73
12.0,20211003,4.45,0.73
12.0,20211004,4.71,0.73
12.0,20211005,37.11,0.76
12.0,20211006,8.39,0.79
12.0,20211007,3.17,0.79
12.0,20211008,3.81,0.78
12.0,20211009,5.3,0.78
12.0,20211010,9.41,0.79
12.0,20211011,4.31,0.8
12.0,20211012,4.16,0.79
12.0,20211013,6.49,0.8
12.0,20211014,0.24,0.79
12.0,20211015,2.84,0.79
12.0,20211016,1.62,0.79
12.0,20211017,3.02,0.79
12.0,20211018,0.37,0.79
12.0,20211019,3.3,0.78
12.0,20211020,1.74,0.78
12.0,20211021,1.85,0.79
12.0,20211022,0.51,0.78
12.0,20211023,0.54,0.78
12.0,20211024,5.98,0.78
12.0,20211025,0.93,0.78
12.0,20211026,0.98,0.77
12.0,20211027,0.75,0.77
12.0,20211028,6.67,0.76
12.0,20211029,25.07,0.79
12.0,20211030,17.88,0.83
12.0,20211031,16.09,0.83
12.0,20211101,21.37,0.86
12.0,20211102,23.68,0.88
12.0,20211103,30.77,0.91
12.0,20211104,18.47,0.92
12.0,20211105,16.95,0.92
12.0,20211106,49.77,0.94
12.0,20211107,40.64,0.97
12.0,20211108,36.4,0.98
12.0,20211109,16.97,0.98
12.0,20211110,84.05,0.99
12.0,20211111,75.19,1.0
12.0,20211112,3.63,0.99
12.0,20211113,3.72,0.99
12.0,20211114,4.74,0.99
12.0,20211115,4.57,0.99
12.0,20211116,2.4,0.99
12.0,20211117,11.0,0.99
12.0,20211118,74.21,1.0
12.0,20211119,20.62,1.0
12.0,20211120,16.63,1.0
12.0,20211121,7.5,1.0
12.0,20211122,5.0,0.99
12.0,20211123,2.29,0.99
12.0,20211124,2.87,0.99
12.0,20211125,18.25,0.99
12.0,20211126,58.61,1.0
12.0,20211127,29.98,1.0
12.0,20211128,61.12,1.0
12.0,20211129,12.76,1.0
12.0,20211130,9.8,1.0
12.0,20211201,1.22,1.0
12.0,20211202,0.03,1.0
12.0,20211203,0.14,0.99
12.0,20211204,0.01,0.99
12.0,20211205,0.15,0.99
12.0,20211206,1.22,0.98
12.0,20211207,0.09,0.98
12.0,20211208,0.38,0.97
12.0,20211209,3.98,0.97
12.0,20211210,2.35,0.97
12.0,20211211,3.71,0.96
12.0,20211212,6.0,0.96
12.0,20211213,6.87,0.96
12.0,20211214,2.34,0.96
12.0,20211215,1.6,0.95
12.0,20211216,0.48,0.95
12.0,20211217,0.15,0.94
12.0,20211218,0.0,0.93
12.0,20211219,0.0,0.93
12.0,20211220,0.0,0.92
12.0,20211221,0.0,0.92
12.0,20211222,0.0,0.91
12.0,20211223,0.0,0.9
12.0,20211224,0.0,0.9
12.0,20211225,0.0,0.89
12.0,20211226,0.0,0.88
12.0,20211227,0.41,0.88
12.0,20211228,0.87,0.87
12.0,20211229,0.92,0.87
12.0,20211230,55.65,0.89
12.0,20211231,42.52,0.96
12.0,20220101,8.69,0.96
12.0,20220102,0.5,0.95
12.0,20220103,0.02,0.94
12.0,20220104,0.01,0.93
12.0,20220105,0.02,0.93
12.0,20220106,0.04,0.92
12.0,20220107,0.03,0.91
12.0,20220108,0.0,0.91
12.0,20220109,0.0,0.9
12.0,20220110,0.0,0.9
12.0,20220111,0.02,0.89
12.0,20220112,0.14,0.88
12.0,20220113,0.95,0.87
12.0,20220114,0.68,0.87
12.0,20220115,0.64,0.86
12.0,20220116,5.86,0.86
12.0,20220117,6.17,0.86
12.0,20220118,1.52,0.86
12.0,20220119,0.47,0.85
12.0,20220120,0.0,0.85
12.0,20220121,0.0,0.84
12.0,20220122,0.0,0.83
12.0,20220123,0.59,0.83
12.0,20220124,3.1,0.83
12.0,20220125,1.19,0.82
12.0,20220126,0.7,0.82
12.0,20220127,0.19,0.81
12.0,20220128,0.26,0.8
12.0,20220129,0.08,0.8
12.0,20220130,0.0,0.79
12.0,20220131,0.0,0.78
12.0,20220201,0.0,0.78
12.0,20220202,0.0,0.77
12.0,20220203,0.0,0.76
12.0,20220204,0.0,0.76
12.0,20220205,0.04,0.75
12.0,20220206,0.0,0.74
12.0,20220207,0.0,0.74
12.0,20220208,0.0,0.73
12.0,20220209,0.0,0.72
12.0,20220210,0.13,0.72
12.0,20220211,0.25,0.71
12.0,20220212,0.07,0.71
12.0,20220213,0.0,0.7
12.0,20220214,0.03,0.69
12.0,20220215,0.01,0.69
12.0,20220216,0.0,0.68
12.0,20220217,0.0,0.68
12.0,20220218,0.0,0.67
12.0,20220219,0.0,0.67
12.0,20220220,0.0,0.66
12.0,20220221,0.0,0.66
12.0,20220222,0.03,0.65
12.0,20220223,0.0,0.65
12.0,20220224,0.0,0.64
12.0,20220225,0.0,0.64
12.0,20220226,0.01,0.63
12.0,20220227,0.0,0.63
12.0,20220228,0.0,0.62
12.0,20220301,0.0,0.62
12.0,20220302,0.0,0.61
12.0,20220303,0.0,0.61
12.0,20220304,0.06,0.61
12.0,20220305,0.01,0.6
12.0,20220306,0.89,0.6
12.0,20220307,0.21,0.6
12.0,20220308,0.0,0.59
12.0,20220309,0.0,0.59
12.0,20220310,0.0,0.59
12.0,20220311,0.0,0.58
12.0,20220312,0.0,0.58
12.0,20220313,0.01,0.57
12.0,20220314,0.0,0.57
12.0,20220315,0.0,0.57
12.0,20220316,0.0,0.56
12.0,20220317,0.0,0.56
12.0,20220318,0.0,0.55
12.0,20220319,0.01,0.55
12.0,20220320,0.08,0.55
12.0,20220321,0.49,0.55
12.0,20220322,0.87,0.55
12.0,20220323,0.01,0.54
12.0,20220324,0.01,0.54
12.0,20220325,0.0,0.54
12.0,20220326,0.0,0.53
12.0,20220327,0.0,0.53
12.0,20220328,0.0,0.53
12.0,20220329,0.0,0.53
12.0,20220330,0.0,0.53
12.0,20220331,0.01,0.52
12.0,20220401,0.0,0.52
12.0,20220402,0.01,0.52
12.0,20220403,0.0,0.52
12.0,20220404,0.01,0.52
12.0,20220405,0.0,0.52
12.0,20220406,0.05,0.52
12.0,20220407,0.1,0.52
12.0,20220408,0.14,0.52
12.0,20220409,0.14,0.52
12.0,20220410,0.66,0.52
12.0,20220411,0.26,0.52
12.0,20220412,0.07,0.52
12.0,20220413,0.11,0.52
12.0,20220414,0.02,0.52
12.0,20220415,0.02,0.52
12.0,20220416,0.03,0.52
12.0,20220417,0.42,0.52
12.0,20220418,0.33,0.52
12.0,20220419,0.03,0.52
12.0,20220420,0.02,0.52
12.0,20220421,0.01,0.52
12.0,20220422,0.02,0.51
12.0,20220423,0.04,0.51
12.0,20220424,0.0,0.51
12.0,20220425,0.0,0.51
12.0,20220426,0.0,0.51
12.0,20220427,0.0,0.51
12.0,20220428,0.0,0.51
12.0,20220429,0.02,0.51
12.0,20220430,0.01,0.51
12.0,20220501,0.38,0.51
12.0,20220502,0.99,0.51
12.0,20220503,0.48,0.52
12.0,20220504,1.98,0.52
12.0,20220505,1.93,0.52
12.0,20220506,4.02,0.52
12.0,20220507,8.16,0.54
12.0,20220508,0.52,0.54
12.0,20220509,1.28,0.53
12.0,20220510,10.74,0.54
12.0,20220511,6.44,0.55
12.0,20220512,8.99,0.55
12.0,20220513,1.16,0.57
12.0,20220514,1.15,0.56
12.0,20220515,7.5,0.56
12.0,20220516,6.12,0.58
12.0,20220517,2.55,0.58
12.0,20220518,1.4,0.58
12.0,20220519,0.45,0.57
12.0,20220520,0.4,0.57
12.0,20220521,0.02,0.56
12.0,20220522,0.03,0.56
12.0,20220523,0.01,0.55
12.0,20220524,0.07,0.55
12.0,20220525,2.43,0.55
12.0,20220526,3.13,0.55
12.0,20220527,1.93,0.55
12.0,20220528,0.08,0.55
12.0,20220529,0.13,0.54
12.0,20220530,0.09,0.54
12.0,20220531,0.03,0.54
12.0,20220601,0.01,0.53
12.0,20220602,0.0,0.53
12.0,20220603,0.01,0.53
12.0,20220604,0.01,0.53
12.0,20220605,1.81,0.53
12.0,20220606,3.7,0.53
12.0,20220607,2.57,0.53
12.0,20220608,0.38,0.53
12.0,20220609,0.26,0.53
12.0,20220610,0.21,0.53
12.0,20220611,1.31,0.53
12.0,20220612,1.97,0.53
12.0,20220613,1.48,0.53
12.0,20220614,1.54,0.53
12.0,20220615,8.16,0.54
12.0,20220616,8.64,0.55
12.0,20220617,7.47,0.56
12.0,20220618,4.74,0.56
12.0,20220619,28.85,0.59
12.0,20220620,18.31,0.64
12.0,20220621,23.54,0.66
12.0,20220622,9.51,0.68
12.0,20220623,3.63,0.67
12.0,20220624,2.55,0.67
12.0,20220625,1.99,0.67
12.0,20220626,0.65,0.66
12.0,20220627,2.44,0.65
12.0,20220628,2.59,0.66
12.0,20220629,5.16,0.65
12.0,20220630,5.14,0.66
12.0,20220701,4.5,0.66
12.0,20220702,3.0,0.66
12.0,20220703,3.04,0.66
12.0,20220704,3.24,0.66
12.0,20220705,6.45,0.66
12.0,20220706,4.59,0.67
12.0,20220707,1.75,0.66
12.0,20220708,3.76,0.66
12.0,20220709,2.01,0.66
12.0,20220710,2.79,0.66
12.0,20220711,1.15,0.65
12.0,20220712,1.38,0.65
12.0,20220713,2.29,0.65
12.0,20220714,0.31,0.64
12.0,20220715,0.09,0.63
12.0,20220716,5.09,0.63
12.0,20220717,9.42,0.65
12.0,20220718,2.0,0.65
12.0,20220719,0.94,0.64
12.0,20220720,10.14,0.65
12.0,20220721,5.89,0.66
12.0,20220722,15.58,0.68
12.0,20220723,1.46,0.68
12.0,20220724,3.4,0.68
12.0,20220725,3.46,0.68
12.0,20220726,7.74,0.69
12.0,20220727,0.2,0.68
12.0,20220728,0.75,0.68
12.0,20220729,0.73,0.68
12.0,20220730,1.37,0.67
12.0,20220731,4.17,0.67
12.0,20220801,8.36,0.67
12.0,20220802,6.98,0.68
13.0,20210902,7.02,0.73
13.0,20210903,8.8,0.73
13.0,20210904,12.16,0.74
13.0,20210905,7.22,0.75
13.0,20210906,6.91,0.75
13.0,20210907,0.43,0.75
13.0,20210908,0.06,0.74
13.0,20210909,0.15,0.74
13.0,20210910,0.53,0.73
13.0,20210911,0.06,0.73
13.0,20210912,0.17,0.72
13.0,20210913,0.05,0.72
13.0,20210914,0.04,0.71
13.0,20210915,1.77,0.71
13.0,20210916,2.6,0.71
13.0,20210917,1.42,0.71
13.0,20210918,5.01,0.71
13.0,20210919,6.04,0.71
13.0,20210920,3.03,0.71
13.0,20210921,4.59,0.71
13.0,20210922,21.25,0.74
13.0,20210923,1.37,0.74
13.0,20210924,1.87,0.74
13.0,20210925,7.28,0.73
13.0,20210926,7.13,0.75
13.0,20210927,0.08,0.74
13.0,20210928,2.25,0.73
13.0,20210929,1.48,0.73
13.0,20210930,3.93,0.73
13.0,20211001,2.28,0.73
13.0,20211002,5.59,0.73
13.0,20211003,4.45,0.73
13.0,20211004,4.71,0.73
13.0,20211005,37.11,0.76
13.0,20211006,8.39,0.79
13.0,20211007,3.17,0.79
13.0,20211008,3.81,0.78
13.0,20211009,5.3,0.78
13.0,20211010,9.41,0.79
13.0,20211011,4.31,0.8
13.0,20211012,4.16,0.79
13.0,20211013,6.49,0.8
13.0,20211014,0.24,0.79
13.0,20211015,2.84,0.79
13.0,20211016,1.62,0.79
13.0,20211017,3.02,0.79
13.0,20211018,0.37,0.79
13.0,20211019,3.3,0.78
13.0,20211020,1.74,0.78
13.0,20211021,1.85,0.79
13.0,20211022,0.51,0.78
13.0,20211023,0.54,0.78
13.0,20211024,5.98,0.78
13.0,20211025,0.93,0.78
13.0,20211026,0.98,0.77
13.0,20211027,0.75,0.77
13.0,20211028,6.67,0.76
13.0,20211029,25.07,0.79
13.0,20211030,17.88,0.83
13.0,20211031,16.09,0.83
13.0,20211101,21.37,0.86
13.0,20211102,23.68,0.88
13.0,20211103,30.77,0.91
13.0,20211104,18.47,0.92
13.0,20211105,16.95,0.92
13.0,20211106,49.77,0.94
13.0,20211107,40.64,0.97
13.0,20211108,36.4,0.98
13.0,20211109,16.97,0.98
13.0,20211110,84.05,0.99
13.0,20211111,75.19,1.0
13.0,20211112,3.63,0.99
13.0,20211113,3.72,0.99
13.0,20211114,4.74,0.99
13.0,20211115,4.57,0.99
13.0,20211116,2.4,0.99
13.0,20211117,11.0,0.99
13.0,20211118,74.21,1.0
13.0,20211119,20.62,1.0
13.0,20211120,16.63,1.0
13.0,20211121,7.5,1.0
13.0,20211122,5.0,0.99
13.0,20211123,2.29,0.99
13.0,20211124,2.87,0.99
13.0,20211125,18.25,0.99
13.0,20211126,58.61,1.0
13.0,20211127,29.98,1.0
13.0,20211128,61.12,1.0
13.0,20211129,12.76,1.0
13.0,20211130,9.8,1.0
13.0,20211201,1.22,1.0
13.0,20211202,0.03,1.0
13.0,20211203,0.14,0.99
13.0,20211204,0.01,0.99
13.0,20211205,0.15,0.99
13.0,20211206,1.22,0.98
13.0,20211207,0.09,0.98
13.0,20211208,0.38,0.97
13.0,20211209,3.98,0.97
13.0,20211210,2.35,0.97
13.0,20211211,3.71,0.96
13.0,20211212,6.0,0.96
13.0,20211213,6.87,0.96
13.0,20211214,2.34,0.96
13.0,20211215,1.6,0.95
13.0,20211216,0.48,0.95
13.0,20211217,0.15,0.94
13.0,20211218,0.0,0.93
13.0,20211219,0.0,0.93
13.0,20211220,0.0,0.92
13.0,20211221,0.0,0.92
13.0,20211222,0.0,0.91
13.0,20211223,0.0,0.9
13.0,20211224,0.0,0.9
13.0,20211225,0.0,0.89
13.0,20211226,0.0,0.88
13.0,20211227,0.41,0.88
13.0,20211228,0.87,0.87
13.0,20211229,0.92,0.87
13.0,20211230,55.65,0.89
13.0,20211231,42.52,0.96
13.0,20220101,8.69,0.96
13.0,20220102,0.5,0.95
13.0,20220103,0.02,0.94
13.0,20220104,0.01,0.93
13.0,20220105,0.02,0.93
13.0,20220106,0.04,0.92
13.0,20220107,0.03,0.91
13.0,20220108,0.0,0.91
13.0,20220109,0.0,0.9
13.0,20220110,0.0,0.9
13.0,20220111,0.02,0.89
13.0,20220112,0.14,0.88
13.0,20220113,0.95,0.87
13.0,20220114,0.68,0.87
13.0,20220115,0.64,0.86
13.0,20220116,5.86,0.86
13.0,20220117,6.17,0.86
13.0,20220118,1.52,0.86
13.0,20220119,0.47,0.85
13.0,20220120,0.0,0.85
13.0,20220121,0.0,0.84
13.0,20220122,0.0,0.83
13.0,20220123,0.59,0.83
13.0,20220124,3.1,0.83
13.0,20220125,1.19,0.82
13.0,20220126,0.7,0.82
13.0,20220127,0.19,0.81
13.0,20220128,0.26,0.8
13.0,20220129,0.08,0.8
13.0,20220130,0.0,0.79
13.0,20220131,0.0,0.78
13.0,20220201,0.0,0.78
13.0,20220202,0.0,0.77
13.0,20220203,0.0,0.76
13.0,20220204,0.0,0.76
13.0,20220205,0.04,0.75
13.0,20220206,0.0,0.74
13.0,20220207,0.0,0.74
13.0,20220208,0.0,0.73
13.0,20220209,0.0,0.72
13.0,20220210,0.13,0.72
13.0,20220211,0.25,0.71
13.0,20220212,0.07,0.71
13.0,20220213,0.0,0.7
13.0,20220214,0.03,0.69
13.0,20220215,0.01,0.69
13.0,20220216,0.0,0.68
13.0,20220217,0.0,0.68
13.0,20220218,0.0,0.67
13.0,20220219,0.0,0.67
13.0,20220220,0.0,0.66
13.0,20220221,0.0,0.66
13.0,20220222,0.03,0.65
13.0,20220223,0.0,0.65
13.0,20220224,0.0,0.64
13.0,20220225,0.0,0.64
13.0,20220226,0.01,0.63
13.0,20220227,0.0,0.63
13.0,20220228,0.0,0.62
13.0,20220301,0.0,0.62
13.0,20220302,0.0,0.61
13.0,20220303,0.0,0.61
13.0,20220304,0.06,0.61
13.0,20220305,0.01,0.6
13.0,20220306,0.89,0.6
13.0,20220307,0.21,0.6
13.0,20220308,0.0,0.59
13.0,20220309,0.0,0.59
13.0,20220310,0.0,0.59
13.0,20220311,0.0,0.58
13.0,20220312,0.0,0.58
13.0,20220313,0.01,0.57
13.0,20220314,0.0,0.57
13.0,20220315,0.0,0.57
13.0,20220316,0.0,0.56
13.0,20220317,0.0,0.56
13.0,20220318,0.0,0.55
13.0,20220319,0.01,0.55
13.0,20220320,0.08,0.55
13.0,20220321,0.49,0.55
13.0,20220322,0.87,0.55
13.0,20220323,0.01,0.54
13.0,20220324,0.01,0.54
13.0,20220325,0.0,0.54
13.0,20220326,0.0,0.53
13.0,20220327,0.0,0.53
13.0,20220328,0.0,0.53
13.0,20220329,0.0,0.53
13.0,20220330,0.0,0.53
13.0,20220331,0.01,0.52
13.0,20220401,0.0,0.52
13.0,20220402,0.01,0.52
13.0,20220403,0.0,0.52
13.0,20220404,0.01,0.52
13.0,20220405,0.0,0.52
13.0,20220406,0.05,0.52
13.0,20220407,0.1,0.52
13.0,20220408,0.14,0.52
13.0,20220409,0.14,0.52
13.0,20220410,0.66,0.52
13.0,20220411,0.26,0.52
13.0,20220412,0.07,0.52
13.0,20220413,0.11,0.52
13.0,20220414,0.02,0.52
13.0,20220415,0.02,0.52
13.0,20220416,0.03,0.52
13.0,20220417,0.42,0.52
13.0,20220418,0.33,0.52
13.0,20220419,0.03,0.52
13.0,20220420,0.02,0.52
13.0,20220421,0.01,0.52
13.0,20220422,0.02,0.51
13.0,20220423,0.04,0.51
13.0,20220424,0.0,0.51
13.0,20220425,0.0,0.51
13.0,20220426,0.0,0.51
13.0,20220427,0.0,0.51
13.0,20220428,0.0,0.51
13.0,20220429,0.02,0.51
13.0,20220430,0.01,0.51
13.0,20220501,0.38,0.51
13.0,20220502,0.99,0.51
13.0,20220503,0.48,0.52
13.0,20220504,1.98,0.52
13.0,20220505,1.93,0.52
13.0,20220506,4.02,0.52
13.0,20220507,8.16,0.54
13.0,20220508,0.52,0.54
13.0,20220509,1.28,0.53
13.0,20220510,10.74,0.54
13.0,20220511,6.44,0.55
13.0,20220512,8.99,0.55
13.0,20220513,1.16,0.57
13.0,20220514,1.15,0.56
13.0,20220515,7.5,0.56
13.0,20220516,6.12,0.58
13.0,20220517,2.55,0.58
13.0,20220518,1.4,0.58
13.0,20220519,0.45,0.57
13.0,20220520,0.4,0.57
13.0,20220521,0.02,0.56
13.0,20220522,0.03,0.56
13.0,20220523,0.01,0.55
13.0,20220524,0.07,0.55
13.0,20220525,2.43,0.55
13.0,20220526,3.13,0.55
13.0,20220527,1.93,0.55
13.0,20220528,0.08,0.55
13.0,20220529,0.13,0.54
13.0,20220530,0.09,0.54
13.0,20220531,0.03,0.54
13.0,20220601,0.01,0.53
13.0,20220602,0.0,0.53
13.0,20220603,0.01,0.53
13.0,20220604,0.01,0.53
13.0,20220605,1.81,0.53
13.0,20220606,3.7,0.53
13.0,20220607,2.57,0.53
13.0,20220608,0.38,0.53
13.0,20220609,0.26,0.53
13.0,20220610,0.21,0.53
13.0,20220611,1.31,0.53
13.0,20220612,1.97,0.53
13.0,20220613,1.48,0.53
13.0,20220614,1.54,0.53
13.0,20220615,8.16,0.54
13.0,20220616,8.64,0.55
13.0,20220617,7.47,0.56
13.0,20220618,4.74,0.56
13.0,20220619,28.85,0.59
13.0,20220620,18.31,0.64
13.0,20220621,23.54,0.66
13.0,20220622,9.51,0.68
13.0,20220623,3.63,0.67
13.0,20220624,2.55,0.67
13.0,20220625,1.99,0.67
13.0,20220626,0.65,0.66
13.0,20220627,2.44,0.65
13.0,20220628,2.59,0.66
13.0,20220629,5.16,0.65
13.0,20220630,5.14,0.66
13.0,20220701,4.5,0.66
13.0,20220702,3.0,0.66
13.0,20220703,3.04,0.66
13.0,20220704,3.24,0.66
13.0,20220705,6.45,0.66
13.0,20220706,4.59,0.67
13.0,20220707,1.75,0.66
13.0,20220708,3.76,0.66
13.0,20220709,2.01,0.66
13.0,20220710,2.79,0.66
13.0,20220711,1.15,0.65
13.0,20220712,1.38,0.65
13.0,20220713,2.29,0.65
13.0,20220714,0.31,0.64
13.0,20220715,0.09,0.63
13.0,20220716,5.09,0.63
13.0,20220717,9.42,0.65
13.0,20220718,2.0,0.65
13.0,20220719,0.94,0.64
13.0,20220720,10.14,0.65
13.0,20220721,5.89,0.66
13.0,20220722,15.58,0.68
13.0,20220723,1.46,0.68
13.0,20220724,3.4,0.68
13.0,20220725,3.46,0.68
13.0,20220726,7.74,0.69
13.0,20220727,0.2,0.68
13.0,20220728,0.75,0.68
13.0,20220729,0.73,0.68
13.0,20220730,1.37,0.67
13.0,20220731,4.17,0.67
13.0,20220801,8.36,0.67
13.0,20220802,6.98,0.68
14.0,20210902,7.02,0.73
14.0,20210903,8.8,0.73
14.0,20210904,12.16,0.74
14.0,20210905,7.22,0.75
14.0,20210906,6.91,0.75
14.0,20210907,0.43,0.75
14.0,20210908,0.06,0.74
14.0,20210909,0.15,0.74
14.0,20210910,0.53,0.73
14.0,20210911,0.06,0.73
14.0,20210912,0.17,0.72
14.0,20210913,0.05,0.72
14.0,20210914,0.04,0.71
14.0,20210915,1.77,0.71
14.0,20210916,2.6,0.71
14.0,20210917,1.42,0.71
14.0,20210918,5.01,0.71
14.0,20210919,6.04,0.71
14.0,20210920,3.03,0.71
14.0,20210921,4.59,0.71
14.0,20210922,21.25,0.74
14.0,20210923,1.37,0.74
14.0,20210924,1.87,0.74
14.0,20210925,7.28,0.73
14.0,20210926,7.13,0.75
14.0,20210927,0.08,0.74
14.0,20210928,2.25,0.73
14.0,20210929,1.48,0.73
14.0,20210930,3.93,0.73
14.0,20211001,2.28,0.73
14.0,20211002,5.59,0.73
14.0,20211003,4.45,0.73
14.0,20211004,4.71,0.73
14.0,20211005,37.11,0.76
14.0,20211006,8.39,0.79
14.0,20211007,3.17,0.79
14.0,20211008,3.81,0.78
14.0,20211009,5.3,0.78
14.0,20211010,9.41,0.79
14.0,20211011,4.31,0.8
14.0,20211012,4.16,0.79
14.0,20211013,6.49,0.8
14.0,20211014,0.24,0.79
14.0,20211015,2.84,0.79
14.0,20211016,1.62,0.79
14.0,20211017,3.02,0.79
14.0,20211018,0.37,0.79
14.0,20211019,3.3,0.78
14.0,20211020,1.74,0.78
14.0,20211021,1.85,0.79
14.0,20211022,0.51,0.78
14.0,20211023,0.54,0.78
14.0,20211024,5.98,0.78
14.0,20211025,0.93,0.78
14.0,20211026,0.98,0.77
14.0,20211027,0.75,0.77
14.0,20211028,6.67,0.76
14.0,20211029,25.07,0.79
14.0,20211030,17.88,0.83
14.0,20211031,16.09,0.83
14.0,20211101,21.37,0.86
14.0,20211102,23.68,0.88
14.0,20211103,30.77,0.91
14.0,20211104,18.47,0.92
14.0,20211105,16.95,0.92
14.0,20211106,49.77,0.94
14.0,20211107,40.64,0.97
14.0,20211108,36.4,0.98
14.0,20211109,16.97,0.98
14.0,20211110,84.05,0.99
14.0,20211111,75.19,1.0
14.0,20211112,3.63,0.99
14.0,20211113,3.72,0.99
14.0,20211114,4.74,0.99
14.0,20211115,4.57,0.99
14.0,20211116,2.4,0.99
14.0,20211117,11.0,0.99
14.0,20211118,74.21,1.0
14.0,20211119,20.62,1.0
14.0,20211120,16.63,1.0
14.0,20211121,7.5,1.0
14.0,20211122,5.0,0.99
14.0,20211123,2.29,0.99
14.0,20211124,2.87,0.99
14.0,20211125,18.25,0.99
14.0,20211126,58.61,1.0
14.0,20211127,29.98,1.0
14.0,20211128,61.12,1.0
14.0,20211129,12.76,1.0
14.0,20211130,9.8,1.0
14.0,20211201,1.22,1.0
14.0,20211202,0.03,1.0
14.0,20211203,0.14,0.99
14.0,20211204,0.01,0.99
14.0,20211205,0.15,0.99
14.0,20211206,1.22,0.98
14.0,20211207,0.09,0.98
14.0,20211208,0.38,0.97
14.0,20211209,3.98,0.97
14.0,20211210,2.35,0.97
14.0,20211211,3.71,0.96
14.0,20211212,6.0,0.96
14.0,20211213,6.87,0.96
14.0,20211214,2.34,0.96
14.0,20211215,1.6,0.95
14.0,20211216,0.48,0.95
14.0,20211217,0.15,0.94
14.0,20211218,0.0,0.93
14.0,20211219,0.0,0.93
14.0,20211220,0.0,0.92
14.0,20211221,0.0,0.92
14.0,20211222,0.0,0.91
14.0,20211223,0.0,0.9
14.0,20211224,0.0,0.9
14.0,20211225,0.0,0.89
14.0,20211226,0.0,0.88
14.0,20211227,0.41,0.88
14.0,20211228,0.87,0.87
14.0,20211229,0.92,0.87
14.0,20211230,55.65,0.89
14.0,20211231,42.52,0.96
14.0,20220101,8.69,0.96
14.0,20220102,0.5,0.95
14.0,20220103,0.02,0.94
14.0,20220104,0.01,0.93
14.0,20220105,0.02,0.93
14.0,20220106,0.04,0.92
14.0,20220107,0.03,0.91
14.0,20220108,0.0,0.91
14.0,20220109,0.0,0.9
14.0,20220110,0.0,0.9
14.0,20220111,0.02,0.89
14.0,20220112,0.14,0.88
14.0,20220113,0.95,0.87
14.0,20220114,0.68,0.87
14.0,20220115,0.64,0.86
14.0,20220116,5.86,0.86
14.0,20220117,6.17,0.86
14.0,20220118,1.52,0.86
14.0,20220119,0.47,0.85
14.0,20220120,0.0,0.85
14.0,20220121,0.0,0.84
14.0,20220122,0.0,0.83
14.0,20220123,0.59,0.83
14.0,20220124,3.1,0.83
14.0,20220125,1.19,0.82
14.0,20220126,0.7,0.82
14.0,20220127,0.19,0.81
14.0,20220128,0.26,0.8
14.0,20220129,0.08,0.8
14.0,20220130,0.0,0.79
14.0,20220131,0.0,0.78
14.0,20220201,0.0,0.78
14.0,20220202,0.0,0.77
14.0,20220203,0.0,0.76
14.0,20220204,0.0,0.76
14.0,20220205,0.04,0.75
14.0,20220206,0.0,0.74
14.0,20220207,0.0,0.74
14.0,20220208,0.0,0.73
14.0,20220209,0.0,0.72
14.0,20220210,0.13,0.72
14.0,20220211,0.25,0.71
14.0,20220212,0.07,0.71
14.0,20220213,0.0,0.7
14.0,20220214,0.03,0.69
14.0,20220215,0.01,0.69
14.0,20220216,0.0,0.68
14.0,20220217,0.0,0.68
14.0,20220218,0.0,0.67
14.0,20220219,0.0,0.67
14.0,20220220,0.0,0.66
14.0,20220221,0.0,0.66
14.0,20220222,0.03,0.65
14.0,20220223,0.0,0.65
14.0,20220224,0.0,0.64
14.0,20220225,0.0,0.64
14.0,20220226,0.01,0.63
14.0,20220227,0.0,0.63
14.0,20220228,0.0,0.62
14.0,20220301,0.0,0.62
14.0,20220302,0.0,0.61
14.0,20220303,0.0,0.61
14.0,20220304,0.06,0.61
14.0,20220305,0.01,0.6
14.0,20220306,0.89,0.6
14.0,20220307,0.21,0.6
14.0,20220308,0.0,0.59
14.0,20220309,0.0,0.59
14.0,20220310,0.0,0.59
14.0,20220311,0.0,0.58
14.0,20220312,0.0,0.58
14.0,20220313,0.01,0.57
14.0,20220314,0.0,0.57
14.0,20220315,0.0,0.57
14.0,20220316,0.0,0.56
14.0,20220317,0.0,0.56
14.0,20220318,0.0,0.55
14.0,20220319,0.01,0.55
14.0,20220320,0.08,0.55
14.0,20220321,0.49,0.55
14.0,20220322,0.87,0.55
14.0,20220323,0.01,0.54
14.0,20220324,0.01,0.54
14.0,20220325,0.0,0.54
14.0,20220326,0.0,0.53
14.0,20220327,0.0,0.53
14.0,20220328,0.0,0.53
14.0,20220329,0.0,0.53
14.0,20220330,0.0,0.53
14.0,20220331,0.01,0.52
14.0,20220401,0.0,0.52
14.0,20220402,0.01,0.52
14.0,20220403,0.0,0.52
14.0,20220404,0.01,0.52
14.0,20220405,0.0,0.52
14.0,20220406,0.05,0.52
14.0,20220407,0.1,0.52
14.0,20220408,0.14,0.52
14.0,20220409,0.14,0.52
14.0,20220410,0.66,0.52
14.0,20220411,0.26,0.52
14.0,20220412,0.07,0.52
14.0,20220413,0.11,0.52
14.0,20220414,0.02,0.52
14.0,20220415,0.02,0.52
14.0,20220416,0.03,0.52
14.0,20220417,0.42,0.52
14.0,20220418,0.33,0.52
14.0,20220419,0.03,0.52
14.0,20220420,0.02,0.52
14.0,20220421,0.01,0.52
14.0,20220422,0.02,0.51
14.0,20220423,0.04,0.51
14.0,20220424,0.0,0.51
14.0,20220425,0.0,0.51
14.0,20220426,0.0,0.51
14.0,20220427,0.0,0.51
14.0,20220428,0.0,0.51
14.0,20220429,0.02,0.51
14.0,20220430,0.01,0.51
14.0,20220501,0.38,0.51
14.0,20220502,0.99,0.51
14.0,20220503,0.48,0.52
14.0,20220504,1.98,0.52
14.0,20220505,1.93,0.52
14.0,20220506,4.02,0.52
14.0,20220507,8.16,0.54
14.0,20220508,0.52,0.54
14.0,20220509,1.28,0.53
14.0,20220510,10.74,0.54
14.0,20220511,6.44,0.55
14.0,20220512,8.99,0.55
14.0,20220513,1.16,0.57
14.0,20220514,1.15,0.56
14.0,20220515,7.5,0.56
14.0,20220516,6.12,0.58
14.0,20220517,2.55,0.58
14.0,20220518,1.4,0.58
14.0,20220519,0.45,0.57
14.0,20220520,0.4,0.57
14.0,20220521,0.02,0.56
14.0,20220522,0.03,0.56
14.0,20220523,0.01,0.55
14.0,20220524,0.07,0.55
14.0,20220525,2.43,0.55
14.0,20220526,3.13,0.55
14.0,20220527,1.93,0.55
14.0,20220528,0.08,0.55
14.0,20220529,0.13,0.54
14.0,20220530,0.09,0.54
14.0,20220531,0.03,0.54
14.0,20220601,0.01,0.53
14.0,20220602,0.0,0.53
14.0,20220603,0.01,0.53
14.0,20220604,0.01,0.53
14.0,20220605,1.81,0.53
14.0,20220606,3.7,0.53
14.0,20220607,2.57,0.53
14.0,20220608,0.38,0.53
14.0,20220609,0.26,0.53
14.0,20220610,0.21,0.53
14.0,20220611,1.31,0.53
14.0,20220612,1.97,0.53
14.0,20220613,1.48,0.53
14.0,20220614,1.54,0.53
14.0,20220615,8.16,0.54
14.0,20220616,8.64,0.55
14.0,20220617,7.47,0.56
14.0,20220618,4.74,0.56
14.0,20220619,28.85,0.59
14.0,20220620,18.31,0.64
14.0,20220621,23.54,0.66
14.0,20220622,9.51,0.68
14.0,20220623,3.63,0.67
14.0,20220624,2.55,0.67
14.0,20220625,1.99,0.67
14.0,20220626,0.65,0.66
14.0,20220627,2.44,0.65
14.0,20220628,2.59,0.66
14.0,20220629,5.16,0.65
14.0,20220630,5.14,0.66
14.0,20220701,4.5,0.66
14.0,20220702,3.0,0.66
14.0,20220703,3.04,0.66
14.0,20220704,3.24,0.66
14.0,20220705,6.45,0.66
14.0,20220706,4.59,0.67
14.0,20220707,1.75,0.66
14.0,20220708,3.76,0.66
14.0,20220709,2.01,0.66
14.0,20220710,2.79,0.66
14.0,20220711,1.15,0.65
14.0,20220712,1.38,0.65
14.0,20220713,2.29,0.65
14.0,20220714,0.31,0.64
14.0,20220715,0.09,0.63
14.0,20220716,5.09,0.63
14.0,20220717,9.42,0.65
14.0,20220718,2.0,0.65
14.0,20220719,0.94,0.64
14.0,20220720,10.14,0.65
14.0,20220721,5.89,0.66
14.0,20220722,15.58,0.68
14.0,20220723,1.46,0.68
14.0,20220724,3.4,0.68
14.0,20220725,3.46,0.68
14.0,20220726,7.74,0.69
14.0,20220727,0.2,0.68
14.0,20220728,0.75,0.68
14.0,20220729,0.73,0.68
14.0,20220730,1.37,0.67
14.0,20220731,4.17,0.67
14.0,20220801,8.36,0.67
14.0,20220802,6.98,0.68
15.0,20210902,7.02,0.73
15.0,20210903,8.8,0.73
15.0,20210904,12.16,0.74
15.0,20210905,7.22,0.75
15.0,20210906,6.91,0.75
15.0,20210907,0.43,0.75
15.0,20210908,0.06,0.74
15.0,20210909,0.15,0.74
15.0,20210910,0.53,0.73
15.0,20210911,0.06,0.73
15.0,20210912,0.17,0.72
15.0,20210913,0.05,0.72
15.0,20210914,0.04,0.71
15.0,20210915,1.77,0.71
15.0,20210916,2.6,0.71
15.0,20210917,1.42,0.71
15.0,20210918,5.01,0.71
15.0,20210919,6.04,0.71
15.0,20210920,3.03,0.71
15.0,20210921,4.59,0.71
15.0,20210922,21.25,0.74
15.0,20210923,1.37,0.74
15.0,20210924,1.87,0.74
15.0,20210925,7.28,0.73
15.0,20210926,7.13,0.75
15.0,20210927,0.08,0.74
15.0,20210928,2.25,0.73
15.0,20210929,1.48,0.73
15.0,20210930,3.93,0.73
15.0,20211001,2.28,0.73
15.0,20211002,5.59,0.73
15.0,20211003,4.45,0.73
15.0,20211004,4.71,0.73
15.0,20211005,37.11,0.76
15.0,20211006,8.39,0.79
15.0,20211007,3.17,0.79
15.0,20211008,3.81,0.78
15.0,20211009,5.3,0.78
15.0,20211010,9.41,0.79
15.0,20211011,4.31,0.8
15.0,20211012,4.16,0.79
15.0,20211013,6.49,0.8
15.0,20211014,0.24,0.79
15.0,20211015,2.84,0.79
15.0,20211016,1.62,0.79
15.0,20211017,3.02,0.79
15.0,20211018,0.37,0.79
15.0,20211019,3.3,0.78
15.0,20211020,1.74,0.78
15.0,20211021,1.85,0.79
15.0,20211022,0.51,0.78
15.0,20211023,0.54,0.78
15.0,20211024,5.98,0.78
15.0,20211025,0.93,0.78
15.0,20211026,0.98,0.77
15.0,20211027,0.75,0.77
15.0,20211028,6.67,0.76
15.0,20211029,25.07,0.79
15.0,20211030,17.88,0.83
15.0,20211031,16.09,0.83
15.0,20211101,21.37,0.86
15.0,20211102,23.68,0.88
15.0,20211103,30.77,0.91
15.0,20211104,18.47,0.92
15.0,20211105,16.95,0.92
15.0,20211106,49.77,0.94
15.0,20211107,40.64,0.97
15.0,20211108,36.4,0.98
15.0,20211109,16.97,0.98
15.0,20211110,84.05,0.99
15.0,20211111,75.19,1.0
15.0,20211112,3.63,0.99
15.0,20211113,3.72,0.99
15.0,20211114,4.74,0.99
15.0,20211115,4.57,0.99
15.0,20211116,2.4,0.99
15.0,20211117,11.0,0.99
15.0,20211118,74.21,1.0
15.0,20211119,20.62,1.0
15.0,20211120,16.63,1.0
15.0,20211121,7.5,1.0
15.0,20211122,5.0,0.99
15.0,20211123,2.29,0.99
15.0,20211124,2.87,0.99
15.0,20211125,18.25,0.99
15.0,20211126,58.61,1.0
15.0,20211127,29.98,1.0
15.0,20211128,61.12,1.0
15.0,20211129,12.76,1.0
15.0,20211130,9.8,1.0
15.0,20211201,1.22,1.0
15.0,20211202,0.03,1.0
15.0,20211203,0.14,0.99
15.0,20211204,0.01,0.99
15.0,20211205,0.15,0.99
15.0,20211206,1.22,0.98
15.0,20211207,0.09,0.98
15.0,20211208,0.38,0.97
15.0,20211209,3.98,0.97
15.0,20211210,2.35,0.97
15.0,20211211,3.71,0.96
15.0,20211212,6.0,0.96
15.0,20211213,6.87,0.96
15.0,20211214,2.34,0.96
15.0,20211215,1.6,0.95
15.0,20211216,0.48,0.95
15.0,20211217,0.15,0.94
15.0,20211218,0.0,0.93
15.0,20211219,0.0,0.93
15.0,20211220,0.0,0.92
15.0,20211221,0.0,0.92
15.0,20211222,0.0,0.91
15.0,20211223,0.0,0.9
15.0,20211224,0.0,0.9
15.0,20211225,0.0,0.89
15.0,20211226,0.0,0.88
15.0,20211227,0.41,0.88
15.0,20211228,0.87,0.87
15.0,20211229,0.92,0.87
15.0,20211230,55.65,0.89
15.0,20211231,42.52,0.96
15.0,20220101,8.69,0.96
15.0,20220102,0.5,0.95
15.0,20220103,0.02,0.94
15.0,20220104,0.01,0.93
15.0,20220105,0.02,0.93
15.0,20220106,0.04,0.92
15.0,20220107,0.03,0.91
15.0,20220108,0.0,0.91
15.0,20220109,0.0,0.9
15.0,20220110,0.0,0.9
15.0,20220111,0.02,0.89
15.0,20220112,0.14,0.88
15.0,20220113,0.95,0.87
15.0,20220114,0.68,0.87
15.0,20220115,0.64,0.86
15.0,20220116,5.86,0.86
15.0,20220117,6.17,0.86
15.0,20220118,1.52,0.86
15.0,20220119,0.47,0.85
15.0,20220120,0.0,0.85
15.0,20220121,0.0,0.84
15.0,20220122,0.0,0.83
15.0,20220123,0.59,0.83
15.0,20220124,3.1,0.83
15.0,20220125,1.19,0.82
15.0,20220126,0.7,0.82
15.0,20220127,0.19,0.81
15.0,20220128,0.26,0.8
15.0,20220129,0.08,0.8
15.0,20220130,0.0,0.79
15.0,20220131,0.0,0.78
15.0,20220201,0.0,0.78
15.0,20220202,0.0,0.77
15.0,20220203,0.0,0.76
15.0,20220204,0.0,0.76
15.0,20220205,0.04,0.75
15.0,20220206,0.0,0.74
15.0,20220207,0.0,0.74
15.0,20220208,0.0,0.73
15.0,20220209,0.0,0.72
15.0,20220210,0.13,0.72
15.0,20220211,0.25,0.71
15.0,20220212,0.07,0.71
15.0,20220213,0.0,0.7
15.0,20220214,0.03,0.69
15.0,20220215,0.01,0.69
15.0,20220216,0.0,0.68
15.0,20220217,0.0,0.68
15.0,20220218,0.0,0.67
15.0,20220219,0.0,0.67
15.0,20220220,0.0,0.66
15.0,20220221,0.0,0.66
15.0,20220222,0.03,0.65
15.0,20220223,0.0,0.65
15.0,20220224,0.0,0.64
15.0,20220225,0.0,0.64
15.0,20220226,0.01,0.63
15.0,20220227,0.0,0.63
15.0,20220228,0.0,0.62
15.0,20220301,0.0,0.62
15.0,20220302,0.0,0.61
15.0,20220303,0.0,0.61
15.0,20220304,0.06,0.61
15.0,20220305,0.01,0.6
15.0,20220306,0.89,0.6
15.0,20220307,0.21,0.6
15.0,20220308,0.0,0.59
15.0,20220309,0.0,0.59
15.0,20220310,0.0,0.59
15.0,20220311,0.0,0.58
15.0,20220312,0.0,0.58
15.0,20220313,0.01,0.57
15.0,20220314,0.0,0.57
15.0,20220315,0.0,0.57
15.0,20220316,0.0,0.56
15.0,20220317,0.0,0.56
15.0,20220318,0.0,0.55
15.0,20220319,0.01,0.55
15.0,20220320,0.08,0.55
15.0,20220321,0.49,0.55
15.0,20220322,0.87,0.55
15.0,20220323,0.01,0.54
15.0,20220324,0.01,0.54
15.0,20220325,0.0,0.54
15.0,20220326,0.0,0.53
15.0,20220327,0.0,0.53
15.0,20220328,0.0,0.53
15.0,20220329,0.0,0.53
15.0,20220330,0.0,0.53
15.0,20220331,0.01,0.52
15.0,20220401,0.0,0.52
15.0,20220402,0.01,0.52
15.0,20220403,0.0,0.52
15.0,20220404,0.01,0.52
15.0,20220405,0.0,0.52
15.0,20220406,0.05,0.52
15.0,20220407,0.1,0.52
15.0,20220408,0.14,0.52
15.0,20220409,0.14,0.52
15.0,20220410,0.66,0.52
15.0,20220411,0.26,0.52
15.0,20220412,0.07,0.52
15.0,20220413,0.11,0.52
15.0,20220414,0.02,0.52
15.0,20220415,0.02,0.52
15.0,20220416,0.03,0.52
15.0,20220417,0.42,0.52
15.0,20220418,0.33,0.52
15.0,20220419,0.03,0.52
15.0,20220420,0.02,0.52
15.0,20220421,0.01,0.52
15.0,20220422,0.02,0.51
15.0,20220423,0.04,0.51
15.0,20220424,0.0,0.51
15.0,20220425,0.0,0.51
15.0,20220426,0.0,0.51
15.0,20220427,0.0,0.51
15.0,20220428,0.0,0.51
15.0,20220429,0.02,0.51
15.0,20220430,0.01,0.51
15.0,20220501,0.38,0.51
15.0,20220502,0.99,0.51
15.0,20220503,0.48,0.52
15.0,20220504,1.98,0.52
15.0,20220505,1.93,0.52
15.0,20220506,4.02,0.52
15.0,20220507,8.16,0.54
15.0,20220508,0.52,0.54
15.0,20220509,1.28,0.53
15.0,20220510,10.74,0.54
15.0,20220511,6.44,0.55
15.0,20220512,8.99,0.55
15.0,20220513,1.16,0.57
15.0,20220514,1.15,0.56
15.0,20220515,7.5,0.56
15.0,20220516,6.12,0.58
15.0,20220517,2.55,0.58
15.0,20220518,1.4,0.58
15.0,20220519,0.45,0.57
15.0,20220520,0.4,0.57
15.0,20220521,0.02,0.56
15.0,20220522,0.03,0.56
15.0,20220523,0.01,0.55
15.0,20220524,0.07,0.55
15.0,20220525,2.43,0.55
15.0,20220526,3.13,0.55
15.0,20220527,1.93,0.55
15.0,20220528,0.08,0.55
15.0,20220529,0.13,0.54
15.0,20220530,0.09,0.54
15.0,20220531,0.03,0.54
15.0,20220601,0.01,0.53
15.0,20220602,0.0,0.53
15.0,20220603,0.01,0.53
15.0,20220604,0.01,0.53
15.0,20220605,1.81,0.53
15.0,20220606,3.7,0.53
15.0,20220607,2.57,0.53
15.0,20220608,0.38,0.53
15.0,20220609,0.26,0.53
15.0,20220610,0.21,0.53
15.0,20220611,1.31,0.53
15.0,20220612,1.97,0.53
15.0,20220613,1.48,0.53
15.0,20220614,1.54,0.53
15.0,20220615,8.16,0.54
15.0,20220616,8.64,0.55
15.0,20220617,7.47,0.56
15.0,20220618,4.74,0.56
15.0,20220619,28.85,0.59
15.0,20220620,18.31,0.64
15.0,20220621,23.54,0.66
15.0,20220622,9.51,0.68
15.0,20220623,3.63,0.67
15.0,20220624,2.55,0.67
15.0,20220625,1.99,0.67
15.0,20220626,0.65,0.66
15.0,20220627,2.44,0.65
15.0,20220628,2.59,0.66
15.0,20220629,5.16,0.65
15.0,20220630,5.14,0.66
15.0,20220701,4.5,0.66
15.0,20220702,3.0,0.66
15.0,20220703,3.04,0.66
15.0,20220704,3.24,0.66
15.0,20220705,6.45,0.66
15.0,20220706,4.59,0.67
15.0,20220707,1.75,0.66
15.0,20220708,3.76,0.66
15.0,20220709,2.01,0.66
15.0,20220710,2.79,0.66
15.0,20220711,1.15,0.65
15.0,20220712,1.38,0.65
15.0,20220713,2.29,0.65
15.0,20220714,0.31,0.64
15.0,20220715,0.09,0.63
15.0,20220716,5.09,0.63
15.0,20220717,9.42,0.65
15.0,20220718,2.0,0.65
15.0,20220719,0.94,0.64
15.0,20220720,10.14,0.65
15.0,20220721,5.89,0.66
15.0,20220722,15.58,0.68
15.0,20220723,1.46,0.68
15.0,20220724,3.4,0.68
15.0,20220725,3.46,0.68
15.0,20220726,7.74,0.69
15.0,20220727,0.2,0.68
15.0,20220728,0.75,0.68
15.0,20220729,0.73,0.68
15.0,20220730,1.37,0.67
15.0,20220731,4.17,0.67
15.0,20220801,8.36,0.67
15.0,20220802,6.98,0.68
16.0,20210902,7.02,0.73
16.0,20210903,8.8,0.73
16.0,20210904,12.16,0.74
16.0,20210905,7.22,0.75
16.0,20210906,6.91,0.75
16.0,20210907,0.43,0.75
16.0,20210908,0.06,0.74
16.0,20210909,0.15,0.74
16.0,20210910,0.53,0.73
16.0,20210911,0.06,0.73
16.0,20210912,0.17,0.72
16.0,20210913,0.05,0.72
16.0,20210914,0.04,0.71
16.0,20210915,1.77,0.71
16.0,20210916,2.6,0.71
16.0,20210917,1.42,0.71
16.0,20210918,5.01,0.71
16.0,20210919,6.04,0.71
16.0,20210920,3.03,0.71
16.0,20210921,4.59,0.71
16.0,20210922,21.25,0.74
16.0,20210923,1.37,0.74
16.0,20210924,1.87,0.74
16.0,20210925,7.28,0.73
16.0,20210926,7.13,0.75
16.0,20210927,0.08,0.74
16.0,20210928,2.25,0.73
16.0,20210929,1.48,0.73
16.0,20210930,3.93,0.73
16.0,20211001,2.28,0.73
16.0,20211002,5.59,0.73
16.0,20211003,4.45,0.73
16.0,20211004,4.71,0.73
16.0,20211005,37.11,0.76
16.0,20211006,8.39,0.79
16.0,20211007,3.17,0.79
16.0,20211008,3.81,0.78
16.0,20211009,5.3,0.78
16.0,20211010,9.41,0.79
16.0,20211011,4.31,0.8
16.0,20211012,4.16,0.79
16.0,20211013,6.49,0.8
16.0,20211014,0.24,0.79
16.0,20211015,2.84,0.79
16.0,20211016,1.62,0.79
16.0,20211017,3.02,0.79
16.0,20211018,0.37,0.79
16.0,20211019,3.3,0.78
16.0,20211020,1.74,0.78
16.0,20211021,1.85,0.79
16.0,20211022,0.51,0.78
16.0,20211023,0.54,0.78
16.0,20211024,5.98,0.78
16.0,20211025,0.93,0.78
16.0,20211026,0.98,0.77
16.0,20211027,0.75,0.77
16.0,20211028,6.67,0.76
16.0,20211029,25.07,0.79
16.0,20211030,17.88,0.83
16.0,20211031,16.09,0.83
16.0,20211101,21.37,0.86
16.0,20211102,23.68,0.88
16.0,20211103,30.77,0.91
16.0,20211104,18.47,0.92
16.0,20211105,16.95,0.92
16.0,20211106,49.77,0.94
16.0,20211107,40.64,0.97
16.0,20211108,36.4,0.98
16.0,20211109,16.97,0.98
16.0,20211110,84.05,0.99
16.0,20211111,75.19,1.0
16.0,20211112,3.63,0.99
16.0,20211113,3.72,0.99
16.0,20211114,4.74,0.99
16.0,20211115,4.57,0.99
16.0,20211116,2.4,0.99
16.0,20211117,11.0,0.99
16.0,20211118,74.21,1.0
16.0,20211119,20.62,1.0
16.0,20211120,16.63,1.0
16.0,20211121,7.5,1.0
16.0,20211122,5.0,0.99
16.0,20211123,2.29,0.99
16.0,20211124,2.87,0.99
16.0,20211125,18.25,0.99
16.0,20211126,58.61,1.0
16.0,20211127,29.98,1.0
16.0,20211128,61.12,1.0
16.0,20211129,12.76,1.0
16.0,20211130,9.8,1.0
16.0,20211201,1.22,1.0
16.0,20211202,0.03,1.0
16.0,20211203,0.14,0.99
16.0,20211204,0.01,0.99
16.0,20211205,0.15,0.99
16.0,20211206,1.22,0.98
16.0,20211207,0.09,0.98
16.0,20211208,0.38,0.97
16.0,20211209,3.98,0.97
16.0,20211210,2.35,0.97
16.0,20211211,3.71,0.96
16.0,20211212,6.0,0.96
16.0,20211213,6.87,0.96
16.0,20211214,2.34,0.96
16.0,20211215,1.6,0.95
16.0,20211216,0.48,0.95
16.0,20211217,0.15,0.94
16.0,20211218,0.0,0.93
16.0,20211219,0.0,0.93
16.0,20211220,0.0,0.92
16.0,20211221,0.0,0.92
16.0,20211222,0.0,0.91
16.0,20211223,0.0,0.9
16.0,20211224,0.0,0.9
16.0,20211225,0.0,0.89
16.0,20211226,0.0,0.88
16.0,20211227,0.41,0.88
16.0,20211228,0.87,0.87
16.0,20211229,0.92,0.87
16.0,20211230,55.65,0.89
16.0,20211231,42.52,0.96
16.0,20220101,8.69,0.96
16.0,20220102,0.5,0.95
16.0,20220103,0.02,0.94
16.0,20220104,0.01,0.93
16.0,20220105,0.02,0.93
16.0,20220106,0.04,0.92
16.0,20220107,0.03,0.91
16.0,20220108,0.0,0.91
16.0,20220109,0.0,0.9
16.0,20220110,0.0,0.9
16.0,20220111,0.02,0.89
16.0,20220112,0.14,0.88
16.0,20220113,0.95,0.87
16.0,20220114,0.68,0.87
16.0,20220115,0.64,0.86
16.0,20220116,5.86,0.86
16.0,20220117,6.17,0.86
16.0,20220118,1.52,0.86
16.0,20220119,0.47,0.85
16.0,20220120,0.0,0.85
16.0,20220121,0.0,0.84
16.0,20220122,0.0,0.83
16.0,20220123,0.59,0.83
16.0,20220124,3.1,0.83
16.0,20220125,1.19,0.82
16.0,20220126,0.7,0.82
16.0,20220127,0.19,0.81
16.0,20220128,0.26,0.8
16.0,20220129,0.08,0.8
16.0,20220130,0.0,0.79
16.0,20220131,0.0,0.78
16.0,20220201,0.0,0.78
16.0,20220202,0.0,0.77
16.0,20220203,0.0,0.76
16.0,20220204,0.0,0.76
16.0,20220205,0.04,0.75
16.0,20220206,0.0,0.74
16.0,20220207,0.0,0.74
16.0,20220208,0.0,0.73
16.0,20220209,0.0,0.72
16.0,20220210,0.13,0.72
16.0,20220211,0.25,0.71
16.0,20220212,0.07,0.71
16.0,20220213,0.0,0.7
16.0,20220214,0.03,0.69
16.0,20220215,0.01,0.69
16.0,20220216,0.0,0.68
16.0,20220217,0.0,0.68
16.0,20220218,0.0,0.67
16.0,20220219,0.0,0.67
16.0,20220220,0.0,0.66
16.0,20220221,0.0,0.66
16.0,20220222,0.03,0.65
16.0,20220223,0.0,0.65
16.0,20220224,0.0,0.64
16.0,20220225,0.0,0.64
16.0,20220226,0.01,0.63
16.0,20220227,0.0,0.63
16.0,20220228,0.0,0.62
16.0,20220301,0.0,0.62
16.0,20220302,0.0,0.61
16.0,20220303,0.0,0.61
16.0,20220304,0.06,0.61
16.0,20220305,0.01,0.6
16.0,20220306,0.89,0.6
16.0,20220307,0.21,0.6
16.0,20220308,0.0,0.59
16.0,20220309,0.0,0.59
16.0,20220310,0.0,0.59
16.0,20220311,0.0,0.58
16.0,20220312,0.0,0.58
16.0,20220313,0.01,0.57
16.0,20220314,0.0,0.57
16.0,20220315,0.0,0.57
16.0,20220316,0.0,0.56
16.0,20220317,0.0,0.56
16.0,20220318,0.0,0.55
16.0,20220319,0.01,0.55
16.0,20220320,0.08,0.55
16.0,20220321,0.49,0.55
16.0,20220322,0.87,0.55
16.0,20220323,0.01,0.54
16.0,20220324,0.01,0.54
16.0,20220325,0.0,0.54
16.0,20220326,0.0,0.53
16.0,20220327,0.0,0.53
16.0,20220328,0.0,0.53
16.0,20220329,0.0,0.53
16.0,20220330,0.0,0.53
16.0,20220331,0.01,0.52
16.0,20220401,0.0,0.52
16.0,20220402,0.01,0.52
16.0,20220403,0.0,0.52
16.0,20220404,0.01,0.52
16.0,20220405,0.0,0.52
16.0,20220406,0.05,0.52
16.0,20220407,0.1,0.52
16.0,20220408,0.14,0.52
16.0,20220409,0.14,0.52
16.0,20220410,0.66,0.52
16.0,20220411,0.26,0.52
16.0,20220412,0.07,0.52
16.0,20220413,0.11,0.52
16.0,20220414,0.02,0.52
16.0,20220415,0.02,0.52
16.0,20220416,0.03,0.52
16.0,20220417,0.42,0.52
16.0,20220418,0.33,0.52
16.0,20220419,0.03,0.52
16.0,20220420,0.02,0.52
16.0,20220421,0.01,0.52
16.0,20220422,0.02,0.51
16.0,20220423,0.04,0.51
16.0,20220424,0.0,0.51
16.0,20220425,0.0,0.51
16.0,20220426,0.0,0.51
16.0,20220427,0.0,0.51
16.0,20220428,0.0,0.51
16.0,20220429,0.02,0.51
16.0,20220430,0.01,0.51
16.0,20220501,0.38,0.51
16.0,20220502,0.99,0.51
16.0,20220503,0.48,0.52
16.0,20220504,1.98,0.52
16.0,20220505,1.93,0.52
16.0,20220506,4.02,0.52
16.0,20220507,8.16,0.54
16.0,20220508,0.52,0.54
16.0,20220509,1.28,0.53
16.0,20220510,10.74,0.54
16.0,20220511,6.44,0.55
16.0,20220512,8.99,0.55
16.0,20220513,1.16,0.57
16.0,20220514,1.15,0.56
16.0,20220515,7.5,0.56
16.0,20220516,6.12,0.58
16.0,20220517,2.55,0.58
16.0,20220518,1.4,0.58
16.0,20220519,0.45,0.57
16.0,20220520,0.4,0.57
16.0,20220521,0.02,0.56
16.0,20220522,0.03,0.56
16.0,20220523,0.01,0.55
16.0,20220524,0.07,0.55
16.0,20220525,2.43,0.55
16.0,20220526,3.13,0.55
16.0,20220527,1.93,0.55
16.0,20220528,0.08,0.55
16.0,20220529,0.13,0.54
16.0,20220530,0.09,0.54
16.0,20220531,0.03,0.54
16.0,20220601,0.01,0.53
16.0,20220602,0.0,0.53
16.0,20220603,0.01,0.53
16.0,20220604,0.01,0.53
16.0,20220605,1.81,0.53
16.0,20220606,3.7,0.53
16.0,20220607,2.57,0.53
16.0,20220608,0.38,0.53
16.0,20220609,0.26,0.53
16.0,20220610,0.21,0.53
16.0,20220611,1.31,0.53
16.0,20220612,1.97,0.53
16.0,20220613,1.48,0.53
16.0,20220614,1.54,0.53
16.0,20220615,8.16,0.54
16.0,20220616,8.64,0.55
16.0,20220617,7.47,0.56
16.0,20220618,4.74,0.56
16.0,20220619,28.85,0.59
16.0,20220620,18.31,0.64
16.0,20220621,23.54,0.66
16.0,20220622,9.51,0.68
16.0,20220623,3.63,0.67
16.0,20220624,2.55,0.67
16.0,20220625,1.99,0.67
16.0,20220626,0.65,0.66
16.0,20220627,2.44,0.65
16.0,20220628,2.59,0.66
16.0,20220629,5.16,0.65
16.0,20220630,5.14,0.66
16.0,20220701,4.5,0.66
16.0,20220702,3.0,0.66
16.0,20220703,3.04,0.66
16.0,20220704,3.24,0.66
16.0,20220705,6.45,0.66
16.0,20220706,4.59,0.67
16.0,20220707,1.75,0.66
16.0,20220708,3.76,0.66
16.0,20220709,2.01,0.66
16.0,20220710,2.79,0.66
16.0,20220711,1.15,0.65
16.0,20220712,1.38,0.65
16.0,20220713,2.29,0.65
16.0,20220714,0.31,0.64
16.0,20220715,0.09,0.63
16.0,20220716,5.09,0.63
16.0,20220717,9.42,0.65
16.0,20220718,2.0,0.65
16.0,20220719,0.94,0.64
16.0,20220720,10.14,0.65
16.0,20220721,5.89,0.66
16.0,20220722,15.58,0.68
16.0,20220723,1.46,0.68
16.0,20220724,3.4,0.68
16.0,20220725,3.46,0.68
16.0,20220726,7.74,0.69
16.0,20220727,0.2,0.68
16.0,20220728,0.75,0.68
16.0,20220729,0.73,0.68
16.0,20220730,1.37,0.67
16.0,20220731,4.17,0.67
16.0,20220801,8.36,0.67
16.0,20220802,6.98,0.68
