zone_id,date,rainfall_mm,soil_moisture,runoff_mm,flood_label
1,20210902,7.02,0.73,5.1246,0
1,20210903,8.8,0.73,6.424,1
1,20210904,12.16,0.74,8.9984,1
1,20210905,7.22,0.75,5.415,1
1,20210906,6.91,0.75,5.1825,0
1,20210907,0.43,0.75,0.3225,0
1,20210908,0.06,0.74,0.0444,0
1,20210909,0.15,0.74,0.111,0
1,20210910,0.53,0.73,0.3869,0
1,20210911,0.06,0.73,0.0438,0
1,20210912,0.17,0.72,0.1224,0
1,20210913,0.05,0.72,0.036,0
1,20210914,0.04,0.71,0.0284,0
1,20210915,1.77,0.71,1.2567,0
1,20210916,2.6,0.71,1.846,0
1,20210917,1.42,0.71,1.0082,0
1,20210918,5.01,0.71,3.5571,0
1,20210919,6.04,0.71,4.2884,0
1,20210920,3.03,0.71,2.1513,0
1,20210921,4.59,0.71,3.2589,0
1,20210922,21.25,0.74,15.725,1
1,20210923,1.37,0.74,1.0138,0
1,20210924,1.87,0.74,1.3838,0
1,20210925,7.28,0.73,5.3144,1
1,20210926,7.13,0.75,5.3475,1
1,20210927,0.08,0.74,0.0592,0
1,20210928,2.25,0.73,1.6425,0
1,20210929,1.48,0.73,1.0804,0
1,20210930,3.93,0.73,2.8689,0
1,20211001,2.28,0.73,1.6644,0
1,20211002,5.59,0.73,4.0807,0
1,20211003,4.45,0.73,3.2485,0
1,20211004,4.71,0.73,3.4383,0
1,20211005,37.11,0.76,28.2036,1
1,20211006,8.39,0.79,6.6281,1
1,20211007,3.17,0.79,2.5043,0
1,20211008,3.81,0.78,2.9718,0
1,20211009,5.3,0.78,4.134,0
1,20211010,9.41,0.79,7.4339,1
1,20211011,4.31,0.8,3.448,0
1,20211012,4.16,0.79,3.2864,0
1,20211013,6.49,0.8,5.192,0
1,20211014,0.24,0.79,0.1896,0
1,20211015,2.84,0.79,2.2436,0
1,20211016,1.62,0.79,1.2798,0
1,20211017,3.02,0.79,2.3858,0
1,20211018,0.37,0.79,0.2923,0
1,20211019,3.3,0.78,2.574,0
1,20211020,1.74,0.78,1.3572,0
1,20211021,1.85,0.79,1.4615,0
1,20211022,0.51,0.78,0.3978,0
1,20211023,0.54,0.78,0.4212,0
1,20211024,5.98,0.78,4.6644,0
1,20211025,0.93,0.78,0.7254,0
1,20211026,0.98,0.77,0.7546,0
1,20211027,0.75,0.77,0.5775,0
1,20211028,6.67,0.76,5.0692,0
1,20211029,25.07,0.79,19.8053,1
1,20211030,17.88,0.83,14.8404,1
1,20211031,16.09,0.83,13.3547,1
1,20211101,21.37,0.86,18.3782,1
1,20211102,23.68,0.88,20.8384,1
1,20211103,30.77,0.91,28.0007,1
1,20211104,18.47,0.92,16.9924,1
1,20211105,16.95,0.92,15.594,1
1,20211106,49.77,0.94,46.7838,1
1,20211107,40.64,0.97,39.4208,1
1,20211108,36.4,0.98,35.672,1
1,20211109,16.97,0.98,16.6306,1
1,20211110,84.05,0.99,83.2095,1
1,20211111,75.19,1,75.19,1
1,20211112,3.63,0.99,3.5937,0
1,20211113,3.72,0.99,3.6828,0
1,20211114,4.74,0.99,4.6926,0
1,20211115,4.57,0.99,4.5243,0
1,20211116,2.4,0.99,2.376,0
1,20211117,11,0.99,10.89,1
1,20211118,74.21,1,74.21,1
1,20211119,20.62,1,20.62,1
1,20211120,16.63,1,16.63,1
1,20211121,7.5,1,7.5,1
1,20211122,5,0.99,4.95,0
1,20211123,2.29,0.99,2.2671,0
1,20211124,2.87,0.99,2.8413,0
1,20211125,18.25,0.99,18.0675,1
1,20211126,58.61,1,58.61,1
1,20211127,29.98,1,29.98,1
1,20211128,61.12,1,61.12,1
1,20211129,12.76,1,12.76,1
1,20211130,9.8,1,9.8,1
1,20211201,1.22,1,1.22,0
1,20211202,0.03,1,0.03,0
1,20211203,0.14,0.99,0.1386,0
1,20211204,0.01,0.99,0.0099,0
1,20211205,0.15,0.99,0.1485,0
1,20211206,1.22,0.98,1.1956,0
1,20211207,0.09,0.98,0.0882,0
1,20211208,0.38,0.97,0.3686,0
1,20211209,3.98,0.97,3.8606,0
1,20211210,2.35,0.97,2.2795,0
1,20211211,3.71,0.96,3.5616,0
1,20211212,6,0.96,5.76,1
1,20211213,6.87,0.96,6.5952,1
1,20211214,2.34,0.96,2.2464,0
1,20211215,1.6,0.95,1.52,0
1,20211216,0.48,0.95,0.456,0
1,20211217,0.15,0.94,0.141,0
1,20211218,0,0.93,0,0
1,20211219,0,0.93,0,0
1,20211220,0,0.92,0,0
1,20211221,0,0.92,0,0
1,20211222,0,0.91,0,0
1,20211223,0,0.9,0,0
1,20211224,0,0.9,0,0
1,20211225,0,0.89,0,0
1,20211226,0,0.88,0,0
1,20211227,0.41,0.88,0.3608,0
1,20211228,0.87,0.87,0.7569,0
1,20211229,0.92,0.87,0.8004,0
1,20211230,55.65,0.89,49.5285,1
1,20211231,42.52,0.96,40.8192,1
1,20220101,8.69,0.96,8.3424,1
1,20220102,0.5,0.95,0.475,0
1,20220103,0.02,0.94,0.0188,0
1,20220104,0.01,0.93,0.0093,0
1,20220105,0.02,0.93,0.0186,0
1,20220106,0.04,0.92,0.0368,0
1,20220107,0.03,0.91,0.0273,0
1,20220108,0,0.91,0,0
1,20220109,0,0.9,0,0
1,20220110,0,0.9,0,0
1,20220111,0.02,0.89,0.0178,0
1,20220112,0.14,0.88,0.1232,0
1,20220113,0.95,0.87,0.8265,0
1,20220114,0.68,0.87,0.5916,0
1,20220115,0.64,0.86,0.5504,0
1,20220116,5.86,0.86,5.0396,0
1,20220117,6.17,0.86,5.3062,1
1,20220118,1.52,0.86,1.3072,0
1,20220119,0.47,0.85,0.3995,0
1,20220120,0,0.85,0,0
1,20220121,0,0.84,0,0
1,20220122,0,0.83,0,0
1,20220123,0.59,0.83,0.4897,0
1,20220124,3.1,0.83,2.573,0
1,20220125,1.19,0.82,0.9758,0
1,20220126,0.7,0.82,0.574,0
1,20220127,0.19,0.81,0.1539,0
1,20220128,0.26,0.8,0.208,0
1,20220129,0.08,0.8,0.064,0
1,20220130,0,0.79,0,0
1,20220131,0,0.78,0,0
1,20220201,0,0.78,0,0
1,20220202,0,0.77,0,0
1,20220203,0,0.76,0,0
1,20220204,0,0.76,0,0
1,20220205,0.04,0.75,0.03,0
1,20220206,0,0.74,0,0
1,20220207,0,0.74,0,0
1,20220208,0,0.73,0,0
1,20220209,0,0.72,0,0
1,20220210,0.13,0.72,0.0936,0
1,20220211,0.25,0.71,0.1775,0
1,20220212,0.07,0.71,0.0497,0
1,20220213,0,0.7,0,0
1,20220214,0.03,0.69,0.0207,0
1,20220215,0.01,0.69,0.0069,0
1,20220216,0,0.68,0,0
1,20220217,0,0.68,0,0
1,20220218,0,0.67,0,0
1,20220219,0,0.67,0,0
1,20220220,0,0.66,0,0
1,20220221,0,0.66,0,0
1,20220222,0.03,0.65,0.0195,0
1,20220223,0,0.65,0,0
1,20220224,0,0.64,0,0
1,20220225,0,0.64,0,0
1,20220226,0.01,0.63,0.0063,0
1,20220227,0,0.63,0,0
1,20220228,0,0.62,0,0
1,20220301,0,0.62,0,0
1,20220302,0,0.61,0,0
1,20220303,0,0.61,0,0
1,20220304,0.06,0.61,0.0366,0
1,20220305,0.01,0.6,0.006,0
1,20220306,0.89,0.6,0.534,0
1,20220307,0.21,0.6,0.126,0
1,20220308,0,0.59,0,0
1,20220309,0,0.59,0,0
1,20220310,0,0.59,0,0
1,20220311,0,0.58,0,0
1,20220312,0,0.58,0,0
1,20220313,0.01,0.57,0.0057,0
1,20220314,0,0.57,0,0
1,20220315,0,0.57,0,0
1,20220316,0,0.56,0,0
1,20220317,0,0.56,0,0
1,20220318,0,0.55,0,0
1,20220319,0.01,0.55,0.0055,0
1,20220320,0.08,0.55,0.044,0
1,20220321,0.49,0.55,0.2695,0
1,20220322,0.87,0.55,0.4785,0
1,20220323,0.01,0.54,0.0054,0
1,20220324,0.01,0.54,0.0054,0
1,20220325,0,0.54,0,0
1,20220326,0,0.53,0,0
1,20220327,0,0.53,0,0
1,20220328,0,0.53,0,0
1,20220329,0,0.53,0,0
1,20220330,0,0.53,0,0
1,20220331,0.01,0.52,0.0052,0
1,20220401,0,0.52,0,0
1,20220402,0.01,0.52,0.0052,0
1,20220403,0,0.52,0,0
1,20220404,0.01,0.52,0.0052,0
1,20220405,0,0.52,0,0
1,20220406,0.05,0.52,0.026,0
1,20220407,0.1,0.52,0.052,0
1,20220408,0.14,0.52,0.0728,0
1,20220409,0.14,0.52,0.0728,0
1,20220410,0.66,0.52,0.3432,0
1,20220411,0.26,0.52,0.1352,0
1,20220412,0.07,0.52,0.0364,0
1,20220413,0.11,0.52,0.0572,0
1,20220414,0.02,0.52,0.0104,0
1,20220415,0.02,0.52,0.0104,0
1,20220416,0.03,0.52,0.0156,0
1,20220417,0.42,0.52,0.2184,0
1,20220418,0.33,0.52,0.1716,0
1,20220419,0.03,0.52,0.0156,0
1,20220420,0.02,0.52,0.0104,0
1,20220421,0.01,0.52,0.0052,0
1,20220422,0.02,0.51,0.0102,0
1,20220423,0.04,0.51,0.0204,0
1,20220424,0,0.51,0,0
1,20220425,0,0.51,0,0
1,20220426,0,0.51,0,0
1,20220427,0,0.51,0,0
1,20220428,0,0.51,0,0
1,20220429,0.02,0.51,0.0102,0
1,20220430,0.01,0.51,0.0051,0
1,20220501,0.38,0.51,0.1938,0
1,20220502,0.99,0.51,0.5049,0
1,20220503,0.48,0.52,0.2496,0
1,20220504,1.98,0.52,1.0296,0
1,20220505,1.93,0.52,1.0036,0
1,20220506,4.02,0.52,2.0904,0
1,20220507,8.16,0.54,4.4064,0
1,20220508,0.52,0.54,0.2808,0
1,20220509,1.28,0.53,0.6784,0
1,20220510,10.74,0.54,5.7996,1
1,20220511,6.44,0.55,3.542,0
1,20220512,8.99,0.55,4.9445,0
1,20220513,1.16,0.57,0.6612,0
1,20220514,1.15,0.56,0.644,0
1,20220515,7.5,0.56,4.2,0
1,20220516,6.12,0.58,3.5496,0
1,20220517,2.55,0.58,1.479,0
1,20220518,1.4,0.58,0.812,0
1,20220519,0.45,0.57,0.2565,0
1,20220520,0.4,0.57,0.228,0
1,20220521,0.02,0.56,0.0112,0
1,20220522,0.03,0.56,0.0168,0
1,20220523,0.01,0.55,0.0055,0
1,20220524,0.07,0.55,0.0385,0
1,20220525,2.43,0.55,1.3365,0
1,20220526,3.13,0.55,1.7215,0
1,20220527,1.93,0.55,1.0615,0
1,20220528,0.08,0.55,0.044,0
1,20220529,0.13,0.54,0.0702,0
1,20220530,0.09,0.54,0.0486,0
1,20220531,0.03,0.54,0.0162,0
1,20220601,0.01,0.53,0.0053,0
1,20220602,0,0.53,0,0
1,20220603,0.01,0.53,0.0053,0
1,20220604,0.01,0.53,0.0053,0
1,20220605,1.81,0.53,0.9593,0
1,20220606,3.7,0.53,1.961,0
1,20220607,2.57,0.53,1.3621,0
1,20220608,0.38,0.53,0.2014,0
1,20220609,0.26,0.53,0.1378,0
1,20220610,0.21,0.53,0.1113,0
1,20220611,1.31,0.53,0.6943,0
1,20220612,1.97,0.53,1.0441,0
1,20220613,1.48,0.53,0.7844,0
1,20220614,1.54,0.53,0.8162,0
1,20220615,8.16,0.54,4.4064,0
1,20220616,8.64,0.55,4.752,0
1,20220617,7.47,0.56,4.1832,0
1,20220618,4.74,0.56,2.6544,0
1,20220619,28.85,0.59,17.0215,1
1,20220620,18.31,0.64,11.7184,1
1,20220621,23.54,0.66,15.5364,1
1,20220622,9.51,0.68,6.4668,1
1,20220623,3.63,0.67,2.4321,0
1,20220624,2.55,0.67,1.7085,0
1,20220625,1.99,0.67,1.3333,0
1,20220626,0.65,0.66,0.429,0
1,20220627,2.44,0.65,1.586,0
1,20220628,2.59,0.66,1.7094,0
1,20220629,5.16,0.65,3.354,0
1,20220630,5.14,0.66,3.3924,0
1,20220701,4.5,0.66,2.97,0
1,20220702,3,0.66,1.98,0
1,20220703,3.04,0.66,2.0064,0
1,20220704,3.24,0.66,2.1384,0
1,20220705,6.45,0.66,4.257,0
1,20220706,4.59,0.67,3.0753,0
1,20220707,1.75,0.66,1.155,0
1,20220708,3.76,0.66,2.4816,0
1,20220709,2.01,0.66,1.3266,0
1,20220710,2.79,0.66,1.8414,0
1,20220711,1.15,0.65,0.7475,0
1,20220712,1.38,0.65,0.897,0
1,20220713,2.29,0.65,1.4885,0
1,20220714,0.31,0.64,0.1984,0
1,20220715,0.09,0.63,0.0567,0
1,20220716,5.09,0.63,3.2067,0
1,20220717,9.42,0.65,6.123,1
1,20220718,2,0.65,1.3,0
1,20220719,0.94,0.64,0.6016,0
1,20220720,10.14,0.65,6.591,1
1,20220721,5.89,0.66,3.8874,0
1,20220722,15.58,0.68,10.5944,1
1,20220723,1.46,0.68,0.9928,0
1,20220724,3.4,0.68,2.312,0
1,20220725,3.46,0.68,2.3528,0
1,20220726,7.74,0.69,5.3406,1
1,20220727,0.2,0.68,0.136,0
1,20220728,0.75,0.68,0.51,0
1,20220729,0.73,0.68,0.4964,0
1,20220730,1.37,0.67,0.9179,0
1,20220731,4.17,0.67,2.7939,0
1,20220801,8.36,0.67,5.6012,1
1,20220802,6.98,0.68,4.7464,0
2,20210902,7.02,0.73,5.1246,0
2,20210903,8.8,0.73,6.424,1
2,20210904,12.16,0.74,8.9984,1
2,20210905,7.22,0.75,5.415,1
2,20210906,6.91,0.75,5.1825,0
2,20210907,0.43,0.75,0.3225,0
2,20210908,0.06,0.74,0.0444,0
2,20210909,0.15,0.74,0.111,0
2,20210910,0.53,0.73,0.3869,0
2,20210911,0.06,0.73,0.0438,0
2,20210912,0.17,0.72,0.1224,0
2,20210913,0.05,0.72,0.036,0
2,20210914,0.04,0.71,0.0284,0
2,20210915,1.77,0.71,1.2567,0
2,20210916,2.6,0.71,1.846,0
2,20210917,1.42,0.71,1.0082,0
2,20210918,5.01,0.71,3.5571,0
2,20210919,6.04,0.71,4.2884,0
2,20210920,3.03,0.71,2.1513,0
2,20210921,4.59,0.71,3.2589,0
2,20210922,21.25,0.74,15.725,1
2,20210923,1.37,0.74,1.0138,0
2,20210924,1.87,0.74,1.3838,0
2,20210925,7.28,0.73,5.3144,1
2,20210926,7.13,0.75,5.3475,1
2,20210927,0.08,0.74,0.0592,0
2,20210928,2.25,0.73,1.6425,0
2,20210929,1.48,0.73,1.0804,0
2,20210930,3.93,0.73,2.8689,0
2,20211001,2.28,0.73,1.6644,0
2,20211002,5.59,0.73,4.0807,0
2,20211003,4.45,0.73,3.2485,0
2,20211004,4.71,0.73,3.4383,0
2,20211005,37.11,0.76,28.2036,1
2,20211006,8.39,0.79,6.6281,1
2,20211007,3.17,0.79,2.5043,0
2,20211008,3.81,0.78,2.9718,0
2,20211009,5.3,0.78,4.134,0
2,20211010,9.41,0.79,7.4339,1
2,20211011,4.31,0.8,3.448,0
2,20211012,4.16,0.79,3.2864,0
2,20211013,6.49,0.8,5.192,0
2,20211014,0.24,0.79,0.1896,0
2,20211015,2.84,0.79,2.2436,0
2,20211016,1.62,0.79,1.2798,0
2,20211017,3.02,0.79,2.3858,0
2,20211018,0.37,0.79,0.2923,0
2,20211019,3.3,0.78,2.574,0
2,20211020,1.74,0.78,1.3572,0
2,20211021,1.85,0.79,1.4615,0
2,20211022,0.51,0.78,0.3978,0
2,20211023,0.54,0.78,0.4212,0
2,20211024,5.98,0.78,4.6644,0
2,20211025,0.93,0.78,0.7254,0
2,20211026,0.98,0.77,0.7546,0
2,20211027,0.75,0.77,0.5775,0
2,20211028,6.67,0.76,5.0692,0
2,20211029,25.07,0.79,19.8053,1
2,20211030,17.88,0.83,14.8404,1
2,20211031,16.09,0.83,13.3547,1
2,20211101,21.37,0.86,18.3782,1
2,20211102,23.68,0.88,20.8384,1
2,20211103,30.77,0.91,28.0007,1
2,20211104,18.47,0.92,16.9924,1
2,20211105,16.95,0.92,15.594,1
2,20211106,49.77,0.94,46.7838,1
2,20211107,40.64,0.97,39.4208,1
2,20211108,36.4,0.98,35.672,1
2,20211109,16.97,0.98,16.6306,1
2,20211110,84.05,0.99,83.2095,1
2,20211111,75.19,1,75.19,1
2,20211112,3.63,0.99,3.5937,0
2,20211113,3.72,0.99,3.6828,0
2,20211114,4.74,0.99,4.6926,0
2,20211115,4.57,0.99,4.5243,0
2,20211116,2.4,0.99,2.376,0
2,20211117,11,0.99,10.89,1
2,20211118,74.21,1,74.21,1
2,20211119,20.62,1,20.62,1
2,20211120,16.63,1,16.63,1
2,20211121,7.5,1,7.5,1
2,20211122,5,0.99,4.95,0
2,20211123,2.29,0.99,2.2671,0
2,20211124,2.87,0.99,2.8413,0
2,20211125,18.25,0.99,18.0675,1
2,20211126,58.61,1,58.61,1
2,20211127,29.98,1,29.98,1
2,20211128,61.12,1,61.12,1
2,20211129,12.76,1,12.76,1
2,20211130,9.8,1,9.8,1
2,20211201,1.22,1,1.22,0
2,20211202,0.03,1,0.03,0
2,20211203,0.14,0.99,0.1386,0
2,20211204,0.01,0.99,0.0099,0
2,20211205,0.15,0.99,0.1485,0
2,20211206,1.22,0.98,1.1956,0
2,20211207,0.09,0.98,0.0882,0
2,20211208,0.38,0.97,0.3686,0
2,20211209,3.98,0.97,3.8606,0
2,20211210,2.35,0.97,2.2795,0
2,20211211,3.71,0.96,3.5616,0
2,20211212,6,0.96,5.76,1
2,20211213,6.87,0.96,6.5952,1
2,20211214,2.34,0.96,2.2464,0
2,20211215,1.6,0.95,1.52,0
2,20211216,0.48,0.95,0.456,0
2,20211217,0.15,0.94,0.141,0
2,20211218,0,0.93,0,0
2,20211219,0,0.93,0,0
2,20211220,0,0.92,0,0
2,20211221,0,0.92,0,0
2,20211222,0,0.91,0,0
2,20211223,0,0.9,0,0
2,20211224,0,0.9,0,0
2,20211225,0,0.89,0,0
2,20211226,0,0.88,0,0
2,20211227,0.41,0.88,0.3608,0
2,20211228,0.87,0.87,0.7569,0
2,20211229,0.92,0.87,0.8004,0
2,20211230,55.65,0.89,49.5285,1
2,20211231,42.52,0.96,40.8192,1
2,20220101,8.69,0.96,8.3424,1
2,20220102,0.5,0.95,0.475,0
2,20220103,0.02,0.94,0.0188,0
2,20220104,0.01,0.93,0.0093,0
2,20220105,0.02,0.93,0.0186,0
2,20220106,0.04,0.92,0.0368,0
2,20220107,0.03,0.91,0.0273,0
2,20220108,0,0.91,0,0
2,20220109,0,0.9,0,0
2,20220110,0,0.9,0,0
2,20220111,0.02,0.89,0.0178,0
2,20220112,0.14,0.88,0.1232,0
2,20220113,0.95,0.87,0.8265,0
2,20220114,0.68,0.87,0.5916,0
2,20220115,0.64,0.86,0.5504,0
2,20220116,5.86,0.86,5.0396,0
2,20220117,6.17,0.86,5.3062,1
2,20220118,1.52,0.86,1.3072,0
2,20220119,0.47,0.85,0.3995,0
2,20220120,0,0.85,0,0
2,20220121,0,0.84,0,0
2,20220122,0,0.83,0,0
2,20220123,0.59,0.83,0.4897,0
2,20220124,3.1,0.83,2.573,0
2,20220125,1.19,0.82,0.9758,0
2,20220126,0.7,0.82,0.574,0
2,20220127,0.19,0.81,0.1539,0
2,20220128,0.26,0.8,0.208,0
2,20220129,0.08,0.8,0.064,0
2,20220130,0,0.79,0,0
2,20220131,0,0.78,0,0
2,20220201,0,0.78,0,0
2,20220202,0,0.77,0,0
2,20220203,0,0.76,0,0
2,20220204,0,0.76,0,0
2,20220205,0.04,0.75,0.03,0
2,20220206,0,0.74,0,0
2,20220207,0,0.74,0,0
2,20220208,0,0.73,0,0
2,20220209,0,0.72,0,0
2,20220210,0.13,0.72,0.0936,0
2,20220211,0.25,0.71,0.1775,0
2,20220212,0.07,0.71,0.0497,0
2,20220213,0,0.7,0,0
2,20220214,0.03,0.69,0.0207,0
2,20220215,0.01,0.69,0.0069,0
2,20220216,0,0.68,0,0
2,20220217,0,0.68,0,0
2,20220218,0,0.67,0,0
2,20220219,0,0.67,0,0
2,20220220,0,0.66,0,0
2,20220221,0,0.66,0,0
2,20220222,0.03,0.65,0.0195,0
2,20220223,0,0.65,0,0
2,20220224,0,0.64,0,0
2,20220225,0,0.64,0,0
2,20220226,0.01,0.63,0.0063,0
2,20220227,0,0.63,0,0
2,20220228,0,0.62,0,0
2,20220301,0,0.62,0,0
2,20220302,0,0.61,0,0
2,20220303,0,0.61,0,0
2,20220304,0.06,0.61,0.0366,0
2,20220305,0.01,0.6,0.006,0
2,20220306,0.89,0.6,0.534,0
2,20220307,0.21,0.6,0.126,0
2,20220308,0,0.59,0,0
2,20220309,0,0.59,0,0
2,20220310,0,0.59,0,0
2,20220311,0,0.58,0,0
2,20220312,0,0.58,0,0
2,20220313,0.01,0.57,0.0057,0
2,20220314,0,0.57,0,0
2,20220315,0,0.57,0,0
2,20220316,0,0.56,0,0
2,20220317,0,0.56,0,0
2,20220318,0,0.55,0,0
2,20220319,0.01,0.55,0.0055,0
2,20220320,0.08,0.55,0.044,0
2,20220321,0.49,0.55,0.2695,0
2,20220322,0.87,0.55,0.4785,0
2,20220323,0.01,0.54,0.0054,0
2,20220324,0.01,0.54,0.0054,0
2,20220325,0,0.54,0,0
2,20220326,0,0.53,0,0
2,20220327,0,0.53,0,0
2,20220328,0,0.53,0,0
2,20220329,0,0.53,0,0
2,20220330,0,0.53,0,0
2,20220331,0.01,0.52,0.0052,0
2,20220401,0,0.52,0,0
2,20220402,0.01,0.52,0.0052,0
2,20220403,0,0.52,0,0
2,20220404,0.01,0.52,0.0052,0
2,20220405,0,0.52,0,0
2,20220406,0.05,0.52,0.026,0
2,20220407,0.1,0.52,0.052,0
2,20220408,0.14,0.52,0.0728,0
2,20220409,0.14,0.52,0.0728,0
2,20220410,0.66,0.52,0.3432,0
2,20220411,0.26,0.52,0.1352,0
2,20220412,0.07,0.52,0.0364,0
2,20220413,0.11,0.52,0.0572,0
2,20220414,0.02,0.52,0.0104,0
2,20220415,0.02,0.52,0.0104,0
2,20220416,0.03,0.52,0.0156,0
2,20220417,0.42,0.52,0.2184,0
2,20220418,0.33,0.52,0.1716,0
2,20220419,0.03,0.52,0.0156,0
2,20220420,0.02,0.52,0.0104,0
2,20220421,0.01,0.52,0.0052,0
2,20220422,0.02,0.51,0.0102,0
2,20220423,0.04,0.51,0.0204,0
2,20220424,0,0.51,0,0
2,20220425,0,0.51,0,0
2,20220426,0,0.51,0,0
2,20220427,0,0.51,0,0
2,20220428,0,0.51,0,0
2,20220429,0.02,0.51,0.0102,0
2,20220430,0.01,0.51,0.0051,0
2,20220501,0.38,0.51,0.1938,0
2,20220502,0.99,0.51,0.5049,0
2,20220503,0.48,0.52,0.2496,0
2,20220504,1.98,0.52,1.0296,0
2,20220505,1.93,0.52,1.0036,0
2,20220506,4.02,0.52,2.0904,0
2,20220507,8.16,0.54,4.4064,0
2,20220508,0.52,0.54,0.2808,0
2,20220509,1.28,0.53,0.6784,0
2,20220510,10.74,0.54,5.7996,1
2,20220511,6.44,0.55,3.542,0
2,20220512,8.99,0.55,4.9445,0
2,20220513,1.16,0.57,0.6612,0
2,20220514,1.15,0.56,0.644,0
2,20220515,7.5,0.56,4.2,0
2,20220516,6.12,0.58,3.5496,0
2,20220517,2.55,0.58,1.479,0
2,20220518,1.4,0.58,0.812,0
2,20220519,0.45,0.57,0.2565,0
2,20220520,0.4,0.57,0.228,0
2,20220521,0.02,0.56,0.0112,0
2,20220522,0.03,0.56,0.0168,0
2,20220523,0.01,0.55,0.0055,0
2,20220524,0.07,0.55,0.0385,0
2,20220525,2.43,0.55,1.3365,0
2,20220526,3.13,0.55,1.7215,0
2,20220527,1.93,0.55,1.0615,0
2,20220528,0.08,0.55,0.044,0
2,20220529,0.13,0.54,0.0702,0
2,20220530,0.09,0.54,0.0486,0
2,20220531,0.03,0.54,0.0162,0
2,20220601,0.01,0.53,0.0053,0
2,20220602,0,0.53,0,0
2,20220603,0.01,0.53,0.0053,0
2,20220604,0.01,0.53,0.0053,0
2,20220605,1.81,0.53,0.9593,0
2,20220606,3.7,0.53,1.961,0
2,20220607,2.57,0.53,1.3621,0
2,20220608,0.38,0.53,0.2014,0
2,20220609,0.26,0.53,0.1378,0
2,20220610,0.21,0.53,0.1113,0
2,20220611,1.31,0.53,0.6943,0
2,20220612,1.97,0.53,1.0441,0
2,20220613,1.48,0.53,0.7844,0
2,20220614,1.54,0.53,0.8162,0
2,20220615,8.16,0.54,4.4064,0
2,20220616,8.64,0.55,4.752,0
2,20220617,7.47,0.56,4.1832,0
2,20220618,4.74,0.56,2.6544,0
2,20220619,28.85,0.59,17.0215,1
2,20220620,18.31,0.64,11.7184,1
2,20220621,23.54,0.66,15.5364,1
2,20220622,9.51,0.68,6.4668,1
2,20220623,3.63,0.67,2.4321,0
2,20220624,2.55,0.67,1.7085,0
2,20220625,1.99,0.67,1.3333,0
2,20220626,0.65,0.66,0.429,0
2,20220627,2.44,0.65,1.586,0
2,20220628,2.59,0.66,1.7094,0
2,20220629,5.16,0.65,3.354,0
2,20220630,5.14,0.66,3.3924,0
2,20220701,4.5,0.66,2.97,0
2,20220702,3,0.66,1.98,0
2,20220703,3.04,0.66,2.0064,0
2,20220704,3.24,0.66,2.1384,0
2,20220705,6.45,0.66,4.257,0
2,20220706,4.59,0.67,3.0753,0
2,20220707,1.75,0.66,1.155,0
2,20220708,3.76,0.66,2.4816,0
2,20220709,2.01,0.66,1.3266,0
2,20220710,2.79,0.66,1.8414,0
2,20220711,1.15,0.65,0.7475,0
2,20220712,1.38,0.65,0.897,0
2,20220713,2.29,0.65,1.4885,0
2,20220714,0.31,0.64,0.1984,0
2,20220715,0.09,0.63,0.0567,0
2,20220716,5.09,0.63,3.2067,0
2,20220717,9.42,0.65,6.123,1
2,20220718,2,0.65,1.3,0
2,20220719,0.94,0.64,0.6016,0
2,20220720,10.14,0.65,6.591,1
2,20220721,5.89,0.66,3.8874,0
2,20220722,15.58,0.68,10.5944,1
2,20220723,1.46,0.68,0.9928,0
2,20220724,3.4,0.68,2.312,0
2,20220725,3.46,0.68,2.3528,0
2,20220726,7.74,0.69,5.3406,1
2,20220727,0.2,0.68,0.136,0
2,20220728,0.75,0.68,0.51,0
2,20220729,0.73,0.68,0.4964,0
2,20220730,1.37,0.67,0.9179,0
2,20220731,4.17,0.67,2.7939,0
2,20220801,8.36,0.67,5.6012,1
2,20220802,6.98,0.68,4.7464,0
3,20210902,7.02,0.73,5.1246,0
3,20210903,8.8,0.73,6.424,1
3,20210904,12.16,0.74,8.9984,1
3,20210905,7.22,0.75,5.415,1
3,20210906,6.91,0.75,5.1825,0
3,20210907,0.43,0.75,0.3225,0
3,20210908,0.06,0.74,0.0444,0
3,20210909,0.15,0.74,0.111,0
3,20210910,0.53,0.73,0.3869,0
3,20210911,0.06,0.73,0.0438,0
3,20210912,0.17,0.72,0.1224,0
3,20210913,0.05,0.72,0.036,0
3,20210914,0.04,0.71,0.0284,0
3,20210915,1.77,0.71,1.2567,0
3,20210916,2.6,0.71,1.846,0
3,20210917,1.42,0.71,1.0082,0
3,20210918,5.01,0.71,3.5571,0
3,20210919,6.04,0.71,4.2884,0
3,20210920,3.03,0.71,2.1513,0
3,20210921,4.59,0.71,3.2589,0
3,20210922,21.25,0.74,15.725,1
3,20210923,1.37,0.74,1.0138,0
3,20210924,1.87,0.74,1.3838,0
3,20210925,7.28,0.73,5.3144,1
3,20210926,7.13,0.75,5.3475,1
3,20210927,0.08,0.74,0.0592,0
3,20210928,2.25,0.73,1.6425,0
3,20210929,1.48,0.73,1.0804,0
3,20210930,3.93,0.73,2.8689,0
3,20211001,2.28,0.73,1.6644,0
3,20211002,5.59,0.73,4.0807,0
3,20211003,4.45,0.73,3.2485,0
3,20211004,4.71,0.73,3.4383,0
3,20211005,37.11,0.76,28.2036,1
3,20211006,8.39,0.79,6.6281,1
3,20211007,3.17,0.79,2.5043,0
3,20211008,3.81,0.78,2.9718,0
3,20211009,5.3,0.78,4.134,0
3,20211010,9.41,0.79,7.4339,1
3,20211011,4.31,0.8,3.448,0
3,20211012,4.16,0.79,3.2864,0
3,20211013,6.49,0.8,5.192,0
3,20211014,0.24,0.79,0.1896,0
3,20211015,2.84,0.79,2.2436,0
3,20211016,1.62,0.79,1.2798,0
3,20211017,3.02,0.79,2.3858,0
3,20211018,0.37,0.79,0.2923,0
3,20211019,3.3,0.78,2.574,0
3,20211020,1.74,0.78,1.3572,0
3,20211021,1.85,0.79,1.4615,0
3,20211022,0.51,0.78,0.3978,0
3,20211023,0.54,0.78,0.4212,0
3,20211024,5.98,0.78,4.6644,0
3,20211025,0.93,0.78,0.7254,0
3,20211026,0.98,0.77,0.7546,0
3,20211027,0.75,0.77,0.5775,0
3,20211028,6.67,0.76,5.0692,0
3,20211029,25.07,0.79,19.8053,1
3,20211030,17.88,0.83,14.8404,1
3,20211031,16.09,0.83,13.3547,1
3,20211101,21.37,0.86,18.3782,1
3,20211102,23.68,0.88,20.8384,1
3,20211103,30.77,0.91,28.0007,1
3,20211104,18.47,0.92,16.9924,1
3,20211105,16.95,0.92,15.594,1
3,20211106,49.77,0.94,46.7838,1
3,20211107,40.64,0.97,39.4208,1
3,20211108,36.4,0.98,35.672,1
3,20211109,16.97,0.98,16.6306,1
3,20211110,84.05,0.99,83.2095,1
3,20211111,75.19,1,75.19,1
3,20211112,3.63,0.99,3.5937,0
3,20211113,3.72,0.99,3.6828,0
3,20211114,4.74,0.99,4.6926,0
3,20211115,4.57,0.99,4.5243,0
3,20211116,2.4,0.99,2.376,0
3,20211117,11,0.99,10.89,1
3,20211118,74.21,1,74.21,1
3,20211119,20.62,1,20.62,1
3,20211120,16.63,1,16.63,1
3,20211121,7.5,1,7.5,1
3,20211122,5,0.99,4.95,0
3,20211123,2.29,0.99,2.2671,0
3,20211124,2.87,0.99,2.8413,0
3,20211125,18.25,0.99,18.0675,1
3,20211126,58.61,1,58.61,1
3,20211127,29.98,1,29.98,1
3,20211128,61.12,1,61.12,1
3,20211129,12.76,1,12.76,1
3,20211130,9.8,1,9.8,1
3,20211201,1.22,1,1.22,0
3,20211202,0.03,1,0.03,0
3,20211203,0.14,0.99,0.1386,0
3,20211204,0.01,0.99,0.0099,0
3,20211205,0.15,0.99,0.1485,0
3,20211206,1.22,0.98,1.1956,0
3,20211207,0.09,0.98,0.0882,0
3,20211208,0.38,0.97,0.3686,0
3,20211209,3.98,0.97,3.8606,0
3,20211210,2.35,0.97,2.2795,0
3,20211211,3.71,0.96,3.5616,0
3,20211212,6,0.96,5.76,1
3,20211213,6.87,0.96,6.5952,1
3,20211214,2.34,0.96,2.2464,0
3,20211215,1.6,0.95,1.52,0
3,20211216,0.48,0.95,0.456,0
3,20211217,0.15,0.94,0.141,0
3,20211218,0,0.93,0,0
3,20211219,0,0.93,0,0
3,20211220,0,0.92,0,0
3,20211221,0,0.92,0,0
3,20211222,0,0.91,0,0
3,20211223,0,0.9,0,0
3,20211224,0,0.9,0,0
3,20211225,0,0.89,0,0
3,20211226,0,0.88,0,0
3,20211227,0.41,0.88,0.3608,0
3,20211228,0.87,0.87,0.7569,0
3,20211229,0.92,0.87,0.8004,0
3,20211230,55.65,0.89,49.5285,1
3,20211231,42.52,0.96,40.8192,1
3,20220101,8.69,0.96,8.3424,1
3,20220102,0.5,0.95,0.475,0
3,20220103,0.02,0.94,0.0188,0
3,20220104,0.01,0.93,0.0093,0
3,20220105,0.02,0.93,0.0186,0
3,20220106,0.04,0.92,0.0368,0
3,20220107,0.03,0.91,0.0273,0
3,20220108,0,0.91,0,0
3,20220109,0,0.9,0,0
3,20220110,0,0.9,0,0
3,20220111,0.02,0.89,0.0178,0
3,20220112,0.14,0.88,0.1232,0
3,20220113,0.95,0.87,0.8265,0
3,20220114,0.68,0.87,0.5916,0
3,20220115,0.64,0.86,0.5504,0
3,20220116,5.86,0.86,5.0396,0
3,20220117,6.17,0.86,5.3062,1
3,20220118,1.52,0.86,1.3072,0
3,20220119,0.47,0.85,0.3995,0
3,20220120,0,0.85,0,0
3,20220121,0,0.84,0,0
3,20220122,0,0.83,0,0
3,20220123,0.59,0.83,0.4897,0
3,20220124,3.1,0.83,2.573,0
3,20220125,1.19,0.82,0.9758,0
3,20220126,0.7,0.82,0.574,0
3,20220127,0.19,0.81,0.1539,0
3,20220128,0.26,0.8,0.208,0
3,20220129,0.08,0.8,0.064,0
3,20220130,0,0.79,0,0
3,20220131,0,0.78,0,0
3,20220201,0,0.78,0,0
3,20220202,0,0.77,0,0
3,20220203,0,0.76,0,0
3,20220204,0,0.76,0,0
3,20220205,0.04,0.75,0.03,0
3,20220206,0,0.74,0,0
3,20220207,0,0.74,0,0
3,20220208,0,0.73,0,0
3,20220209,0,0.72,0,0
3,20220210,0.13,0.72,0.0936,0
3,20220211,0.25,0.71,0.1775,0
3,20220212,0.07,0.71,0.0497,0
3,20220213,0,0.7,0,0
3,20220214,0.03,0.69,0.0207,0
3,20220215,0.01,0.69,0.0069,0
3,20220216,0,0.68,0,0
3,20220217,0,0.68,0,0
3,20220218,0,0.67,0,0
3,20220219,0,0.67,0,0
3,20220220,0,0.66,0,0
3,20220221,0,0.66,0,0
3,20220222,0.03,0.65,0.0195,0
3,20220223,0,0.65,0,0
3,20220224,0,0.64,0,0
3,20220225,0,0.64,0,0
3,20220226,0.01,0.63,0.0063,0
3,20220227,0,0.63,0,0
3,20220228,0,0.62,0,0
3,20220301,0,0.62,0,0
3,20220302,0,0.61,0,0
3,20220303,0,0.61,0,0
3,20220304,0.06,0.61,0.0366,0
3,20220305,0.01,0.6,0.006,0
3,20220306,0.89,0.6,0.534,0
3,20220307,0.21,0.6,0.126,0
3,20220308,0,0.59,0,0
3,20220309,0,0.59,0,0
3,20220310,0,0.59,0,0
3,20220311,0,0.58,0,0
3,20220312,0,0.58,0,0
3,20220313,0.01,0.57,0.0057,0
3,20220314,0,0.57,0,0
3,20220315,0,0.57,0,0
3,20220316,0,0.56,0,0
3,20220317,0,0.56,0,0
3,20220318,0,0.55,0,0
3,20220319,0.01,0.55,0.0055,0
3,20220320,0.08,0.55,0.044,0
3,20220321,0.49,0.55,0.2695,0
3,20220322,0.87,0.55,0.4785,0
3,20220323,0.01,0.54,0.0054,0
3,20220324,0.01,0.54,0.0054,0
3,20220325,0,0.54,0,0
3,20220326,0,0.53,0,0
3,20220327,0,0.53,0,0
3,20220328,0,0.53,0,0
3,20220329,0,0.53,0,0
3,20220330,0,0.53,0,0
3,20220331,0.01,0.52,0.0052,0
3,20220401,0,0.52,0,0
3,20220402,0.01,0.52,0.0052,0
3,20220403,0,0.52,0,0
3,20220404,0.01,0.52,0.0052,0
3,20220405,0,0.52,0,0
3,20220406,0.05,0.52,0.026,0
3,20220407,0.1,0.52,0.052,0
3,20220408,0.14,0.52,0.0728,0
3,20220409,0.14,0.52,0.0728,0
3,20220410,0.66,0.52,0.3432,0
3,20220411,0.26,0.52,0.1352,0
3,20220412,0.07,0.52,0.0364,0
3,20220413,0.11,0.52,0.0572,0
3,20220414,0.02,0.52,0.0104,0
3,20220415,0.02,0.52,0.0104,0
3,20220416,0.03,0.52,0.0156,0
3,20220417,0.42,0.52,0.2184,0
3,20220418,0.33,0.52,0.1716,0
3,20220419,0.03,0.52,0.0156,0
3,20220420,0.02,0.52,0.0104,0
3,20220421,0.01,0.52,0.0052,0
3,20220422,0.02,0.51,0.0102,0
3,20220423,0.04,0.51,0.0204,0
3,20220424,0,0.51,0,0
3,20220425,0,0.51,0,0
3,20220426,0,0.51,0,0
3,20220427,0,0.51,0,0
3,20220428,0,0.51,0,0
3,20220429,0.02,0.51,0.0102,0
3,20220430,0.01,0.51,0.0051,0
3,20220501,0.38,0.51,0.1938,0
3,20220502,0.99,0.51,0.5049,0
3,20220503,0.48,0.52,0.2496,0
3,20220504,1.98,0.52,1.0296,0
3,20220505,1.93,0.52,1.0036,0
3,20220506,4.02,0.52,2.0904,0
3,20220507,8.16,0.54,4.4064,0
3,20220508,0.52,0.54,0.2808,0
3,20220509,1.28,0.53,0.6784,0
3,20220510,10.74,0.54,5.7996,1
3,20220511,6.44,0.55,3.542,0
3,20220512,8.99,0.55,4.9445,0
3,20220513,1.16,0.57,0.6612,0
3,20220514,1.15,0.56,0.644,0
3,20220515,7.5,0.56,4.2,0
3,20220516,6.12,0.58,3.5496,0
3,20220517,2.55,0.58,1.479,0
3,20220518,1.4,0.58,0.812,0
3,20220519,0.45,0.57,0.2565,0
3,20220520,0.4,0.57,0.228,0
3,20220521,0.02,0.56,0.0112,0
3,20220522,0.03,0.56,0.0168,0
3,20220523,0.01,0.55,0.0055,0
3,20220524,0.07,0.55,0.0385,0
3,20220525,2.43,0.55,1.3365,0
3,20220526,3.13,0.55,1.7215,0
3,20220527,1.93,0.55,1.0615,0
3,20220528,0.08,0.55,0.044,0
3,20220529,0.13,0.54,0.0702,0
3,20220530,0.09,0.54,0.0486,0
3,20220531,0.03,0.54,0.0162,0
3,20220601,0.01,0.53,0.0053,0
3,20220602,0,0.53,0,0
3,20220603,0.01,0.53,0.0053,0
3,20220604,0.01,0.53,0.0053,0
3,20220605,1.81,0.53,0.9593,0
3,20220606,3.7,0.53,1.961,0
3,20220607,2.57,0.53,1.3621,0
3,20220608,0.38,0.53,0.2014,0
3,20220609,0.26,0.53,0.1378,0
3,20220610,0.21,0.53,0.1113,0
3,20220611,1.31,0.53,0.6943,0
3,20220612,1.97,0.53,1.0441,0
3,20220613,1.48,0.53,0.7844,0
3,20220614,1.54,0.53,0.8162,0
3,20220615,8.16,0.54,4.4064,0
3,20220616,8.64,0.55,4.752,0
3,20220617,7.47,0.56,4.1832,0
3,20220618,4.74,0.56,2.6544,0
3,20220619,28.85,0.59,17.0215,1
3,20220620,18.31,0.64,11.7184,1
3,20220621,23.54,0.66,15.5364,1
3,20220622,9.51,0.68,6.4668,1
3,20220623,3.63,0.67,2.4321,0
3,20220624,2.55,0.67,1.7085,0
3,20220625,1.99,0.67,1.3333,0
3,20220626,0.65,0.66,0.429,0
3,20220627,2.44,0.65,1.586,0
3,20220628,2.59,0.66,1.7094,0
3,20220629,5.16,0.65,3.354,0
3,20220630,5.14,0.66,3.3924,0
3,20220701,4.5,0.66,2.97,0
3,20220702,3,0.66,1.98,0
3,20220703,3.04,0.66,2.0064,0
3,20220704,3.24,0.66,2.1384,0
3,20220705,6.45,0.66,4.257,0
3,20220706,4.59,0.67,3.0753,0
3,20220707,1.75,0.66,1.155,0
3,20220708,3.76,0.66,2.4816,0
3,20220709,2.01,0.66,1.3266,0
3,20220710,2.79,0.66,1.8414,0
3,20220711,1.15,0.65,0.7475,0
3,20220712,1.38,0.65,0.897,0
3,20220713,2.29,0.65,1.4885,0
3,20220714,0.31,0.64,0.1984,0
3,20220715,0.09,0.63,0.0567,0
3,20220716,5.09,0.63,3.2067,0
3,20220717,9.42,0.65,6.123,1
3,20220718,2,0.65,1.3,0
3,20220719,0.94,0.64,0.6016,0
3,20220720,10.14,0.65,6.591,1
3,20220721,5.89,0.66,3.8874,0
3,20220722,15.58,0.68,10.5944,1
3,20220723,1.46,0.68,0.9928,0
3,20220724,3.4,0.68,2.312,0
3,20220725,3.46,0.68,2.3528,0
3,20220726,7.74,0.69,5.3406,1
3,20220727,0.2,0.68,0.136,0
3,20220728,0.75,0.68,0.51,0
3,20220729,0.73,0.68,0.4964,0
3,20220730,1.37,0.67,0.9179,0
3,20220731,4.17,0.67,2.7939,0
3,20220801,8.36,0.67,5.6012,1
3,20220802,6.98,0.68,4.7464,0
4,20210902,7.02,0.73,5.1246,0
4,20210903,8.8,0.73,6.424,1
4,20210904,12.16,0.74,8.9984,1
4,20210905,7.22,0.75,5.415,1
4,20210906,6.91,0.75,5.1825,0
4,20210907,0.43,0.75,0.3225,0
4,20210908,0.06,0.74,0.0444,0
4,20210909,0.15,0.74,0.111,0
4,20210910,0.53,0.73,0.3869,0
4,20210911,0.06,0.73,0.0438,0
4,20210912,0.17,0.72,0.1224,0
4,20210913,0.05,0.72,0.036,0
4,20210914,0.04,0.71,0.0284,0
4,20210915,1.77,0.71,1.2567,0
4,20210916,2.6,0.71,1.846,0
4,20210917,1.42,0.71,1.0082,0
4,20210918,5.01,0.71,3.5571,0
4,20210919,6.04,0.71,4.2884,0
4,20210920,3.03,0.71,2.1513,0
4,20210921,4.59,0.71,3.2589,0
4,20210922,21.25,0.74,15.725,1
4,20210923,1.37,0.74,1.0138,0
4,20210924,1.87,0.74,1.3838,0
4,20210925,7.28,0.73,5.3144,1
4,20210926,7.13,0.75,5.3475,1
4,20210927,0.08,0.74,0.0592,0
4,20210928,2.25,0.73,1.6425,0
4,20210929,1.48,0.73,1.0804,0
4,20210930,3.93,0.73,2.8689,0
4,20211001,2.28,0.73,1.6644,0
4,20211002,5.59,0.73,4.0807,0
4,20211003,4.45,0.73,3.2485,0
4,20211004,4.71,0.73,3.4383,0
4,20211005,37.11,0.76,28.2036,1
4,20211006,8.39,0.79,6.6281,1
4,20211007,3.17,0.79,2.5043,0
4,20211008,3.81,0.78,2.9718,0
4,20211009,5.3,0.78,4.134,0
4,20211010,9.41,0.79,7.4339,1
4,20211011,4.31,0.8,3.448,0
4,20211012,4.16,0.79,3.2864,0
4,20211013,6.49,0.8,5.192,0
4,20211014,0.24,0.79,0.1896,0
4,20211015,2.84,0.79,2.2436,0
4,20211016,1.62,0.79,1.2798,0
4,20211017,3.02,0.79,2.3858,0
4,20211018,0.37,0.79,0.2923,0
4,20211019,3.3,0.78,2.574,0
4,20211020,1.74,0.78,1.3572,0
4,20211021,1.85,0.79,1.4615,0
4,20211022,0.51,0.78,0.3978,0
4,20211023,0.54,0.78,0.4212,0
4,20211024,5.98,0.78,4.6644,0
4,20211025,0.93,0.78,0.7254,0
4,20211026,0.98,0.77,0.7546,0
4,20211027,0.75,0.77,0.5775,0
4,20211028,6.67,0.76,5.0692,0
4,20211029,25.07,0.79,19.8053,1
4,20211030,17.88,0.83,14.8404,1
4,20211031,16.09,0.83,13.3547,1
4,20211101,21.37,0.86,18.3782,1
4,20211102,23.68,0.88,20.8384,1
4,20211103,30.77,0.91,28.0007,1
4,20211104,18.47,0.92,16.9924,1
4,20211105,16.95,0.92,15.594,1
4,20211106,49.77,0.94,46.7838,1
4,20211107,40.64,0.97,39.4208,1
4,20211108,36.4,0.98,35.672,1
4,20211109,16.97,0.98,16.6306,1
4,20211110,84.05,0.99,83.2095,1
4,20211111,75.19,1,75.19,1
4,20211112,3.63,0.99,3.5937,0
4,20211113,3.72,0.99,3.6828,0
4,20211114,4.74,0.99,4.6926,0
4,20211115,4.57,0.99,4.5243,0
4,20211116,2.4,0.99,2.376,0
4,20211117,11,0.99,10.89,1
4,20211118,74.21,1,74.21,1
4,20211119,20.62,1,20.62,1
4,20211120,16.63,1,16.63,1
4,20211121,7.5,1,7.5,1
4,20211122,5,0.99,4.95,0
4,20211123,2.29,0.99,2.2671,0
4,20211124,2.87,0.99,2.8413,0
4,20211125,18.25,0.99,18.0675,1
4,20211126,58.61,1,58.61,1
4,20211127,29.98,1,29.98,1
4,20211128,61.12,1,61.12,1
4,20211129,12.76,1,12.76,1
4,20211130,9.8,1,9.8,1
4,20211201,1.22,1,1.22,0
4,20211202,0.03,1,0.03,0
4,20211203,0.14,0.99,0.1386,0
4,20211204,0.01,0.99,0.0099,0
4,20211205,0.15,0.99,0.1485,0
4,20211206,1.22,0.98,1.1956,0
4,20211207,0.09,0.98,0.0882,0
4,20211208,0.38,0.97,0.3686,0
4,20211209,3.98,0.97,3.8606,0
4,20211210,2.35,0.97,2.2795,0
4,20211211,3.71,0.96,3.5616,0
4,20211212,6,0.96,5.76,1
4,20211213,6.87,0.96,6.5952,1
4,20211214,2.34,0.96,2.2464,0
4,20211215,1.6,0.95,1.52,0
4,20211216,0.48,0.95,0.456,0
4,20211217,0.15,0.94,0.141,0
4,20211218,0,0.93,0,0
4,20211219,0,0.93,0,0
4,20211220,0,0.92,0,0
4,20211221,0,0.92,0,0
4,20211222,0,0.91,0,0
4,20211223,0,0.9,0,0
4,20211224,0,0.9,0,0
4,20211225,0,0.89,0,0
4,20211226,0,0.88,0,0
4,20211227,0.41,0.88,0.3608,0
4,20211228,0.87,0.87,0.7569,0
4,20211229,0.92,0.87,0.8004,0
4,20211230,55.65,0.89,49.5285,1
4,20211231,42.52,0.96,40.8192,1
4,20220101,8.69,0.96,8.3424,1
4,20220102,0.5,0.95,0.475,0
4,20220103,0.02,0.94,0.0188,0
4,20220104,0.01,0.93,0.0093,0
4,20220105,0.02,0.93,0.0186,0
4,20220106,0.04,0.92,0.0368,0
4,20220107,0.03,0.91,0.0273,0
4,20220108,0,0.91,0,0
4,20220109,0,0.9,0,0
4,20220110,0,0.9,0,0
4,20220111,0.02,0.89,0.0178,0
4,20220112,0.14,0.88,0.1232,0
4,20220113,0.95,0.87,0.8265,0
4,20220114,0.68,0.87,0.5916,0
4,20220115,0.64,0.86,0.5504,0
4,20220116,5.86,0.86,5.0396,0
4,20220117,6.17,0.86,5.3062,1
4,20220118,1.52,0.86,1.3072,0
4,20220119,0.47,0.85,0.3995,0
4,20220120,0,0.85,0,0
4,20220121,0,0.84,0,0
4,20220122,0,0.83,0,0
4,20220123,0.59,0.83,0.4897,0
4,20220124,3.1,0.83,2.573,0
4,20220125,1.19,0.82,0.9758,0
4,20220126,0.7,0.82,0.574,0
4,20220127,0.19,0.81,0.1539,0
4,20220128,0.26,0.8,0.208,0
4,20220129,0.08,0.8,0.064,0
4,20220130,0,0.79,0,0
4,20220131,0,0.78,0,0
4,20220201,0,0.78,0,0
4,20220202,0,0.77,0,0
4,20220203,0,0.76,0,0
4,20220204,0,0.76,0,0
4,20220205,0.04,0.75,0.03,0
4,20220206,0,0.74,0,0
4,20220207,0,0.74,0,0
4,20220208,0,0.73,0,0
4,20220209,0,0.72,0,0
4,20220210,0.13,0.72,0.0936,0
4,20220211,0.25,0.71,0.1775,0
4,20220212,0.07,0.71,0.0497,0
4,20220213,0,0.7,0,0
4,20220214,0.03,0.69,0.0207,0
4,20220215,0.01,0.69,0.0069,0
4,20220216,0,0.68,0,0
4,20220217,0,0.68,0,0
4,20220218,0,0.67,0,0
4,20220219,0,0.67,0,0
4,20220220,0,0.66,0,0
4,20220221,0,0.66,0,0
4,20220222,0.03,0.65,0.0195,0
4,20220223,0,0.65,0,0
4,20220224,0,0.64,0,0
4,20220225,0,0.64,0,0
4,20220226,0.01,0.63,0.0063,0
4,20220227,0,0.63,0,0
4,20220228,0,0.62,0,0
4,20220301,0,0.62,0,0
4,20220302,0,0.61,0,0
4,20220303,0,0.61,0,0
4,20220304,0.06,0.61,0.0366,0
4,20220305,0.01,0.6,0.006,0
4,20220306,0.89,0.6,0.534,0
4,20220307,0.21,0.6,0.126,0
4,20220308,0,0.59,0,0
4,20220309,0,0.59,0,0
4,20220310,0,0.59,0,0
4,20220311,0,0.58,0,0
4,20220312,0,0.58,0,0
4,20220313,0.01,0.57,0.0057,0
4,20220314,0,0.57,0,0
4,20220315,0,0.57,0,0
4,20220316,0,0.56,0,0
4,20220317,0,0.56,0,0
4,20220318,0,0.55,0,0
4,20220319,0.01,0.55,0.0055,0
4,20220320,0.08,0.55,0.044,0
4,20220321,0.49,0.55,0.2695,0
4,20220322,0.87,0.55,0.4785,0
4,20220323,0.01,0.54,0.0054,0
4,20220324,0.01,0.54,0.0054,0
4,20220325,0,0.54,0,0
4,20220326,0,0.53,0,0
4,20220327,0,0.53,0,0
4,20220328,0,0.53,0,0
4,20220329,0,0.53,0,0
4,20220330,0,0.53,0,0
4,20220331,0.01,0.52,0.0052,0
4,20220401,0,0.52,0,0
4,20220402,0.01,0.52,0.0052,0
4,20220403,0,0.52,0,0
4,20220404,0.01,0.52,0.0052,0
4,20220405,0,0.52,0,0
4,20220406,0.05,0.52,0.026,0
4,20220407,0.1,0.52,0.052,0
4,20220408,0.14,0.52,0.0728,0
4,20220409,0.14,0.52,0.0728,0
4,20220410,0.66,0.52,0.3432,0
4,20220411,0.26,0.52,0.1352,0
4,20220412,0.07,0.52,0.0364,0
4,20220413,0.11,0.52,0.0572,0
4,20220414,0.02,0.52,0.0104,0
4,20220415,0.02,0.52,0.0104,0
4,20220416,0.03,0.52,0.0156,0
4,20220417,0.42,0.52,0.2184,0
4,20220418,0.33,0.52,0.1716,0
4,20220419,0.03,0.52,0.0156,0
4,20220420,0.02,0.52,0.0104,0
4,20220421,0.01,0.52,0.0052,0
4,20220422,0.02,0.51,0.0102,0
4,20220423,0.04,0.51,0.0204,0
4,20220424,0,0.51,0,0
4,20220425,0,0.51,0,0
4,20220426,0,0.51,0,0
4,20220427,0,0.51,0,0
4,20220428,0,0.51,0,0
4,20220429,0.02,0.51,0.0102,0
4,20220430,0.01,0.51,0.0051,0
4,20220501,0.38,0.51,0.1938,0
4,20220502,0.99,0.51,0.5049,0
4,20220503,0.48,0.52,0.2496,0
4,20220504,1.98,0.52,1.0296,0
4,20220505,1.93,0.52,1.0036,0
4,20220506,4.02,0.52,2.0904,0
4,20220507,8.16,0.54,4.4064,0
4,20220508,0.52,0.54,0.2808,0
4,20220509,1.28,0.53,0.6784,0
4,20220510,10.74,0.54,5.7996,1
4,20220511,6.44,0.55,3.542,0
4,20220512,8.99,0.55,4.9445,0
4,20220513,1.16,0.57,0.6612,0
4,20220514,1.15,0.56,0.644,0
4,20220515,7.5,0.56,4.2,0
4,20220516,6.12,0.58,3.5496,0
4,20220517,2.55,0.58,1.479,0
4,20220518,1.4,0.58,0.812,0
4,20220519,0.45,0.57,0.2565,0
4,20220520,0.4,0.57,0.228,0
4,20220521,0.02,0.56,0.0112,0
4,20220522,0.03,0.56,0.0168,0
4,20220523,0.01,0.55,0.0055,0
4,20220524,0.07,0.55,0.0385,0
4,20220525,2.43,0.55,1.3365,0
4,20220526,3.13,0.55,1.7215,0
4,20220527,1.93,0.55,1.0615,0
4,20220528,0.08,0.55,0.044,0
4,20220529,0.13,0.54,0.0702,0
4,20220530,0.09,0.54,0.0486,0
4,20220531,0.03,0.54,0.0162,0
4,20220601,0.01,0.53,0.0053,0
4,20220602,0,0.53,0,0
4,20220603,0.01,0.53,0.0053,0
4,20220604,0.01,0.53,0.0053,0
4,20220605,1.81,0.53,0.9593,0
4,20220606,3.7,0.53,1.961,0
4,20220607,2.57,0.53,1.3621,0
4,20220608,0.38,0.53,0.2014,0
4,20220609,0.26,0.53,0.1378,0
4,20220610,0.21,0.53,0.1113,0
4,20220611,1.31,0.53,0.6943,0
4,20220612,1.97,0.53,1.0441,0
4,20220613,1.48,0.53,0.7844,0
4,20220614,1.54,0.53,0.8162,0
4,20220615,8.16,0.54,4.4064,0
4,20220616,8.64,0.55,4.752,0
4,20220617,7.47,0.56,4.1832,0
4,20220618,4.74,0.56,2.6544,0
4,20220619,28.85,0.59,17.0215,1
4,20220620,18.31,0.64,11.7184,1
4,20220621,23.54,0.66,15.5364,1
4,20220622,9.51,0.68,6.4668,1
4,20220623,3.63,0.67,2.4321,0
4,20220624,2.55,0.67,1.7085,0
4,20220625,1.99,0.67,1.3333,0
4,20220626,0.65,0.66,0.429,0
4,20220627,2.44,0.65,1.586,0
4,20220628,2.59,0.66,1.7094,0
4,20220629,5.16,0.65,3.354,0
4,20220630,5.14,0.66,3.3924,0
4,20220701,4.5,0.66,2.97,0
4,20220702,3,0.66,1.98,0
4,20220703,3.04,0.66,2.0064,0
4,20220704,3.24,0.66,2.1384,0
4,20220705,6.45,0.66,4.257,0
4,20220706,4.59,0.67,3.0753,0
4,20220707,1.75,0.66,1.155,0
4,20220708,3.76,0.66,2.4816,0
4,20220709,2.01,0.66,1.3266,0
4,20220710,2.79,0.66,1.8414,0
4,20220711,1.15,0.65,0.7475,0
4,20220712,1.38,0.65,0.897,0
4,20220713,2.29,0.65,1.4885,0
4,20220714,0.31,0.64,0.1984,0
4,20220715,0.09,0.63,0.0567,0
4,20220716,5.09,0.63,3.2067,0
4,20220717,9.42,0.65,6.123,1
4,20220718,2,0.65,1.3,0
4,20220719,0.94,0.64,0.6016,0
4,20220720,10.14,0.65,6.591,1
4,20220721,5.89,0.66,3.8874,0
4,20220722,15.58,0.68,10.5944,1
4,20220723,1.46,0.68,0.9928,0
4,20220724,3.4,0.68,2.312,0
4,20220725,3.46,0.68,2.3528,0
4,20220726,7.74,0.69,5.3406,1
4,20220727,0.2,0.68,0.136,0
4,20220728,0.75,0.68,0.51,0
4,20220729,0.73,0.68,0.4964,0
4,20220730,1.37,0.67,0.9179,0
4,20220731,4.17,0.67,2.7939,0
4,20220801,8.36,0.67,5.6012,1
4,20220802,6.98,0.68,4.7464,0
5,20210902,7.02,0.73,5.1246,0
5,20210903,8.8,0.73,6.424,1
5,20210904,12.16,0.74,8.9984,1
5,20210905,7.22,0.75,5.415,1
5,20210906,6.91,0.75,5.1825,0
5,20210907,0.43,0.75,0.3225,0
5,20210908,0.06,0.74,0.0444,0
5,20210909,0.15,0.74,0.111,0
5,20210910,0.53,0.73,0.3869,0
5,20210911,0.06,0.73,0.0438,0
5,20210912,0.17,0.72,0.1224,0
5,20210913,0.05,0.72,0.036,0
5,20210914,0.04,0.71,0.0284,0
5,20210915,1.77,0.71,1.2567,0
5,20210916,2.6,0.71,1.846,0
5,20210917,1.42,0.71,1.0082,0
5,20210918,5.01,0.71,3.5571,0
5,20210919,6.04,0.71,4.2884,0
5,20210920,3.03,0.71,2.1513,0
5,20210921,4.59,0.71,3.2589,0
5,20210922,21.25,0.74,15.725,1
5,20210923,1.37,0.74,1.0138,0
5,20210924,1.87,0.74,1.3838,0
5,20210925,7.28,0.73,5.3144,1
5,20210926,7.13,0.75,5.3475,1
5,20210927,0.08,0.74,0.0592,0
5,20210928,2.25,0.73,1.6425,0
5,20210929,1.48,0.73,1.0804,0
5,20210930,3.93,0.73,2.8689,0
5,20211001,2.28,0.73,1.6644,0
5,20211002,5.59,0.73,4.0807,0
5,20211003,4.45,0.73,3.2485,0
5,20211004,4.71,0.73,3.4383,0
5,20211005,37.11,0.76,28.2036,1
5,20211006,8.39,0.79,6.6281,1
5,20211007,3.17,0.79,2.5043,0
5,20211008,3.81,0.78,2.9718,0
5,20211009,5.3,0.78,4.134,0
5,20211010,9.41,0.79,7.4339,1
5,20211011,4.31,0.8,3.448,0
5,20211012,4.16,0.79,3.2864,0
5,20211013,6.49,0.8,5.192,0
5,20211014,0.24,0.79,0.1896,0
5,20211015,2.84,0.79,2.2436,0
5,20211016,1.62,0.79,1.2798,0
5,20211017,3.02,0.79,2.3858,0
5,20211018,0.37,0.79,0.2923,0
5,20211019,3.3,0.78,2.574,0
5,20211020,1.74,0.78,1.3572,0
5,20211021,1.85,0.79,1.4615,0
5,20211022,0.51,0.78,0.3978,0
5,20211023,0.54,0.78,0.4212,0
5,20211024,5.98,0.78,4.6644,0
5,20211025,0.93,0.78,0.7254,0
5,20211026,0.98,0.77,0.7546,0
5,20211027,0.75,0.77,0.5775,0
5,20211028,6.67,0.76,5.0692,0
5,20211029,25.07,0.79,19.8053,1
5,20211030,17.88,0.83,14.8404,1
5,20211031,16.09,0.83,13.3547,1
5,20211101,21.37,0.86,18.3782,1
5,20211102,23.68,0.88,20.8384,1
5,20211103,30.77,0.91,28.0007,1
5,20211104,18.47,0.92,16.9924,1
5,20211105,16.95,0.92,15.594,1
5,20211106,49.77,0.94,46.7838,1
5,20211107,40.64,0.97,39.4208,1
5,20211108,36.4,0.98,35.672,1
5,20211109,16.97,0.98,16.6306,1
5,20211110,84.05,0.99,83.2095,1
5,20211111,75.19,1,75.19,1
5,20211112,3.63,0.99,3.5937,0
5,20211113,3.72,0.99,3.6828,0
5,20211114,4.74,0.99,4.6926,0
5,20211115,4.57,0.99,4.5243,0
5,20211116,2.4,0.99,2.376,0
5,20211117,11,0.99,10.89,1
5,20211118,74.21,1,74.21,1
5,20211119,20.62,1,20.62,1
5,20211120,16.63,1,16.63,1
5,20211121,7.5,1,7.5,1
5,20211122,5,0.99,4.95,0
5,20211123,2.29,0.99,2.2671,0
5,20211124,2.87,0.99,2.8413,0
5,20211125,18.25,0.99,18.0675,1
5,20211126,58.61,1,58.61,1
5,20211127,29.98,1,29.98,1
5,20211128,61.12,1,61.12,1
5,20211129,12.76,1,12.76,1
5,20211130,9.8,1,9.8,1
5,20211201,1.22,1,1.22,0
5,20211202,0.03,1,0.03,0
5,20211203,0.14,0.99,0.1386,0
5,20211204,0.01,0.99,0.0099,0
5,20211205,0.15,0.99,0.1485,0
5,20211206,1.22,0.98,1.1956,0
5,20211207,0.09,0.98,0.0882,0
5,20211208,0.38,0.97,0.3686,0
5,20211209,3.98,0.97,3.8606,0
5,20211210,2.35,0.97,2.2795,0
5,20211211,3.71,0.96,3.5616,0
5,20211212,6,0.96,5.76,1
5,20211213,6.87,0.96,6.5952,1
5,20211214,2.34,0.96,2.2464,0
5,20211215,1.6,0.95,1.52,0
5,20211216,0.48,0.95,0.456,0
5,20211217,0.15,0.94,0.141,0
5,20211218,0,0.93,0,0
5,20211219,0,0.93,0,0
5,20211220,0,0.92,0,0
5,20211221,0,0.92,0,0
5,20211222,0,0.91,0,0
5,20211223,0,0.9,0,0
5,20211224,0,0.9,0,0
5,20211225,0,0.89,0,0
5,20211226,0,0.88,0,0
5,20211227,0.41,0.88,0.3608,0
5,20211228,0.87,0.87,0.7569,0
5,20211229,0.92,0.87,0.8004,0
5,20211230,55.65,0.89,49.5285,1
5,20211231,42.52,0.96,40.8192,1
5,20220101,8.69,0.96,8.3424,1
5,20220102,0.5,0.95,0.475,0
5,20220103,0.02,0.94,0.0188,0
5,20220104,0.01,0.93,0.0093,0
5,20220105,0.02,0.93,0.0186,0
5,20220106,0.04,0.92,0.0368,0
5,20220107,0.03,0.91,0.0273,0
5,20220108,0,0.91,0,0
5,20220109,0,0.9,0,0
5,20220110,0,0.9,0,0
5,20220111,0.02,0.89,0.0178,0
5,20220112,0.14,0.88,0.1232,0
5,20220113,0.95,0.87,0.8265,0
5,20220114,0.68,0.87,0.5916,0
5,20220115,0.64,0.86,0.5504,0
5,20220116,5.86,0.86,5.0396,0
5,20220117,6.17,0.86,5.3062,1
5,20220118,1.52,0.86,1.3072,0
5,20220119,0.47,0.85,0.3995,0
5,20220120,0,0.85,0,0
5,20220121,0,0.84,0,0
5,20220122,0,0.83,0,0
5,20220123,0.59,0.83,0.4897,0
5,20220124,3.1,0.83,2.573,0
5,20220125,1.19,0.82,0.9758,0
5,20220126,0.7,0.82,0.574,0
5,20220127,0.19,0.81,0.1539,0
5,20220128,0.26,0.8,0.208,0
5,20220129,0.08,0.8,0.064,0
5,20220130,0,0.79,0,0
5,20220131,0,0.78,0,0
5,20220201,0,0.78,0,0
5,20220202,0,0.77,0,0
5,20220203,0,0.76,0,0
5,20220204,0,0.76,0,0
5,20220205,0.04,0.75,0.03,0
5,20220206,0,0.74,0,0
5,20220207,0,0.74,0,0
5,20220208,0,0.73,0,0
5,20220209,0,0.72,0,0
5,20220210,0.13,0.72,0.0936,0
5,20220211,0.25,0.71,0.1775,0
5,20220212,0.07,0.71,0.0497,0
5,20220213,0,0.7,0,0
5,20220214,0.03,0.69,0.0207,0
5,20220215,0.01,0.69,0.0069,0
5,20220216,0,0.68,0,0
5,20220217,0,0.68,0,0
5,20220218,0,0.67,0,0
5,20220219,0,0.67,0,0
5,20220220,0,0.66,0,0
5,20220221,0,0.66,0,0
5,20220222,0.03,0.65,0.0195,0
5,20220223,0,0.65,0,0
5,20220224,0,0.64,0,0
5,20220225,0,0.64,0,0
5,20220226,0.01,0.63,0.0063,0
5,20220227,0,0.63,0,0
5,20220228,0,0.62,0,0
5,20220301,0,0.62,0,0
5,20220302,0,0.61,0,0
5,20220303,0,0.61,0,0
5,20220304,0.06,0.61,0.0366,0
5,20220305,0.01,0.6,0.006,0
5,20220306,0.89,0.6,0.534,0
5,20220307,0.21,0.6,0.126,0
5,20220308,0,0.59,0,0
5,20220309,0,0.59,0,0
5,20220310,0,0.59,0,0
5,20220311,0,0.58,0,0
5,20220312,0,0.58,0,0
5,20220313,0.01,0.57,0.0057,0
5,20220314,0,0.57,0,0
5,20220315,0,0.57,0,0
5,20220316,0,0.56,0,0
5,20220317,0,0.56,0,0
5,20220318,0,0.55,0,0
5,20220319,0.01,0.55,0.0055,0
5,20220320,0.08,0.55,0.044,0
5,20220321,0.49,0.55,0.2695,0
5,20220322,0.87,0.55,0.4785,0
5,20220323,0.01,0.54,0.0054,0
5,20220324,0.01,0.54,0.0054,0
5,20220325,0,0.54,0,0
5,20220326,0,0.53,0,0
5,20220327,0,0.53,0,0
5,20220328,0,0.53,0,0
5,20220329,0,0.53,0,0
5,20220330,0,0.53,0,0
5,20220331,0.01,0.52,0.0052,0
5,20220401,0,0.52,0,0
5,20220402,0.01,0.52,0.0052,0
5,20220403,0,0.52,0,0
5,20220404,0.01,0.52,0.0052,0
5,20220405,0,0.52,0,0
5,20220406,0.05,0.52,0.026,0
5,20220407,0.1,0.52,0.052,0
5,20220408,0.14,0.52,0.0728,0
5,20220409,0.14,0.52,0.0728,0
5,20220410,0.66,0.52,0.3432,0
5,20220411,0.26,0.52,0.1352,0
5,20220412,0.07,0.52,0.0364,0
5,20220413,0.11,0.52,0.0572,0
5,20220414,0.02,0.52,0.0104,0
5,20220415,0.02,0.52,0.0104,0
5,20220416,0.03,0.52,0.0156,0
5,20220417,0.42,0.52,0.2184,0
5,20220418,0.33,0.52,0.1716,0
5,20220419,0.03,0.52,0.0156,0
5,20220420,0.02,0.52,0.0104,0
5,20220421,0.01,0.52,0.0052,0
5,20220422,0.02,0.51,0.0102,0
5,20220423,0.04,0.51,0.0204,0
5,20220424,0,0.51,0,0
5,20220425,0,0.51,0,0
5,20220426,0,0.51,0,0
5,20220427,0,0.51,0,0
5,20220428,0,0.51,0,0
5,20220429,0.02,0.51,0.0102,0
5,20220430,0.01,0.51,0.0051,0
5,20220501,0.38,0.51,0.1938,0
5,20220502,0.99,0.51,0.5049,0
5,20220503,0.48,0.52,0.2496,0
5,20220504,1.98,0.52,1.0296,0
5,20220505,1.93,0.52,1.0036,0
5,20220506,4.02,0.52,2.0904,0
5,20220507,8.16,0.54,4.4064,0
5,20220508,0.52,0.54,0.2808,0
5,20220509,1.28,0.53,0.6784,0
5,20220510,10.74,0.54,5.7996,1
5,20220511,6.44,0.55,3.542,0
5,20220512,8.99,0.55,4.9445,0
5,20220513,1.16,0.57,0.6612,0
5,20220514,1.15,0.56,0.644,0
5,20220515,7.5,0.56,4.2,0
5,20220516,6.12,0.58,3.5496,0
5,20220517,2.55,0.58,1.479,0
5,20220518,1.4,0.58,0.812,0
5,20220519,0.45,0.57,0.2565,0
5,20220520,0.4,0.57,0.228,0
5,20220521,0.02,0.56,0.0112,0
5,20220522,0.03,0.56,0.0168,0
5,20220523,0.01,0.55,0.0055,0
5,20220524,0.07,0.55,0.0385,0
5,20220525,2.43,0.55,1.3365,0
5,20220526,3.13,0.55,1.7215,0
5,20220527,1.93,0.55,1.0615,0
5,20220528,0.08,0.55,0.044,0
5,20220529,0.13,0.54,0.0702,0
5,20220530,0.09,0.54,0.0486,0
5,20220531,0.03,0.54,0.0162,0
5,20220601,0.01,0.53,0.0053,0
5,20220602,0,0.53,0,0
5,20220603,0.01,0.53,0.0053,0
5,20220604,0.01,0.53,0.0053,0
5,20220605,1.81,0.53,0.9593,0
5,20220606,3.7,0.53,1.961,0
5,20220607,2.57,0.53,1.3621,0
5,20220608,0.38,0.53,0.2014,0
5,20220609,0.26,0.53,0.1378,0
5,20220610,0.21,0.53,0.1113,0
5,20220611,1.31,0.53,0.6943,0
5,20220612,1.97,0.53,1.0441,0
5,20220613,1.48,0.53,0.7844,0
5,20220614,1.54,0.53,0.8162,0
5,20220615,8.16,0.54,4.4064,0
5,20220616,8.64,0.55,4.752,0
5,20220617,7.47,0.56,4.1832,0
5,20220618,4.74,0.56,2.6544,0
5,20220619,28.85,0.59,17.0215,1
5,20220620,18.31,0.64,11.7184,1
5,20220621,23.54,0.66,15.5364,1
5,20220622,9.51,0.68,6.4668,1
5,20220623,3.63,0.67,2.4321,0
5,20220624,2.55,0.67,1.7085,0
5,20220625,1.99,0.67,1.3333,0
5,20220626,0.65,0.66,0.429,0
5,20220627,2.44,0.65,1.586,0
5,20220628,2.59,0.66,1.7094,0
5,20220629,5.16,0.65,3.354,0
5,20220630,5.14,0.66,3.3924,0
5,20220701,4.5,0.66,2.97,0
5,20220702,3,0.66,1.98,0
5,20220703,3.04,0.66,2.0064,0
5,20220704,3.24,0.66,2.1384,0
5,20220705,6.45,0.66,4.257,0
5,20220706,4.59,0.67,3.0753,0
5,20220707,1.75,0.66,1.155,0
5,20220708,3.76,0.66,2.4816,0
5,20220709,2.01,0.66,1.3266,0
5,20220710,2.79,0.66,1.8414,0
5,20220711,1.15,0.65,0.7475,0
5,20220712,1.38,0.65,0.897,0
5,20220713,2.29,0.65,1.4885,0
5,20220714,0.31,0.64,0.1984,0
5,20220715,0.09,0.63,0.0567,0
5,20220716,5.09,0.63,3.2067,0
5,20220717,9.42,0.65,6.123,1
5,20220718,2,0.65,1.3,0
5,20220719,0.94,0.64,0.6016,0
5,20220720,10.14,0.65,6.591,1
5,20220721,5.89,0.66,3.8874,0
5,20220722,15.58,0.68,10.5944,1
5,20220723,1.46,0.68,0.9928,0
5,20220724,3.4,0.68,2.312,0
5,20220725,3.46,0.68,2.3528,0
5,20220726,7.74,0.69,5.3406,1
5,20220727,0.2,0.68,0.136,0
5,20220728,0.75,0.68,0.51,0
5,20220729,0.73,0.68,0.4964,0
5,20220730,1.37,0.67,0.9179,0
5,20220731,4.17,0.67,2.7939,0
5,20220801,8.36,0.67,5.6012,1
5,20220802,6.98,0.68,4.7464,0
6,20210902,7.02,0.73,5.1246,0
6,20210903,8.8,0.73,6.424,1
6,20210904,12.16,0.74,8.9984,1
6,20210905,7.22,0.75,5.415,1
6,20210906,6.91,0.75,5.1825,0
6,20210907,0.43,0.75,0.3225,0
6,20210908,0.06,0.74,0.0444,0
6,20210909,0.15,0.74,0.111,0
6,20210910,0.53,0.73,0.3869,0
6,20210911,0.06,0.73,0.0438,0
6,20210912,0.17,0.72,0.1224,0
6,20210913,0.05,0.72,0.036,0
6,20210914,0.04,0.71,0.0284,0
6,20210915,1.77,0.71,1.2567,0
6,20210916,2.6,0.71,1.846,0
6,20210917,1.42,0.71,1.0082,0
6,20210918,5.01,0.71,3.5571,0
6,20210919,6.04,0.71,4.2884,0
6,20210920,3.03,0.71,2.1513,0
6,20210921,4.59,0.71,3.2589,0
6,20210922,21.25,0.74,15.725,1
6,20210923,1.37,0.74,1.0138,0
6,20210924,1.87,0.74,1.3838,0
6,20210925,7.28,0.73,5.3144,1
6,20210926,7.13,0.75,5.3475,1
6,20210927,0.08,0.74,0.0592,0
6,20210928,2.25,0.73,1.6425,0
6,20210929,1.48,0.73,1.0804,0
6,20210930,3.93,0.73,2.8689,0
6,20211001,2.28,0.73,1.6644,0
6,20211002,5.59,0.73,4.0807,0
6,20211003,4.45,0.73,3.2485,0
6,20211004,4.71,0.73,3.4383,0
6,20211005,37.11,0.76,28.2036,1
6,20211006,8.39,0.79,6.6281,1
6,20211007,3.17,0.79,2.5043,0
6,20211008,3.81,0.78,2.9718,0
6,20211009,5.3,0.78,4.134,0
6,20211010,9.41,0.79,7.4339,1
6,20211011,4.31,0.8,3.448,0
6,20211012,4.16,0.79,3.2864,0
6,20211013,6.49,0.8,5.192,0
6,20211014,0.24,0.79,0.1896,0
6,20211015,2.84,0.79,2.2436,0
6,20211016,1.62,0.79,1.2798,0
6,20211017,3.02,0.79,2.3858,0
6,20211018,0.37,0.79,0.2923,0
6,20211019,3.3,0.78,2.574,0
6,20211020,1.74,0.78,1.3572,0
6,20211021,1.85,0.79,1.4615,0
6,20211022,0.51,0.78,0.3978,0
6,20211023,0.54,0.78,0.4212,0
6,20211024,5.98,0.78,4.6644,0
6,20211025,0.93,0.78,0.7254,0
6,20211026,0.98,0.77,0.7546,0
6,20211027,0.75,0.77,0.5775,0
6,20211028,6.67,0.76,5.0692,0
6,20211029,25.07,0.79,19.8053,1
6,20211030,17.88,0.83,14.8404,1
6,20211031,16.09,0.83,13.3547,1
6,20211101,21.37,0.86,18.3782,1
6,20211102,23.68,0.88,20.8384,1
6,20211103,30.77,0.91,28.0007,1
6,20211104,18.47,0.92,16.9924,1
6,20211105,16.95,0.92,15.594,1
6,20211106,49.77,0.94,46.7838,1
6,20211107,40.64,0.97,39.4208,1
6,20211108,36.4,0.98,35.672,1
6,20211109,16.97,0.98,16.6306,1
6,20211110,84.05,0.99,83.2095,1
6,20211111,75.19,1,75.19,1
6,20211112,3.63,0.99,3.5937,0
6,20211113,3.72,0.99,3.6828,0
6,20211114,4.74,0.99,4.6926,0
6,20211115,4.57,0.99,4.5243,0
6,20211116,2.4,0.99,2.376,0
6,20211117,11,0.99,10.89,1
6,20211118,74.21,1,74.21,1
6,20211119,20.62,1,20.62,1
6,20211120,16.63,1,16.63,1
6,20211121,7.5,1,7.5,1
6,20211122,5,0.99,4.95,0
6,20211123,2.29,0.99,2.2671,0
6,20211124,2.87,0.99,2.8413,0
6,20211125,18.25,0.99,18.0675,1
6,20211126,58.61,1,58.61,1
6,20211127,29.98,1,29.98,1
6,20211128,61.12,1,61.12,1
6,20211129,12.76,1,12.76,1
6,20211130,9.8,1,9.8,1
6,20211201,1.22,1,1.22,0
6,20211202,0.03,1,0.03,0
6,20211203,0.14,0.99,0.1386,0
6,20211204,0.01,0.99,0.0099,0
6,20211205,0.15,0.99,0.1485,0
6,20211206,1.22,0.98,1.1956,0
6,20211207,0.09,0.98,0.0882,0
6,20211208,0.38,0.97,0.3686,0
6,20211209,3.98,0.97,3.8606,0
6,20211210,2.35,0.97,2.2795,0
6,20211211,3.71,0.96,3.5616,0
6,20211212,6,0.96,5.76,1
6,20211213,6.87,0.96,6.5952,1
6,20211214,2.34,0.96,2.2464,0
6,20211215,1.6,0.95,1.52,0
6,20211216,0.48,0.95,0.456,0
6,20211217,0.15,0.94,0.141,0
6,20211218,0,0.93,0,0
6,20211219,0,0.93,0,0
6,20211220,0,0.92,0,0
6,20211221,0,0.92,0,0
6,20211222,0,0.91,0,0
6,20211223,0,0.9,0,0
6,20211224,0,0.9,0,0
6,20211225,0,0.89,0,0
6,20211226,0,0.88,0,0
6,20211227,0.41,0.88,0.3608,0
6,20211228,0.87,0.87,0.7569,0
6,20211229,0.92,0.87,0.8004,0
6,20211230,55.65,0.89,49.5285,1
6,20211231,42.52,0.96,40.8192,1
6,20220101,8.69,0.96,8.3424,1
6,20220102,0.5,0.95,0.475,0
6,20220103,0.02,0.94,0.0188,0
6,20220104,0.01,0.93,0.0093,0
6,20220105,0.02,0.93,0.0186,0
6,20220106,0.04,0.92,0.0368,0
6,20220107,0.03,0.91,0.0273,0
6,20220108,0,0.91,0,0
6,20220109,0,0.9,0,0
6,20220110,0,0.9,0,0
6,20220111,0.02,0.89,0.0178,0
6,20220112,0.14,0.88,0.1232,0
6,20220113,0.95,0.87,0.8265,0
6,20220114,0.68,0.87,0.5916,0
6,20220115,0.64,0.86,0.5504,0
6,20220116,5.86,0.86,5.0396,0
6,20220117,6.17,0.86,5.3062,1
6,20220118,1.52,0.86,1.3072,0
6,20220119,0.47,0.85,0.3995,0
6,20220120,0,0.85,0,0
6,20220121,0,0.84,0,0
6,20220122,0,0.83,0,0
6,20220123,0.59,0.83,0.4897,0
6,20220124,3.1,0.83,2.573,0
6,20220125,1.19,0.82,0.9758,0
6,20220126,0.7,0.82,0.574,0
6,20220127,0.19,0.81,0.1539,0
6,20220128,0.26,0.8,0.208,0
6,20220129,0.08,0.8,0.064,0
6,20220130,0,0.79,0,0
6,20220131,0,0.78,0,0
6,20220201,0,0.78,0,0
6,20220202,0,0.77,0,0
6,20220203,0,0.76,0,0
6,20220204,0,0.76,0,0
6,20220205,0.04,0.75,0.03,0
6,20220206,0,0.74,0,0
6,20220207,0,0.74,0,0
6,20220208,0,0.73,0,0
6,20220209,0,0.72,0,0
6,20220210,0.13,0.72,0.0936,0
6,20220211,0.25,0.71,0.1775,0
6,20220212,0.07,0.71,0.0497,0
6,20220213,0,0.7,0,0
6,20220214,0.03,0.69,0.0207,0
6,20220215,0.01,0.69,0.0069,0
6,20220216,0,0.68,0,0
6,20220217,0,0.68,0,0
6,20220218,0,0.67,0,0
6,20220219,0,0.67,0,0
6,20220220,0,0.66,0,0
6,20220221,0,0.66,0,0
6,20220222,0.03,0.65,0.0195,0
6,20220223,0,0.65,0,0
6,20220224,0,0.64,0,0
6,20220225,0,0.64,0,0
6,20220226,0.01,0.63,0.0063,0
6,20220227,0,0.63,0,0
6,20220228,0,0.62,0,0
6,20220301,0,0.62,0,0
6,20220302,0,0.61,0,0
6,20220303,0,0.61,0,0
6,20220304,0.06,0.61,0.0366,0
6,20220305,0.01,0.6,0.006,0
6,20220306,0.89,0.6,0.534,0
6,20220307,0.21,0.6,0.126,0
6,20220308,0,0.59,0,0
6,20220309,0,0.59,0,0
6,20220310,0,0.59,0,0
6,20220311,0,0.58,0,0
6,20220312,0,0.58,0,0
6,20220313,0.01,0.57,0.0057,0
6,20220314,0,0.57,0,0
6,20220315,0,0.57,0,0
6,20220316,0,0.56,0,0
6,20220317,0,0.56,0,0
6,20220318,0,0.55,0,0
6,20220319,0.01,0.55,0.0055,0
6,20220320,0.08,0.55,0.044,0
6,20220321,0.49,0.55,0.2695,0
6,20220322,0.87,0.55,0.4785,0
6,20220323,0.01,0.54,0.0054,0
6,20220324,0.01,0.54,0.0054,0
6,20220325,0,0.54,0,0
6,20220326,0,0.53,0,0
6,20220327,0,0.53,0,0
6,20220328,0,0.53,0,0
6,20220329,0,0.53,0,0
6,20220330,0,0.53,0,0
6,20220331,0.01,0.52,0.0052,0
6,20220401,0,0.52,0,0
6,20220402,0.01,0.52,0.0052,0
6,20220403,0,0.52,0,0
6,20220404,0.01,0.52,0.0052,0
6,20220405,0,0.52,0,0
6,20220406,0.05,0.52,0.026,0
6,20220407,0.1,0.52,0.052,0
6,20220408,0.14,0.52,0.0728,0
6,20220409,0.14,0.52,0.0728,0
6,20220410,0.66,0.52,0.3432,0
6,20220411,0.26,0.52,0.1352,0
6,20220412,0.07,0.52,0.0364,0
6,20220413,0.11,0.52,0.0572,0
6,20220414,0.02,0.52,0.0104,0
6,20220415,0.02,0.52,0.0104,0
6,20220416,0.03,0.52,0.0156,0
6,20220417,0.42,0.52,0.2184,0
6,20220418,0.33,0.52,0.1716,0
6,20220419,0.03,0.52,0.0156,0
6,20220420,0.02,0.52,0.0104,0
6,20220421,0.01,0.52,0.0052,0
6,20220422,0.02,0.51,0.0102,0
6,20220423,0.04,0.51,0.0204,0
6,20220424,0,0.51,0,0
6,20220425,0,0.51,0,0
6,20220426,0,0.51,0,0
6,20220427,0,0.51,0,0
6,20220428,0,0.51,0,0
6,20220429,0.02,0.51,0.0102,0
6,20220430,0.01,0.51,0.0051,0
6,20220501,0.38,0.51,0.1938,0
6,20220502,0.99,0.51,0.5049,0
6,20220503,0.48,0.52,0.2496,0
6,20220504,1.98,0.52,1.0296,0
6,20220505,1.93,0.52,1.0036,0
6,20220506,4.02,0.52,2.0904,0
6,20220507,8.16,0.54,4.4064,0
6,20220508,0.52,0.54,0.2808,0
6,20220509,1.28,0.53,0.6784,0
6,20220510,10.74,0.54,5.7996,1
6,20220511,6.44,0.55,3.542,0
6,20220512,8.99,0.55,4.9445,0
6,20220513,1.16,0.57,0.6612,0
6,20220514,1.15,0.56,0.644,0
6,20220515,7.5,0.56,4.2,0
6,20220516,6.12,0.58,3.5496,0
6,20220517,2.55,0.58,1.479,0
6,20220518,1.4,0.58,0.812,0
6,20220519,0.45,0.57,0.2565,0
6,20220520,0.4,0.57,0.228,0
6,20220521,0.02,0.56,0.0112,0
6,20220522,0.03,0.56,0.0168,0
6,20220523,0.01,0.55,0.0055,0
6,20220524,0.07,0.55,0.0385,0
6,20220525,2.43,0.55,1.3365,0
6,20220526,3.13,0.55,1.7215,0
6,20220527,1.93,0.55,1.0615,0
6,20220528,0.08,0.55,0.044,0
6,20220529,0.13,0.54,0.0702,0
6,20220530,0.09,0.54,0.0486,0
6,20220531,0.03,0.54,0.0162,0
6,20220601,0.01,0.53,0.0053,0
6,20220602,0,0.53,0,0
6,20220603,0.01,0.53,0.0053,0
6,20220604,0.01,0.53,0.0053,0
6,20220605,1.81,0.53,0.9593,0
6,20220606,3.7,0.53,1.961,0
6,20220607,2.57,0.53,1.3621,0
6,20220608,0.38,0.53,0.2014,0
6,20220609,0.26,0.53,0.1378,0
6,20220610,0.21,0.53,0.1113,0
6,20220611,1.31,0.53,0.6943,0
6,20220612,1.97,0.53,1.0441,0
6,20220613,1.48,0.53,0.7844,0
6,20220614,1.54,0.53,0.8162,0
6,20220615,8.16,0.54,4.4064,0
6,20220616,8.64,0.55,4.752,0
6,20220617,7.47,0.56,4.1832,0
6,20220618,4.74,0.56,2.6544,0
6,20220619,28.85,0.59,17.0215,1
6,20220620,18.31,0.64,11.7184,1
6,20220621,23.54,0.66,15.5364,1
6,20220622,9.51,0.68,6.4668,1
6,20220623,3.63,0.67,2.4321,0
6,20220624,2.55,0.67,1.7085,0
6,20220625,1.99,0.67,1.3333,0
6,20220626,0.65,0.66,0.429,0
6,20220627,2.44,0.65,1.586,0
6,20220628,2.59,0.66,1.7094,0
6,20220629,5.16,0.65,3.354,0
6,20220630,5.14,0.66,3.3924,0
6,20220701,4.5,0.66,2.97,0
6,20220702,3,0.66,1.98,0
6,20220703,3.04,0.66,2.0064,0
6,20220704,3.24,0.66,2.1384,0
6,20220705,6.45,0.66,4.257,0
6,20220706,4.59,0.67,3.0753,0
6,20220707,1.75,0.66,1.155,0
6,20220708,3.76,0.66,2.4816,0
6,20220709,2.01,0.66,1.3266,0
6,20220710,2.79,0.66,1.8414,0
6,20220711,1.15,0.65,0.7475,0
6,20220712,1.38,0.65,0.897,0
6,20220713,2.29,0.65,1.4885,0
6,20220714,0.31,0.64,0.1984,0
6,20220715,0.09,0.63,0.0567,0
6,20220716,5.09,0.63,3.2067,0
6,20220717,9.42,0.65,6.123,1
6,20220718,2,0.65,1.3,0
6,20220719,0.94,0.64,0.6016,0
6,20220720,10.14,0.65,6.591,1
6,20220721,5.89,0.66,3.8874,0
6,20220722,15.58,0.68,10.5944,1
6,20220723,1.46,0.68,0.9928,0
6,20220724,3.4,0.68,2.312,0
6,20220725,3.46,0.68,2.3528,0
6,20220726,7.74,0.69,5.3406,1
6,20220727,0.2,0.68,0.136,0
6,20220728,0.75,0.68,0.51,0
6,20220729,0.73,0.68,0.4964,0
6,20220730,1.37,0.67,0.9179,0
6,20220731,4.17,0.67,2.7939,0
6,20220801,8.36,0.67,5.6012,1
6,20220802,6.98,0.68,4.7464,0
7,20210902,7.02,0.73,5.1246,0
7,20210903,8.8,0.73,6.424,1
7,20210904,12.16,0.74,8.9984,1
7,20210905,7.22,0.75,5.415,1
7,20210906,6.91,0.75,5.1825,0
7,20210907,0.43,0.75,0.3225,0
7,20210908,0.06,0.74,0.0444,0
7,20210909,0.15,0.74,0.111,0
7,20210910,0.53,0.73,0.3869,0
7,20210911,0.06,0.73,0.0438,0
7,20210912,0.17,0.72,0.1224,0
7,20210913,0.05,0.72,0.036,0
7,20210914,0.04,0.71,0.0284,0
7,20210915,1.77,0.71,1.2567,0
7,20210916,2.6,0.71,1.846,0
7,20210917,1.42,0.71,1.0082,0
7,20210918,5.01,0.71,3.5571,0
7,20210919,6.04,0.71,4.2884,0
7,20210920,3.03,0.71,2.1513,0
7,20210921,4.59,0.71,3.2589,0
7,20210922,21.25,0.74,15.725,1
7,20210923,1.37,0.74,1.0138,0
7,20210924,1.87,0.74,1.3838,0
7,20210925,7.28,0.73,5.3144,1
7,20210926,7.13,0.75,5.3475,1
7,20210927,0.08,0.74,0.0592,0
7,20210928,2.25,0.73,1.6425,0
7,20210929,1.48,0.73,1.0804,0
7,20210930,3.93,0.73,2.8689,0
7,20211001,2.28,0.73,1.6644,0
7,20211002,5.59,0.73,4.0807,0
7,20211003,4.45,0.73,3.2485,0
7,20211004,4.71,0.73,3.4383,0
7,20211005,37.11,0.76,28.2036,1
7,20211006,8.39,0.79,6.6281,1
7,20211007,3.17,0.79,2.5043,0
7,20211008,3.81,0.78,2.9718,0
7,20211009,5.3,0.78,4.134,0
7,20211010,9.41,0.79,7.4339,1
7,20211011,4.31,0.8,3.448,0
7,20211012,4.16,0.79,3.2864,0
7,20211013,6.49,0.8,5.192,0
7,20211014,0.24,0.79,0.1896,0
7,20211015,2.84,0.79,2.2436,0
7,20211016,1.62,0.79,1.2798,0
7,20211017,3.02,0.79,2.3858,0
7,20211018,0.37,0.79,0.2923,0
7,20211019,3.3,0.78,2.574,0
7,20211020,1.74,0.78,1.3572,0
7,20211021,1.85,0.79,1.4615,0
7,20211022,0.51,0.78,0.3978,0
7,20211023,0.54,0.78,0.4212,0
7,20211024,5.98,0.78,4.6644,0
7,20211025,0.93,0.78,0.7254,0
7,20211026,0.98,0.77,0.7546,0
7,20211027,0.75,0.77,0.5775,0
7,20211028,6.67,0.76,5.0692,0
7,20211029,25.07,0.79,19.8053,1
7,20211030,17.88,0.83,14.8404,1
7,20211031,16.09,0.83,13.3547,1
7,20211101,21.37,0.86,18.3782,1
7,20211102,23.68,0.88,20.8384,1
7,20211103,30.77,0.91,28.0007,1
7,20211104,18.47,0.92,16.9924,1
7,20211105,16.95,0.92,15.594,1
7,20211106,49.77,0.94,46.7838,1
7,20211107,40.64,0.97,39.4208,1
7,20211108,36.4,0.98,35.672,1
7,20211109,16.97,0.98,16.6306,1
7,20211110,84.05,0.99,83.2095,1
7,20211111,75.19,1,75.19,1
7,20211112,3.63,0.99,3.5937,0
7,20211113,3.72,0.99,3.6828,0
7,20211114,4.74,0.99,4.6926,0
7,20211115,4.57,0.99,4.5243,0
7,20211116,2.4,0.99,2.376,0
7,20211117,11,0.99,10.89,1
7,20211118,74.21,1,74.21,1
7,20211119,20.62,1,20.62,1
7,20211120,16.63,1,16.63,1
7,20211121,7.5,1,7.5,1
7,20211122,5,0.99,4.95,0
7,20211123,2.29,0.99,2.2671,0
7,20211124,2.87,0.99,2.8413,0
7,20211125,18.25,0.99,18.0675,1
7,20211126,58.61,1,58.61,1
7,20211127,29.98,1,29.98,1
7,20211128,61.12,1,61.12,1
7,20211129,12.76,1,12.76,1
7,20211130,9.8,1,9.8,1
7,20211201,1.22,1,1.22,0
7,20211202,0.03,1,0.03,0
7,20211203,0.14,0.99,0.1386,0
7,20211204,0.01,0.99,0.0099,0
7,20211205,0.15,0.99,0.1485,0
7,20211206,1.22,0.98,1.1956,0
7,20211207,0.09,0.98,0.0882,0
7,20211208,0.38,0.97,0.3686,0
7,20211209,3.98,0.97,3.8606,0
7,20211210,2.35,0.97,2.2795,0
7,20211211,3.71,0.96,3.5616,0
7,20211212,6,0.96,5.76,1
7,20211213,6.87,0.96,6.5952,1
7,20211214,2.34,0.96,2.2464,0
7,20211215,1.6,0.95,1.52,0
7,20211216,0.48,0.95,0.456,0
7,20211217,0.15,0.94,0.141,0
7,20211218,0,0.93,0,0
7,20211219,0,0.93,0,0
7,20211220,0,0.92,0,0
7,20211221,0,0.92,0,0
7,20211222,0,0.91,0,0
7,20211223,0,0.9,0,0
7,20211224,0,0.9,0,0
7,20211225,0,0.89,0,0
7,20211226,0,0.88,0,0
7,20211227,0.41,0.88,0.3608,0
7,20211228,0.87,0.87,0.7569,0
7,20211229,0.92,0.87,0.8004,0
7,20211230,55.65,0.89,49.5285,1
7,20211231,42.52,0.96,40.8192,1
7,20220101,8.69,0.96,8.3424,1
7,20220102,0.5,0.95,0.475,0
7,20220103,0.02,0.94,0.0188,0
7,20220104,0.01,0.93,0.0093,0
7,20220105,0.02,0.93,0.0186,0
7,20220106,0.04,0.92,0.0368,0
7,20220107,0.03,0.91,0.0273,0
7,20220108,0,0.91,0,0
7,20220109,0,0.9,0,0
7,20220110,0,0.9,0,0
7,20220111,0.02,0.89,0.0178,0
7,20220112,0.14,0.88,0.1232,0
7,20220113,0.95,0.87,0.8265,0
7,20220114,0.68,0.87,0.5916,0
7,20220115,0.64,0.86,0.5504,0
7,20220116,5.86,0.86,5.0396,0
7,20220117,6.17,0.86,5.3062,1
7,20220118,1.52,0.86,1.3072,0
7,20220119,0.47,0.85,0.3995,0
7,20220120,0,0.85,0,0
7,20220121,0,0.84,0,0
7,20220122,0,0.83,0,0
7,20220123,0.59,0.83,0.4897,0
7,20220124,3.1,0.83,2.573,0
7,20220125,1.19,0.82,0.9758,0
7,20220126,0.7,0.82,0.574,0
7,20220127,0.19,0.81,0.1539,0
7,20220128,0.26,0.8,0.208,0
7,20220129,0.08,0.8,0.064,0
7,20220130,0,0.79,0,0
7,20220131,0,0.78,0,0
7,20220201,0,0.78,0,0
7,20220202,0,0.77,0,0
7,20220203,0,0.76,0,0
7,20220204,0,0.76,0,0
7,20220205,0.04,0.75,0.03,0
7,20220206,0,0.74,0,0
7,20220207,0,0.74,0,0
7,20220208,0,0.73,0,0
7,20220209,0,0.72,0,0
7,20220210,0.13,0.72,0.0936,0
7,20220211,0.25,0.71,0.1775,0
7,20220212,0.07,0.71,0.0497,0
7,20220213,0,0.7,0,0
7,20220214,0.03,0.69,0.0207,0
7,20220215,0.01,0.69,0.0069,0
7,20220216,0,0.68,0,0
7,20220217,0,0.68,0,0
7,20220218,0,0.67,0,0
7,20220219,0,0.67,0,0
7,20220220,0,0.66,0,0
7,20220221,0,0.66,0,0
7,20220222,0.03,0.65,0.0195,0
7,20220223,0,0.65,0,0
7,20220224,0,0.64,0,0
7,20220225,0,0.64,0,0
7,20220226,0.01,0.63,0.0063,0
7,20220227,0,0.63,0,0
7,20220228,0,0.62,0,0
7,20220301,0,0.62,0,0
7,20220302,0,0.61,0,0
7,20220303,0,0.61,0,0
7,20220304,0.06,0.61,0.0366,0
7,20220305,0.01,0.6,0.006,0
7,20220306,0.89,0.6,0.534,0
7,20220307,0.21,0.6,0.126,0
7,20220308,0,0.59,0,0
7,20220309,0,0.59,0,0
7,20220310,0,0.59,0,0
7,20220311,0,0.58,0,0
7,20220312,0,0.58,0,0
7,20220313,0.01,0.57,0.0057,0
7,20220314,0,0.57,0,0
7,20220315,0,0.57,0,0
7,20220316,0,0.56,0,0
7,20220317,0,0.56,0,0
7,20220318,0,0.55,0,0
7,20220319,0.01,0.55,0.0055,0
7,20220320,0.08,0.55,0.044,0
7,20220321,0.49,0.55,0.2695,0
7,20220322,0.87,0.55,0.4785,0
7,20220323,0.01,0.54,0.0054,0
7,20220324,0.01,0.54,0.0054,0
7,20220325,0,0.54,0,0
7,20220326,0,0.53,0,0
7,20220327,0,0.53,0,0
7,20220328,0,0.53,0,0
7,20220329,0,0.53,0,0
7,20220330,0,0.53,0,0
7,20220331,0.01,0.52,0.0052,0
7,20220401,0,0.52,0,0
7,20220402,0.01,0.52,0.0052,0
7,20220403,0,0.52,0,0
7,20220404,0.01,0.52,0.0052,0
7,20220405,0,0.52,0,0
7,20220406,0.05,0.52,0.026,0
7,20220407,0.1,0.52,0.052,0
7,20220408,0.14,0.52,0.0728,0
7,20220409,0.14,0.52,0.0728,0
7,20220410,0.66,0.52,0.3432,0
7,20220411,0.26,0.52,0.1352,0
7,20220412,0.07,0.52,0.0364,0
7,20220413,0.11,0.52,0.0572,0
7,20220414,0.02,0.52,0.0104,0
7,20220415,0.02,0.52,0.0104,0
7,20220416,0.03,0.52,0.0156,0
7,20220417,0.42,0.52,0.2184,0
7,20220418,0.33,0.52,0.1716,0
7,20220419,0.03,0.52,0.0156,0
7,20220420,0.02,0.52,0.0104,0
7,20220421,0.01,0.52,0.0052,0
7,20220422,0.02,0.51,0.0102,0
7,20220423,0.04,0.51,0.0204,0
7,20220424,0,0.51,0,0
7,20220425,0,0.51,0,0
7,20220426,0,0.51,0,0
7,20220427,0,0.51,0,0
7,20220428,0,0.51,0,0
7,20220429,0.02,0.51,0.0102,0
7,20220430,0.01,0.51,0.0051,0
7,20220501,0.38,0.51,0.1938,0
7,20220502,0.99,0.51,0.5049,0
7,20220503,0.48,0.52,0.2496,0
7,20220504,1.98,0.52,1.0296,0
7,20220505,1.93,0.52,1.0036,0
7,20220506,4.02,0.52,2.0904,0
7,20220507,8.16,0.54,4.4064,0
7,20220508,0.52,0.54,0.2808,0
7,20220509,1.28,0.53,0.6784,0
7,20220510,10.74,0.54,5.7996,1
7,20220511,6.44,0.55,3.542,0
7,20220512,8.99,0.55,4.9445,0
7,20220513,1.16,0.57,0.6612,0
7,20220514,1.15,0.56,0.644,0
7,20220515,7.5,0.56,4.2,0
7,20220516,6.12,0.58,3.5496,0
7,20220517,2.55,0.58,1.479,0
7,20220518,1.4,0.58,0.812,0
7,20220519,0.45,0.57,0.2565,0
7,20220520,0.4,0.57,0.228,0
7,20220521,0.02,0.56,0.0112,0
7,20220522,0.03,0.56,0.0168,0
7,20220523,0.01,0.55,0.0055,0
7,20220524,0.07,0.55,0.0385,0
7,20220525,2.43,0.55,1.3365,0
7,20220526,3.13,0.55,1.7215,0
7,20220527,1.93,0.55,1.0615,0
7,20220528,0.08,0.55,0.044,0
7,20220529,0.13,0.54,0.0702,0
7,20220530,0.09,0.54,0.0486,0
7,20220531,0.03,0.54,0.0162,0
7,20220601,0.01,0.53,0.0053,0
7,20220602,0,0.53,0,0
7,20220603,0.01,0.53,0.0053,0
7,20220604,0.01,0.53,0.0053,0
7,20220605,1.81,0.53,0.9593,0
7,20220606,3.7,0.53,1.961,0
7,20220607,2.57,0.53,1.3621,0
7,20220608,0.38,0.53,0.2014,0
7,20220609,0.26,0.53,0.1378,0
7,20220610,0.21,0.53,0.1113,0
7,20220611,1.31,0.53,0.6943,0
7,20220612,1.97,0.53,1.0441,0
7,20220613,1.48,0.53,0.7844,0
7,20220614,1.54,0.53,0.8162,0
7,20220615,8.16,0.54,4.4064,0
7,20220616,8.64,0.55,4.752,0
7,20220617,7.47,0.56,4.1832,0
7,20220618,4.74,0.56,2.6544,0
7,20220619,28.85,0.59,17.0215,1
7,20220620,18.31,0.64,11.7184,1
7,20220621,23.54,0.66,15.5364,1
7,20220622,9.51,0.68,6.4668,1
7,20220623,3.63,0.67,2.4321,0
7,20220624,2.55,0.67,1.7085,0
7,20220625,1.99,0.67,1.3333,0
7,20220626,0.65,0.66,0.429,0
7,20220627,2.44,0.65,1.586,0
7,20220628,2.59,0.66,1.7094,0
7,20220629,5.16,0.65,3.354,0
7,20220630,5.14,0.66,3.3924,0
7,20220701,4.5,0.66,2.97,0
7,20220702,3,0.66,1.98,0
7,20220703,3.04,0.66,2.0064,0
7,20220704,3.24,0.66,2.1384,0
7,20220705,6.45,0.66,4.257,0
7,20220706,4.59,0.67,3.0753,0
7,20220707,1.75,0.66,1.155,0
7,20220708,3.76,0.66,2.4816,0
7,20220709,2.01,0.66,1.3266,0
7,20220710,2.79,0.66,1.8414,0
7,20220711,1.15,0.65,0.7475,0
7,20220712,1.38,0.65,0.897,0
7,20220713,2.29,0.65,1.4885,0
7,20220714,0.31,0.64,0.1984,0
7,20220715,0.09,0.63,0.0567,0
7,20220716,5.09,0.63,3.2067,0
7,20220717,9.42,0.65,6.123,1
7,20220718,2,0.65,1.3,0
7,20220719,0.94,0.64,0.6016,0
7,20220720,10.14,0.65,6.591,1
7,20220721,5.89,0.66,3.8874,0
7,20220722,15.58,0.68,10.5944,1
7,20220723,1.46,0.68,0.9928,0
7,20220724,3.4,0.68,2.312,0
7,20220725,3.46,0.68,2.3528,0
7,20220726,7.74,0.69,5.3406,1
7,20220727,0.2,0.68,0.136,0
7,20220728,0.75,0.68,0.51,0
7,20220729,0.73,0.68,0.4964,0
7,20220730,1.37,0.67,0.9179,0
7,20220731,4.17,0.67,2.7939,0
7,20220801,8.36,0.67,5.6012,1
7,20220802,6.98,0.68,4.7464,0
8,20210902,7.02,0.73,5.1246,0
8,20210903,8.8,0.73,6.424,1
8,20210904,12.16,0.74,8.9984,1
8,20210905,7.22,0.75,5.415,1
8,20210906,6.91,0.75,5.1825,0
8,20210907,0.43,0.75,0.3225,0
8,20210908,0.06,0.74,0.0444,0
8,20210909,0.15,0.74,0.111,0
8,20210910,0.53,0.73,0.3869,0
8,20210911,0.06,0.73,0.0438,0
8,20210912,0.17,0.72,0.1224,0
8,20210913,0.05,0.72,0.036,0
8,20210914,0.04,0.71,0.0284,0
8,20210915,1.77,0.71,1.2567,0
8,20210916,2.6,0.71,1.846,0
8,20210917,1.42,0.71,1.0082,0
8,20210918,5.01,0.71,3.5571,0
8,20210919,6.04,0.71,4.2884,0
8,20210920,3.03,0.71,2.1513,0
8,20210921,4.59,0.71,3.2589,0
8,20210922,21.25,0.74,15.725,1
8,20210923,1.37,0.74,1.0138,0
8,20210924,1.87,0.74,1.3838,0
8,20210925,7.28,0.73,5.3144,1
8,20210926,7.13,0.75,5.3475,1
8,20210927,0.08,0.74,0.0592,0
8,20210928,2.25,0.73,1.6425,0
8,20210929,1.48,0.73,1.0804,0
8,20210930,3.93,0.73,2.8689,0
8,20211001,2.28,0.73,1.6644,0
8,20211002,5.59,0.73,4.0807,0
8,20211003,4.45,0.73,3.2485,0
8,20211004,4.71,0.73,3.4383,0
8,20211005,37.11,0.76,28.2036,1
8,20211006,8.39,0.79,6.6281,1
8,20211007,3.17,0.79,2.5043,0
8,20211008,3.81,0.78,2.9718,0
8,20211009,5.3,0.78,4.134,0
8,20211010,9.41,0.79,7.4339,1
8,20211011,4.31,0.8,3.448,0
8,20211012,4.16,0.79,3.2864,0
8,20211013,6.49,0.8,5.192,0
8,20211014,0.24,0.79,0.1896,0
8,20211015,2.84,0.79,2.2436,0
8,20211016,1.62,0.79,1.2798,0
8,20211017,3.02,0.79,2.3858,0
8,20211018,0.37,0.79,0.2923,0
8,20211019,3.3,0.78,2.574,0
8,20211020,1.74,0.78,1.3572,0
8,20211021,1.85,0.79,1.4615,0
8,20211022,0.51,0.78,0.3978,0
8,20211023,0.54,0.78,0.4212,0
8,20211024,5.98,0.78,4.6644,0
8,20211025,0.93,0.78,0.7254,0
8,20211026,0.98,0.77,0.7546,0
8,20211027,0.75,0.77,0.5775,0
8,20211028,6.67,0.76,5.0692,0
8,20211029,25.07,0.79,19.8053,1
8,20211030,17.88,0.83,14.8404,1
8,20211031,16.09,0.83,13.3547,1
8,20211101,21.37,0.86,18.3782,1
8,20211102,23.68,0.88,20.8384,1
8,20211103,30.77,0.91,28.0007,1
8,20211104,18.47,0.92,16.9924,1
8,20211105,16.95,0.92,15.594,1
8,20211106,49.77,0.94,46.7838,1
8,20211107,40.64,0.97,39.4208,1
8,20211108,36.4,0.98,35.672,1
8,20211109,16.97,0.98,16.6306,1
8,20211110,84.05,0.99,83.2095,1
8,20211111,75.19,1,75.19,1
8,20211112,3.63,0.99,3.5937,0
8,20211113,3.72,0.99,3.6828,0
8,20211114,4.74,0.99,4.6926,0
8,20211115,4.57,0.99,4.5243,0
8,20211116,2.4,0.99,2.376,0
8,20211117,11,0.99,10.89,1
8,20211118,74.21,1,74.21,1
8,20211119,20.62,1,20.62,1
8,20211120,16.63,1,16.63,1
8,20211121,7.5,1,7.5,1
8,20211122,5,0.99,4.95,0
8,20211123,2.29,0.99,2.2671,0
8,20211124,2.87,0.99,2.8413,0
8,20211125,18.25,0.99,18.0675,1
8,20211126,58.61,1,58.61,1
8,20211127,29.98,1,29.98,1
8,20211128,61.12,1,61.12,1
8,20211129,12.76,1,12.76,1
8,20211130,9.8,1,9.8,1
8,20211201,1.22,1,1.22,0
8,20211202,0.03,1,0.03,0
8,20211203,0.14,0.99,0.1386,0
8,20211204,0.01,0.99,0.0099,0
8,20211205,0.15,0.99,0.1485,0
8,20211206,1.22,0.98,1.1956,0
8,20211207,0.09,0.98,0.0882,0
8,20211208,0.38,0.97,0.3686,0
8,20211209,3.98,0.97,3.8606,0
8,20211210,2.35,0.97,2.2795,0
8,20211211,3.71,0.96,3.5616,0
8,20211212,6,0.96,5.76,1
8,20211213,6.87,0.96,6.5952,1
8,20211214,2.34,0.96,2.2464,0
8,20211215,1.6,0.95,1.52,0
8,20211216,0.48,0.95,0.456,0
8,20211217,0.15,0.94,0.141,0
8,20211218,0,0.93,0,0
8,20211219,0,0.93,0,0
8,20211220,0,0.92,0,0
8,20211221,0,0.92,0,0
8,20211222,0,0.91,0,0
8,20211223,0,0.9,0,0
8,20211224,0,0.9,0,0
8,20211225,0,0.89,0,0
8,20211226,0,0.88,0,0
8,20211227,0.41,0.88,0.3608,0
8,20211228,0.87,0.87,0.7569,0
8,20211229,0.92,0.87,0.8004,0
8,20211230,55.65,0.89,49.5285,1
8,20211231,42.52,0.96,40.8192,1
8,20220101,8.69,0.96,8.3424,1
8,20220102,0.5,0.95,0.475,0
8,20220103,0.02,0.94,0.0188,0
8,20220104,0.01,0.93,0.0093,0
8,20220105,0.02,0.93,0.0186,0
8,20220106,0.04,0.92,0.0368,0
8,20220107,0.03,0.91,0.0273,0
8,20220108,0,0.91,0,0
8,20220109,0,0.9,0,0
8,20220110,0,0.9,0,0
8,20220111,0.02,0.89,0.0178,0
8,20220112,0.14,0.88,0.1232,0
8,20220113,0.95,0.87,0.8265,0
8,20220114,0.68,0.87,0.5916,0
8,20220115,0.64,0.86,0.5504,0
8,20220116,5.86,0.86,5.0396,0
8,20220117,6.17,0.86,5.3062,1
8,20220118,1.52,0.86,1.3072,0
8,20220119,0.47,0.85,0.3995,0
8,20220120,0,0.85,0,0
8,20220121,0,0.84,0,0
8,20220122,0,0.83,0,0
8,20220123,0.59,0.83,0.4897,0
8,20220124,3.1,0.83,2.573,0
8,20220125,1.19,0.82,0.9758,0
8,20220126,0.7,0.82,0.574,0
8,20220127,0.19,0.81,0.1539,0
8,20220128,0.26,0.8,0.208,0
8,20220129,0.08,0.8,0.064,0
8,20220130,0,0.79,0,0
8,20220131,0,0.78,0,0
8,20220201,0,0.78,0,0
8,20220202,0,0.77,0,0
8,20220203,0,0.76,0,0
8,20220204,0,0.76,0,0
8,20220205,0.04,0.75,0.03,0
8,20220206,0,0.74,0,0
8,20220207,0,0.74,0,0
8,20220208,0,0.73,0,0
8,20220209,0,0.72,0,0
8,20220210,0.13,0.72,0.0936,0
8,20220211,0.25,0.71,0.1775,0
8,20220212,0.07,0.71,0.0497,0
8,20220213,0,0.7,0,0
8,20220214,0.03,0.69,0.0207,0
8,20220215,0.01,0.69,0.0069,0
8,20220216,0,0.68,0,0
8,20220217,0,0.68,0,0
8,20220218,0,0.67,0,0
8,20220219,0,0.67,0,0
8,20220220,0,0.66,0,0
8,20220221,0,0.66,0,0
8,20220222,0.03,0.65,0.0195,0
8,20220223,0,0.65,0,0
8,20220224,0,0.64,0,0
8,20220225,0,0.64,0,0
8,20220226,0.01,0.63,0.0063,0
8,20220227,0,0.63,0,0
8,20220228,0,0.62,0,0
8,20220301,0,0.62,0,0
8,20220302,0,0.61,0,0
8,20220303,0,0.61,0,0
8,20220304,0.06,0.61,0.0366,0
8,20220305,0.01,0.6,0.006,0
8,20220306,0.89,0.6,0.534,0
8,20220307,0.21,0.6,0.126,0
8,20220308,0,0.59,0,0
8,20220309,0,0.59,0,0
8,20220310,0,0.59,0,0
8,20220311,0,0.58,0,0
8,20220312,0,0.58,0,0
8,20220313,0.01,0.57,0.0057,0
8,20220314,0,0.57,0,0
8,20220315,0,0.57,0,0
8,20220316,0,0.56,0,0
8,20220317,0,0.56,0,0
8,20220318,0,0.55,0,0
8,20220319,0.01,0.55,0.0055,0
8,20220320,0.08,0.55,0.044,0
8,20220321,0.49,0.55,0.2695,0
8,20220322,0.87,0.55,0.4785,0
8,20220323,0.01,0.54,0.0054,0
8,20220324,0.01,0.54,0.0054,0
8,20220325,0,0.54,0,0
8,20220326,0,0.53,0,0
8,20220327,0,0.53,0,0
8,20220328,0,0.53,0,0
8,20220329,0,0.53,0,0
8,20220330,0,0.53,0,0
8,20220331,0.01,0.52,0.0052,0
8,20220401,0,0.52,0,0
8,20220402,0.01,0.52,0.0052,0
8,20220403,0,0.52,0,0
8,20220404,0.01,0.52,0.0052,0
8,20220405,0,0.52,0,0
8,20220406,0.05,0.52,0.026,0
8,20220407,0.1,0.52,0.052,0
8,20220408,0.14,0.52,0.0728,0
8,20220409,0.14,0.52,0.0728,0
8,20220410,0.66,0.52,0.3432,0
8,20220411,0.26,0.52,0.1352,0
8,20220412,0.07,0.52,0.0364,0
8,20220413,0.11,0.52,0.0572,0
8,20220414,0.02,0.52,0.0104,0
8,20220415,0.02,0.52,0.0104,0
8,20220416,0.03,0.52,0.0156,0
8,20220417,0.42,0.52,0.2184,0
8,20220418,0.33,0.52,0.1716,0
8,20220419,0.03,0.52,0.0156,0
8,20220420,0.02,0.52,0.0104,0
8,20220421,0.01,0.52,0.0052,0
8,20220422,0.02,0.51,0.0102,0
8,20220423,0.04,0.51,0.0204,0
8,20220424,0,0.51,0,0
8,20220425,0,0.51,0,0
8,20220426,0,0.51,0,0
8,20220427,0,0.51,0,0
8,20220428,0,0.51,0,0
8,20220429,0.02,0.51,0.0102,0
8,20220430,0.01,0.51,0.0051,0
8,20220501,0.38,0.51,0.1938,0
8,20220502,0.99,0.51,0.5049,0
8,20220503,0.48,0.52,0.2496,0
8,20220504,1.98,0.52,1.0296,0
8,20220505,1.93,0.52,1.0036,0
8,20220506,4.02,0.52,2.0904,0
8,20220507,8.16,0.54,4.4064,0
8,20220508,0.52,0.54,0.2808,0
8,20220509,1.28,0.53,0.6784,0
8,20220510,10.74,0.54,5.7996,1
8,20220511,6.44,0.55,3.542,0
8,20220512,8.99,0.55,4.9445,0
8,20220513,1.16,0.57,0.6612,0
8,20220514,1.15,0.56,0.644,0
8,20220515,7.5,0.56,4.2,0
8,20220516,6.12,0.58,3.5496,0
8,20220517,2.55,0.58,1.479,0
8,20220518,1.4,0.58,0.812,0
8,20220519,0.45,0.57,0.2565,0
8,20220520,0.4,0.57,0.228,0
8,20220521,0.02,0.56,0.0112,0
8,20220522,0.03,0.56,0.0168,0
8,20220523,0.01,0.55,0.0055,0
8,20220524,0.07,0.55,0.0385,0
8,20220525,2.43,0.55,1.3365,0
8,20220526,3.13,0.55,1.7215,0
8,20220527,1.93,0.55,1.0615,0
8,20220528,0.08,0.55,0.044,0
8,20220529,0.13,0.54,0.0702,0
8,20220530,0.09,0.54,0.0486,0
8,20220531,0.03,0.54,0.0162,0
8,20220601,0.01,0.53,0.0053,0
8,20220602,0,0.53,0,0
8,20220603,0.01,0.53,0.0053,0
8,20220604,0.01,0.53,0.0053,0
8,20220605,1.81,0.53,0.9593,0
8,20220606,3.7,0.53,1.961,0
8,20220607,2.57,0.53,1.3621,0
8,20220608,0.38,0.53,0.2014,0
8,20220609,0.26,0.53,0.1378,0
8,20220610,0.21,0.53,0.1113,0
8,20220611,1.31,0.53,0.6943,0
8,20220612,1.97,0.53,1.0441,0
8,20220613,1.48,0.53,0.7844,0
8,20220614,1.54,0.53,0.8162,0
8,20220615,8.16,0.54,4.4064,0
8,20220616,8.64,0.55,4.752,0
8,20220617,7.47,0.56,4.1832,0
8,20220618,4.74,0.56,2.6544,0
8,20220619,28.85,0.59,17.0215,1
8,20220620,18.31,0.64,11.7184,1
8,20220621,23.54,0.66,15.5364,1
8,20220622,9.51,0.68,6.4668,1
8,20220623,3.63,0.67,2.4321,0
8,20220624,2.55,0.67,1.7085,0
8,20220625,1.99,0.67,1.3333,0
8,20220626,0.65,0.66,0.429,0
8,20220627,2.44,0.65,1.586,0
8,20220628,2.59,0.66,1.7094,0
8,20220629,5.16,0.65,3.354,0
8,20220630,5.14,0.66,3.3924,0
8,20220701,4.5,0.66,2.97,0
8,20220702,3,0.66,1.98,0
8,20220703,3.04,0.66,2.0064,0
8,20220704,3.24,0.66,2.1384,0
8,20220705,6.45,0.66,4.257,0
8,20220706,4.59,0.67,3.0753,0
8,20220707,1.75,0.66,1.155,0
8,20220708,3.76,0.66,2.4816,0
8,20220709,2.01,0.66,1.3266,0
8,20220710,2.79,0.66,1.8414,0
8,20220711,1.15,0.65,0.7475,0
8,20220712,1.38,0.65,0.897,0
8,20220713,2.29,0.65,1.4885,0
8,20220714,0.31,0.64,0.1984,0
8,20220715,0.09,0.63,0.0567,0
8,20220716,5.09,0.63,3.2067,0
8,20220717,9.42,0.65,6.123,1
8,20220718,2,0.65,1.3,0
8,20220719,0.94,0.64,0.6016,0
8,20220720,10.14,0.65,6.591,1
8,20220721,5.89,0.66,3.8874,0
8,20220722,15.58,0.68,10.5944,1
8,20220723,1.46,0.68,0.9928,0
8,20220724,3.4,0.68,2.312,0
8,20220725,3.46,0.68,2.3528,0
8,20220726,7.74,0.69,5.3406,1
8,20220727,0.2,0.68,0.136,0
8,20220728,0.75,0.68,0.51,0
8,20220729,0.73,0.68,0.4964,0
8,20220730,1.37,0.67,0.9179,0
8,20220731,4.17,0.67,2.7939,0
8,20220801,8.36,0.67,5.6012,1
8,20220802,6.98,0.68,4.7464,0
9,20210902,7.02,0.73,5.1246,0
9,20210903,8.8,0.73,6.424,1
9,20210904,12.16,0.74,8.9984,1
9,20210905,7.22,0.75,5.415,1
9,20210906,6.91,0.75,5.1825,0
9,20210907,0.43,0.75,0.3225,0
9,20210908,0.06,0.74,0.0444,0
9,20210909,0.15,0.74,0.111,0
9,20210910,0.53,0.73,0.3869,0
9,20210911,0.06,0.73,0.0438,0
9,20210912,0.17,0.72,0.1224,0
9,20210913,0.05,0.72,0.036,0
9,20210914,0.04,0.71,0.0284,0
9,20210915,1.77,0.71,1.2567,0
9,20210916,2.6,0.71,1.846,0
9,20210917,1.42,0.71,1.0082,0
9,20210918,5.01,0.71,3.5571,0
9,20210919,6.04,0.71,4.2884,0
9,20210920,3.03,0.71,2.1513,0
9,20210921,4.59,0.71,3.2589,0
9,20210922,21.25,0.74,15.725,1
9,20210923,1.37,0.74,1.0138,0
9,20210924,1.87,0.74,1.3838,0
9,20210925,7.28,0.73,5.3144,1
9,20210926,7.13,0.75,5.3475,1
9,20210927,0.08,0.74,0.0592,0
9,20210928,2.25,0.73,1.6425,0
9,20210929,1.48,0.73,1.0804,0
9,20210930,3.93,0.73,2.8689,0
9,20211001,2.28,0.73,1.6644,0
9,20211002,5.59,0.73,4.0807,0
9,20211003,4.45,0.73,3.2485,0
9,20211004,4.71,0.73,3.4383,0
9,20211005,37.11,0.76,28.2036,1
9,20211006,8.39,0.79,6.6281,1
9,20211007,3.17,0.79,2.5043,0
9,20211008,3.81,0.78,2.9718,0
9,20211009,5.3,0.78,4.134,0
9,20211010,9.41,0.79,7.4339,1
9,20211011,4.31,0.8,3.448,0
9,20211012,4.16,0.79,3.2864,0
9,20211013,6.49,0.8,5.192,0
9,20211014,0.24,0.79,0.1896,0
9,20211015,2.84,0.79,2.2436,0
9,20211016,1.62,0.79,1.2798,0
9,20211017,3.02,0.79,2.3858,0
9,20211018,0.37,0.79,0.2923,0
9,20211019,3.3,0.78,2.574,0
9,20211020,1.74,0.78,1.3572,0
9,20211021,1.85,0.79,1.4615,0
9,20211022,0.51,0.78,0.3978,0
9,20211023,0.54,0.78,0.4212,0
9,20211024,5.98,0.78,4.6644,0
9,20211025,0.93,0.78,0.7254,0
9,20211026,0.98,0.77,0.7546,0
9,20211027,0.75,0.77,0.5775,0
9,20211028,6.67,0.76,5.0692,0
9,20211029,25.07,0.79,19.8053,1
9,20211030,17.88,0.83,14.8404,1
9,20211031,16.09,0.83,13.3547,1
9,20211101,21.37,0.86,18.3782,1
9,20211102,23.68,0.88,20.8384,1
9,20211103,30.77,0.91,28.0007,1
9,20211104,18.47,0.92,16.9924,1
9,20211105,16.95,0.92,15.594,1
9,20211106,49.77,0.94,46.7838,1
9,20211107,40.64,0.97,39.4208,1
9,20211108,36.4,0.98,35.672,1
9,20211109,16.97,0.98,16.6306,1
9,20211110,84.05,0.99,83.2095,1
9,20211111,75.19,1,75.19,1
9,20211112,3.63,0.99,3.5937,0
9,20211113,3.72,0.99,3.6828,0
9,20211114,4.74,0.99,4.6926,0
9,20211115,4.57,0.99,4.5243,0
9,20211116,2.4,0.99,2.376,0
9,20211117,11,0.99,10.89,1
9,20211118,74.21,1,74.21,1
9,20211119,20.62,1,20.62,1
9,20211120,16.63,1,16.63,1
9,20211121,7.5,1,7.5,1
9,20211122,5,0.99,4.95,0
9,20211123,2.29,0.99,2.2671,0
9,20211124,2.87,0.99,2.8413,0
9,20211125,18.25,0.99,18.0675,1
9,20211126,58.61,1,58.61,1
9,20211127,29.98,1,29.98,1
9,20211128,61.12,1,61.12,1
9,20211129,12.76,1,12.76,1
9,20211130,9.8,1,9.8,1
9,20211201,1.22,1,1.22,0
9,20211202,0.03,1,0.03,0
9,20211203,0.14,0.99,0.1386,0
9,20211204,0.01,0.99,0.0099,0
9,20211205,0.15,0.99,0.1485,0
9,20211206,1.22,0.98,1.1956,0
9,20211207,0.09,0.98,0.0882,0
9,20211208,0.38,0.97,0.3686,0
9,20211209,3.98,0.97,3.8606,0
9,20211210,2.35,0.97,2.2795,0
9,20211211,3.71,0.96,3.5616,0
9,20211212,6,0.96,5.76,1
9,20211213,6.87,0.96,6.5952,1
9,20211214,2.34,0.96,2.2464,0
9,20211215,1.6,0.95,1.52,0
9,20211216,0.48,0.95,0.456,0
9,20211217,0.15,0.94,0.141,0
9,20211218,0,0.93,0,0
9,20211219,0,0.93,0,0
9,20211220,0,0.92,0,0
9,20211221,0,0.92,0,0
9,20211222,0,0.91,0,0
9,20211223,0,0.9,0,0
9,20211224,0,0.9,0,0
9,20211225,0,0.89,0,0
9,20211226,0,0.88,0,0
9,20211227,0.41,0.88,0.3608,0
9,20211228,0.87,0.87,0.7569,0
9,20211229,0.92,0.87,0.8004,0
9,20211230,55.65,0.89,49.5285,1
9,20211231,42.52,0.96,40.8192,1
9,20220101,8.69,0.96,8.3424,1
9,20220102,0.5,0.95,0.475,0
9,20220103,0.02,0.94,0.0188,0
9,20220104,0.01,0.93,0.0093,0
9,20220105,0.02,0.93,0.0186,0
9,20220106,0.04,0.92,0.0368,0
9,20220107,0.03,0.91,0.0273,0
9,20220108,0,0.91,0,0
9,20220109,0,0.9,0,0
9,20220110,0,0.9,0,0
9,20220111,0.02,0.89,0.0178,0
9,20220112,0.14,0.88,0.1232,0
9,20220113,0.95,0.87,0.8265,0
9,20220114,0.68,0.87,0.5916,0
9,20220115,0.64,0.86,0.5504,0
9,20220116,5.86,0.86,5.0396,0
9,20220117,6.17,0.86,5.3062,1
9,20220118,1.52,0.86,1.3072,0
9,20220119,0.47,0.85,0.3995,0
9,20220120,0,0.85,0,0
9,20220121,0,0.84,0,0
9,20220122,0,0.83,0,0
9,20220123,0.59,0.83,0.4897,0
9,20220124,3.1,0.83,2.573,0
9,20220125,1.19,0.82,0.9758,0
9,20220126,0.7,0.82,0.574,0
9,20220127,0.19,0.81,0.1539,0
9,20220128,0.26,0.8,0.208,0
9,20220129,0.08,0.8,0.064,0
9,20220130,0,0.79,0,0
9,20220131,0,0.78,0,0
9,20220201,0,0.78,0,0
9,20220202,0,0.77,0,0
9,20220203,0,0.76,0,0
9,20220204,0,0.76,0,0
9,20220205,0.04,0.75,0.03,0
9,20220206,0,0.74,0,0
9,20220207,0,0.74,0,0
9,20220208,0,0.73,0,0
9,20220209,0,0.72,0,0
9,20220210,0.13,0.72,0.0936,0
9,20220211,0.25,0.71,0.1775,0
9,20220212,0.07,0.71,0.0497,0
9,20220213,0,0.7,0,0
9,20220214,0.03,0.69,0.0207,0
9,20220215,0.01,0.69,0.0069,0
9,20220216,0,0.68,0,0
9,20220217,0,0.68,0,0
9,20220218,0,0.67,0,0
9,20220219,0,0.67,0,0
9,20220220,0,0.66,0,0
9,20220221,0,0.66,0,0
9,20220222,0.03,0.65,0.0195,0
9,20220223,0,0.65,0,0
9,20220224,0,0.64,0,0
9,20220225,0,0.64,0,0
9,20220226,0.01,0.63,0.0063,0
9,20220227,0,0.63,0,0
9,20220228,0,0.62,0,0
9,20220301,0,0.62,0,0
9,20220302,0,0.61,0,0
9,20220303,0,0.61,0,0
9,20220304,0.06,0.61,0.0366,0
9,20220305,0.01,0.6,0.006,0
9,20220306,0.89,0.6,0.534,0
9,20220307,0.21,0.6,0.126,0
9,20220308,0,0.59,0,0
9,20220309,0,0.59,0,0
9,20220310,0,0.59,0,0
9,20220311,0,0.58,0,0
9,20220312,0,0.58,0,0
9,20220313,0.01,0.57,0.0057,0
9,20220314,0,0.57,0,0
9,20220315,0,0.57,0,0
9,20220316,0,0.56,0,0
9,20220317,0,0.56,0,0
9,20220318,0,0.55,0,0
9,20220319,0.01,0.55,0.0055,0
9,20220320,0.08,0.55,0.044,0
9,20220321,0.49,0.55,0.2695,0
9,20220322,0.87,0.55,0.4785,0
9,20220323,0.01,0.54,0.0054,0
9,20220324,0.01,0.54,0.0054,0
9,20220325,0,0.54,0,0
9,20220326,0,0.53,0,0
9,20220327,0,0.53,0,0
9,20220328,0,0.53,0,0
9,20220329,0,0.53,0,0
9,20220330,0,0.53,0,0
9,20220331,0.01,0.52,0.0052,0
9,20220401,0,0.52,0,0
9,20220402,0.01,0.52,0.0052,0
9,20220403,0,0.52,0,0
9,20220404,0.01,0.52,0.0052,0
9,20220405,0,0.52,0,0
9,20220406,0.05,0.52,0.026,0
9,20220407,0.1,0.52,0.052,0
9,20220408,0.14,0.52,0.0728,0
9,20220409,0.14,0.52,0.0728,0
9,20220410,0.66,0.52,0.3432,0
9,20220411,0.26,0.52,0.1352,0
9,20220412,0.07,0.52,0.0364,0
9,20220413,0.11,0.52,0.0572,0
9,20220414,0.02,0.52,0.0104,0
9,20220415,0.02,0.52,0.0104,0
9,20220416,0.03,0.52,0.0156,0
9,20220417,0.42,0.52,0.2184,0
9,20220418,0.33,0.52,0.1716,0
9,20220419,0.03,0.52,0.0156,0
9,20220420,0.02,0.52,0.0104,0
9,20220421,0.01,0.52,0.0052,0
9,20220422,0.02,0.51,0.0102,0
9,20220423,0.04,0.51,0.0204,0
9,20220424,0,0.51,0,0
9,20220425,0,0.51,0,0
9,20220426,0,0.51,0,0
9,20220427,0,0.51,0,0
9,20220428,0,0.51,0,0
9,20220429,0.02,0.51,0.0102,0
9,20220430,0.01,0.51,0.0051,0
9,20220501,0.38,0.51,0.1938,0
9,20220502,0.99,0.51,0.5049,0
9,20220503,0.48,0.52,0.2496,0
9,20220504,1.98,0.52,1.0296,0
9,20220505,1.93,0.52,1.0036,0
9,20220506,4.02,0.52,2.0904,0
9,20220507,8.16,0.54,4.4064,0
9,20220508,0.52,0.54,0.2808,0
9,20220509,1.28,0.53,0.6784,0
9,20220510,10.74,0.54,5.7996,1
9,20220511,6.44,0.55,3.542,0
9,20220512,8.99,0.55,4.9445,0
9,20220513,1.16,0.57,0.6612,0
9,20220514,1.15,0.56,0.644,0
9,20220515,7.5,0.56,4.2,0
9,20220516,6.12,0.58,3.5496,0
9,20220517,2.55,0.58,1.479,0
9,20220518,1.4,0.58,0.812,0
9,20220519,0.45,0.57,0.2565,0
9,20220520,0.4,0.57,0.228,0
9,20220521,0.02,0.56,0.0112,0
9,20220522,0.03,0.56,0.0168,0
9,20220523,0.01,0.55,0.0055,0
9,20220524,0.07,0.55,0.0385,0
9,20220525,2.43,0.55,1.3365,0
9,20220526,3.13,0.55,1.7215,0
9,20220527,1.93,0.55,1.0615,0
9,20220528,0.08,0.55,0.044,0
9,20220529,0.13,0.54,0.0702,0
9,20220530,0.09,0.54,0.0486,0
9,20220531,0.03,0.54,0.0162,0
9,20220601,0.01,0.53,0.0053,0
9,20220602,0,0.53,0,0
9,20220603,0.01,0.53,0.0053,0
9,20220604,0.01,0.53,0.0053,0
9,20220605,1.81,0.53,0.9593,0
9,20220606,3.7,0.53,1.961,0
9,20220607,2.57,0.53,1.3621,0
9,20220608,0.38,0.53,0.2014,0
9,20220609,0.26,0.53,0.1378,0
9,20220610,0.21,0.53,0.1113,0
9,20220611,1.31,0.53,0.6943,0
9,20220612,1.97,0.53,1.0441,0
9,20220613,1.48,0.53,0.7844,0
9,20220614,1.54,0.53,0.8162,0
9,20220615,8.16,0.54,4.4064,0
9,20220616,8.64,0.55,4.752,0
9,20220617,7.47,0.56,4.1832,0
9,20220618,4.74,0.56,2.6544,0
9,20220619,28.85,0.59,17.0215,1
9,20220620,18.31,0.64,11.7184,1
9,20220621,23.54,0.66,15.5364,1
9,20220622,9.51,0.68,6.4668,1
9,20220623,3.63,0.67,2.4321,0
9,20220624,2.55,0.67,1.7085,0
9,20220625,1.99,0.67,1.3333,0
9,20220626,0.65,0.66,0.429,0
9,20220627,2.44,0.65,1.586,0
9,20220628,2.59,0.66,1.7094,0
9,20220629,5.16,0.65,3.354,0
9,20220630,5.14,0.66,3.3924,0
9,20220701,4.5,0.66,2.97,0
9,20220702,3,0.66,1.98,0
9,20220703,3.04,0.66,2.0064,0
9,20220704,3.24,0.66,2.1384,0
9,20220705,6.45,0.66,4.257,0
9,20220706,4.59,0.67,3.0753,0
9,20220707,1.75,0.66,1.155,0
9,20220708,3.76,0.66,2.4816,0
9,20220709,2.01,0.66,1.3266,0
9,20220710,2.79,0.66,1.8414,0
9,20220711,1.15,0.65,0.7475,0
9,20220712,1.38,0.65,0.897,0
9,20220713,2.29,0.65,1.4885,0
9,20220714,0.31,0.64,0.1984,0
9,20220715,0.09,0.63,0.0567,0
9,20220716,5.09,0.63,3.2067,0
9,20220717,9.42,0.65,6.123,1
9,20220718,2,0.65,1.3,0
9,20220719,0.94,0.64,0.6016,0
9,20220720,10.14,0.65,6.591,1
9,20220721,5.89,0.66,3.8874,0
9,20220722,15.58,0.68,10.5944,1
9,20220723,1.46,0.68,0.9928,0
9,20220724,3.4,0.68,2.312,0
9,20220725,3.46,0.68,2.3528,0
9,20220726,7.74,0.69,5.3406,1
9,20220727,0.2,0.68,0.136,0
9,20220728,0.75,0.68,0.51,0
9,20220729,0.73,0.68,0.4964,0
9,20220730,1.37,0.67,0.9179,0
9,20220731,4.17,0.67,2.7939,0
9,20220801,8.36,0.67,5.6012,1
9,20220802,6.98,0.68,4.7464,0
10,20210902,7.02,0.73,5.1246,0
10,20210903,8.8,0.73,6.424,1
10,20210904,12.16,0.74,8.9984,1
10,20210905,7.22,0.75,5.415,1
10,20210906,6.91,0.75,5.1825,0
10,20210907,0.43,0.75,0.3225,0
10,20210908,0.06,0.74,0.0444,0
10,20210909,0.15,0.74,0.111,0
10,20210910,0.53,0.73,0.3869,0
10,20210911,0.06,0.73,0.0438,0
10,20210912,0.17,0.72,0.1224,0
10,20210913,0.05,0.72,0.036,0
10,20210914,0.04,0.71,0.0284,0
10,20210915,1.77,0.71,1.2567,0
10,20210916,2.6,0.71,1.846,0
10,20210917,1.42,0.71,1.0082,0
10,20210918,5.01,0.71,3.5571,0
10,20210919,6.04,0.71,4.2884,0
10,20210920,3.03,0.71,2.1513,0
10,20210921,4.59,0.71,3.2589,0
10,20210922,21.25,0.74,15.725,1
10,20210923,1.37,0.74,1.0138,0
10,20210924,1.87,0.74,1.3838,0
10,20210925,7.28,0.73,5.3144,1
10,20210926,7.13,0.75,5.3475,1
10,20210927,0.08,0.74,0.0592,0
10,20210928,2.25,0.73,1.6425,0
10,20210929,1.48,0.73,1.0804,0
10,20210930,3.93,0.73,2.8689,0
10,20211001,2.28,0.73,1.6644,0
10,20211002,5.59,0.73,4.0807,0
10,20211003,4.45,0.73,3.2485,0
10,20211004,4.71,0.73,3.4383,0
10,20211005,37.11,0.76,28.2036,1
10,20211006,8.39,0.79,6.6281,1
10,20211007,3.17,0.79,2.5043,0
10,20211008,3.81,0.78,2.9718,0
10,20211009,5.3,0.78,4.134,0
10,20211010,9.41,0.79,7.4339,1
10,20211011,4.31,0.8,3.448,0
10,20211012,4.16,0.79,3.2864,0
10,20211013,6.49,0.8,5.192,0
10,20211014,0.24,0.79,0.1896,0
10,20211015,2.84,0.79,2.2436,0
10,20211016,1.62,0.79,1.2798,0
10,20211017,3.02,0.79,2.3858,0
10,20211018,0.37,0.79,0.2923,0
10,20211019,3.3,0.78,2.574,0
10,20211020,1.74,0.78,1.3572,0
10,20211021,1.85,0.79,1.4615,0
10,20211022,0.51,0.78,0.3978,0
10,20211023,0.54,0.78,0.4212,0
10,20211024,5.98,0.78,4.6644,0
10,20211025,0.93,0.78,0.7254,0
10,20211026,0.98,0.77,0.7546,0
10,20211027,0.75,0.77,0.5775,0
10,20211028,6.67,0.76,5.0692,0
10,20211029,25.07,0.79,19.8053,1
10,20211030,17.88,0.83,14.8404,1
10,20211031,16.09,0.83,13.3547,1
10,20211101,21.37,0.86,18.3782,1
10,20211102,23.68,0.88,20.8384,1
10,20211103,30.77,0.91,28.0007,1
10,20211104,18.47,0.92,16.9924,1
10,20211105,16.95,0.92,15.594,1
10,20211106,49.77,0.94,46.7838,1
10,20211107,40.64,0.97,39.4208,1
10,20211108,36.4,0.98,35.672,1
10,20211109,16.97,0.98,16.6306,1
10,20211110,84.05,0.99,83.2095,1
10,20211111,75.19,1,75.19,1
10,20211112,3.63,0.99,3.5937,0
10,20211113,3.72,0.99,3.6828,0
10,20211114,4.74,0.99,4.6926,0
10,20211115,4.57,0.99,4.5243,0
10,20211116,2.4,0.99,2.376,0
10,20211117,11,0.99,10.89,1
10,20211118,74.21,1,74.21,1
10,20211119,20.62,1,20.62,1
10,20211120,16.63,1,16.63,1
10,20211121,7.5,1,7.5,1
10,20211122,5,0.99,4.95,0
10,20211123,2.29,0.99,2.2671,0
10,20211124,2.87,0.99,2.8413,0
10,20211125,18.25,0.99,18.0675,1
10,20211126,58.61,1,58.61,1
10,20211127,29.98,1,29.98,1
10,20211128,61.12,1,61.12,1
10,20211129,12.76,1,12.76,1
10,20211130,9.8,1,9.8,1
10,20211201,1.22,1,1.22,0
10,20211202,0.03,1,0.03,0
10,20211203,0.14,0.99,0.1386,0
10,20211204,0.01,0.99,0.0099,0
10,20211205,0.15,0.99,0.1485,0
10,20211206,1.22,0.98,1.1956,0
10,20211207,0.09,0.98,0.0882,0
10,20211208,0.38,0.97,0.3686,0
10,20211209,3.98,0.97,3.8606,0
10,20211210,2.35,0.97,2.2795,0
10,20211211,3.71,0.96,3.5616,0
10,20211212,6,0.96,5.76,1
10,20211213,6.87,0.96,6.5952,1
10,20211214,2.34,0.96,2.2464,0
10,20211215,1.6,0.95,1.52,0
10,20211216,0.48,0.95,0.456,0
10,20211217,0.15,0.94,0.141,0
10,20211218,0,0.93,0,0
10,20211219,0,0.93,0,0
10,20211220,0,0.92,0,0
10,20211221,0,0.92,0,0
10,20211222,0,0.91,0,0
10,20211223,0,0.9,0,0
10,20211224,0,0.9,0,0
10,20211225,0,0.89,0,0
10,20211226,0,0.88,0,0
10,20211227,0.41,0.88,0.3608,0
10,20211228,0.87,0.87,0.7569,0
10,20211229,0.92,0.87,0.8004,0
10,20211230,55.65,0.89,49.5285,1
10,20211231,42.52,0.96,40.8192,1
10,20220101,8.69,0.96,8.3424,1
10,20220102,0.5,0.95,0.475,0
10,20220103,0.02,0.94,0.0188,0
10,20220104,0.01,0.93,0.0093,0
10,20220105,0.02,0.93,0.0186,0
10,20220106,0.04,0.92,0.0368,0
10,20220107,0.03,0.91,0.0273,0
10,20220108,0,0.91,0,0
10,20220109,0,0.9,0,0
10,20220110,0,0.9,0,0
10,20220111,0.02,0.89,0.0178,0
10,20220112,0.14,0.88,0.1232,0
10,20220113,0.95,0.87,0.8265,0
10,20220114,0.68,0.87,0.5916,0
10,20220115,0.64,0.86,0.5504,0
10,20220116,5.86,0.86,5.0396,0
10,20220117,6.17,0.86,5.3062,1
10,20220118,1.52,0.86,1.3072,0
10,20220119,0.47,0.85,0.3995,0
10,20220120,0,0.85,0,0
10,20220121,0,0.84,0,0
10,20220122,0,0.83,0,0
10,20220123,0.59,0.83,0.4897,0
10,20220124,3.1,0.83,2.573,0
10,20220125,1.19,0.82,0.9758,0
10,20220126,0.7,0.82,0.574,0
10,20220127,0.19,0.81,0.1539,0
10,20220128,0.26,0.8,0.208,0
10,20220129,0.08,0.8,0.064,0
10,20220130,0,0.79,0,0
10,20220131,0,0.78,0,0
10,20220201,0,0.78,0,0
10,20220202,0,0.77,0,0
10,20220203,0,0.76,0,0
10,20220204,0,0.76,0,0
10,20220205,0.04,0.75,0.03,0
10,20220206,0,0.74,0,0
10,20220207,0,0.74,0,0
10,20220208,0,0.73,0,0
10,20220209,0,0.72,0,0
10,20220210,0.13,0.72,0.0936,0
10,20220211,0.25,0.71,0.1775,0
10,20220212,0.07,0.71,0.0497,0
10,20220213,0,0.7,0,0
10,20220214,0.03,0.69,0.0207,0
10,20220215,0.01,0.69,0.0069,0
10,20220216,0,0.68,0,0
10,20220217,0,0.68,0,0
10,20220218,0,0.67,0,0
10,20220219,0,0.67,0,0
10,20220220,0,0.66,0,0
10,20220221,0,0.66,0,0
10,20220222,0.03,0.65,0.0195,0
10,20220223,0,0.65,0,0
10,20220224,0,0.64,0,0
10,20220225,0,0.64,0,0
10,20220226,0.01,0.63,0.0063,0
10,20220227,0,0.63,0,0
10,20220228,0,0.62,0,0
10,20220301,0,0.62,0,0
10,20220302,0,0.61,0,0
10,20220303,0,0.61,0,0
10,20220304,0.06,0.61,0.0366,0
10,20220305,0.01,0.6,0.006,0
10,20220306,0.89,0.6,0.534,0
10,20220307,0.21,0.6,0.126,0
10,20220308,0,0.59,0,0
10,20220309,0,0.59,0,0
10,20220310,0,0.59,0,0
10,20220311,0,0.58,0,0
10,20220312,0,0.58,0,0
10,20220313,0.01,0.57,0.0057,0
10,20220314,0,0.57,0,0
10,20220315,0,0.57,0,0
10,20220316,0,0.56,0,0
10,20220317,0,0.56,0,0
10,20220318,0,0.55,0,0
10,20220319,0.01,0.55,0.0055,0
10,20220320,0.08,0.55,0.044,0
10,20220321,0.49,0.55,0.2695,0
10,20220322,0.87,0.55,0.4785,0
10,20220323,0.01,0.54,0.0054,0
10,20220324,0.01,0.54,0.0054,0
10,20220325,0,0.54,0,0
10,20220326,0,0.53,0,0
10,20220327,0,0.53,0,0
10,20220328,0,0.53,0,0
10,20220329,0,0.53,0,0
10,20220330,0,0.53,0,0
10,20220331,0.01,0.52,0.0052,0
10,20220401,0,0.52,0,0
10,20220402,0.01,0.52,0.0052,0
10,20220403,0,0.52,0,0
10,20220404,0.01,0.52,0.0052,0
10,20220405,0,0.52,0,0
10,20220406,0.05,0.52,0.026,0
10,20220407,0.1,0.52,0.052,0
10,20220408,0.14,0.52,0.0728,0
10,20220409,0.14,0.52,0.0728,0
10,20220410,0.66,0.52,0.3432,0
10,20220411,0.26,0.52,0.1352,0
10,20220412,0.07,0.52,0.0364,0
10,20220413,0.11,0.52,0.0572,0
10,20220414,0.02,0.52,0.0104,0
10,20220415,0.02,0.52,0.0104,0
10,20220416,0.03,0.52,0.0156,0
10,20220417,0.42,0.52,0.2184,0
10,20220418,0.33,0.52,0.1716,0
10,20220419,0.03,0.52,0.0156,0
10,20220420,0.02,0.52,0.0104,0
10,20220421,0.01,0.52,0.0052,0
10,20220422,0.02,0.51,0.0102,0
10,20220423,0.04,0.51,0.0204,0
10,20220424,0,0.51,0,0
10,20220425,0,0.51,0,0
10,20220426,0,0.51,0,0
10,20220427,0,0.51,0,0
10,20220428,0,0.51,0,0
10,20220429,0.02,0.51,0.0102,0
10,20220430,0.01,0.51,0.0051,0
10,20220501,0.38,0.51,0.1938,0
10,20220502,0.99,0.51,0.5049,0
10,20220503,0.48,0.52,0.2496,0
10,20220504,1.98,0.52,1.0296,0
10,20220505,1.93,0.52,1.0036,0
10,20220506,4.02,0.52,2.0904,0
10,20220507,8.16,0.54,4.4064,0
10,20220508,0.52,0.54,0.2808,0
10,20220509,1.28,0.53,0.6784,0
10,20220510,10.74,0.54,5.7996,1
10,20220511,6.44,0.55,3.542,0
10,20220512,8.99,0.55,4.9445,0
10,20220513,1.16,0.57,0.6612,0
10,20220514,1.15,0.56,0.644,0
10,20220515,7.5,0.56,4.2,0
10,20220516,6.12,0.58,3.5496,0
10,20220517,2.55,0.58,1.479,0
10,20220518,1.4,0.58,0.812,0
10,20220519,0.45,0.57,0.2565,0
10,20220520,0.4,0.57,0.228,0
10,20220521,0.02,0.56,0.0112,0
10,20220522,0.03,0.56,0.0168,0
10,20220523,0.01,0.55,0.0055,0
10,20220524,0.07,0.55,0.0385,0
10,20220525,2.43,0.55,1.3365,0
10,20220526,3.13,0.55,1.7215,0
10,20220527,1.93,0.55,1.0615,0
10,20220528,0.08,0.55,0.044,0
10,20220529,0.13,0.54,0.0702,0
10,20220530,0.09,0.54,0.0486,0
10,20220531,0.03,0.54,0.0162,0
10,20220601,0.01,0.53,0.0053,0
10,20220602,0,0.53,0,0
10,20220603,0.01,0.53,0.0053,0
10,20220604,0.01,0.53,0.0053,0
10,20220605,1.81,0.53,0.9593,0
10,20220606,3.7,0.53,1.961,0
10,20220607,2.57,0.53,1.3621,0
10,20220608,0.38,0.53,0.2014,0
10,20220609,0.26,0.53,0.1378,0
10,20220610,0.21,0.53,0.1113,0
10,20220611,1.31,0.53,0.6943,0
10,20220612,1.97,0.53,1.0441,0
10,20220613,1.48,0.53,0.7844,0
10,20220614,1.54,0.53,0.8162,0
10,20220615,8.16,0.54,4.4064,0
10,20220616,8.64,0.55,4.752,0
10,20220617,7.47,0.56,4.1832,0
10,20220618,4.74,0.56,2.6544,0
10,20220619,28.85,0.59,17.0215,1
10,20220620,18.31,0.64,11.7184,1
10,20220621,23.54,0.66,15.5364,1
10,20220622,9.51,0.68,6.4668,1
10,20220623,3.63,0.67,2.4321,0
10,20220624,2.55,0.67,1.7085,0
10,20220625,1.99,0.67,1.3333,0
10,20220626,0.65,0.66,0.429,0
10,20220627,2.44,0.65,1.586,0
10,20220628,2.59,0.66,1.7094,0
10,20220629,5.16,0.65,3.354,0
10,20220630,5.14,0.66,3.3924,0
10,20220701,4.5,0.66,2.97,0
10,20220702,3,0.66,1.98,0
10,20220703,3.04,0.66,2.0064,0
10,20220704,3.24,0.66,2.1384,0
10,20220705,6.45,0.66,4.257,0
10,20220706,4.59,0.67,3.0753,0
10,20220707,1.75,0.66,1.155,0
10,20220708,3.76,0.66,2.4816,0
10,20220709,2.01,0.66,1.3266,0
10,20220710,2.79,0.66,1.8414,0
10,20220711,1.15,0.65,0.7475,0
10,20220712,1.38,0.65,0.897,0
10,20220713,2.29,0.65,1.4885,0
10,20220714,0.31,0.64,0.1984,0
10,20220715,0.09,0.63,0.0567,0
10,20220716,5.09,0.63,3.2067,0
10,20220717,9.42,0.65,6.123,1
10,20220718,2,0.65,1.3,0
10,20220719,0.94,0.64,0.6016,0
10,20220720,10.14,0.65,6.591,1
10,20220721,5.89,0.66,3.8874,0
10,20220722,15.58,0.68,10.5944,1
10,20220723,1.46,0.68,0.9928,0
10,20220724,3.4,0.68,2.312,0
10,20220725,3.46,0.68,2.3528,0
10,20220726,7.74,0.69,5.3406,1
10,20220727,0.2,0.68,0.136,0
10,20220728,0.75,0.68,0.51,0
10,20220729,0.73,0.68,0.4964,0
10,20220730,1.37,0.67,0.9179,0
10,20220731,4.17,0.67,2.7939,0
10,20220801,8.36,0.67,5.6012,1
10,20220802,6.98,0.68,4.7464,0
11,20210902,7.02,0.73,5.1246,0
11,20210903,8.8,0.73,6.424,1
11,20210904,12.16,0.74,8.9984,1
11,20210905,7.22,0.75,5.415,1
11,20210906,6.91,0.75,5.1825,0
11,20210907,0.43,0.75,0.3225,0
11,20210908,0.06,0.74,0.0444,0
11,20210909,0.15,0.74,0.111,0
11,20210910,0.53,0.73,0.3869,0
11,20210911,0.06,0.73,0.0438,0
11,20210912,0.17,0.72,0.1224,0
11,20210913,0.05,0.72,0.036,0
11,20210914,0.04,0.71,0.0284,0
11,20210915,1.77,0.71,1.2567,0
11,20210916,2.6,0.71,1.846,0
11,20210917,1.42,0.71,1.0082,0
11,20210918,5.01,0.71,3.5571,0
11,20210919,6.04,0.71,4.2884,0
11,20210920,3.03,0.71,2.1513,0
11,20210921,4.59,0.71,3.2589,0
11,20210922,21.25,0.74,15.725,1
11,20210923,1.37,0.74,1.0138,0
11,20210924,1.87,0.74,1.3838,0
11,20210925,7.28,0.73,5.3144,1
11,20210926,7.13,0.75,5.3475,1
11,20210927,0.08,0.74,0.0592,0
11,20210928,2.25,0.73,1.6425,0
11,20210929,1.48,0.73,1.0804,0
11,20210930,3.93,0.73,2.8689,0
11,20211001,2.28,0.73,1.6644,0
11,20211002,5.59,0.73,4.0807,0
11,20211003,4.45,0.73,3.2485,0
11,20211004,4.71,0.73,3.4383,0
11,20211005,37.11,0.76,28.2036,1
11,20211006,8.39,0.79,6.6281,1
11,20211007,3.17,0.79,2.5043,0
11,20211008,3.81,0.78,2.9718,0
11,20211009,5.3,0.78,4.134,0
11,20211010,9.41,0.79,7.4339,1
11,20211011,4.31,0.8,3.448,0
11,20211012,4.16,0.79,3.2864,0
11,20211013,6.49,0.8,5.192,0
11,20211014,0.24,0.79,0.1896,0
11,20211015,2.84,0.79,2.2436,0
11,20211016,1.62,0.79,1.2798,0
11,20211017,3.02,0.79,2.3858,0
11,20211018,0.37,0.79,0.2923,0
11,20211019,3.3,0.78,2.574,0
11,20211020,1.74,0.78,1.3572,0
11,20211021,1.85,0.79,1.4615,0
11,20211022,0.51,0.78,0.3978,0
11,20211023,0.54,0.78,0.4212,0
11,20211024,5.98,0.78,4.6644,0
11,20211025,0.93,0.78,0.7254,0
11,20211026,0.98,0.77,0.7546,0
11,20211027,0.75,0.77,0.5775,0
11,20211028,6.67,0.76,5.0692,0
11,20211029,25.07,0.79,19.8053,1
11,20211030,17.88,0.83,14.8404,1
11,20211031,16.09,0.83,13.3547,1
11,20211101,21.37,0.86,18.3782,1
11,20211102,23.68,0.88,20.8384,1
11,20211103,30.77,0.91,28.0007,1
11,20211104,18.47,0.92,16.9924,1
11,20211105,16.95,0.92,15.594,1
11,20211106,49.77,0.94,46.7838,1
11,20211107,40.64,0.97,39.4208,1
11,20211108,36.4,0.98,35.672,1
11,20211109,16.97,0.98,16.6306,1
11,20211110,84.05,0.99,83.2095,1
11,20211111,75.19,1,75.19,1
11,20211112,3.63,0.99,3.5937,0
11,20211113,3.72,0.99,3.6828,0
11,20211114,4.74,0.99,4.6926,0
11,20211115,4.57,0.99,4.5243,0
11,20211116,2.4,0.99,2.376,0
11,20211117,11,0.99,10.89,1
11,20211118,74.21,1,74.21,1
11,20211119,20.62,1,20.62,1
11,20211120,16.63,1,16.63,1
11,20211121,7.5,1,7.5,1
11,20211122,5,0.99,4.95,0
11,20211123,2.29,0.99,2.2671,0
11,20211124,2.87,0.99,2.8413,0
11,20211125,18.25,0.99,18.0675,1
11,20211126,58.61,1,58.61,1
11,20211127,29.98,1,29.98,1
11,20211128,61.12,1,61.12,1
11,20211129,12.76,1,12.76,1
11,20211130,9.8,1,9.8,1
11,20211201,1.22,1,1.22,0
11,20211202,0.03,1,0.03,0
11,20211203,0.14,0.99,0.1386,0
11,20211204,0.01,0.99,0.0099,0
11,20211205,0.15,0.99,0.1485,0
11,20211206,1.22,0.98,1.1956,0
11,20211207,0.09,0.98,0.0882,0
11,20211208,0.38,0.97,0.3686,0
11,20211209,3.98,0.97,3.8606,0
11,20211210,2.35,0.97,2.2795,0
11,20211211,3.71,0.96,3.5616,0
11,20211212,6,0.96,5.76,1
11,20211213,6.87,0.96,6.5952,1
11,20211214,2.34,0.96,2.2464,0
11,20211215,1.6,0.95,1.52,0
11,20211216,0.48,0.95,0.456,0
11,20211217,0.15,0.94,0.141,0
11,20211218,0,0.93,0,0
11,20211219,0,0.93,0,0
11,20211220,0,0.92,0,0
11,20211221,0,0.92,0,0
11,20211222,0,0.91,0,0
11,20211223,0,0.9,0,0
11,20211224,0,0.9,0,0
11,20211225,0,0.89,0,0
11,20211226,0,0.88,0,0
11,20211227,0.41,0.88,0.3608,0
11,20211228,0.87,0.87,0.7569,0
11,20211229,0.92,0.87,0.8004,0
11,20211230,55.65,0.89,49.5285,1
11,20211231,42.52,0.96,40.8192,1
11,20220101,8.69,0.96,8.3424,1
11,20220102,0.5,0.95,0.475,0
11,20220103,0.02,0.94,0.0188,0
11,20220104,0.01,0.93,0.0093,0
11,20220105,0.02,0.93,0.0186,0
11,20220106,0.04,0.92,0.0368,0
11,20220107,0.03,0.91,0.0273,0
11,20220108,0,0.91,0,0
11,20220109,0,0.9,0,0
11,20220110,0,0.9,0,0
11,20220111,0.02,0.89,0.0178,0
11,20220112,0.14,0.88,0.1232,0
11,20220113,0.95,0.87,0.8265,0
11,20220114,0.68,0.87,0.5916,0
11,20220115,0.64,0.86,0.5504,0
11,20220116,5.86,0.86,5.0396,0
11,20220117,6.17,0.86,5.3062,1
11,20220118,1.52,0.86,1.3072,0
11,20220119,0.47,0.85,0.3995,0
11,20220120,0,0.85,0,0
11,20220121,0,0.84,0,0
11,20220122,0,0.83,0,0
11,20220123,0.59,0.83,0.4897,0
11,20220124,3.1,0.83,2.573,0
11,20220125,1.19,0.82,0.9758,0
11,20220126,0.7,0.82,0.574,0
11,20220127,0.19,0.81,0.1539,0
11,20220128,0.26,0.8,0.208,0
11,20220129,0.08,0.8,0.064,0
11,20220130,0,0.79,0,0
11,20220131,0,0.78,0,0
11,20220201,0,0.78,0,0
11,20220202,0,0.77,0,0
11,20220203,0,0.76,0,0
11,20220204,0,0.76,0,0
11,20220205,0.04,0.75,0.03,0
11,20220206,0,0.74,0,0
11,20220207,0,0.74,0,0
11,20220208,0,0.73,0,0
11,20220209,0,0.72,0,0
11,20220210,0.13,0.72,0.0936,0
11,20220211,0.25,0.71,0.1775,0
11,20220212,0.07,0.71,0.0497,0
11,20220213,0,0.7,0,0
11,20220214,0.03,0.69,0.0207,0
11,20220215,0.01,0.69,0.0069,0
11,20220216,0,0.68,0,0
11,20220217,0,0.68,0,0
11,20220218,0,0.67,0,0
11,20220219,0,0.67,0,0
11,20220220,0,0.66,0,0
11,20220221,0,0.66,0,0
11,20220222,0.03,0.65,0.0195,0
11,20220223,0,0.65,0,0
11,20220224,0,0.64,0,0
11,20220225,0,0.64,0,0
11,20220226,0.01,0.63,0.0063,0
11,20220227,0,0.63,0,0
11,20220228,0,0.62,0,0
11,20220301,0,0.62,0,0
11,20220302,0,0.61,0,0
11,20220303,0,0.61,0,0
11,20220304,0.06,0.61,0.0366,0
11,20220305,0.01,0.6,0.006,0
11,20220306,0.89,0.6,0.534,0
11,20220307,0.21,0.6,0.126,0
11,20220308,0,0.59,0,0
11,20220309,0,0.59,0,0
11,20220310,0,0.59,0,0
11,20220311,0,0.58,0,0
11,20220312,0,0.58,0,0
11,20220313,0.01,0.57,0.0057,0
11,20220314,0,0.57,0,0
11,20220315,0,0.57,0,0
11,20220316,0,0.56,0,0
11,20220317,0,0.56,0,0
11,20220318,0,0.55,0,0
11,20220319,0.01,0.55,0.0055,0
11,20220320,0.08,0.55,0.044,0
11,20220321,0.49,0.55,0.2695,0
11,20220322,0.87,0.55,0.4785,0
11,20220323,0.01,0.54,0.0054,0
11,20220324,0.01,0.54,0.0054,0
11,20220325,0,0.54,0,0
11,20220326,0,0.53,0,0
11,20220327,0,0.53,0,0
11,20220328,0,0.53,0,0
11,20220329,0,0.53,0,0
11,20220330,0,0.53,0,0
11,20220331,0.01,0.52,0.0052,0
11,20220401,0,0.52,0,0
11,20220402,0.01,0.52,0.0052,0
11,20220403,0,0.52,0,0
11,20220404,0.01,0.52,0.0052,0
11,20220405,0,0.52,0,0
11,20220406,0.05,0.52,0.026,0
11,20220407,0.1,0.52,0.052,0
11,20220408,0.14,0.52,0.0728,0
11,20220409,0.14,0.52,0.0728,0
11,20220410,0.66,0.52,0.3432,0
11,20220411,0.26,0.52,0.1352,0
11,20220412,0.07,0.52,0.0364,0
11,20220413,0.11,0.52,0.0572,0
11,20220414,0.02,0.52,0.0104,0
11,20220415,0.02,0.52,0.0104,0
11,20220416,0.03,0.52,0.0156,0
11,20220417,0.42,0.52,0.2184,0
11,20220418,0.33,0.52,0.1716,0
11,20220419,0.03,0.52,0.0156,0
11,20220420,0.02,0.52,0.0104,0
11,20220421,0.01,0.52,0.0052,0
11,20220422,0.02,0.51,0.0102,0
11,20220423,0.04,0.51,0.0204,0
11,20220424,0,0.51,0,0
11,20220425,0,0.51,0,0
11,20220426,0,0.51,0,0
11,20220427,0,0.51,0,0
11,20220428,0,0.51,0,0
11,20220429,0.02,0.51,0.0102,0
11,20220430,0.01,0.51,0.0051,0
11,20220501,0.38,0.51,0.1938,0
11,20220502,0.99,0.51,0.5049,0
11,20220503,0.48,0.52,0.2496,0
11,20220504,1.98,0.52,1.0296,0
11,20220505,1.93,0.52,1.0036,0
11,20220506,4.02,0.52,2.0904,0
11,20220507,8.16,0.54,4.4064,0
11,20220508,0.52,0.54,0.2808,0
11,20220509,1.28,0.53,0.6784,0
11,20220510,10.74,0.54,5.7996,1
11,20220511,6.44,0.55,3.542,0
11,20220512,8.99,0.55,4.9445,0
11,20220513,1.16,0.57,0.6612,0
11,20220514,1.15,0.56,0.644,0
11,20220515,7.5,0.56,4.2,0
11,20220516,6.12,0.58,3.5496,0
11,20220517,2.55,0.58,1.479,0
11,20220518,1.4,0.58,0.812,0
11,20220519,0.45,0.57,0.2565,0
11,20220520,0.4,0.57,0.228,0
11,20220521,0.02,0.56,0.0112,0
11,20220522,0.03,0.56,0.0168,0
11,20220523,0.01,0.55,0.0055,0
11,20220524,0.07,0.55,0.0385,0
11,20220525,2.43,0.55,1.3365,0
11,20220526,3.13,0.55,1.7215,0
11,20220527,1.93,0.55,1.0615,0
11,20220528,0.08,0.55,0.044,0
11,20220529,0.13,0.54,0.0702,0
11,20220530,0.09,0.54,0.0486,0
11,20220531,0.03,0.54,0.0162,0
11,20220601,0.01,0.53,0.0053,0
11,20220602,0,0.53,0,0
11,20220603,0.01,0.53,0.0053,0
11,20220604,0.01,0.53,0.0053,0
11,20220605,1.81,0.53,0.9593,0
11,20220606,3.7,0.53,1.961,0
11,20220607,2.57,0.53,1.3621,0
11,20220608,0.38,0.53,0.2014,0
11,20220609,0.26,0.53,0.1378,0
11,20220610,0.21,0.53,0.1113,0
11,20220611,1.31,0.53,0.6943,0
11,20220612,1.97,0.53,1.0441,0
11,20220613,1.48,0.53,0.7844,0
11,20220614,1.54,0.53,0.8162,0
11,20220615,8.16,0.54,4.4064,0
11,20220616,8.64,0.55,4.752,0
11,20220617,7.47,0.56,4.1832,0
11,20220618,4.74,0.56,2.6544,0
11,20220619,28.85,0.59,17.0215,1
11,20220620,18.31,0.64,11.7184,1
11,20220621,23.54,0.66,15.5364,1
11,20220622,9.51,0.68,6.4668,1
11,20220623,3.63,0.67,2.4321,0
11,20220624,2.55,0.67,1.7085,0
11,20220625,1.99,0.67,1.3333,0
11,20220626,0.65,0.66,0.429,0
11,20220627,2.44,0.65,1.586,0
11,20220628,2.59,0.66,1.7094,0
11,20220629,5.16,0.65,3.354,0
11,20220630,5.14,0.66,3.3924,0
11,20220701,4.5,0.66,2.97,0
11,20220702,3,0.66,1.98,0
11,20220703,3.04,0.66,2.0064,0
11,20220704,3.24,0.66,2.1384,0
11,20220705,6.45,0.66,4.257,0
11,20220706,4.59,0.67,3.0753,0
11,20220707,1.75,0.66,1.155,0
11,20220708,3.76,0.66,2.4816,0
11,20220709,2.01,0.66,1.3266,0
11,20220710,2.79,0.66,1.8414,0
11,20220711,1.15,0.65,0.7475,0
11,20220712,1.38,0.65,0.897,0
11,20220713,2.29,0.65,1.4885,0
11,20220714,0.31,0.64,0.1984,0
11,20220715,0.09,0.63,0.0567,0
11,20220716,5.09,0.63,3.2067,0
11,20220717,9.42,0.65,6.123,1
11,20220718,2,0.65,1.3,0
11,20220719,0.94,0.64,0.6016,0
11,20220720,10.14,0.65,6.591,1
11,20220721,5.89,0.66,3.8874,0
11,20220722,15.58,0.68,10.5944,1
11,20220723,1.46,0.68,0.9928,0
11,20220724,3.4,0.68,2.312,0
11,20220725,3.46,0.68,2.3528,0
11,20220726,7.74,0.69,5.3406,1
11,20220727,0.2,0.68,0.136,0
11,20220728,0.75,0.68,0.51,0
11,20220729,0.73,0.68,0.4964,0
11,20220730,1.37,0.67,0.9179,0
11,20220731,4.17,0.67,2.7939,0
11,20220801,8.36,0.67,5.6012,1
11,20220802,6.98,0.68,4.7464,0
12,20210902,7.02,0.73,5.1246,0
12,20210903,8.8,0.73,6.424,1
12,20210904,12.16,0.74,8.9984,1
12,20210905,7.22,0.75,5.415,1
12,20210906,6.91,0.75,5.1825,0
12,20210907,0.43,0.75,0.3225,0
12,20210908,0.06,0.74,0.0444,0
12,20210909,0.15,0.74,0.111,0
12,20210910,0.53,0.73,0.3869,0
12,20210911,0.06,0.73,0.0438,0
12,20210912,0.17,0.72,0.1224,0
12,20210913,0.05,0.72,0.036,0
12,20210914,0.04,0.71,0.0284,0
12,20210915,1.77,0.71,1.2567,0
12,20210916,2.6,0.71,1.846,0
12,20210917,1.42,0.71,1.0082,0
12,20210918,5.01,0.71,3.5571,0
12,20210919,6.04,0.71,4.2884,0
12,20210920,3.03,0.71,2.1513,0
12,20210921,4.59,0.71,3.2589,0
12,20210922,21.25,0.74,15.725,1
12,20210923,1.37,0.74,1.0138,0
12,20210924,1.87,0.74,1.3838,0
12,20210925,7.28,0.73,5.3144,1
12,20210926,7.13,0.75,5.3475,1
12,20210927,0.08,0.74,0.0592,0
12,20210928,2.25,0.73,1.6425,0
12,20210929,1.48,0.73,1.0804,0
12,20210930,3.93,0.73,2.8689,0
12,20211001,2.28,0.73,1.6644,0
12,20211002,5.59,0.73,4.0807,0
12,20211003,4.45,0.73,3.2485,0
12,20211004,4.71,0.73,3.4383,0
12,20211005,37.11,0.76,28.2036,1
12,20211006,8.39,0.79,6.6281,1
12,20211007,3.17,0.79,2.5043,0
12,20211008,3.81,0.78,2.9718,0
12,20211009,5.3,0.78,4.134,0
12,20211010,9.41,0.79,7.4339,1
12,20211011,4.31,0.8,3.448,0
12,20211012,4.16,0.79,3.2864,0
12,20211013,6.49,0.8,5.192,0
12,20211014,0.24,0.79,0.1896,0
12,20211015,2.84,0.79,2.2436,0
12,20211016,1.62,0.79,1.2798,0
12,20211017,3.02,0.79,2.3858,0
12,20211018,0.37,0.79,0.2923,0
12,20211019,3.3,0.78,2.574,0
12,20211020,1.74,0.78,1.3572,0
12,20211021,1.85,0.79,1.4615,0
12,20211022,0.51,0.78,0.3978,0
12,20211023,0.54,0.78,0.4212,0
12,20211024,5.98,0.78,4.6644,0
12,20211025,0.93,0.78,0.7254,0
12,20211026,0.98,0.77,0.7546,0
12,20211027,0.75,0.77,0.5775,0
12,20211028,6.67,0.76,5.0692,0
12,20211029,25.07,0.79,19.8053,1
12,20211030,17.88,0.83,14.8404,1
12,20211031,16.09,0.83,13.3547,1
12,20211101,21.37,0.86,18.3782,1
12,20211102,23.68,0.88,20.8384,1
12,20211103,30.77,0.91,28.0007,1
12,20211104,18.47,0.92,16.9924,1
12,20211105,16.95,0.92,15.594,1
12,20211106,49.77,0.94,46.7838,1
12,20211107,40.64,0.97,39.4208,1
12,20211108,36.4,0.98,35.672,1
12,20211109,16.97,0.98,16.6306,1
12,20211110,84.05,0.99,83.2095,1
12,20211111,75.19,1,75.19,1
12,20211112,3.63,0.99,3.5937,0
12,20211113,3.72,0.99,3.6828,0
12,20211114,4.74,0.99,4.6926,0
12,20211115,4.57,0.99,4.5243,0
12,20211116,2.4,0.99,2.376,0
12,20211117,11,0.99,10.89,1
12,20211118,74.21,1,74.21,1
12,20211119,20.62,1,20.62,1
12,20211120,16.63,1,16.63,1
12,20211121,7.5,1,7.5,1
12,20211122,5,0.99,4.95,0
12,20211123,2.29,0.99,2.2671,0
12,20211124,2.87,0.99,2.8413,0
12,20211125,18.25,0.99,18.0675,1
12,20211126,58.61,1,58.61,1
12,20211127,29.98,1,29.98,1
12,20211128,61.12,1,61.12,1
12,20211129,12.76,1,12.76,1
12,20211130,9.8,1,9.8,1
12,20211201,1.22,1,1.22,0
12,20211202,0.03,1,0.03,0
12,20211203,0.14,0.99,0.1386,0
12,20211204,0.01,0.99,0.0099,0
12,20211205,0.15,0.99,0.1485,0
12,20211206,1.22,0.98,1.1956,0
12,20211207,0.09,0.98,0.0882,0
12,20211208,0.38,0.97,0.3686,0
12,20211209,3.98,0.97,3.8606,0
12,20211210,2.35,0.97,2.2795,0
12,20211211,3.71,0.96,3.5616,0
12,20211212,6,0.96,5.76,1
12,20211213,6.87,0.96,6.5952,1
12,20211214,2.34,0.96,2.2464,0
12,20211215,1.6,0.95,1.52,0
12,20211216,0.48,0.95,0.456,0
12,20211217,0.15,0.94,0.141,0
12,20211218,0,0.93,0,0
12,20211219,0,0.93,0,0
12,20211220,0,0.92,0,0
12,20211221,0,0.92,0,0
12,20211222,0,0.91,0,0
12,20211223,0,0.9,0,0
12,20211224,0,0.9,0,0
12,20211225,0,0.89,0,0
12,20211226,0,0.88,0,0
12,20211227,0.41,0.88,0.3608,0
12,20211228,0.87,0.87,0.7569,0
12,20211229,0.92,0.87,0.8004,0
12,20211230,55.65,0.89,49.5285,1
12,20211231,42.52,0.96,40.8192,1
12,20220101,8.69,0.96,8.3424,1
12,20220102,0.5,0.95,0.475,0
12,20220103,0.02,0.94,0.0188,0
12,20220104,0.01,0.93,0.0093,0
12,20220105,0.02,0.93,0.0186,0
12,20220106,0.04,0.92,0.0368,0
12,20220107,0.03,0.91,0.0273,0
12,20220108,0,0.91,0,0
12,20220109,0,0.9,0,0
12,20220110,0,0.9,0,0
12,20220111,0.02,0.89,0.0178,0
12,20220112,0.14,0.88,0.1232,0
12,20220113,0.95,0.87,0.8265,0
12,20220114,0.68,0.87,0.5916,0
12,20220115,0.64,0.86,0.5504,0
12,20220116,5.86,0.86,5.0396,0
12,20220117,6.17,0.86,5.3062,1
12,20220118,1.52,0.86,1.3072,0
12,20220119,0.47,0.85,0.3995,0
12,20220120,0,0.85,0,0
12,20220121,0,0.84,0,0
12,20220122,0,0.83,0,0
12,20220123,0.59,0.83,0.4897,0
12,20220124,3.1,0.83,2.573,0
12,20220125,1.19,0.82,0.9758,0
12,20220126,0.7,0.82,0.574,0
12,20220127,0.19,0.81,0.1539,0
12,20220128,0.26,0.8,0.208,0
12,20220129,0.08,0.8,0.064,0
12,20220130,0,0.79,0,0
12,20220131,0,0.78,0,0
12,20220201,0,0.78,0,0
12,20220202,0,0.77,0,0
12,20220203,0,0.76,0,0
12,20220204,0,0.76,0,0
12,20220205,0.04,0.75,0.03,0
12,20220206,0,0.74,0,0
12,20220207,0,0.74,0,0
12,20220208,0,0.73,0,0
12,20220209,0,0.72,0,0
12,20220210,0.13,0.72,0.0936,0
12,20220211,0.25,0.71,0.1775,0
12,20220212,0.07,0.71,0.0497,0
12,20220213,0,0.7,0,0
12,20220214,0.03,0.69,0.0207,0
12,20220215,0.01,0.69,0.0069,0
12,20220216,0,0.68,0,0
12,20220217,0,0.68,0,0
12,20220218,0,0.67,0,0
12,20220219,0,0.67,0,0
12,20220220,0,0.66,0,0
12,20220221,0,0.66,0,0
12,20220222,0.03,0.65,0.0195,0
12,20220223,0,0.65,0,0
12,20220224,0,0.64,0,0
12,20220225,0,0.64,0,0
12,20220226,0.01,0.63,0.0063,0
12,20220227,0,0.63,0,0
12,20220228,0,0.62,0,0
12,20220301,0,0.62,0,0
12,20220302,0,0.61,0,0
12,20220303,0,0.61,0,0
12,20220304,0.06,0.61,0.0366,0
12,20220305,0.01,0.6,0.006,0
12,20220306,0.89,0.6,0.534,0
12,20220307,0.21,0.6,0.126,0
12,20220308,0,0.59,0,0
12,20220309,0,0.59,0,0
12,20220310,0,0.59,0,0
12,20220311,0,0.58,0,0
12,20220312,0,0.58,0,0
12,20220313,0.01,0.57,0.0057,0
12,20220314,0,0.57,0,0
12,20220315,0,0.57,0,0
12,20220316,0,0.56,0,0
12,20220317,0,0.56,0,0
12,20220318,0,0.55,0,0
12,20220319,0.01,0.55,0.0055,0
12,20220320,0.08,0.55,0.044,0
12,20220321,0.49,0.55,0.2695,0
12,20220322,0.87,0.55,0.4785,0
12,20220323,0.01,0.54,0.0054,0
12,20220324,0.01,0.54,0.0054,0
12,20220325,0,0.54,0,0
12,20220326,0,0.53,0,0
12,20220327,0,0.53,0,0
12,20220328,0,0.53,0,0
12,20220329,0,0.53,0,0
12,20220330,0,0.53,0,0
12,20220331,0.01,0.52,0.0052,0
12,20220401,0,0.52,0,0
12,20220402,0.01,0.52,0.0052,0
12,20220403,0,0.52,0,0
12,20220404,0.01,0.52,0.0052,0
12,20220405,0,0.52,0,0
12,20220406,0.05,0.52,0.026,0
12,20220407,0.1,0.52,0.052,0
12,20220408,0.14,0.52,0.0728,0
12,20220409,0.14,0.52,0.0728,0
12,20220410,0.66,0.52,0.3432,0
12,20220411,0.26,0.52,0.1352,0
12,20220412,0.07,0.52,0.0364,0
12,20220413,0.11,0.52,0.0572,0
12,20220414,0.02,0.52,0.0104,0
12,20220415,0.02,0.52,0.0104,0
12,20220416,0.03,0.52,0.0156,0
12,20220417,0.42,0.52,0.2184,0
12,20220418,0.33,0.52,0.1716,0
12,20220419,0.03,0.52,0.0156,0
12,20220420,0.02,0.52,0.0104,0
12,20220421,0.01,0.52,0.0052,0
12,20220422,0.02,0.51,0.0102,0
12,20220423,0.04,0.51,0.0204,0
12,20220424,0,0.51,0,0
12,20220425,0,0.51,0,0
12,20220426,0,0.51,0,0
12,20220427,0,0.51,0,0
12,20220428,0,0.51,0,0
12,20220429,0.02,0.51,0.0102,0
12,20220430,0.01,0.51,0.0051,0
12,20220501,0.38,0.51,0.1938,0
12,20220502,0.99,0.51,0.5049,0
12,20220503,0.48,0.52,0.2496,0
12,20220504,1.98,0.52,1.0296,0
12,20220505,1.93,0.52,1.0036,0
12,20220506,4.02,0.52,2.0904,0
12,20220507,8.16,0.54,4.4064,0
12,20220508,0.52,0.54,0.2808,0
12,20220509,1.28,0.53,0.6784,0
12,20220510,10.74,0.54,5.7996,1
12,20220511,6.44,0.55,3.542,0
12,20220512,8.99,0.55,4.9445,0
12,20220513,1.16,0.57,0.6612,0
12,20220514,1.15,0.56,0.644,0
12,20220515,7.5,0.56,4.2,0
12,20220516,6.12,0.58,3.5496,0
12,20220517,2.55,0.58,1.479,0
12,20220518,1.4,0.58,0.812,0
12,20220519,0.45,0.57,0.2565,0
12,20220520,0.4,0.57,0.228,0
12,20220521,0.02,0.56,0.0112,0
12,20220522,0.03,0.56,0.0168,0
12,20220523,0.01,0.55,0.0055,0
12,20220524,0.07,0.55,0.0385,0
12,20220525,2.43,0.55,1.3365,0
12,20220526,3.13,0.55,1.7215,0
12,20220527,1.93,0.55,1.0615,0
12,20220528,0.08,0.55,0.044,0
12,20220529,0.13,0.54,0.0702,0
12,20220530,0.09,0.54,0.0486,0
12,20220531,0.03,0.54,0.0162,0
12,20220601,0.01,0.53,0.0053,0
12,20220602,0,0.53,0,0
12,20220603,0.01,0.53,0.0053,0
12,20220604,0.01,0.53,0.0053,0
12,20220605,1.81,0.53,0.9593,0
12,20220606,3.7,0.53,1.961,0
12,20220607,2.57,0.53,1.3621,0
12,20220608,0.38,0.53,0.2014,0
12,20220609,0.26,0.53,0.1378,0
12,20220610,0.21,0.53,0.1113,0
12,20220611,1.31,0.53,0.6943,0
12,20220612,1.97,0.53,1.0441,0
12,20220613,1.48,0.53,0.7844,0
12,20220614,1.54,0.53,0.8162,0
12,20220615,8.16,0.54,4.4064,0
12,20220616,8.64,0.55,4.752,0
12,20220617,7.47,0.56,4.1832,0
12,20220618,4.74,0.56,2.6544,0
12,20220619,28.85,0.59,17.0215,1
12,20220620,18.31,0.64,11.7184,1
12,20220621,23.54,0.66,15.5364,1
12,20220622,9.51,0.68,6.4668,1
12,20220623,3.63,0.67,2.4321,0
12,20220624,2.55,0.67,1.7085,0
12,20220625,1.99,0.67,1.3333,0
12,20220626,0.65,0.66,0.429,0
12,20220627,2.44,0.65,1.586,0
12,20220628,2.59,0.66,1.7094,0
12,20220629,5.16,0.65,3.354,0
12,20220630,5.14,0.66,3.3924,0
12,20220701,4.5,0.66,2.97,0
12,20220702,3,0.66,1.98,0
12,20220703,3.04,0.66,2.0064,0
12,20220704,3.24,0.66,2.1384,0
12,20220705,6.45,0.66,4.257,0
12,20220706,4.59,0.67,3.0753,0
12,20220707,1.75,0.66,1.155,0
12,20220708,3.76,0.66,2.4816,0
12,20220709,2.01,0.66,1.3266,0
12,20220710,2.79,0.66,1.8414,0
12,20220711,1.15,0.65,0.7475,0
12,20220712,1.38,0.65,0.897,0
12,20220713,2.29,0.65,1.4885,0
12,20220714,0.31,0.64,0.1984,0
12,20220715,0.09,0.63,0.0567,0
12,20220716,5.09,0.63,3.2067,0
12,20220717,9.42,0.65,6.123,1
12,20220718,2,0.65,1.3,0
12,20220719,0.94,0.64,0.6016,0
12,20220720,10.14,0.65,6.591,1
12,20220721,5.89,0.66,3.8874,0
12,20220722,15.58,0.68,10.5944,1
12,20220723,1.46,0.68,0.9928,0
12,20220724,3.4,0.68,2.312,0
12,20220725,3.46,0.68,2.3528,0
12,20220726,7.74,0.69,5.3406,1
12,20220727,0.2,0.68,0.136,0
12,20220728,0.75,0.68,0.51,0
12,20220729,0.73,0.68,0.4964,0
12,20220730,1.37,0.67,0.9179,0
12,20220731,4.17,0.67,2.7939,0
12,20220801,8.36,0.67,5.6012,1
12,20220802,6.98,0.68,4.7464,0
13,20210902,7.02,0.73,5.1246,0
13,20210903,8.8,0.73,6.424,1
13,20210904,12.16,0.74,8.9984,1
13,20210905,7.22,0.75,5.415,1
13,20210906,6.91,0.75,5.1825,0
13,20210907,0.43,0.75,0.3225,0
13,20210908,0.06,0.74,0.0444,0
13,20210909,0.15,0.74,0.111,0
13,20210910,0.53,0.73,0.3869,0
13,20210911,0.06,0.73,0.0438,0
13,20210912,0.17,0.72,0.1224,0
13,20210913,0.05,0.72,0.036,0
13,20210914,0.04,0.71,0.0284,0
13,20210915,1.77,0.71,1.2567,0
13,20210916,2.6,0.71,1.846,0
13,20210917,1.42,0.71,1.0082,0
13,20210918,5.01,0.71,3.5571,0
13,20210919,6.04,0.71,4.2884,0
13,20210920,3.03,0.71,2.1513,0
13,20210921,4.59,0.71,3.2589,0
13,20210922,21.25,0.74,15.725,1
13,20210923,1.37,0.74,1.0138,0
13,20210924,1.87,0.74,1.3838,0
13,20210925,7.28,0.73,5.3144,1
13,20210926,7.13,0.75,5.3475,1
13,20210927,0.08,0.74,0.0592,0
13,20210928,2.25,0.73,1.6425,0
13,20210929,1.48,0.73,1.0804,0
13,20210930,3.93,0.73,2.8689,0
13,20211001,2.28,0.73,1.6644,0
13,20211002,5.59,0.73,4.0807,0
13,20211003,4.45,0.73,3.2485,0
13,20211004,4.71,0.73,3.4383,0
13,20211005,37.11,0.76,28.2036,1
13,20211006,8.39,0.79,6.6281,1
13,20211007,3.17,0.79,2.5043,0
13,20211008,3.81,0.78,2.9718,0
13,20211009,5.3,0.78,4.134,0
13,20211010,9.41,0.79,7.4339,1
13,20211011,4.31,0.8,3.448,0
13,20211012,4.16,0.79,3.2864,0
13,20211013,6.49,0.8,5.192,0
13,20211014,0.24,0.79,0.1896,0
13,20211015,2.84,0.79,2.2436,0
13,20211016,1.62,0.79,1.2798,0
13,20211017,3.02,0.79,2.3858,0
13,20211018,0.37,0.79,0.2923,0
13,20211019,3.3,0.78,2.574,0
13,20211020,1.74,0.78,1.3572,0
13,20211021,1.85,0.79,1.4615,0
13,20211022,0.51,0.78,0.3978,0
13,20211023,0.54,0.78,0.4212,0
13,20211024,5.98,0.78,4.6644,0
13,20211025,0.93,0.78,0.7254,0
13,20211026,0.98,0.77,0.7546,0
13,20211027,0.75,0.77,0.5775,0
13,20211028,6.67,0.76,5.0692,0
13,20211029,25.07,0.79,19.8053,1
13,20211030,17.88,0.83,14.8404,1
13,20211031,16.09,0.83,13.3547,1
13,20211101,21.37,0.86,18.3782,1
13,20211102,23.68,0.88,20.8384,1
13,20211103,30.77,0.91,28.0007,1
13,20211104,18.47,0.92,16.9924,1
13,20211105,16.95,0.92,15.594,1
13,20211106,49.77,0.94,46.7838,1
13,20211107,40.64,0.97,39.4208,1
13,20211108,36.4,0.98,35.672,1
13,20211109,16.97,0.98,16.6306,1
13,20211110,84.05,0.99,83.2095,1
13,20211111,75.19,1,75.19,1
13,20211112,3.63,0.99,3.5937,0
13,20211113,3.72,0.99,3.6828,0
13,20211114,4.74,0.99,4.6926,0
13,20211115,4.57,0.99,4.5243,0
13,20211116,2.4,0.99,2.376,0
13,20211117,11,0.99,10.89,1
13,20211118,74.21,1,74.21,1
13,20211119,20.62,1,20.62,1
13,20211120,16.63,1,16.63,1
13,20211121,7.5,1,7.5,1
13,20211122,5,0.99,4.95,0
13,20211123,2.29,0.99,2.2671,0
13,20211124,2.87,0.99,2.8413,0
13,20211125,18.25,0.99,18.0675,1
13,20211126,58.61,1,58.61,1
13,20211127,29.98,1,29.98,1
13,20211128,61.12,1,61.12,1
13,20211129,12.76,1,12.76,1
13,20211130,9.8,1,9.8,1
13,20211201,1.22,1,1.22,0
13,20211202,0.03,1,0.03,0
13,20211203,0.14,0.99,0.1386,0
13,20211204,0.01,0.99,0.0099,0
13,20211205,0.15,0.99,0.1485,0
13,20211206,1.22,0.98,1.1956,0
13,20211207,0.09,0.98,0.0882,0
13,20211208,0.38,0.97,0.3686,0
13,20211209,3.98,0.97,3.8606,0
13,20211210,2.35,0.97,2.2795,0
13,20211211,3.71,0.96,3.5616,0
13,20211212,6,0.96,5.76,1
13,20211213,6.87,0.96,6.5952,1
13,20211214,2.34,0.96,2.2464,0
13,20211215,1.6,0.95,1.52,0
13,20211216,0.48,0.95,0.456,0
13,20211217,0.15,0.94,0.141,0
13,20211218,0,0.93,0,0
13,20211219,0,0.93,0,0
13,20211220,0,0.92,0,0
13,20211221,0,0.92,0,0
13,20211222,0,0.91,0,0
13,20211223,0,0.9,0,0
13,20211224,0,0.9,0,0
13,20211225,0,0.89,0,0
13,20211226,0,0.88,0,0
13,20211227,0.41,0.88,0.3608,0
13,20211228,0.87,0.87,0.7569,0
13,20211229,0.92,0.87,0.8004,0
13,20211230,55.65,0.89,49.5285,1
13,20211231,42.52,0.96,40.8192,1
13,20220101,8.69,0.96,8.3424,1
13,20220102,0.5,0.95,0.475,0
13,20220103,0.02,0.94,0.0188,0
13,20220104,0.01,0.93,0.0093,0
13,20220105,0.02,0.93,0.0186,0
13,20220106,0.04,0.92,0.0368,0
13,20220107,0.03,0.91,0.0273,0
13,20220108,0,0.91,0,0
13,20220109,0,0.9,0,0
13,20220110,0,0.9,0,0
13,20220111,0.02,0.89,0.0178,0
13,20220112,0.14,0.88,0.1232,0
13,20220113,0.95,0.87,0.8265,0
13,20220114,0.68,0.87,0.5916,0
13,20220115,0.64,0.86,0.5504,0
13,20220116,5.86,0.86,5.0396,0
13,20220117,6.17,0.86,5.3062,1
13,20220118,1.52,0.86,1.3072,0
13,20220119,0.47,0.85,0.3995,0
13,20220120,0,0.85,0,0
13,20220121,0,0.84,0,0
13,20220122,0,0.83,0,0
13,20220123,0.59,0.83,0.4897,0
13,20220124,3.1,0.83,2.573,0
13,20220125,1.19,0.82,0.9758,0
13,20220126,0.7,0.82,0.574,0
13,20220127,0.19,0.81,0.1539,0
13,20220128,0.26,0.8,0.208,0
13,20220129,0.08,0.8,0.064,0
13,20220130,0,0.79,0,0
13,20220131,0,0.78,0,0
13,20220201,0,0.78,0,0
13,20220202,0,0.77,0,0
13,20220203,0,0.76,0,0
13,20220204,0,0.76,0,0
13,20220205,0.04,0.75,0.03,0
13,20220206,0,0.74,0,0
13,20220207,0,0.74,0,0
13,20220208,0,0.73,0,0
13,20220209,0,0.72,0,0
13,20220210,0.13,0.72,0.0936,0
13,20220211,0.25,0.71,0.1775,0
13,20220212,0.07,0.71,0.0497,0
13,20220213,0,0.7,0,0
13,20220214,0.03,0.69,0.0207,0
13,20220215,0.01,0.69,0.0069,0
13,20220216,0,0.68,0,0
13,20220217,0,0.68,0,0
13,20220218,0,0.67,0,0
13,20220219,0,0.67,0,0
13,20220220,0,0.66,0,0
13,20220221,0,0.66,0,0
13,20220222,0.03,0.65,0.0195,0
13,20220223,0,0.65,0,0
13,20220224,0,0.64,0,0
13,20220225,0,0.64,0,0
13,20220226,0.01,0.63,0.0063,0
13,20220227,0,0.63,0,0
13,20220228,0,0.62,0,0
13,20220301,0,0.62,0,0
13,20220302,0,0.61,0,0
13,20220303,0,0.61,0,0
13,20220304,0.06,0.61,0.0366,0
13,20220305,0.01,0.6,0.006,0
13,20220306,0.89,0.6,0.534,0
13,20220307,0.21,0.6,0.126,0
13,20220308,0,0.59,0,0
13,20220309,0,0.59,0,0
13,20220310,0,0.59,0,0
13,20220311,0,0.58,0,0
13,20220312,0,0.58,0,0
13,20220313,0.01,0.57,0.0057,0
13,20220314,0,0.57,0,0
13,20220315,0,0.57,0,0
13,20220316,0,0.56,0,0
13,20220317,0,0.56,0,0
13,20220318,0,0.55,0,0
13,20220319,0.01,0.55,0.0055,0
13,20220320,0.08,0.55,0.044,0
13,20220321,0.49,0.55,0.2695,0
13,20220322,0.87,0.55,0.4785,0
13,20220323,0.01,0.54,0.0054,0
13,20220324,0.01,0.54,0.0054,0
13,20220325,0,0.54,0,0
13,20220326,0,0.53,0,0
13,20220327,0,0.53,0,0
13,20220328,0,0.53,0,0
13,20220329,0,0.53,0,0
13,20220330,0,0.53,0,0
13,20220331,0.01,0.52,0.0052,0
13,20220401,0,0.52,0,0
13,20220402,0.01,0.52,0.0052,0
13,20220403,0,0.52,0,0
13,20220404,0.01,0.52,0.0052,0
13,20220405,0,0.52,0,0
13,20220406,0.05,0.52,0.026,0
13,20220407,0.1,0.52,0.052,0
13,20220408,0.14,0.52,0.0728,0
13,20220409,0.14,0.52,0.0728,0
13,20220410,0.66,0.52,0.3432,0
13,20220411,0.26,0.52,0.1352,0
13,20220412,0.07,0.52,0.0364,0
13,20220413,0.11,0.52,0.0572,0
13,20220414,0.02,0.52,0.0104,0
13,20220415,0.02,0.52,0.0104,0
13,20220416,0.03,0.52,0.0156,0
13,20220417,0.42,0.52,0.2184,0
13,20220418,0.33,0.52,0.1716,0
13,20220419,0.03,0.52,0.0156,0
13,20220420,0.02,0.52,0.0104,0
13,20220421,0.01,0.52,0.0052,0
13,20220422,0.02,0.51,0.0102,0
13,20220423,0.04,0.51,0.0204,0
13,20220424,0,0.51,0,0
13,20220425,0,0.51,0,0
13,20220426,0,0.51,0,0
13,20220427,0,0.51,0,0
13,20220428,0,0.51,0,0
13,20220429,0.02,0.51,0.0102,0
13,20220430,0.01,0.51,0.0051,0
13,20220501,0.38,0.51,0.1938,0
13,20220502,0.99,0.51,0.5049,0
13,20220503,0.48,0.52,0.2496,0
13,20220504,1.98,0.52,1.0296,0
13,20220505,1.93,0.52,1.0036,0
13,20220506,4.02,0.52,2.0904,0
13,20220507,8.16,0.54,4.4064,0
13,20220508,0.52,0.54,0.2808,0
13,20220509,1.28,0.53,0.6784,0
13,20220510,10.74,0.54,5.7996,1
13,20220511,6.44,0.55,3.542,0
13,20220512,8.99,0.55,4.9445,0
13,20220513,1.16,0.57,0.6612,0
13,20220514,1.15,0.56,0.644,0
13,20220515,7.5,0.56,4.2,0
13,20220516,6.12,0.58,3.5496,0
13,20220517,2.55,0.58,1.479,0
13,20220518,1.4,0.58,0.812,0
13,20220519,0.45,0.57,0.2565,0
13,20220520,0.4,0.57,0.228,0
13,20220521,0.02,0.56,0.0112,0
13,20220522,0.03,0.56,0.0168,0
13,20220523,0.01,0.55,0.0055,0
13,20220524,0.07,0.55,0.0385,0
13,20220525,2.43,0.55,1.3365,0
13,20220526,3.13,0.55,1.7215,0
13,20220527,1.93,0.55,1.0615,0
13,20220528,0.08,0.55,0.044,0
13,20220529,0.13,0.54,0.0702,0
13,20220530,0.09,0.54,0.0486,0
13,20220531,0.03,0.54,0.0162,0
13,20220601,0.01,0.53,0.0053,0
13,20220602,0,0.53,0,0
13,20220603,0.01,0.53,0.0053,0
13,20220604,0.01,0.53,0.0053,0
13,20220605,1.81,0.53,0.9593,0
13,20220606,3.7,0.53,1.961,0
13,20220607,2.57,0.53,1.3621,0
13,20220608,0.38,0.53,0.2014,0
13,20220609,0.26,0.53,0.1378,0
13,20220610,0.21,0.53,0.1113,0
13,20220611,1.31,0.53,0.6943,0
13,20220612,1.97,0.53,1.0441,0
13,20220613,1.48,0.53,0.7844,0
13,20220614,1.54,0.53,0.8162,0
13,20220615,8.16,0.54,4.4064,0
13,20220616,8.64,0.55,4.752,0
13,20220617,7.47,0.56,4.1832,0
13,20220618,4.74,0.56,2.6544,0
13,20220619,28.85,0.59,17.0215,1
13,20220620,18.31,0.64,11.7184,1
13,20220621,23.54,0.66,15.5364,1
13,20220622,9.51,0.68,6.4668,1
13,20220623,3.63,0.67,2.4321,0
13,20220624,2.55,0.67,1.7085,0
13,20220625,1.99,0.67,1.3333,0
13,20220626,0.65,0.66,0.429,0
13,20220627,2.44,0.65,1.586,0
13,20220628,2.59,0.66,1.7094,0
13,20220629,5.16,0.65,3.354,0
13,20220630,5.14,0.66,3.3924,0
13,20220701,4.5,0.66,2.97,0
13,20220702,3,0.66,1.98,0
13,20220703,3.04,0.66,2.0064,0
13,20220704,3.24,0.66,2.1384,0
13,20220705,6.45,0.66,4.257,0
13,20220706,4.59,0.67,3.0753,0
13,20220707,1.75,0.66,1.155,0
13,20220708,3.76,0.66,2.4816,0
13,20220709,2.01,0.66,1.3266,0
13,20220710,2.79,0.66,1.8414,0
13,20220711,1.15,0.65,0.7475,0
13,20220712,1.38,0.65,0.897,0
13,20220713,2.29,0.65,1.4885,0
13,20220714,0.31,0.64,0.1984,0
13,20220715,0.09,0.63,0.0567,0
13,20220716,5.09,0.63,3.2067,0
13,20220717,9.42,0.65,6.123,1
13,20220718,2,0.65,1.3,0
13,20220719,0.94,0.64,0.6016,0
13,20220720,10.14,0.65,6.591,1
13,20220721,5.89,0.66,3.8874,0
13,20220722,15.58,0.68,10.5944,1
13,20220723,1.46,0.68,0.9928,0
13,20220724,3.4,0.68,2.312,0
13,20220725,3.46,0.68,2.3528,0
13,20220726,7.74,0.69,5.3406,1
13,20220727,0.2,0.68,0.136,0
13,20220728,0.75,0.68,0.51,0
13,20220729,0.73,0.68,0.4964,0
13,20220730,1.37,0.67,0.9179,0
13,20220731,4.17,0.67,2.7939,0
13,20220801,8.36,0.67,5.6012,1
13,20220802,6.98,0.68,4.7464,0
14,20210902,7.02,0.73,5.1246,0
14,20210903,8.8,0.73,6.424,1
14,20210904,12.16,0.74,8.9984,1
14,20210905,7.22,0.75,5.415,1
14,20210906,6.91,0.75,5.1825,0
14,20210907,0.43,0.75,0.3225,0
14,20210908,0.06,0.74,0.0444,0
14,20210909,0.15,0.74,0.111,0
14,20210910,0.53,0.73,0.3869,0
14,20210911,0.06,0.73,0.0438,0
14,20210912,0.17,0.72,0.1224,0
14,20210913,0.05,0.72,0.036,0
14,20210914,0.04,0.71,0.0284,0
14,20210915,1.77,0.71,1.2567,0
14,20210916,2.6,0.71,1.846,0
14,20210917,1.42,0.71,1.0082,0
14,20210918,5.01,0.71,3.5571,0
14,20210919,6.04,0.71,4.2884,0
14,20210920,3.03,0.71,2.1513,0
14,20210921,4.59,0.71,3.2589,0
14,20210922,21.25,0.74,15.725,1
14,20210923,1.37,0.74,1.0138,0
14,20210924,1.87,0.74,1.3838,0
14,20210925,7.28,0.73,5.3144,1
14,20210926,7.13,0.75,5.3475,1
14,20210927,0.08,0.74,0.0592,0
14,20210928,2.25,0.73,1.6425,0
14,20210929,1.48,0.73,1.0804,0
14,20210930,3.93,0.73,2.8689,0
14,20211001,2.28,0.73,1.6644,0
14,20211002,5.59,0.73,4.0807,0
14,20211003,4.45,0.73,3.2485,0
14,20211004,4.71,0.73,3.4383,0
14,20211005,37.11,0.76,28.2036,1
14,20211006,8.39,0.79,6.6281,1
14,20211007,3.17,0.79,2.5043,0
14,20211008,3.81,0.78,2.9718,0
14,20211009,5.3,0.78,4.134,0
14,20211010,9.41,0.79,7.4339,1
14,20211011,4.31,0.8,3.448,0
14,20211012,4.16,0.79,3.2864,0
14,20211013,6.49,0.8,5.192,0
14,20211014,0.24,0.79,0.1896,0
14,20211015,2.84,0.79,2.2436,0
14,20211016,1.62,0.79,1.2798,0
14,20211017,3.02,0.79,2.3858,0
14,20211018,0.37,0.79,0.2923,0
14,20211019,3.3,0.78,2.574,0
14,20211020,1.74,0.78,1.3572,0
14,20211021,1.85,0.79,1.4615,0
14,20211022,0.51,0.78,0.3978,0
14,20211023,0.54,0.78,0.4212,0
14,20211024,5.98,0.78,4.6644,0
14,20211025,0.93,0.78,0.7254,0
14,20211026,0.98,0.77,0.7546,0
14,20211027,0.75,0.77,0.5775,0
14,20211028,6.67,0.76,5.0692,0
14,20211029,25.07,0.79,19.8053,1
14,20211030,17.88,0.83,14.8404,1
14,20211031,16.09,0.83,13.3547,1
14,20211101,21.37,0.86,18.3782,1
14,20211102,23.68,0.88,20.8384,1
14,20211103,30.77,0.91,28.0007,1
14,20211104,18.47,0.92,16.9924,1
14,20211105,16.95,0.92,15.594,1
14,20211106,49.77,0.94,46.7838,1
14,20211107,40.64,0.97,39.4208,1
14,20211108,36.4,0.98,35.672,1
14,20211109,16.97,0.98,16.6306,1
14,20211110,84.05,0.99,83.2095,1
14,20211111,75.19,1,75.19,1
14,20211112,3.63,0.99,3.5937,0
14,20211113,3.72,0.99,3.6828,0
14,20211114,4.74,0.99,4.6926,0
14,20211115,4.57,0.99,4.5243,0
14,20211116,2.4,0.99,2.376,0
14,20211117,11,0.99,10.89,1
14,20211118,74.21,1,74.21,1
14,20211119,20.62,1,20.62,1
14,20211120,16.63,1,16.63,1
14,20211121,7.5,1,7.5,1
14,20211122,5,0.99,4.95,0
14,20211123,2.29,0.99,2.2671,0
14,20211124,2.87,0.99,2.8413,0
14,20211125,18.25,0.99,18.0675,1
14,20211126,58.61,1,58.61,1
14,20211127,29.98,1,29.98,1
14,20211128,61.12,1,61.12,1
14,20211129,12.76,1,12.76,1
14,20211130,9.8,1,9.8,1
14,20211201,1.22,1,1.22,0
14,20211202,0.03,1,0.03,0
14,20211203,0.14,0.99,0.1386,0
14,20211204,0.01,0.99,0.0099,0
14,20211205,0.15,0.99,0.1485,0
14,20211206,1.22,0.98,1.1956,0
14,20211207,0.09,0.98,0.0882,0
14,20211208,0.38,0.97,0.3686,0
14,20211209,3.98,0.97,3.8606,0
14,20211210,2.35,0.97,2.2795,0
14,20211211,3.71,0.96,3.5616,0
14,20211212,6,0.96,5.76,1
14,20211213,6.87,0.96,6.5952,1
14,20211214,2.34,0.96,2.2464,0
14,20211215,1.6,0.95,1.52,0
14,20211216,0.48,0.95,0.456,0
14,20211217,0.15,0.94,0.141,0
14,20211218,0,0.93,0,0
14,20211219,0,0.93,0,0
14,20211220,0,0.92,0,0
14,20211221,0,0.92,0,0
14,20211222,0,0.91,0,0
14,20211223,0,0.9,0,0
14,20211224,0,0.9,0,0
14,20211225,0,0.89,0,0
14,20211226,0,0.88,0,0
14,20211227,0.41,0.88,0.3608,0
14,20211228,0.87,0.87,0.7569,0
14,20211229,0.92,0.87,0.8004,0
14,20211230,55.65,0.89,49.5285,1
14,20211231,42.52,0.96,40.8192,1
14,20220101,8.69,0.96,8.3424,1
14,20220102,0.5,0.95,0.475,0
14,20220103,0.02,0.94,0.0188,0
14,20220104,0.01,0.93,0.0093,0
14,20220105,0.02,0.93,0.0186,0
14,20220106,0.04,0.92,0.0368,0
14,20220107,0.03,0.91,0.0273,0
14,20220108,0,0.91,0,0
14,20220109,0,0.9,0,0
14,20220110,0,0.9,0,0
14,20220111,0.02,0.89,0.0178,0
14,20220112,0.14,0.88,0.1232,0
14,20220113,0.95,0.87,0.8265,0
14,20220114,0.68,0.87,0.5916,0
14,20220115,0.64,0.86,0.5504,0
14,20220116,5.86,0.86,5.0396,0
14,20220117,6.17,0.86,5.3062,1
14,20220118,1.52,0.86,1.3072,0
14,20220119,0.47,0.85,0.3995,0
14,20220120,0,0.85,0,0
14,20220121,0,0.84,0,0
14,20220122,0,0.83,0,0
14,20220123,0.59,0.83,0.4897,0
14,20220124,3.1,0.83,2.573,0
14,20220125,1.19,0.82,0.9758,0
14,20220126,0.7,0.82,0.574,0
14,20220127,0.19,0.81,0.1539,0
14,20220128,0.26,0.8,0.208,0
14,20220129,0.08,0.8,0.064,0
14,20220130,0,0.79,0,0
14,20220131,0,0.78,0,0
14,20220201,0,0.78,0,0
14,20220202,0,0.77,0,0
14,20220203,0,0.76,0,0
14,20220204,0,0.76,0,0
14,20220205,0.04,0.75,0.03,0
14,20220206,0,0.74,0,0
14,20220207,0,0.74,0,0
14,20220208,0,0.73,0,0
14,20220209,0,0.72,0,0
14,20220210,0.13,0.72,0.0936,0
14,20220211,0.25,0.71,0.1775,0
14,20220212,0.07,0.71,0.0497,0
14,20220213,0,0.7,0,0
14,20220214,0.03,0.69,0.0207,0
14,20220215,0.01,0.69,0.0069,0
14,20220216,0,0.68,0,0
14,20220217,0,0.68,0,0
14,20220218,0,0.67,0,0
14,20220219,0,0.67,0,0
14,20220220,0,0.66,0,0
14,20220221,0,0.66,0,0
14,20220222,0.03,0.65,0.0195,0
14,20220223,0,0.65,0,0
14,20220224,0,0.64,0,0
14,20220225,0,0.64,0,0
14,20220226,0.01,0.63,0.0063,0
14,20220227,0,0.63,0,0
14,20220228,0,0.62,0,0
14,20220301,0,0.62,0,0
14,20220302,0,0.61,0,0
14,20220303,0,0.61,0,0
14,20220304,0.06,0.61,0.0366,0
14,20220305,0.01,0.6,0.006,0
14,20220306,0.89,0.6,0.534,0
14,20220307,0.21,0.6,0.126,0
14,20220308,0,0.59,0,0
14,20220309,0,0.59,0,0
14,20220310,0,0.59,0,0
14,20220311,0,0.58,0,0
14,20220312,0,0.58,0,0
14,20220313,0.01,0.57,0.0057,0
14,20220314,0,0.57,0,0
14,20220315,0,0.57,0,0
14,20220316,0,0.56,0,0
14,20220317,0,0.56,0,0
14,20220318,0,0.55,0,0
14,20220319,0.01,0.55,0.0055,0
14,20220320,0.08,0.55,0.044,0
14,20220321,0.49,0.55,0.2695,0
14,20220322,0.87,0.55,0.4785,0
14,20220323,0.01,0.54,0.0054,0
14,20220324,0.01,0.54,0.0054,0
14,20220325,0,0.54,0,0
14,20220326,0,0.53,0,0
14,20220327,0,0.53,0,0
14,20220328,0,0.53,0,0
14,20220329,0,0.53,0,0
14,20220330,0,0.53,0,0
14,20220331,0.01,0.52,0.0052,0
14,20220401,0,0.52,0,0
14,20220402,0.01,0.52,0.0052,0
14,20220403,0,0.52,0,0
14,20220404,0.01,0.52,0.0052,0
14,20220405,0,0.52,0,0
14,20220406,0.05,0.52,0.026,0
14,20220407,0.1,0.52,0.052,0
14,20220408,0.14,0.52,0.0728,0
14,20220409,0.14,0.52,0.0728,0
14,20220410,0.66,0.52,0.3432,0
14,20220411,0.26,0.52,0.1352,0
14,20220412,0.07,0.52,0.0364,0
14,20220413,0.11,0.52,0.0572,0
14,20220414,0.02,0.52,0.0104,0
14,20220415,0.02,0.52,0.0104,0
14,20220416,0.03,0.52,0.0156,0
14,20220417,0.42,0.52,0.2184,0
14,20220418,0.33,0.52,0.1716,0
14,20220419,0.03,0.52,0.0156,0
14,20220420,0.02,0.52,0.0104,0
14,20220421,0.01,0.52,0.0052,0
14,20220422,0.02,0.51,0.0102,0
14,20220423,0.04,0.51,0.0204,0
14,20220424,0,0.51,0,0
14,20220425,0,0.51,0,0
14,20220426,0,0.51,0,0
14,20220427,0,0.51,0,0
14,20220428,0,0.51,0,0
14,20220429,0.02,0.51,0.0102,0
14,20220430,0.01,0.51,0.0051,0
14,20220501,0.38,0.51,0.1938,0
14,20220502,0.99,0.51,0.5049,0
14,20220503,0.48,0.52,0.2496,0
14,20220504,1.98,0.52,1.0296,0
14,20220505,1.93,0.52,1.0036,0
14,20220506,4.02,0.52,2.0904,0
14,20220507,8.16,0.54,4.4064,0
14,20220508,0.52,0.54,0.2808,0
14,20220509,1.28,0.53,0.6784,0
14,20220510,10.74,0.54,5.7996,1
14,20220511,6.44,0.55,3.542,0
14,20220512,8.99,0.55,4.9445,0
14,20220513,1.16,0.57,0.6612,0
14,20220514,1.15,0.56,0.644,0
14,20220515,7.5,0.56,4.2,0
14,20220516,6.12,0.58,3.5496,0
14,20220517,2.55,0.58,1.479,0
14,20220518,1.4,0.58,0.812,0
14,20220519,0.45,0.57,0.2565,0
14,20220520,0.4,0.57,0.228,0
14,20220521,0.02,0.56,0.0112,0
14,20220522,0.03,0.56,0.0168,0
14,20220523,0.01,0.55,0.0055,0
14,20220524,0.07,0.55,0.0385,0
14,20220525,2.43,0.55,1.3365,0
14,20220526,3.13,0.55,1.7215,0
14,20220527,1.93,0.55,1.0615,0
14,20220528,0.08,0.55,0.044,0
14,20220529,0.13,0.54,0.0702,0
14,20220530,0.09,0.54,0.0486,0
14,20220531,0.03,0.54,0.0162,0
14,20220601,0.01,0.53,0.0053,0
14,20220602,0,0.53,0,0
14,20220603,0.01,0.53,0.0053,0
14,20220604,0.01,0.53,0.0053,0
14,20220605,1.81,0.53,0.9593,0
14,20220606,3.7,0.53,1.961,0
14,20220607,2.57,0.53,1.3621,0
14,20220608,0.38,0.53,0.2014,0
14,20220609,0.26,0.53,0.1378,0
14,20220610,0.21,0.53,0.1113,0
14,20220611,1.31,0.53,0.6943,0
14,20220612,1.97,0.53,1.0441,0
14,20220613,1.48,0.53,0.7844,0
14,20220614,1.54,0.53,0.8162,0
14,20220615,8.16,0.54,4.4064,0
14,20220616,8.64,0.55,4.752,0
14,20220617,7.47,0.56,4.1832,0
14,20220618,4.74,0.56,2.6544,0
14,20220619,28.85,0.59,17.0215,1
14,20220620,18.31,0.64,11.7184,1
14,20220621,23.54,0.66,15.5364,1
14,20220622,9.51,0.68,6.4668,1
14,20220623,3.63,0.67,2.4321,0
14,20220624,2.55,0.67,1.7085,0
14,20220625,1.99,0.67,1.3333,0
14,20220626,0.65,0.66,0.429,0
14,20220627,2.44,0.65,1.586,0
14,20220628,2.59,0.66,1.7094,0
14,20220629,5.16,0.65,3.354,0
14,20220630,5.14,0.66,3.3924,0
14,20220701,4.5,0.66,2.97,0
14,20220702,3,0.66,1.98,0
14,20220703,3.04,0.66,2.0064,0
14,20220704,3.24,0.66,2.1384,0
14,20220705,6.45,0.66,4.257,0
14,20220706,4.59,0.67,3.0753,0
14,20220707,1.75,0.66,1.155,0
14,20220708,3.76,0.66,2.4816,0
14,20220709,2.01,0.66,1.3266,0
14,20220710,2.79,0.66,1.8414,0
14,20220711,1.15,0.65,0.7475,0
14,20220712,1.38,0.65,0.897,0
14,20220713,2.29,0.65,1.4885,0
14,20220714,0.31,0.64,0.1984,0
14,20220715,0.09,0.63,0.0567,0
14,20220716,5.09,0.63,3.2067,0
14,20220717,9.42,0.65,6.123,1
14,20220718,2,0.65,1.3,0
14,20220719,0.94,0.64,0.6016,0
14,20220720,10.14,0.65,6.591,1
14,20220721,5.89,0.66,3.8874,0
14,20220722,15.58,0.68,10.5944,1
14,20220723,1.46,0.68,0.9928,0
14,20220724,3.4,0.68,2.312,0
14,20220725,3.46,0.68,2.3528,0
14,20220726,7.74,0.69,5.3406,1
14,20220727,0.2,0.68,0.136,0
14,20220728,0.75,0.68,0.51,0
14,20220729,0.73,0.68,0.4964,0
14,20220730,1.37,0.67,0.9179,0
14,20220731,4.17,0.67,2.7939,0
14,20220801,8.36,0.67,5.6012,1
14,20220802,6.98,0.68,4.7464,0
15,20210902,7.02,0.73,5.1246,0
15,20210903,8.8,0.73,6.424,1
15,20210904,12.16,0.74,8.9984,1
15,20210905,7.22,0.75,5.415,1
15,20210906,6.91,0.75,5.1825,0
15,20210907,0.43,0.75,0.3225,0
15,20210908,0.06,0.74,0.0444,0
15,20210909,0.15,0.74,0.111,0
15,20210910,0.53,0.73,0.3869,0
15,20210911,0.06,0.73,0.0438,0
15,20210912,0.17,0.72,0.1224,0
15,20210913,0.05,0.72,0.036,0
15,20210914,0.04,0.71,0.0284,0
15,20210915,1.77,0.71,1.2567,0
15,20210916,2.6,0.71,1.846,0
15,20210917,1.42,0.71,1.0082,0
15,20210918,5.01,0.71,3.5571,0
15,20210919,6.04,0.71,4.2884,0
15,20210920,3.03,0.71,2.1513,0
15,20210921,4.59,0.71,3.2589,0
15,20210922,21.25,0.74,15.725,1
15,20210923,1.37,0.74,1.0138,0
15,20210924,1.87,0.74,1.3838,0
15,20210925,7.28,0.73,5.3144,1
15,20210926,7.13,0.75,5.3475,1
15,20210927,0.08,0.74,0.0592,0
15,20210928,2.25,0.73,1.6425,0
15,20210929,1.48,0.73,1.0804,0
15,20210930,3.93,0.73,2.8689,0
15,20211001,2.28,0.73,1.6644,0
15,20211002,5.59,0.73,4.0807,0
15,20211003,4.45,0.73,3.2485,0
15,20211004,4.71,0.73,3.4383,0
15,20211005,37.11,0.76,28.2036,1
15,20211006,8.39,0.79,6.6281,1
15,20211007,3.17,0.79,2.5043,0
15,20211008,3.81,0.78,2.9718,0
15,20211009,5.3,0.78,4.134,0
15,20211010,9.41,0.79,7.4339,1
15,20211011,4.31,0.8,3.448,0
15,20211012,4.16,0.79,3.2864,0
15,20211013,6.49,0.8,5.192,0
15,20211014,0.24,0.79,0.1896,0
15,20211015,2.84,0.79,2.2436,0
15,20211016,1.62,0.79,1.2798,0
15,20211017,3.02,0.79,2.3858,0
15,20211018,0.37,0.79,0.2923,0
15,20211019,3.3,0.78,2.574,0
15,20211020,1.74,0.78,1.3572,0
15,20211021,1.85,0.79,1.4615,0
15,20211022,0.51,0.78,0.3978,0
15,20211023,0.54,0.78,0.4212,0
15,20211024,5.98,0.78,4.6644,0
15,20211025,0.93,0.78,0.7254,0
15,20211026,0.98,0.77,0.7546,0
15,20211027,0.75,0.77,0.5775,0
15,20211028,6.67,0.76,5.0692,0
15,20211029,25.07,0.79,19.8053,1
15,20211030,17.88,0.83,14.8404,1
15,20211031,16.09,0.83,13.3547,1
15,20211101,21.37,0.86,18.3782,1
15,20211102,23.68,0.88,20.8384,1
15,20211103,30.77,0.91,28.0007,1
15,20211104,18.47,0.92,16.9924,1
15,20211105,16.95,0.92,15.594,1
15,20211106,49.77,0.94,46.7838,1
15,20211107,40.64,0.97,39.4208,1
15,20211108,36.4,0.98,35.672,1
15,20211109,16.97,0.98,16.6306,1
15,20211110,84.05,0.99,83.2095,1
15,20211111,75.19,1,75.19,1
15,20211112,3.63,0.99,3.5937,0
15,20211113,3.72,0.99,3.6828,0
15,20211114,4.74,0.99,4.6926,0
15,20211115,4.57,0.99,4.5243,0
15,20211116,2.4,0.99,2.376,0
15,20211117,11,0.99,10.89,1
15,20211118,74.21,1,74.21,1
15,20211119,20.62,1,20.62,1
15,20211120,16.63,1,16.63,1
15,20211121,7.5,1,7.5,1
15,20211122,5,0.99,4.95,0
15,20211123,2.29,0.99,2.2671,0
15,20211124,2.87,0.99,2.8413,0
15,20211125,18.25,0.99,18.0675,1
15,20211126,58.61,1,58.61,1
15,20211127,29.98,1,29.98,1
15,20211128,61.12,1,61.12,1
15,20211129,12.76,1,12.76,1
15,20211130,9.8,1,9.8,1
15,20211201,1.22,1,1.22,0
15,20211202,0.03,1,0.03,0
15,20211203,0.14,0.99,0.1386,0
15,20211204,0.01,0.99,0.0099,0
15,20211205,0.15,0.99,0.1485,0
15,20211206,1.22,0.98,1.1956,0
15,20211207,0.09,0.98,0.0882,0
15,20211208,0.38,0.97,0.3686,0
15,20211209,3.98,0.97,3.8606,0
15,20211210,2.35,0.97,2.2795,0
15,20211211,3.71,0.96,3.5616,0
15,20211212,6,0.96,5.76,1
15,20211213,6.87,0.96,6.5952,1
15,20211214,2.34,0.96,2.2464,0
15,20211215,1.6,0.95,1.52,0
15,20211216,0.48,0.95,0.456,0
15,20211217,0.15,0.94,0.141,0
15,20211218,0,0.93,0,0
15,20211219,0,0.93,0,0
15,20211220,0,0.92,0,0
15,20211221,0,0.92,0,0
15,20211222,0,0.91,0,0
15,20211223,0,0.9,0,0
15,20211224,0,0.9,0,0
15,20211225,0,0.89,0,0
15,20211226,0,0.88,0,0
15,20211227,0.41,0.88,0.3608,0
15,20211228,0.87,0.87,0.7569,0
15,20211229,0.92,0.87,0.8004,0
15,20211230,55.65,0.89,49.5285,1
15,20211231,42.52,0.96,40.8192,1
15,20220101,8.69,0.96,8.3424,1
15,20220102,0.5,0.95,0.475,0
15,20220103,0.02,0.94,0.0188,0
15,20220104,0.01,0.93,0.0093,0
15,20220105,0.02,0.93,0.0186,0
15,20220106,0.04,0.92,0.0368,0
15,20220107,0.03,0.91,0.0273,0
15,20220108,0,0.91,0,0
15,20220109,0,0.9,0,0
15,20220110,0,0.9,0,0
15,20220111,0.02,0.89,0.0178,0
15,20220112,0.14,0.88,0.1232,0
15,20220113,0.95,0.87,0.8265,0
15,20220114,0.68,0.87,0.5916,0
15,20220115,0.64,0.86,0.5504,0
15,20220116,5.86,0.86,5.0396,0
15,20220117,6.17,0.86,5.3062,1
15,20220118,1.52,0.86,1.3072,0
15,20220119,0.47,0.85,0.3995,0
15,20220120,0,0.85,0,0
15,20220121,0,0.84,0,0
15,20220122,0,0.83,0,0
15,20220123,0.59,0.83,0.4897,0
15,20220124,3.1,0.83,2.573,0
15,20220125,1.19,0.82,0.9758,0
15,20220126,0.7,0.82,0.574,0
15,20220127,0.19,0.81,0.1539,0
15,20220128,0.26,0.8,0.208,0
15,20220129,0.08,0.8,0.064,0
15,20220130,0,0.79,0,0
15,20220131,0,0.78,0,0
15,20220201,0,0.78,0,0
15,20220202,0,0.77,0,0
15,20220203,0,0.76,0,0
15,20220204,0,0.76,0,0
15,20220205,0.04,0.75,0.03,0
15,20220206,0,0.74,0,0
15,20220207,0,0.74,0,0
15,20220208,0,0.73,0,0
15,20220209,0,0.72,0,0
15,20220210,0.13,0.72,0.0936,0
15,20220211,0.25,0.71,0.1775,0
15,20220212,0.07,0.71,0.0497,0
15,20220213,0,0.7,0,0
15,20220214,0.03,0.69,0.0207,0
15,20220215,0.01,0.69,0.0069,0
15,20220216,0,0.68,0,0
15,20220217,0,0.68,0,0
15,20220218,0,0.67,0,0
15,20220219,0,0.67,0,0
15,20220220,0,0.66,0,0
15,20220221,0,0.66,0,0
15,20220222,0.03,0.65,0.0195,0
15,20220223,0,0.65,0,0
15,20220224,0,0.64,0,0
15,20220225,0,0.64,0,0
15,20220226,0.01,0.63,0.0063,0
15,20220227,0,0.63,0,0
15,20220228,0,0.62,0,0
15,20220301,0,0.62,0,0
15,20220302,0,0.61,0,0
15,20220303,0,0.61,0,0
15,20220304,0.06,0.61,0.0366,0
15,20220305,0.01,0.6,0.006,0
15,20220306,0.89,0.6,0.534,0
15,20220307,0.21,0.6,0.126,0
15,20220308,0,0.59,0,0
15,20220309,0,0.59,0,0
15,20220310,0,0.59,0,0
15,20220311,0,0.58,0,0
15,20220312,0,0.58,0,0
15,20220313,0.01,0.57,0.0057,0
15,20220314,0,0.57,0,0
15,20220315,0,0.57,0,0
15,20220316,0,0.56,0,0
15,20220317,0,0.56,0,0
15,20220318,0,0.55,0,0
15,20220319,0.01,0.55,0.0055,0
15,20220320,0.08,0.55,0.044,0
15,20220321,0.49,0.55,0.2695,0
15,20220322,0.87,0.55,0.4785,0
15,20220323,0.01,0.54,0.0054,0
15,20220324,0.01,0.54,0.0054,0
15,20220325,0,0.54,0,0
15,20220326,0,0.53,0,0
15,20220327,0,0.53,0,0
15,20220328,0,0.53,0,0
15,20220329,0,0.53,0,0
15,20220330,0,0.53,0,0
15,20220331,0.01,0.52,0.0052,0
15,20220401,0,0.52,0,0
15,20220402,0.01,0.52,0.0052,0
15,20220403,0,0.52,0,0
15,20220404,0.01,0.52,0.0052,0
15,20220405,0,0.52,0,0
15,20220406,0.05,0.52,0.026,0
15,20220407,0.1,0.52,0.052,0
15,20220408,0.14,0.52,0.0728,0
15,20220409,0.14,0.52,0.0728,0
15,20220410,0.66,0.52,0.3432,0
15,20220411,0.26,0.52,0.1352,0
15,20220412,0.07,0.52,0.0364,0
15,20220413,0.11,0.52,0.0572,0
15,20220414,0.02,0.52,0.0104,0
15,20220415,0.02,0.52,0.0104,0
15,20220416,0.03,0.52,0.0156,0
15,20220417,0.42,0.52,0.2184,0
15,20220418,0.33,0.52,0.1716,0
15,20220419,0.03,0.52,0.0156,0
15,20220420,0.02,0.52,0.0104,0
15,20220421,0.01,0.52,0.0052,0
15,20220422,0.02,0.51,0.0102,0
15,20220423,0.04,0.51,0.0204,0
15,20220424,0,0.51,0,0
15,20220425,0,0.51,0,0
15,20220426,0,0.51,0,0
15,20220427,0,0.51,0,0
15,20220428,0,0.51,0,0
15,20220429,0.02,0.51,0.0102,0
15,20220430,0.01,0.51,0.0051,0
15,20220501,0.38,0.51,0.1938,0
15,20220502,0.99,0.51,0.5049,0
15,20220503,0.48,0.52,0.2496,0
15,20220504,1.98,0.52,1.0296,0
15,20220505,1.93,0.52,1.0036,0
15,20220506,4.02,0.52,2.0904,0
15,20220507,8.16,0.54,4.4064,0
15,20220508,0.52,0.54,0.2808,0
15,20220509,1.28,0.53,0.6784,0
15,20220510,10.74,0.54,5.7996,1
15,20220511,6.44,0.55,3.542,0
15,20220512,8.99,0.55,4.9445,0
15,20220513,1.16,0.57,0.6612,0
15,20220514,1.15,0.56,0.644,0
15,20220515,7.5,0.56,4.2,0
15,20220516,6.12,0.58,3.5496,0
15,20220517,2.55,0.58,1.479,0
15,20220518,1.4,0.58,0.812,0
15,20220519,0.45,0.57,0.2565,0
15,20220520,0.4,0.57,0.228,0
15,20220521,0.02,0.56,0.0112,0
15,20220522,0.03,0.56,0.0168,0
15,20220523,0.01,0.55,0.0055,0
15,20220524,0.07,0.55,0.0385,0
15,20220525,2.43,0.55,1.3365,0
15,20220526,3.13,0.55,1.7215,0
15,20220527,1.93,0.55,1.0615,0
15,20220528,0.08,0.55,0.044,0
15,20220529,0.13,0.54,0.0702,0
15,20220530,0.09,0.54,0.0486,0
15,20220531,0.03,0.54,0.0162,0
15,20220601,0.01,0.53,0.0053,0
15,20220602,0,0.53,0,0
15,20220603,0.01,0.53,0.0053,0
15,20220604,0.01,0.53,0.0053,0
15,20220605,1.81,0.53,0.9593,0
15,20220606,3.7,0.53,1.961,0
15,20220607,2.57,0.53,1.3621,0
15,20220608,0.38,0.53,0.2014,0
15,20220609,0.26,0.53,0.1378,0
15,20220610,0.21,0.53,0.1113,0
15,20220611,1.31,0.53,0.6943,0
15,20220612,1.97,0.53,1.0441,0
15,20220613,1.48,0.53,0.7844,0
15,20220614,1.54,0.53,0.8162,0
15,20220615,8.16,0.54,4.4064,0
15,20220616,8.64,0.55,4.752,0
15,20220617,7.47,0.56,4.1832,0
15,20220618,4.74,0.56,2.6544,0
15,20220619,28.85,0.59,17.0215,1
15,20220620,18.31,0.64,11.7184,1
15,20220621,23.54,0.66,15.5364,1
15,20220622,9.51,0.68,6.4668,1
15,20220623,3.63,0.67,2.4321,0
15,20220624,2.55,0.67,1.7085,0
15,20220625,1.99,0.67,1.3333,0
15,20220626,0.65,0.66,0.429,0
15,20220627,2.44,0.65,1.586,0
15,20220628,2.59,0.66,1.7094,0
15,20220629,5.16,0.65,3.354,0
15,20220630,5.14,0.66,3.3924,0
15,20220701,4.5,0.66,2.97,0
15,20220702,3,0.66,1.98,0
15,20220703,3.04,0.66,2.0064,0
15,20220704,3.24,0.66,2.1384,0
15,20220705,6.45,0.66,4.257,0
15,20220706,4.59,0.67,3.0753,0
15,20220707,1.75,0.66,1.155,0
15,20220708,3.76,0.66,2.4816,0
15,20220709,2.01,0.66,1.3266,0
15,20220710,2.79,0.66,1.8414,0
15,20220711,1.15,0.65,0.7475,0
15,20220712,1.38,0.65,0.897,0
15,20220713,2.29,0.65,1.4885,0
15,20220714,0.31,0.64,0.1984,0
15,20220715,0.09,0.63,0.0567,0
15,20220716,5.09,0.63,3.2067,0
15,20220717,9.42,0.65,6.123,1
15,20220718,2,0.65,1.3,0
15,20220719,0.94,0.64,0.6016,0
15,20220720,10.14,0.65,6.591,1
15,20220721,5.89,0.66,3.8874,0
15,20220722,15.58,0.68,10.5944,1
15,20220723,1.46,0.68,0.9928,0
15,20220724,3.4,0.68,2.312,0
15,20220725,3.46,0.68,2.3528,0
15,20220726,7.74,0.69,5.3406,1
15,20220727,0.2,0.68,0.136,0
15,20220728,0.75,0.68,0.51,0
15,20220729,0.73,0.68,0.4964,0
15,20220730,1.37,0.67,0.9179,0
15,20220731,4.17,0.67,2.7939,0
15,20220801,8.36,0.67,5.6012,1
15,20220802,6.98,0.68,4.7464,0
16,20210902,7.02,0.73,5.1246,0
16,20210903,8.8,0.73,6.424,1
16,20210904,12.16,0.74,8.9984,1
16,20210905,7.22,0.75,5.415,1
16,20210906,6.91,0.75,5.1825,0
16,20210907,0.43,0.75,0.3225,0
16,20210908,0.06,0.74,0.0444,0
16,20210909,0.15,0.74,0.111,0
16,20210910,0.53,0.73,0.3869,0
16,20210911,0.06,0.73,0.0438,0
16,20210912,0.17,0.72,0.1224,0
16,20210913,0.05,0.72,0.036,0
16,20210914,0.04,0.71,0.0284,0
16,20210915,1.77,0.71,1.2567,0
16,20210916,2.6,0.71,1.846,0
16,20210917,1.42,0.71,1.0082,0
16,20210918,5.01,0.71,3.5571,0
16,20210919,6.04,0.71,4.2884,0
16,20210920,3.03,0.71,2.1513,0
16,20210921,4.59,0.71,3.2589,0
16,20210922,21.25,0.74,15.725,1
16,20210923,1.37,0.74,1.0138,0
16,20210924,1.87,0.74,1.3838,0
16,20210925,7.28,0.73,5.3144,1
16,20210926,7.13,0.75,5.3475,1
16,20210927,0.08,0.74,0.0592,0
16,20210928,2.25,0.73,1.6425,0
16,20210929,1.48,0.73,1.0804,0
16,20210930,3.93,0.73,2.8689,0
16,20211001,2.28,0.73,1.6644,0
16,20211002,5.59,0.73,4.0807,0
16,20211003,4.45,0.73,3.2485,0
16,20211004,4.71,0.73,3.4383,0
16,20211005,37.11,0.76,28.2036,1
16,20211006,8.39,0.79,6.6281,1
16,20211007,3.17,0.79,2.5043,0
16,20211008,3.81,0.78,2.9718,0
16,20211009,5.3,0.78,4.134,0
16,20211010,9.41,0.79,7.4339,1
16,20211011,4.31,0.8,3.448,0
16,20211012,4.16,0.79,3.2864,0
16,20211013,6.49,0.8,5.192,0
16,20211014,0.24,0.79,0.1896,0
16,20211015,2.84,0.79,2.2436,0
16,20211016,1.62,0.79,1.2798,0
16,20211017,3.02,0.79,2.3858,0
16,20211018,0.37,0.79,0.2923,0
16,20211019,3.3,0.78,2.574,0
16,20211020,1.74,0.78,1.3572,0
16,20211021,1.85,0.79,1.4615,0
16,20211022,0.51,0.78,0.3978,0
16,20211023,0.54,0.78,0.4212,0
16,20211024,5.98,0.78,4.6644,0
16,20211025,0.93,0.78,0.7254,0
16,20211026,0.98,0.77,0.7546,0
16,20211027,0.75,0.77,0.5775,0
16,20211028,6.67,0.76,5.0692,0
16,20211029,25.07,0.79,19.8053,1
16,20211030,17.88,0.83,14.8404,1
16,20211031,16.09,0.83,13.3547,1
16,20211101,21.37,0.86,18.3782,1
16,20211102,23.68,0.88,20.8384,1
16,20211103,30.77,0.91,28.0007,1
16,20211104,18.47,0.92,16.9924,1
16,20211105,16.95,0.92,15.594,1
16,20211106,49.77,0.94,46.7838,1
16,20211107,40.64,0.97,39.4208,1
16,20211108,36.4,0.98,35.672,1
16,20211109,16.97,0.98,16.6306,1
16,20211110,84.05,0.99,83.2095,1
16,20211111,75.19,1,75.19,1
16,20211112,3.63,0.99,3.5937,0
16,20211113,3.72,0.99,3.6828,0
16,20211114,4.74,0.99,4.6926,0
16,20211115,4.57,0.99,4.5243,0
16,20211116,2.4,0.99,2.376,0
16,20211117,11,0.99,10.89,1
16,20211118,74.21,1,74.21,1
16,20211119,20.62,1,20.62,1
16,20211120,16.63,1,16.63,1
16,20211121,7.5,1,7.5,1
16,20211122,5,0.99,4.95,0
16,20211123,2.29,0.99,2.2671,0
16,20211124,2.87,0.99,2.8413,0
16,20211125,18.25,0.99,18.0675,1
16,20211126,58.61,1,58.61,1
16,20211127,29.98,1,29.98,1
16,20211128,61.12,1,61.12,1
16,20211129,12.76,1,12.76,1
16,20211130,9.8,1,9.8,1
16,20211201,1.22,1,1.22,0
16,20211202,0.03,1,0.03,0
16,20211203,0.14,0.99,0.1386,0
16,20211204,0.01,0.99,0.0099,0
16,20211205,0.15,0.99,0.1485,0
16,20211206,1.22,0.98,1.1956,0
16,20211207,0.09,0.98,0.0882,0
16,20211208,0.38,0.97,0.3686,0
16,20211209,3.98,0.97,3.8606,0
16,20211210,2.35,0.97,2.2795,0
16,20211211,3.71,0.96,3.5616,0
16,20211212,6,0.96,5.76,1
16,20211213,6.87,0.96,6.5952,1
16,20211214,2.34,0.96,2.2464,0
16,20211215,1.6,0.95,1.52,0
16,20211216,0.48,0.95,0.456,0
16,20211217,0.15,0.94,0.141,0
16,20211218,0,0.93,0,0
16,20211219,0,0.93,0,0
16,20211220,0,0.92,0,0
16,20211221,0,0.92,0,0
16,20211222,0,0.91,0,0
16,20211223,0,0.9,0,0
16,20211224,0,0.9,0,0
16,20211225,0,0.89,0,0
16,20211226,0,0.88,0,0
16,20211227,0.41,0.88,0.3608,0
16,20211228,0.87,0.87,0.7569,0
16,20211229,0.92,0.87,0.8004,0
16,20211230,55.65,0.89,49.5285,1
16,20211231,42.52,0.96,40.8192,1
16,20220101,8.69,0.96,8.3424,1
16,20220102,0.5,0.95,0.475,0
16,20220103,0.02,0.94,0.0188,0
16,20220104,0.01,0.93,0.0093,0
16,20220105,0.02,0.93,0.0186,0
16,20220106,0.04,0.92,0.0368,0
16,20220107,0.03,0.91,0.0273,0
16,20220108,0,0.91,0,0
16,20220109,0,0.9,0,0
16,20220110,0,0.9,0,0
16,20220111,0.02,0.89,0.0178,0
16,20220112,0.14,0.88,0.1232,0
16,20220113,0.95,0.87,0.8265,0
16,20220114,0.68,0.87,0.5916,0
16,20220115,0.64,0.86,0.5504,0
16,20220116,5.86,0.86,5.0396,0
16,20220117,6.17,0.86,5.3062,1
16,20220118,1.52,0.86,1.3072,0
16,20220119,0.47,0.85,0.3995,0
16,20220120,0,0.85,0,0
16,20220121,0,0.84,0,0
16,20220122,0,0.83,0,0
16,20220123,0.59,0.83,0.4897,0
16,20220124,3.1,0.83,2.573,0
16,20220125,1.19,0.82,0.9758,0
16,20220126,0.7,0.82,0.574,0
16,20220127,0.19,0.81,0.1539,0
16,20220128,0.26,0.8,0.208,0
16,20220129,0.08,0.8,0.064,0
16,20220130,0,0.79,0,0
16,20220131,0,0.78,0,0
16,20220201,0,0.78,0,0
16,20220202,0,0.77,0,0
16,20220203,0,0.76,0,0
16,20220204,0,0.76,0,0
16,20220205,0.04,0.75,0.03,0
16,20220206,0,0.74,0,0
16,20220207,0,0.74,0,0
16,20220208,0,0.73,0,0
16,20220209,0,0.72,0,0
16,20220210,0.13,0.72,0.0936,0
16,20220211,0.25,0.71,0.1775,0
16,20220212,0.07,0.71,0.0497,0
16,20220213,0,0.7,0,0
16,20220214,0.03,0.69,0.0207,0
16,20220215,0.01,0.69,0.0069,0
16,20220216,0,0.68,0,0
16,20220217,0,0.68,0,0
16,20220218,0,0.67,0,0
16,20220219,0,0.67,0,0
16,20220220,0,0.66,0,0
16,20220221,0,0.66,0,0
16,20220222,0.03,0.65,0.0195,0
16,20220223,0,0.65,0,0
16,20220224,0,0.64,0,0
16,20220225,0,0.64,0,0
16,20220226,0.01,0.63,0.0063,0
16,20220227,0,0.63,0,0
16,20220228,0,0.62,0,0
16,20220301,0,0.62,0,0
16,20220302,0,0.61,0,0
16,20220303,0,0.61,0,0
16,20220304,0.06,0.61,0.0366,0
16,20220305,0.01,0.6,0.006,0
16,20220306,0.89,0.6,0.534,0
16,20220307,0.21,0.6,0.126,0
16,20220308,0,0.59,0,0
16,20220309,0,0.59,0,0
16,20220310,0,0.59,0,0
16,20220311,0,0.58,0,0
16,20220312,0,0.58,0,0
16,20220313,0.01,0.57,0.0057,0
16,20220314,0,0.57,0,0
16,20220315,0,0.57,0,0
16,20220316,0,0.56,0,0
16,20220317,0,0.56,0,0
16,20220318,0,0.55,0,0
16,20220319,0.01,0.55,0.0055,0
16,20220320,0.08,0.55,0.044,0
16,20220321,0.49,0.55,0.2695,0
16,20220322,0.87,0.55,0.4785,0
16,20220323,0.01,0.54,0.0054,0
16,20220324,0.01,0.54,0.0054,0
16,20220325,0,0.54,0,0
16,20220326,0,0.53,0,0
16,20220327,0,0.53,0,0
16,20220328,0,0.53,0,0
16,20220329,0,0.53,0,0
16,20220330,0,0.53,0,0
16,20220331,0.01,0.52,0.0052,0
16,20220401,0,0.52,0,0
16,20220402,0.01,0.52,0.0052,0
16,20220403,0,0.52,0,0
16,20220404,0.01,0.52,0.0052,0
16,20220405,0,0.52,0,0
16,20220406,0.05,0.52,0.026,0
16,20220407,0.1,0.52,0.052,0
16,20220408,0.14,0.52,0.0728,0
16,20220409,0.14,0.52,0.0728,0
16,20220410,0.66,0.52,0.3432,0
16,20220411,0.26,0.52,0.1352,0
16,20220412,0.07,0.52,0.0364,0
16,20220413,0.11,0.52,0.0572,0
16,20220414,0.02,0.52,0.0104,0
16,20220415,0.02,0.52,0.0104,0
16,20220416,0.03,0.52,0.0156,0
16,20220417,0.42,0.52,0.2184,0
16,20220418,0.33,0.52,0.1716,0
16,20220419,0.03,0.52,0.0156,0
16,20220420,0.02,0.52,0.0104,0
16,20220421,0.01,0.52,0.0052,0
16,20220422,0.02,0.51,0.0102,0
16,20220423,0.04,0.51,0.0204,0
16,20220424,0,0.51,0,0
16,20220425,0,0.51,0,0
16,20220426,0,0.51,0,0
16,20220427,0,0.51,0,0
16,20220428,0,0.51,0,0
16,20220429,0.02,0.51,0.0102,0
16,20220430,0.01,0.51,0.0051,0
16,20220501,0.38,0.51,0.1938,0
16,20220502,0.99,0.51,0.5049,0
16,20220503,0.48,0.52,0.2496,0
16,20220504,1.98,0.52,1.0296,0
16,20220505,1.93,0.52,1.0036,0
16,20220506,4.02,0.52,2.0904,0
16,20220507,8.16,0.54,4.4064,0
16,20220508,0.52,0.54,0.2808,0
16,20220509,1.28,0.53,0.6784,0
16,20220510,10.74,0.54,5.7996,1
16,20220511,6.44,0.55,3.542,0
16,20220512,8.99,0.55,4.9445,0
16,20220513,1.16,0.57,0.6612,0
16,20220514,1.15,0.56,0.644,0
16,20220515,7.5,0.56,4.2,0
16,20220516,6.12,0.58,3.5496,0
16,20220517,2.55,0.58,1.479,0
16,20220518,1.4,0.58,0.812,0
16,20220519,0.45,0.57,0.2565,0
16,20220520,0.4,0.57,0.228,0
16,20220521,0.02,0.56,0.0112,0
16,20220522,0.03,0.56,0.0168,0
16,20220523,0.01,0.55,0.0055,0
16,20220524,0.07,0.55,0.0385,0
16,20220525,2.43,0.55,1.3365,0
16,20220526,3.13,0.55,1.7215,0
16,20220527,1.93,0.55,1.0615,0
16,20220528,0.08,0.55,0.044,0
16,20220529,0.13,0.54,0.0702,0
16,20220530,0.09,0.54,0.0486,0
16,20220531,0.03,0.54,0.0162,0
16,20220601,0.01,0.53,0.0053,0
16,20220602,0,0.53,0,0
16,20220603,0.01,0.53,0.0053,0
16,20220604,0.01,0.53,0.0053,0
16,20220605,1.81,0.53,0.9593,0
16,20220606,3.7,0.53,1.961,0
16,20220607,2.57,0.53,1.3621,0
16,20220608,0.38,0.53,0.2014,0
16,20220609,0.26,0.53,0.1378,0
16,20220610,0.21,0.53,0.1113,0
16,20220611,1.31,0.53,0.6943,0
16,20220612,1.97,0.53,1.0441,0
16,20220613,1.48,0.53,0.7844,0
16,20220614,1.54,0.53,0.8162,0
16,20220615,8.16,0.54,4.4064,0
16,20220616,8.64,0.55,4.752,0
16,20220617,7.47,0.56,4.1832,0
16,20220618,4.74,0.56,2.6544,0
16,20220619,28.85,0.59,17.0215,1
16,20220620,18.31,0.64,11.7184,1
16,20220621,23.54,0.66,15.5364,1
16,20220622,9.51,0.68,6.4668,1
16,20220623,3.63,0.67,2.4321,0
16,20220624,2.55,0.67,1.7085,0
16,20220625,1.99,0.67,1.3333,0
16,20220626,0.65,0.66,0.429,0
16,20220627,2.44,0.65,1.586,0
16,20220628,2.59,0.66,1.7094,0
16,20220629,5.16,0.65,3.354,0
16,20220630,5.14,0.66,3.3924,0
16,20220701,4.5,0.66,2.97,0
16,20220702,3,0.66,1.98,0
16,20220703,3.04,0.66,2.0064,0
16,20220704,3.24,0.66,2.1384,0
16,20220705,6.45,0.66,4.257,0
16,20220706,4.59,0.67,3.0753,0
16,20220707,1.75,0.66,1.155,0
16,20220708,3.76,0.66,2.4816,0
16,20220709,2.01,0.66,1.3266,0
16,20220710,2.79,0.66,1.8414,0
16,20220711,1.15,0.65,0.7475,0
16,20220712,1.38,0.65,0.897,0
16,20220713,2.29,0.65,1.4885,0
16,20220714,0.31,0.64,0.1984,0
16,20220715,0.09,0.63,0.0567,0
16,20220716,5.09,0.63,3.2067,0
16,20220717,9.42,0.65,6.123,1
16,20220718,2,0.65,1.3,0
16,20220719,0.94,0.64,0.6016,0
16,20220720,10.14,0.65,6.591,1
16,20220721,5.89,0.66,3.8874,0
16,20220722,15.58,0.68,10.5944,1
16,20220723,1.46,0.68,0.9928,0
16,20220724,3.4,0.68,2.312,0
16,20220725,3.46,0.68,2.3528,0
16,20220726,7.74,0.69,5.3406,1
16,20220727,0.2,0.68,0.136,0
16,20220728,0.75,0.68,0.51,0
16,20220729,0.73,0.68,0.4964,0
16,20220730,1.37,0.67,0.9179,0
16,20220731,4.17,0.67,2.7939,0
16,20220801,8.36,0.67,5.6012,1
16,20220802,6.98,0.68,4.7464,0
