zone_id,date,rainfall_mm,soil_moisture,hf_mean,runoff_mm,hand_norm,vulnerability,flood_risk_index,flood_label
1,20210902,7.02,0.73,0.870888378598004,5.124599999999999,0.8037741355955433,0.19622586440445666,1.0055790647270784,0
1,20210903,8.8,0.73,0.870888378598004,6.424,0.8037741355955433,0.19622586440445666,1.2605549529342297,0
1,20210904,12.16,0.74,0.870888378598004,8.9984,0.8037741355955433,0.19622586440445666,1.765718818257063,0
1,20210905,7.22,0.75,0.870888378598004,5.415,0.8037741355955433,0.19622586440445666,1.0625630557501329,0
1,20210906,6.91,0.75,0.870888378598004,5.1825,0.8037741355955433,0.19622586440445666,1.0169405422760966,0
1,20210907,0.43,0.75,0.870888378598004,0.3225,0.8037741355955433,0.19622586440445666,0.06328284127043728,0
1,20210908,0.06,0.74,0.870888378598004,0.044399999999999995,0.8037741355955433,0.19622586440445666,0.008712428379557874,0
1,20210909,0.15,0.74,0.870888378598004,0.111,0.8037741355955433,0.19622586440445666,0.021781070948894688,0
1,20210910,0.53,0.73,0.870888378598004,0.3869,0.8037741355955433,0.19622586440445666,0.0759197869380843,0
1,20210911,0.06,0.73,0.870888378598004,0.0438,0.8037741355955433,0.19622586440445666,0.008594692860915201,0
1,20210912,0.17,0.72,0.870888378598004,0.12240000000000001,0.8037741355955433,0.19622586440445666,0.024018045803105497,0
1,20210913,0.05,0.72,0.870888378598004,0.036,0.8037741355955433,0.19622586440445666,0.00706413111856044,0
1,20210914,0.04,0.71,0.870888378598004,0.028399999999999998,0.8037741355955433,0.19622586440445666,0.0055728145490865685,0
1,20210915,1.77,0.71,0.870888378598004,1.2567,0.8037741355955433,0.19622586440445666,0.24659704379708067,0
1,20210916,2.6,0.71,0.870888378598004,1.8459999999999999,0.8037741355955433,0.19622586440445666,0.362232945690627,0
1,20210917,1.42,0.71,0.870888378598004,1.0082,0.8037741355955433,0.19622586440445666,0.1978349164925732,0
1,20210918,5.01,0.71,0.870888378598004,3.5570999999999997,0.8037741355955433,0.19622586440445666,0.6979950222730927,0
1,20210919,6.04,0.71,0.870888378598004,4.2884,0.8037741355955433,0.19622586440445666,0.841494996912072,0
1,20210920,3.03,0.71,0.870888378598004,2.1512999999999995,0.8037741355955433,0.19622586440445666,0.4221407020933075,0
1,20210921,4.59,0.71,0.870888378598004,3.2588999999999997,0.8037741355955433,0.19622586440445666,0.6394804695076838,0
1,20210922,21.25,0.74,0.870888378598004,15.725,0.8037741355955433,0.19622586440445666,3.085651717760081,0
1,20210923,1.37,0.74,0.870888378598004,1.0138,0.8037741355955433,0.19622586440445666,0.19893378133323816,0
1,20210924,1.87,0.74,0.870888378598004,1.3838000000000001,0.8037741355955433,0.19622586440445666,0.27153735116288713,0
1,20210925,7.28,0.73,0.870888378598004,5.3144,0.8037741355955433,0.19622586440445666,1.0428227337910445,0
1,20210926,7.13,0.75,0.870888378598004,5.3475,0.8037741355955433,0.19622586440445666,1.049317809902832,0
1,20210927,0.08,0.74,0.870888378598004,0.0592,0.8037741355955433,0.19622586440445666,0.011616571172743836,0
1,20210928,2.25,0.73,0.870888378598004,1.6425,0.8037741355955433,0.19622586440445666,0.3223009822843201,0
1,20210929,1.48,0.73,0.870888378598004,1.0804,0.8037741355955433,0.19622586440445666,0.21200242390257498,0
1,20210930,3.93,0.73,0.870888378598004,2.8689,0.8037741355955433,0.19622586440445666,0.5629523823899457,0
1,20211001,2.28,0.73,0.870888378598004,1.6643999999999999,0.8037741355955433,0.19622586440445666,0.3265983287147776,0
1,20211002,5.59,0.73,0.870888378598004,4.0807,0.8037741355955433,0.19622586440445666,0.8007388848752663,0
1,20211003,4.45,0.73,0.870888378598004,3.2485,0.8037741355955433,0.19622586440445666,0.6374397205178775,0
1,20211004,4.71,0.73,0.870888378598004,3.4383,0.8037741355955433,0.19622586440445666,0.6746833895818434,0
1,20211005,37.11,0.76,0.870888378598004,28.2036,0.8037741355955433,0.19622586440445666,5.534275789317534,1
1,20211006,8.39,0.79,0.870888378598004,6.628100000000001,0.8037741355955433,0.19622586440445666,1.3006046518591794,0
1,20211007,3.17,0.79,0.870888378598004,2.5043,0.8037741355955433,0.19622586440445666,0.49140843222808084,0
1,20211008,3.81,0.78,0.870888378598004,2.9718,0.8037741355955433,0.19622586440445666,0.5831440238371643,0
1,20211009,5.3,0.78,0.870888378598004,4.134,0.8037741355955433,0.19622586440445666,0.8111977234480239,0
1,20211010,9.41,0.79,0.870888378598004,7.4339,0.8037741355955433,0.19622586440445666,1.4587234533962905,0
1,20211011,4.31,0.8,0.870888378598004,3.448,0.8037741355955433,0.19622586440445666,0.6765867804665666,0
1,20211012,4.16,0.79,0.870888378598004,3.2864000000000004,0.8037741355955433,0.19622586440445666,0.6448766807788064,0
1,20211013,6.49,0.8,0.870888378598004,5.192,0.8037741355955433,0.19622586440445666,1.018804687987939,0
1,20211014,0.24,0.79,0.870888378598004,0.1896,0.8037741355955433,0.19622586440445666,0.037204423891084984,0
1,20211015,2.84,0.79,0.870888378598004,2.2436,0.8037741355955433,0.19622586440445666,0.4402523493778389,0
1,20211016,1.62,0.79,0.870888378598004,1.2798,0.8037741355955433,0.19622586440445666,0.2511298612648237,0
1,20211017,3.02,0.79,0.870888378598004,2.3858,0.8037741355955433,0.19622586440445666,0.4681556672961527,0
1,20211018,0.37,0.79,0.870888378598004,0.2923,0.8037741355955433,0.19622586440445666,0.057356820165422685,0
1,20211019,3.3,0.78,0.870888378598004,2.574,0.8037741355955433,0.19622586440445666,0.5050853749770714,0
1,20211020,1.74,0.78,0.870888378598004,1.3572,0.8037741355955433,0.19622586440445666,0.26631774316972856,0
1,20211021,1.85,0.79,0.870888378598004,1.4615000000000002,0.8037741355955433,0.19622586440445666,0.2867841008271135,0
1,20211022,0.51,0.78,0.870888378598004,0.39780000000000004,0.8037741355955433,0.19622586440445666,0.07805864886009287,0
1,20211023,0.54,0.78,0.870888378598004,0.4212,0.8037741355955433,0.19622586440445666,0.08265033408715715,0
1,20211024,5.98,0.78,0.870888378598004,4.6644000000000005,0.8037741355955433,0.19622586440445666,0.9152759219281478,0
1,20211025,0.93,0.78,0.870888378598004,0.7254,0.8037741355955433,0.19622586440445666,0.14234224203899287,0
1,20211026,0.98,0.77,0.870888378598004,0.7546,0.8037741355955433,0.19622586440445666,0.148072037279603,0
1,20211027,0.75,0.77,0.870888378598004,0.5775,0.8037741355955433,0.19622586440445666,0.11332043669357372,0
1,20211028,6.67,0.76,0.870888378598004,5.0692,0.8037741355955433,0.19622586440445666,0.9947081518390718,0
1,20211029,25.07,0.79,0.870888378598004,19.805300000000003,0.8037741355955433,0.19622586440445666,3.886312112289586,1
1,20211030,17.88,0.83,0.870888378598004,14.840399999999999,0.8037741355955433,0.19622586440445666,2.9120703181078986,0
1,20211031,16.09,0.83,0.870888378598004,13.3547,0.8037741355955433,0.19622586440445666,2.6205375513621973,0
1,20211101,21.37,0.86,0.870888378598004,18.3782,0.8037741355955433,0.19622586440445666,3.606278181197985,1
1,20211102,23.68,0.88,0.870888378598004,20.8384,0.8037741355955433,0.19622586440445666,4.08903305280583,1
1,20211103,30.77,0.91,0.870888378598004,28.000700000000002,0.8037741355955433,0.19622586440445666,5.49446156142987,1
1,20211104,18.47,0.92,0.870888378598004,16.9924,0.8037741355955433,0.19622586440445666,3.3343483783062893,0
1,20211105,16.95,0.92,0.870888378598004,15.594,0.8037741355955433,0.19622586440445666,3.059946129523097,0
1,20211106,49.77,0.94,0.870888378598004,46.7838,0.8037741355955433,0.19622586440445666,9.180191595125219,1
1,20211107,40.64,0.97,0.870888378598004,39.4208,0.8037741355955433,0.19622586440445666,7.7353805555152055,1
1,20211108,36.4,0.98,0.870888378598004,35.672,0.8037741355955433,0.19622586440445666,6.9997690350357775,1
1,20211109,16.97,0.98,0.870888378598004,16.630599999999998,0.8037741355955433,0.19622586440445666,3.2633538605647563,0
1,20211110,84.05,0.99,0.870888378598004,83.20949999999999,0.8037741355955433,0.19622586440445666,16.327856064162635,1
1,20211111,75.19,1.0,0.870888378598004,75.19,0.8037741355955433,0.19622586440445666,14.754222744571097,1
1,20211112,3.63,0.99,0.870888378598004,3.5936999999999997,0.8037741355955433,0.19622586440445666,0.7051768889102958,0
1,20211113,3.72,0.99,0.870888378598004,3.6828000000000003,0.8037741355955433,0.19622586440445666,0.722660613428733,0
1,20211114,4.74,0.99,0.870888378598004,4.6926000000000005,0.8037741355955433,0.19622586440445666,0.9208094913043534,0
1,20211115,4.57,0.99,0.870888378598004,4.5243,0.8037741355955433,0.19622586440445666,0.8877846783250833,0
1,20211116,2.4,0.99,0.870888378598004,2.376,0.8037741355955433,0.19622586440445666,0.466232653824989,0
1,20211117,11.0,0.99,0.870888378598004,10.89,0.8037741355955433,0.19622586440445666,2.136899663364533,0
1,20211118,74.21,1.0,0.870888378598004,74.21,0.8037741355955433,0.19622586440445666,14.561921397454729,1
1,20211119,20.62,1.0,0.870888378598004,20.62,0.8037741355955433,0.19622586440445666,4.046177324019896,1
1,20211120,16.63,1.0,0.870888378598004,16.63,0.8037741355955433,0.19622586440445666,3.263236125046114,0
1,20211121,7.5,1.0,0.870888378598004,7.5,0.8037741355955433,0.19622586440445666,1.471693983033425,0
1,20211122,5.0,0.99,0.870888378598004,4.95,0.8037741355955433,0.19622586440445666,0.9713180288020605,0
1,20211123,2.29,0.99,0.870888378598004,2.2671,0.8037741355955433,0.19622586440445666,0.44486365719134374,0
1,20211124,2.87,0.99,0.870888378598004,2.8413,0.8037741355955433,0.19622586440445666,0.5575365485323827,0
1,20211125,18.25,0.99,0.870888378598004,18.0675,0.8037741355955433,0.19622586440445666,3.5453108051275204,1
1,20211126,58.61,1.0,0.870888378598004,58.61,0.8037741355955433,0.19622586440445666,11.500797912745204,1
1,20211127,29.98,1.0,0.870888378598004,29.98,0.8037741355955433,0.19622586440445666,5.882851414845611,1
1,20211128,61.12,1.0,0.870888378598004,61.12,0.8037741355955433,0.19622586440445666,11.99332483240039,1
1,20211129,12.76,1.0,0.870888378598004,12.76,0.8037741355955433,0.19622586440445666,2.503842029800867,0
1,20211130,9.8,1.0,0.870888378598004,9.8,0.8037741355955433,0.19622586440445666,1.9230134711636755,0
1,20211201,1.22,1.0,0.870888378598004,1.22,0.8037741355955433,0.19622586440445666,0.2393955545734371,0
1,20211202,0.03,1.0,0.870888378598004,0.03,0.8037741355955433,0.19622586440445666,0.0058867759321336996,0
1,20211203,0.14,0.99,0.870888378598004,0.1386,0.8037741355955433,0.19622586440445666,0.027196904806457693,0
1,20211204,0.01,0.99,0.870888378598004,0.0099,0.8037741355955433,0.19622586440445666,0.001942636057604121,0
1,20211205,0.15,0.99,0.870888378598004,0.1485,0.8037741355955433,0.19622586440445666,0.029139540864061814,0
1,20211206,1.22,0.98,0.870888378598004,1.1956,0.8037741355955433,0.19622586440445666,0.2346076434819684,0
1,20211207,0.09,0.98,0.870888378598004,0.0882,0.8037741355955433,0.19622586440445666,0.017307121240473077,0
1,20211208,0.38,0.97,0.870888378598004,0.3686,0.8037741355955433,0.19622586440445666,0.07232885361948273,0
1,20211209,3.98,0.97,0.870888378598004,3.8606,0.8037741355955433,0.19622586440445666,0.7575495721198453,0
1,20211210,2.35,0.97,0.870888378598004,2.2795,0.8037741355955433,0.19622586440445666,0.447296857909959,0
1,20211211,3.71,0.96,0.870888378598004,3.5616,0.8037741355955433,0.19622586440445666,0.6988780386629129,0
1,20211212,6.0,0.96,0.870888378598004,5.76,0.8037741355955433,0.19622586440445666,1.1302609789696703,0
1,20211213,6.87,0.96,0.870888378598004,6.5952,0.8037741355955433,0.19622586440445666,1.2941488209202727,0
1,20211214,2.34,0.96,0.870888378598004,2.2464,0.8037741355955433,0.19622586440445666,0.4408017817981714,0
1,20211215,1.6,0.95,0.870888378598004,1.52,0.8037741355955433,0.19622586440445666,0.2982633138947741,0
1,20211216,0.48,0.95,0.870888378598004,0.45599999999999996,0.8037741355955433,0.19622586440445666,0.08947899416843223,0
1,20211217,0.15,0.94,0.870888378598004,0.141,0.8037741355955433,0.19622586440445666,0.027667846881028385,0
1,20211218,0.0,0.93,0.870888378598004,0.0,0.8037741355955433,0.19622586440445666,0.0,0
1,20211219,0.0,0.93,0.870888378598004,0.0,0.8037741355955433,0.19622586440445666,0.0,0
1,20211220,0.0,0.92,0.870888378598004,0.0,0.8037741355955433,0.19622586440445666,0.0,0
1,20211221,0.0,0.92,0.870888378598004,0.0,0.8037741355955433,0.19622586440445666,0.0,0
1,20211222,0.0,0.91,0.870888378598004,0.0,0.8037741355955433,0.19622586440445666,0.0,0
1,20211223,0.0,0.9,0.870888378598004,0.0,0.8037741355955433,0.19622586440445666,0.0,0
1,20211224,0.0,0.9,0.870888378598004,0.0,0.8037741355955433,0.19622586440445666,0.0,0
1,20211225,0.0,0.89,0.870888378598004,0.0,0.8037741355955433,0.19622586440445666,0.0,0
1,20211226,0.0,0.88,0.870888378598004,0.0,0.8037741355955433,0.19622586440445666,0.0,0
1,20211227,0.41,0.88,0.870888378598004,0.36079999999999995,0.8037741355955433,0.19622586440445666,0.07079829187712795,0
1,20211228,0.87,0.87,0.870888378598004,0.7569,0.8037741355955433,0.19622586440445666,0.14852335676773326,0
1,20211229,0.92,0.87,0.870888378598004,0.8004,0.8037741355955433,0.19622586440445666,0.1570591818693271,0
1,20211230,55.65,0.89,0.870888378598004,49.5285,0.8037741355955433,0.19622586440445666,9.718772725156132,1
1,20211231,42.52,0.96,0.870888378598004,40.8192,0.8037741355955433,0.19622586440445666,8.009782804298398,1
1,20220101,8.69,0.96,0.870888378598004,8.3424,0.8037741355955433,0.19622586440445666,1.6369946512077391,0
1,20220102,0.5,0.95,0.870888378598004,0.475,0.8037741355955433,0.19622586440445666,0.09320728559211691,0
1,20220103,0.02,0.94,0.870888378598004,0.0188,0.8037741355955433,0.19622586440445666,0.0036890462508037854,0
1,20220104,0.01,0.93,0.870888378598004,0.009300000000000001,0.8037741355955433,0.19622586440445666,0.001824900538961447,0
1,20220105,0.02,0.93,0.870888378598004,0.018600000000000002,0.8037741355955433,0.19622586440445666,0.003649801077922894,0
1,20220106,0.04,0.92,0.870888378598004,0.0368,0.8037741355955433,0.19622586440445666,0.007221111810084005,0
1,20220107,0.03,0.91,0.870888378598004,0.0273,0.8037741355955433,0.19622586440445666,0.005356966098241667,0
1,20220108,0.0,0.91,0.870888378598004,0.0,0.8037741355955433,0.19622586440445666,0.0,0
1,20220109,0.0,0.9,0.870888378598004,0.0,0.8037741355955433,0.19622586440445666,0.0,0
1,20220110,0.0,0.9,0.870888378598004,0.0,0.8037741355955433,0.19622586440445666,0.0,0
1,20220111,0.02,0.89,0.870888378598004,0.0178,0.8037741355955433,0.19622586440445666,0.0034928203863993285,0
1,20220112,0.14,0.88,0.870888378598004,0.12320000000000002,0.8037741355955433,0.19622586440445666,0.024175026494629066,0
1,20220113,0.95,0.87,0.870888378598004,0.8265,0.8037741355955433,0.19622586440445666,0.16218067693028343,0
1,20220114,0.68,0.87,0.870888378598004,0.5916,0.8037741355955433,0.19622586440445666,0.11608722138167657,0
1,20220115,0.64,0.86,0.870888378598004,0.5504,0.8037741355955433,0.19622586440445666,0.10800271576821295,0
1,20220116,5.86,0.86,0.870888378598004,5.0396,0.8037741355955433,0.19622586440445666,0.9888998662526998,0
1,20220117,6.17,0.86,0.870888378598004,5.3062,0.8037741355955433,0.19622586440445666,1.0412136817029278,0
1,20220118,1.52,0.86,0.870888378598004,1.3072,0.8037741355955433,0.19622586440445666,0.2565064499495057,0
1,20220119,0.47,0.85,0.870888378598004,0.39949999999999997,0.8037741355955433,0.19622586440445666,0.07839223282958042,0
1,20220120,0.0,0.85,0.870888378598004,0.0,0.8037741355955433,0.19622586440445666,0.0,0
1,20220121,0.0,0.84,0.870888378598004,0.0,0.8037741355955433,0.19622586440445666,0.0,0
1,20220122,0.0,0.83,0.870888378598004,0.0,0.8037741355955433,0.19622586440445666,0.0,0
1,20220123,0.59,0.83,0.870888378598004,0.48969999999999997,0.8037741355955433,0.19622586440445666,0.09609180579886242,0
1,20220124,3.1,0.83,0.870888378598004,2.573,0.8037741355955433,0.19622586440445666,0.504889149112667,0
1,20220125,1.19,0.82,0.870888378598004,0.9757999999999999,0.8037741355955433,0.19622586440445666,0.19147719848586878,0
1,20220126,0.7,0.82,0.870888378598004,0.574,0.8037741355955433,0.19622586440445666,0.11263364616815812,0
1,20220127,0.19,0.81,0.870888378598004,0.1539,0.8037741355955433,0.19622586440445666,0.030199160531845883,0
1,20220128,0.26,0.8,0.870888378598004,0.20800000000000002,0.8037741355955433,0.19622586440445666,0.04081497979612699,0
1,20220129,0.08,0.8,0.870888378598004,0.064,0.8037741355955433,0.19622586440445666,0.012558455321885226,0
1,20220130,0.0,0.79,0.870888378598004,0.0,0.8037741355955433,0.19622586440445666,0.0,0
1,20220131,0.0,0.78,0.870888378598004,0.0,0.8037741355955433,0.19622586440445666,0.0,0
1,20220201,0.0,0.78,0.870888378598004,0.0,0.8037741355955433,0.19622586440445666,0.0,0
1,20220202,0.0,0.77,0.870888378598004,0.0,0.8037741355955433,0.19622586440445666,0.0,0
1,20220203,0.0,0.76,0.870888378598004,0.0,0.8037741355955433,0.19622586440445666,0.0,0
1,20220204,0.0,0.76,0.870888378598004,0.0,0.8037741355955433,0.19622586440445666,0.0,0
1,20220205,0.04,0.75,0.870888378598004,0.03,0.8037741355955433,0.19622586440445666,0.0058867759321336996,0
1,20220206,0.0,0.74,0.870888378598004,0.0,0.8037741355955433,0.19622586440445666,0.0,0
1,20220207,0.0,0.74,0.870888378598004,0.0,0.8037741355955433,0.19622586440445666,0.0,0
1,20220208,0.0,0.73,0.870888378598004,0.0,0.8037741355955433,0.19622586440445666,0.0,0
1,20220209,0.0,0.72,0.870888378598004,0.0,0.8037741355955433,0.19622586440445666,0.0,0
1,20220210,0.13,0.72,0.870888378598004,0.0936,0.8037741355955433,0.19622586440445666,0.018366740908257143,0
1,20220211,0.25,0.71,0.870888378598004,0.1775,0.8037741355955433,0.19622586440445666,0.034830090931791055,0
1,20220212,0.07,0.71,0.870888378598004,0.0497,0.8037741355955433,0.19622586440445666,0.009752425460901496,0
1,20220213,0.0,0.7,0.870888378598004,0.0,0.8037741355955433,0.19622586440445666,0.0,0
1,20220214,0.03,0.69,0.870888378598004,0.020699999999999996,0.8037741355955433,0.19622586440445666,0.004061875393172252,0
1,20220215,0.01,0.69,0.870888378598004,0.0069,0.8037741355955433,0.19622586440445666,0.001353958464390751,0
1,20220216,0.0,0.68,0.870888378598004,0.0,0.8037741355955433,0.19622586440445666,0.0,0
1,20220217,0.0,0.68,0.870888378598004,0.0,0.8037741355955433,0.19622586440445666,0.0,0
1,20220218,0.0,0.67,0.870888378598004,0.0,0.8037741355955433,0.19622586440445666,0.0,0
1,20220219,0.0,0.67,0.870888378598004,0.0,0.8037741355955433,0.19622586440445666,0.0,0
1,20220220,0.0,0.66,0.870888378598004,0.0,0.8037741355955433,0.19622586440445666,0.0,0
1,20220221,0.0,0.66,0.870888378598004,0.0,0.8037741355955433,0.19622586440445666,0.0,0
1,20220222,0.03,0.65,0.870888378598004,0.0195,0.8037741355955433,0.19622586440445666,0.003826404355886905,0
1,20220223,0.0,0.65,0.870888378598004,0.0,0.8037741355955433,0.19622586440445666,0.0,0
1,20220224,0.0,0.64,0.870888378598004,0.0,0.8037741355955433,0.19622586440445666,0.0,0
1,20220225,0.0,0.64,0.870888378598004,0.0,0.8037741355955433,0.19622586440445666,0.0,0
1,20220226,0.01,0.63,0.870888378598004,0.0063,0.8037741355955433,0.19622586440445666,0.001236222945748077,0
1,20220227,0.0,0.63,0.870888378598004,0.0,0.8037741355955433,0.19622586440445666,0.0,0
1,20220228,0.0,0.62,0.870888378598004,0.0,0.8037741355955433,0.19622586440445666,0.0,0
1,20220301,0.0,0.62,0.870888378598004,0.0,0.8037741355955433,0.19622586440445666,0.0,0
1,20220302,0.0,0.61,0.870888378598004,0.0,0.8037741355955433,0.19622586440445666,0.0,0
1,20220303,0.0,0.61,0.870888378598004,0.0,0.8037741355955433,0.19622586440445666,0.0,0
1,20220304,0.06,0.61,0.870888378598004,0.0366,0.8037741355955433,0.19622586440445666,0.007181866637203114,0
1,20220305,0.01,0.6,0.870888378598004,0.006,0.8037741355955433,0.19622586440445666,0.00117735518642674,0
1,20220306,0.89,0.6,0.870888378598004,0.534,0.8037741355955433,0.19622586440445666,0.10478461159197987,0
1,20220307,0.21,0.6,0.870888378598004,0.126,0.8037741355955433,0.19622586440445666,0.02472445891496154,0
1,20220308,0.0,0.59,0.870888378598004,0.0,0.8037741355955433,0.19622586440445666,0.0,0
1,20220309,0.0,0.59,0.870888378598004,0.0,0.8037741355955433,0.19622586440445666,0.0,0
1,20220310,0.0,0.59,0.870888378598004,0.0,0.8037741355955433,0.19622586440445666,0.0,0
1,20220311,0.0,0.58,0.870888378598004,0.0,0.8037741355955433,0.19622586440445666,0.0,0
1,20220312,0.0,0.58,0.870888378598004,0.0,0.8037741355955433,0.19622586440445666,0.0,0
1,20220313,0.01,0.57,0.870888378598004,0.005699999999999999,0.8037741355955433,0.19622586440445666,0.001118487427105403,0
1,20220314,0.0,0.57,0.870888378598004,0.0,0.8037741355955433,0.19622586440445666,0.0,0
1,20220315,0.0,0.57,0.870888378598004,0.0,0.8037741355955433,0.19622586440445666,0.0,0
1,20220316,0.0,0.56,0.870888378598004,0.0,0.8037741355955433,0.19622586440445666,0.0,0
1,20220317,0.0,0.56,0.870888378598004,0.0,0.8037741355955433,0.19622586440445666,0.0,0
1,20220318,0.0,0.55,0.870888378598004,0.0,0.8037741355955433,0.19622586440445666,0.0,0
1,20220319,0.01,0.55,0.870888378598004,0.0055000000000000005,0.8037741355955433,0.19622586440445666,0.0010792422542245117,0
1,20220320,0.08,0.55,0.870888378598004,0.044000000000000004,0.8037741355955433,0.19622586440445666,0.008633938033796093,0
1,20220321,0.49,0.55,0.870888378598004,0.2695,0.8037741355955433,0.19622586440445666,0.052882870457001074,0
1,20220322,0.87,0.55,0.870888378598004,0.47850000000000004,0.8037741355955433,0.19622586440445666,0.09389407611753252,0
1,20220323,0.01,0.54,0.870888378598004,0.0054,0.8037741355955433,0.19622586440445666,0.001059619667784066,0
1,20220324,0.01,0.54,0.870888378598004,0.0054,0.8037741355955433,0.19622586440445666,0.001059619667784066,0
1,20220325,0.0,0.54,0.870888378598004,0.0,0.8037741355955433,0.19622586440445666,0.0,0
1,20220326,0.0,0.53,0.870888378598004,0.0,0.8037741355955433,0.19622586440445666,0.0,0
1,20220327,0.0,0.53,0.870888378598004,0.0,0.8037741355955433,0.19622586440445666,0.0,0
1,20220328,0.0,0.53,0.870888378598004,0.0,0.8037741355955433,0.19622586440445666,0.0,0
1,20220329,0.0,0.53,0.870888378598004,0.0,0.8037741355955433,0.19622586440445666,0.0,0
1,20220330,0.0,0.53,0.870888378598004,0.0,0.8037741355955433,0.19622586440445666,0.0,0
1,20220331,0.01,0.52,0.870888378598004,0.005200000000000001,0.8037741355955433,0.19622586440445666,0.0010203744949031748,0
1,20220401,0.0,0.52,0.870888378598004,0.0,0.8037741355955433,0.19622586440445666,0.0,0
1,20220402,0.01,0.52,0.870888378598004,0.005200000000000001,0.8037741355955433,0.19622586440445666,0.0010203744949031748,0
1,20220403,0.0,0.52,0.870888378598004,0.0,0.8037741355955433,0.19622586440445666,0.0,0
1,20220404,0.01,0.52,0.870888378598004,0.005200000000000001,0.8037741355955433,0.19622586440445666,0.0010203744949031748,0
1,20220405,0.0,0.52,0.870888378598004,0.0,0.8037741355955433,0.19622586440445666,0.0,0
1,20220406,0.05,0.52,0.870888378598004,0.026000000000000002,0.8037741355955433,0.19622586440445666,0.005101872474515874,0
1,20220407,0.1,0.52,0.870888378598004,0.052000000000000005,0.8037741355955433,0.19622586440445666,0.010203744949031748,0
1,20220408,0.14,0.52,0.870888378598004,0.0728,0.8037741355955433,0.19622586440445666,0.014285242928644446,0
1,20220409,0.14,0.52,0.870888378598004,0.0728,0.8037741355955433,0.19622586440445666,0.014285242928644446,0
1,20220410,0.66,0.52,0.870888378598004,0.3432,0.8037741355955433,0.19622586440445666,0.06734471666360953,0
1,20220411,0.26,0.52,0.870888378598004,0.13520000000000001,0.8037741355955433,0.19622586440445666,0.026529736867482542,0
1,20220412,0.07,0.52,0.870888378598004,0.0364,0.8037741355955433,0.19622586440445666,0.007142621464322223,0
1,20220413,0.11,0.52,0.870888378598004,0.0572,0.8037741355955433,0.19622586440445666,0.011224119443934921,0
1,20220414,0.02,0.52,0.870888378598004,0.010400000000000001,0.8037741355955433,0.19622586440445666,0.0020407489898063495,0
1,20220415,0.02,0.52,0.870888378598004,0.010400000000000001,0.8037741355955433,0.19622586440445666,0.0020407489898063495,0
1,20220416,0.03,0.52,0.870888378598004,0.0156,0.8037741355955433,0.19622586440445666,0.0030611234847095236,0
1,20220417,0.42,0.52,0.870888378598004,0.2184,0.8037741355955433,0.19622586440445666,0.042855728785933335,0
1,20220418,0.33,0.52,0.870888378598004,0.1716,0.8037741355955433,0.19622586440445666,0.033672358331804764,0
1,20220419,0.03,0.52,0.870888378598004,0.0156,0.8037741355955433,0.19622586440445666,0.0030611234847095236,0
1,20220420,0.02,0.52,0.870888378598004,0.010400000000000001,0.8037741355955433,0.19622586440445666,0.0020407489898063495,0
1,20220421,0.01,0.52,0.870888378598004,0.005200000000000001,0.8037741355955433,0.19622586440445666,0.0010203744949031748,0
1,20220422,0.02,0.51,0.870888378598004,0.0102,0.8037741355955433,0.19622586440445666,0.0020015038169254582,0
1,20220423,0.04,0.51,0.870888378598004,0.0204,0.8037741355955433,0.19622586440445666,0.0040030076338509165,0
1,20220424,0.0,0.51,0.870888378598004,0.0,0.8037741355955433,0.19622586440445666,0.0,0
1,20220425,0.0,0.51,0.870888378598004,0.0,0.8037741355955433,0.19622586440445666,0.0,0
1,20220426,0.0,0.51,0.870888378598004,0.0,0.8037741355955433,0.19622586440445666,0.0,0
1,20220427,0.0,0.51,0.870888378598004,0.0,0.8037741355955433,0.19622586440445666,0.0,0
1,20220428,0.0,0.51,0.870888378598004,0.0,0.8037741355955433,0.19622586440445666,0.0,0
1,20220429,0.02,0.51,0.870888378598004,0.0102,0.8037741355955433,0.19622586440445666,0.0020015038169254582,0
1,20220430,0.01,0.51,0.870888378598004,0.0051,0.8037741355955433,0.19622586440445666,0.0010007519084627291,0
1,20220501,0.38,0.51,0.870888378598004,0.1938,0.8037741355955433,0.19622586440445666,0.0380285725215837,0
1,20220502,0.99,0.51,0.870888378598004,0.5049,0.8037741355955433,0.19622586440445666,0.09907443893781018,0
1,20220503,0.48,0.52,0.870888378598004,0.2496,0.8037741355955433,0.19622586440445666,0.04897797575535238,0
1,20220504,1.98,0.52,0.870888378598004,1.0296,0.8037741355955433,0.19622586440445666,0.20203414999082858,0
1,20220505,1.93,0.52,0.870888378598004,1.0036,0.8037741355955433,0.19622586440445666,0.1969322775163127,0
1,20220506,4.02,0.52,0.870888378598004,2.0904,0.8037741355955433,0.19622586440445666,0.41019054695107615,0
1,20220507,8.16,0.54,0.870888378598004,4.4064000000000005,0.8037741355955433,0.19622586440445666,0.864649648911798,0
1,20220508,0.52,0.54,0.870888378598004,0.28080000000000005,0.8037741355955433,0.19622586440445666,0.05510022272477144,0
1,20220509,1.28,0.53,0.870888378598004,0.6784,0.8037741355955433,0.19622586440445666,0.1331196264119834,0
1,20220510,10.74,0.54,0.870888378598004,5.799600000000001,0.8037741355955433,0.19622586440445666,1.138031523200087,0
1,20220511,6.44,0.55,0.870888378598004,3.5420000000000007,0.8037741355955433,0.19622586440445666,0.6950320117205856,0
1,20220512,8.99,0.55,0.870888378598004,4.944500000000001,0.8037741355955433,0.19622586440445666,0.9702387865478361,0
1,20220513,1.16,0.57,0.870888378598004,0.6611999999999999,0.8037741355955433,0.19622586440445666,0.12974454154422674,0
1,20220514,1.15,0.56,0.870888378598004,0.644,0.8037741355955433,0.19622586440445666,0.1263694566764701,0
1,20220515,7.5,0.56,0.870888378598004,4.2,0.8037741355955433,0.19622586440445666,0.824148630498718,0
1,20220516,6.12,0.58,0.870888378598004,3.5496,0.8037741355955433,0.19622586440445666,0.6965233282900594,0
1,20220517,2.55,0.58,0.870888378598004,1.4789999999999999,0.8037741355955433,0.19622586440445666,0.2902180534541914,0
1,20220518,1.4,0.58,0.870888378598004,0.8119999999999999,0.8037741355955433,0.19622586440445666,0.1593354018964188,0
1,20220519,0.45,0.57,0.870888378598004,0.2565,0.8037741355955433,0.19622586440445666,0.050331934219743135,0
1,20220520,0.4,0.57,0.870888378598004,0.22799999999999998,0.8037741355955433,0.19622586440445666,0.044739497084216116,0
1,20220521,0.02,0.56,0.870888378598004,0.011200000000000002,0.8037741355955433,0.19622586440445666,0.002197729681329915,0
1,20220522,0.03,0.56,0.870888378598004,0.016800000000000002,0.8037741355955433,0.19622586440445666,0.0032965945219948726,0
1,20220523,0.01,0.55,0.870888378598004,0.0055000000000000005,0.8037741355955433,0.19622586440445666,0.0010792422542245117,0
1,20220524,0.07,0.55,0.870888378598004,0.038500000000000006,0.8037741355955433,0.19622586440445666,0.007554695779571583,0
1,20220525,2.43,0.55,0.870888378598004,1.3365000000000002,0.8037741355955433,0.19622586440445666,0.26225586777655635,0
1,20220526,3.13,0.55,0.870888378598004,1.7215,0.8037741355955433,0.19622586440445666,0.33780282557227215,0
1,20220527,1.93,0.55,0.870888378598004,1.0615,0.8037741355955433,0.19622586440445666,0.20829375506533077,0
1,20220528,0.08,0.55,0.870888378598004,0.044000000000000004,0.8037741355955433,0.19622586440445666,0.008633938033796093,0
1,20220529,0.13,0.54,0.870888378598004,0.07020000000000001,0.8037741355955433,0.19622586440445666,0.01377505568119286,0
1,20220530,0.09,0.54,0.870888378598004,0.048600000000000004,0.8037741355955433,0.19622586440445666,0.009536577010056595,0
1,20220531,0.03,0.54,0.870888378598004,0.0162,0.8037741355955433,0.19622586440445666,0.003178859003352198,0
1,20220601,0.01,0.53,0.870888378598004,0.0053,0.8037741355955433,0.19622586440445666,0.0010399970813436204,0
1,20220602,0.0,0.53,0.870888378598004,0.0,0.8037741355955433,0.19622586440445666,0.0,0
1,20220603,0.01,0.53,0.870888378598004,0.0053,0.8037741355955433,0.19622586440445666,0.0010399970813436204,0
1,20220604,0.01,0.53,0.870888378598004,0.0053,0.8037741355955433,0.19622586440445666,0.0010399970813436204,0
1,20220605,1.81,0.53,0.870888378598004,0.9593,0.8037741355955433,0.19622586440445666,0.18823947172319527,0
1,20220606,3.7,0.53,0.870888378598004,1.9610000000000003,0.8037741355955433,0.19622586440445666,0.38479892009713956,0
1,20220607,2.57,0.53,0.870888378598004,1.3621,0.8037741355955433,0.19622586440445666,0.26727924990531043,0
1,20220608,0.38,0.53,0.870888378598004,0.20140000000000002,0.8037741355955433,0.19622586440445666,0.039519889091057574,0
1,20220609,0.26,0.53,0.870888378598004,0.1378,0.8037741355955433,0.19622586440445666,0.027039924114934128,0
1,20220610,0.21,0.53,0.870888378598004,0.1113,0.8037741355955433,0.19622586440445666,0.021839938708216027,0
1,20220611,1.31,0.53,0.870888378598004,0.6943,0.8037741355955433,0.19622586440445666,0.13623961765601428,0
1,20220612,1.97,0.53,0.870888378598004,1.0441,0.8037741355955433,0.19622586440445666,0.2048794250246932,0
1,20220613,1.48,0.53,0.870888378598004,0.7844,0.8037741355955433,0.19622586440445666,0.15391956803885581,0
1,20220614,1.54,0.53,0.870888378598004,0.8162,0.8037741355955433,0.19622586440445666,0.16015955052691752,0
1,20220615,8.16,0.54,0.870888378598004,4.4064000000000005,0.8037741355955433,0.19622586440445666,0.864649648911798,0
1,20220616,8.64,0.55,0.870888378598004,4.752000000000001,0.8037741355955433,0.19622586440445666,0.9324653076499781,0
1,20220617,7.47,0.56,0.870888378598004,4.1832,0.8037741355955433,0.19622586440445666,0.8208520359767232,0
1,20220618,4.74,0.56,0.870888378598004,2.6544000000000003,0.8037741355955433,0.19622586440445666,0.5208619344751898,0
1,20220619,28.85,0.59,0.870888378598004,17.0215,0.8037741355955433,0.19622586440445666,3.340058550960459,0
1,20220620,18.31,0.64,0.870888378598004,11.718399999999999,0.8037741355955433,0.19622586440445666,2.299453169437185,0
1,20220621,23.54,0.66,0.870888378598004,15.5364,0.8037741355955433,0.19622586440445666,3.0486435197334005,0
1,20220622,9.51,0.68,0.870888378598004,6.4668,0.8037741355955433,0.19622586440445666,1.2689534199307404,0
1,20220623,3.63,0.67,0.870888378598004,2.4321,0.8037741355955433,0.19622586440445666,0.47724092481807906,0
1,20220624,2.55,0.67,0.870888378598004,1.7085,0.8037741355955433,0.19622586440445666,0.3352518893350142,0
1,20220625,1.99,0.67,0.870888378598004,1.3333000000000002,0.8037741355955433,0.19622586440445666,0.2616279450104621,0
1,20220626,0.65,0.66,0.870888378598004,0.42900000000000005,0.8037741355955433,0.19622586440445666,0.08418089582951192,0
1,20220627,2.44,0.65,0.870888378598004,1.586,0.8037741355955433,0.19622586440445666,0.3112142209454683,0
1,20220628,2.59,0.66,0.870888378598004,1.7094,0.8037741355955433,0.19622586440445666,0.33542849261297825,0
1,20220629,5.16,0.65,0.870888378598004,3.354,0.8037741355955433,0.19622586440445666,0.6581415492125476,0
1,20220630,5.14,0.66,0.870888378598004,3.3924,0.8037741355955433,0.19622586440445666,0.6656766224056787,0
1,20220701,4.5,0.66,0.870888378598004,2.97,0.8037741355955433,0.19622586440445666,0.5827908172812363,0
1,20220702,3.0,0.66,0.870888378598004,1.98,0.8037741355955433,0.19622586440445666,0.3885272115208242,0
1,20220703,3.04,0.66,0.870888378598004,2.0064,0.8037741355955433,0.19622586440445666,0.3937075743411019,0
1,20220704,3.24,0.66,0.870888378598004,2.1384000000000003,0.8037741355955433,0.19622586440445666,0.4196093884424902,0
1,20220705,6.45,0.66,0.870888378598004,4.257000000000001,0.8037741355955433,0.19622586440445666,0.8353335047697721,0
1,20220706,4.59,0.67,0.870888378598004,3.0753,0.8037741355955433,0.19622586440445666,0.6034534008030256,0
1,20220707,1.75,0.66,0.870888378598004,1.155,0.8037741355955433,0.19622586440445666,0.22664087338714745,0
1,20220708,3.76,0.66,0.870888378598004,2.4816,0.8037741355955433,0.19622586440445666,0.4869541051060996,0
1,20220709,2.01,0.66,0.870888378598004,1.3266,0.8037741355955433,0.19622586440445666,0.2603132317189522,0
1,20220710,2.79,0.66,0.870888378598004,1.8414000000000001,0.8037741355955433,0.19622586440445666,0.3613303067143665,0
1,20220711,1.15,0.65,0.870888378598004,0.7474999999999999,0.8037741355955433,0.19622586440445666,0.14667883364233134,0
1,20220712,1.38,0.65,0.870888378598004,0.8969999999999999,0.8037741355955433,0.19622586440445666,0.1760146003707976,0
1,20220713,2.29,0.65,0.870888378598004,1.4885000000000002,0.8037741355955433,0.19622586440445666,0.2920821991660338,0
1,20220714,0.31,0.64,0.870888378598004,0.1984,0.8037741355955433,0.19622586440445666,0.038931211497844204,0
1,20220715,0.09,0.63,0.870888378598004,0.0567,0.8037741355955433,0.19622586440445666,0.011126006511732693,0
1,20220716,5.09,0.63,0.870888378598004,3.2067,0.8037741355955433,0.19622586440445666,0.6292374793857712,0
1,20220717,9.42,0.65,0.870888378598004,6.123,0.8037741355955433,0.19622586440445666,1.2014909677484882,0
1,20220718,2.0,0.65,0.870888378598004,1.3,0.8037741355955433,0.19622586440445666,0.2550936237257937,0
1,20220719,0.94,0.64,0.870888378598004,0.6016,0.8037741355955433,0.19622586440445666,0.11804948002572113,0
1,20220720,10.14,0.65,0.870888378598004,6.591,0.8037741355955433,0.19622586440445666,1.293324672289774,0
1,20220721,5.89,0.66,0.870888378598004,3.8874,0.8037741355955433,0.19622586440445666,0.7628084252858848,0
1,20220722,15.58,0.68,0.870888378598004,10.5944,0.8037741355955433,0.19622586440445666,2.0788952978465756,0
1,20220723,1.46,0.68,0.870888378598004,0.9928,0.8037741355955433,0.19622586440445666,0.19481303818074458,0
1,20220724,3.4,0.68,0.870888378598004,2.3120000000000003,0.8037741355955433,0.19622586440445666,0.45367419850310386,0
1,20220725,3.46,0.68,0.870888378598004,2.3528000000000002,0.8037741355955433,0.19622586440445666,0.4616802137708057,0
1,20220726,7.74,0.69,0.870888378598004,5.340599999999999,0.8037741355955433,0.19622586440445666,1.047963851438441,0
1,20220727,0.2,0.68,0.870888378598004,0.136,0.8037741355955433,0.19622586440445666,0.026686717559006107,0
1,20220728,0.75,0.68,0.870888378598004,0.51,0.8037741355955433,0.19622586440445666,0.1000751908462729,0
1,20220729,0.73,0.68,0.870888378598004,0.4964,0.8037741355955433,0.19622586440445666,0.09740651909037229,0
1,20220730,1.37,0.67,0.870888378598004,0.9179000000000002,0.8037741355955433,0.19622586440445666,0.1801157209368508,0
1,20220731,4.17,0.67,0.870888378598004,2.7939000000000003,0.8037741355955433,0.19622586440445666,0.5482354425596115,0
1,20220801,8.36,0.67,0.870888378598004,5.6011999999999995,0.8037741355955433,0.19622586440445666,1.0991003117022426,0
1,20220802,6.98,0.68,0.870888378598004,4.7464,0.8037741355955433,0.19622586440445666,0.9313664428093131,0
2,20210902,7.02,0.73,0.943229829274935,5.124599999999999,0.870540656328297,0.12945934367170298,0.663427352580009,0
2,20210903,8.8,0.73,0.943229829274935,6.424,0.870540656328297,0.12945934367170298,0.8316468237470199,0
2,20210904,12.16,0.74,0.943229829274935,8.9984,0.870540656328297,0.12945934367170298,1.164926958095452,0
2,20210905,7.22,0.75,0.943229829274935,5.415,0.870540656328297,0.12945934367170298,0.7010223459822716,0
2,20210906,6.91,0.75,0.943229829274935,5.1825,0.870540656328297,0.12945934367170298,0.6709230485786006,0
2,20210907,0.43,0.75,0.943229829274935,0.3225,0.870540656328297,0.12945934367170298,0.041750638334124214,0
2,20210908,0.06,0.74,0.943229829274935,0.044399999999999995,0.870540656328297,0.12945934367170298,0.005747994859023611,0
2,20210909,0.15,0.74,0.943229829274935,0.111,0.870540656328297,0.12945934367170298,0.01436998714755903,0
2,20210910,0.53,0.73,0.943229829274935,0.3869,0.870540656328297,0.12945934367170298,0.050087820066581884,0
2,20210911,0.06,0.73,0.943229829274935,0.0438,0.870540656328297,0.12945934367170298,0.00567031925282059,0
2,20210912,0.17,0.72,0.943229829274935,0.12240000000000001,0.870540656328297,0.12945934367170298,0.015845823665416446,0
2,20210913,0.05,0.72,0.943229829274935,0.036,0.870540656328297,0.12945934367170298,0.0046605363721813065,0
2,20210914,0.04,0.71,0.943229829274935,0.028399999999999998,0.870540656328297,0.12945934367170298,0.0036766453602763644,0
2,20210915,1.77,0.71,0.943229829274935,1.2567,0.870540656328297,0.12945934367170298,0.1626915571922291,0
2,20210916,2.6,0.71,0.943229829274935,1.8459999999999999,0.870540656328297,0.12945934367170298,0.23898194841796366,0
2,20210917,1.42,0.71,0.943229829274935,1.0082,0.870540656328297,0.12945934367170298,0.13052091028981094,0
2,20210918,5.01,0.71,0.943229829274935,3.5570999999999997,0.870540656328297,0.12945934367170298,0.46049983137461464,0
2,20210919,6.04,0.71,0.943229829274935,4.2884,0.870540656328297,0.12945934367170298,0.5551734494017311,0
2,20210920,3.03,0.71,0.943229829274935,2.1512999999999995,0.870540656328297,0.12945934367170298,0.27850588604093457,0
2,20210921,4.59,0.71,0.943229829274935,3.2588999999999997,0.870540656328297,0.12945934367170298,0.42189505509171277,0
2,20210922,21.25,0.74,0.943229829274935,15.725,0.870540656328297,0.12945934367170298,2.035748179237529,0
2,20210923,1.37,0.74,0.943229829274935,1.0138,0.870540656328297,0.12945934367170298,0.13124588261437248,0
2,20210924,1.87,0.74,0.943229829274935,1.3838000000000001,0.870540656328297,0.12945934367170298,0.1791458397729026,0
2,20210925,7.28,0.73,0.943229829274935,5.3144,0.870540656328297,0.12945934367170298,0.6879987360088983,0
2,20210926,7.13,0.75,0.943229829274935,5.3475,0.870540656328297,0.12945934367170298,0.6922838402844317,0
2,20210927,0.08,0.74,0.943229829274935,0.0592,0.870540656328297,0.12945934367170298,0.0076639931453648166,0
2,20210928,2.25,0.73,0.943229829274935,1.6425,0.870540656328297,0.12945934367170298,0.21263697198077214,0
2,20210929,1.48,0.73,0.943229829274935,1.0804,0.870540656328297,0.12945934367170298,0.1398678749029079,0
2,20210930,3.93,0.73,0.943229829274935,2.8689,0.870540656328297,0.12945934367170298,0.3714059110597487,0
2,20211001,2.28,0.73,0.943229829274935,1.6643999999999999,0.870540656328297,0.12945934367170298,0.21547213160718243,0
2,20211002,5.59,0.73,0.943229829274935,4.0807,0.870540656328297,0.12945934367170298,0.5282847437211183,0
2,20211003,4.45,0.73,0.943229829274935,3.2485,0.870540656328297,0.12945934367170298,0.4205486779175271,0
2,20211004,4.71,0.73,0.943229829274935,3.4383,0.870540656328297,0.12945934367170298,0.44512006134641635,0
2,20211005,37.11,0.76,0.943229829274935,28.2036,0.870540656328297,0.12945934367170298,3.6512195451792424,1
2,20211006,8.39,0.79,0.943229829274935,6.628100000000001,0.870540656328297,0.12945934367170298,0.8580694757904146,0
2,20211007,3.17,0.79,0.943229829274935,2.5043,0.870540656328297,0.12945934367170298,0.3242050343570458,0
2,20211008,3.81,0.78,0.943229829274935,2.9718,0.870540656328297,0.12945934367170298,0.3847272775235669,0
2,20211009,5.3,0.78,0.943229829274935,4.134,0.870540656328297,0.12945934367170298,0.5351849267388201,0
2,20211010,9.41,0.79,0.943229829274935,7.4339,0.870540656328297,0.12945934367170298,0.9623878149210728,0
2,20211011,4.31,0.8,0.943229829274935,3.448,0.870540656328297,0.12945934367170298,0.44637581698003187,0
2,20211012,4.16,0.79,0.943229829274935,3.2864000000000004,0.870540656328297,0.12945934367170298,0.4254551870426847,0
2,20211013,6.49,0.8,0.943229829274935,5.192,0.870540656328297,0.12945934367170298,0.6721529123434818,0
2,20211014,0.24,0.79,0.943229829274935,0.1896,0.870540656328297,0.12945934367170298,0.024545491560154883,0
2,20211015,2.84,0.79,0.943229829274935,2.2436,0.870540656328297,0.12945934367170298,0.2904549834618328,0
2,20211016,1.62,0.79,0.943229829274935,1.2798,0.870540656328297,0.12945934367170298,0.1656820680310455,0
2,20211017,3.02,0.79,0.943229829274935,2.3858,0.870540656328297,0.12945934367170298,0.308864102131949,0
2,20211018,0.37,0.79,0.943229829274935,0.2923,0.870540656328297,0.12945934367170298,0.03784096615523878,0
2,20211019,3.3,0.78,0.943229829274935,2.574,0.870540656328297,0.12945934367170298,0.33322835061096345,0
2,20211020,1.74,0.78,0.943229829274935,1.3572,0.870540656328297,0.12945934367170298,0.17570222123123527,0
2,20211021,1.85,0.79,0.943229829274935,1.4615000000000002,0.870540656328297,0.12945934367170298,0.18920483077619393,0
2,20211022,0.51,0.78,0.943229829274935,0.39780000000000004,0.870540656328297,0.12945934367170298,0.05149892691260345,0
2,20211023,0.54,0.78,0.943229829274935,0.4212,0.870540656328297,0.12945934367170298,0.0545282755545213,0
2,20211024,5.98,0.78,0.943229829274935,4.6644000000000005,0.870540656328297,0.12945934367170298,0.6038501626222914,0
2,20211025,0.93,0.78,0.943229829274935,0.7254,0.870540656328297,0.12945934367170298,0.09390980789945334,0
2,20211026,0.98,0.77,0.943229829274935,0.7546,0.870540656328297,0.12945934367170298,0.09769002073466707,0
2,20211027,0.75,0.77,0.943229829274935,0.5775,0.870540656328297,0.12945934367170298,0.07476277097040847,0
2,20211028,6.67,0.76,0.943229829274935,5.0692,0.870540656328297,0.12945934367170298,0.6562553049405968,0
2,20211029,25.07,0.79,0.943229829274935,19.805300000000003,0.870540656328297,0.12945934367170298,2.563981139221179,0
2,20211030,17.88,0.83,0.943229829274935,14.840399999999999,0.870540656328297,0.12945934367170298,1.9212284438255407,0
2,20211031,16.09,0.83,0.943229829274935,13.3547,0.870540656328297,0.12945934367170298,1.7288906969324915,0
2,20211101,21.37,0.86,0.943229829274935,18.3782,0.870540656328297,0.12945934367170298,2.3792297098672917,0
2,20211102,23.68,0.88,0.943229829274935,20.8384,0.870540656328297,0.12945934367170298,2.6977255871684154,0
2,20211103,30.77,0.91,0.943229829274935,28.000700000000002,0.870540656328297,0.12945934367170298,3.6249522443482536,1
2,20211104,18.47,0.92,0.943229829274935,16.9924,0.870540656328297,0.12945934367170298,2.1998249514070456,0
2,20211105,16.95,0.92,0.943229829274935,15.594,0.870540656328297,0.12945934367170298,2.018789005216536,0
2,20211106,49.77,0.94,0.943229829274935,46.7838,0.870540656328297,0.12945934367170298,6.056600042468218,1
2,20211107,40.64,0.97,0.943229829274935,39.4208,0.870540656328297,0.12945934367170298,5.103390895013469,1
2,20211108,36.4,0.98,0.943229829274935,35.672,0.870540656328297,0.12945934367170298,4.618073707456988,1
2,20211109,16.97,0.98,0.943229829274935,16.630599999999998,0.870540656328297,0.12945934367170298,2.152986560866623,0
2,20211110,84.05,0.99,0.943229829274935,83.20949999999999,0.870540656328297,0.12945934367170298,10.772247257250568,1
2,20211111,75.19,1.0,0.943229829274935,75.19,0.870540656328297,0.12945934367170298,9.734048050675346,1
2,20211112,3.63,0.99,0.943229829274935,3.5936999999999997,0.870540656328297,0.12945934367170298,0.46523804335299895,0
2,20211113,3.72,0.99,0.943229829274935,3.6828000000000003,0.870540656328297,0.12945934367170298,0.47677287087414777,0
2,20211114,4.74,0.99,0.943229829274935,4.6926000000000005,0.870540656328297,0.12945934367170298,0.6075009161138335,0
2,20211115,4.57,0.99,0.943229829274935,4.5243,0.870540656328297,0.12945934367170298,0.5857129085738858,0
2,20211116,2.4,0.99,0.943229829274935,2.376,0.870540656328297,0.12945934367170298,0.3075954005639663,0
2,20211117,11.0,0.99,0.943229829274935,10.89,0.870540656328297,0.12945934367170298,1.4098122525848455,0
2,20211118,74.21,1.0,0.943229829274935,74.21,0.870540656328297,0.12945934367170298,9.607177893877077,1
2,20211119,20.62,1.0,0.943229829274935,20.62,0.870540656328297,0.12945934367170298,2.6694516665105157,0
2,20211120,16.63,1.0,0.943229829274935,16.63,0.870540656328297,0.12945934367170298,2.1529088852604206,0
2,20211121,7.5,1.0,0.943229829274935,7.5,0.870540656328297,0.12945934367170298,0.9709450775377724,0
2,20211122,5.0,0.99,0.943229829274935,4.95,0.870540656328297,0.12945934367170298,0.6408237511749297,0
2,20211123,2.29,0.99,0.943229829274935,2.2671,0.870540656328297,0.12945934367170298,0.2934972780381178,0
2,20211124,2.87,0.99,0.943229829274935,2.8413,0.870540656328297,0.12945934367170298,0.3678328331744097,0
2,20211125,18.25,0.99,0.943229829274935,18.0675,0.870540656328297,0.12945934367170298,2.3390066917884935,0
2,20211126,58.61,1.0,0.943229829274935,58.61,0.870540656328297,0.12945934367170298,7.587612132598512,1
2,20211127,29.98,1.0,0.943229829274935,29.98,0.870540656328297,0.12945934367170298,3.8811911232776555,1
2,20211128,61.12,1.0,0.943229829274935,61.12,0.870540656328297,0.12945934367170298,7.9125550852144855,1
2,20211129,12.76,1.0,0.943229829274935,12.76,0.870540656328297,0.12945934367170298,1.65190122525093,0
2,20211130,9.8,1.0,0.943229829274935,9.8,0.870540656328297,0.12945934367170298,1.2687015679826892,0
2,20211201,1.22,1.0,0.943229829274935,1.22,0.870540656328297,0.12945934367170298,0.15794039927947762,0
2,20211202,0.03,1.0,0.943229829274935,0.03,0.870540656328297,0.12945934367170298,0.003883780310151089,0
2,20211203,0.14,0.99,0.943229829274935,0.1386,0.870540656328297,0.12945934367170298,0.017943065032898033,0
2,20211204,0.01,0.99,0.943229829274935,0.0099,0.870540656328297,0.12945934367170298,0.0012816475023498595,0
2,20211205,0.15,0.99,0.943229829274935,0.1485,0.870540656328297,0.12945934367170298,0.019224712535247893,0
2,20211206,1.22,0.98,0.943229829274935,1.1956,0.870540656328297,0.12945934367170298,0.15478159129388808,0
2,20211207,0.09,0.98,0.943229829274935,0.0882,0.870540656328297,0.12945934367170298,0.011418314111844203,0
2,20211208,0.38,0.97,0.943229829274935,0.3686,0.870540656328297,0.12945934367170298,0.047718714077389715,0
2,20211209,3.98,0.97,0.943229829274935,3.8606,0.870540656328297,0.12945934367170298,0.4997907421789765,0
2,20211210,2.35,0.97,0.943229829274935,2.2795,0.870540656328297,0.12945934367170298,0.29510257389964695,0
2,20211211,3.71,0.96,0.943229829274935,3.5616,0.870540656328297,0.12945934367170298,0.4610823984211373,0
2,20211212,6.0,0.96,0.943229829274935,5.76,0.870540656328297,0.12945934367170298,0.7456858195490091,0
2,20211213,6.87,0.96,0.943229829274935,6.5952,0.870540656328297,0.12945934367170298,0.8538102633836155,0
2,20211214,2.34,0.96,0.943229829274935,2.2464,0.870540656328297,0.12945934367170298,0.29081746962411353,0
2,20211215,1.6,0.95,0.943229829274935,1.52,0.870540656328297,0.12945934367170298,0.19677820238098853,0
2,20211216,0.48,0.95,0.943229829274935,0.45599999999999996,0.870540656328297,0.12945934367170298,0.05903346071429655,0
2,20211217,0.15,0.94,0.943229829274935,0.141,0.870540656328297,0.12945934367170298,0.018253767457710117,0
2,20211218,0.0,0.93,0.943229829274935,0.0,0.870540656328297,0.12945934367170298,0.0,0
2,20211219,0.0,0.93,0.943229829274935,0.0,0.870540656328297,0.12945934367170298,0.0,0
2,20211220,0.0,0.92,0.943229829274935,0.0,0.870540656328297,0.12945934367170298,0.0,0
2,20211221,0.0,0.92,0.943229829274935,0.0,0.870540656328297,0.12945934367170298,0.0,0
2,20211222,0.0,0.91,0.943229829274935,0.0,0.870540656328297,0.12945934367170298,0.0,0
2,20211223,0.0,0.9,0.943229829274935,0.0,0.870540656328297,0.12945934367170298,0.0,0
2,20211224,0.0,0.9,0.943229829274935,0.0,0.870540656328297,0.12945934367170298,0.0,0
2,20211225,0.0,0.89,0.943229829274935,0.0,0.870540656328297,0.12945934367170298,0.0,0
2,20211226,0.0,0.88,0.943229829274935,0.0,0.870540656328297,0.12945934367170298,0.0,0
2,20211227,0.41,0.88,0.943229829274935,0.36079999999999995,0.870540656328297,0.12945934367170298,0.04670893119675043,0
2,20211228,0.87,0.87,0.943229829274935,0.7569,0.870540656328297,0.12945934367170298,0.09798777722511198,0
2,20211229,0.92,0.87,0.943229829274935,0.8004,0.870540656328297,0.12945934367170298,0.10361925867483106,0
2,20211230,55.65,0.89,0.943229829274935,49.5285,0.870540656328297,0.12945934367170298,6.411927103043941,1
2,20211231,42.52,0.96,0.943229829274935,40.8192,0.870540656328297,0.12945934367170298,5.284426841203978,1
2,20220101,8.69,0.96,0.943229829274935,8.3424,0.870540656328297,0.12945934367170298,1.0800016286468148,0
2,20220102,0.5,0.95,0.943229829274935,0.475,0.870540656328297,0.12945934367170298,0.06149318824405891,0
2,20220103,0.02,0.94,0.943229829274935,0.0188,0.870540656328297,0.12945934367170298,0.002433835661028016,0
2,20220104,0.01,0.93,0.943229829274935,0.009300000000000001,0.870540656328297,0.12945934367170298,0.0012039718961468378,0
2,20220105,0.02,0.93,0.943229829274935,0.018600000000000002,0.870540656328297,0.12945934367170298,0.0024079437922936756,0
2,20220106,0.04,0.92,0.943229829274935,0.0368,0.870540656328297,0.12945934367170298,0.004764103847118669,0
2,20220107,0.03,0.91,0.943229829274935,0.0273,0.870540656328297,0.12945934367170298,0.0035342400822374912,0
2,20220108,0.0,0.91,0.943229829274935,0.0,0.870540656328297,0.12945934367170298,0.0,0
2,20220109,0.0,0.9,0.943229829274935,0.0,0.870540656328297,0.12945934367170298,0.0,0
2,20220110,0.0,0.9,0.943229829274935,0.0,0.870540656328297,0.12945934367170298,0.0,0
2,20220111,0.02,0.89,0.943229829274935,0.0178,0.870540656328297,0.12945934367170298,0.002304376317356313,0
2,20220112,0.14,0.88,0.943229829274935,0.12320000000000002,0.870540656328297,0.12945934367170298,0.01594939114035381,0
2,20220113,0.95,0.87,0.943229829274935,0.8265,0.870540656328297,0.12945934367170298,0.10699814754466251,0
2,20220114,0.68,0.87,0.943229829274935,0.5916,0.870540656328297,0.12945934367170298,0.07658814771617949,0
2,20220115,0.64,0.86,0.943229829274935,0.5504,0.870540656328297,0.12945934367170298,0.07125442275690531,0
2,20220116,5.86,0.86,0.943229829274935,5.0396,0.870540656328297,0.12945934367170298,0.6524233083679143,0
2,20220117,6.17,0.86,0.943229829274935,5.3062,0.870540656328297,0.12945934367170298,0.6869371693907903,0
2,20220118,1.52,0.86,0.943229829274935,1.3072,0.870540656328297,0.12945934367170298,0.16922925404765013,0
2,20220119,0.47,0.85,0.943229829274935,0.39949999999999997,0.870540656328297,0.12945934367170298,0.05171900779684534,0
2,20220120,0.0,0.85,0.943229829274935,0.0,0.870540656328297,0.12945934367170298,0.0,0
2,20220121,0.0,0.84,0.943229829274935,0.0,0.870540656328297,0.12945934367170298,0.0,0
2,20220122,0.0,0.83,0.943229829274935,0.0,0.870540656328297,0.12945934367170298,0.0,0
2,20220123,0.59,0.83,0.943229829274935,0.48969999999999997,0.870540656328297,0.12945934367170298,0.06339624059603294,0
2,20220124,3.1,0.83,0.943229829274935,2.573,0.870540656328297,0.12945934367170298,0.33309889126729175,0
2,20220125,1.19,0.82,0.943229829274935,0.9757999999999999,0.870540656328297,0.12945934367170298,0.12632642755484774,0
2,20220126,0.7,0.82,0.943229829274935,0.574,0.870540656328297,0.12945934367170298,0.0743096632675575,0
2,20220127,0.19,0.81,0.943229829274935,0.1539,0.870540656328297,0.12945934367170298,0.01992379299107509,0
2,20220128,0.26,0.8,0.943229829274935,0.20800000000000002,0.870540656328297,0.12945934367170298,0.02692754348371422,0
2,20220129,0.08,0.8,0.943229829274935,0.064,0.870540656328297,0.12945934367170298,0.00828539799498899,0
2,20220130,0.0,0.79,0.943229829274935,0.0,0.870540656328297,0.12945934367170298,0.0,0
2,20220131,0.0,0.78,0.943229829274935,0.0,0.870540656328297,0.12945934367170298,0.0,0
2,20220201,0.0,0.78,0.943229829274935,0.0,0.870540656328297,0.12945934367170298,0.0,0
2,20220202,0.0,0.77,0.943229829274935,0.0,0.870540656328297,0.12945934367170298,0.0,0
2,20220203,0.0,0.76,0.943229829274935,0.0,0.870540656328297,0.12945934367170298,0.0,0
2,20220204,0.0,0.76,0.943229829274935,0.0,0.870540656328297,0.12945934367170298,0.0,0
2,20220205,0.04,0.75,0.943229829274935,0.03,0.870540656328297,0.12945934367170298,0.003883780310151089,0
2,20220206,0.0,0.74,0.943229829274935,0.0,0.870540656328297,0.12945934367170298,0.0,0
2,20220207,0.0,0.74,0.943229829274935,0.0,0.870540656328297,0.12945934367170298,0.0,0
2,20220208,0.0,0.73,0.943229829274935,0.0,0.870540656328297,0.12945934367170298,0.0,0
2,20220209,0.0,0.72,0.943229829274935,0.0,0.870540656328297,0.12945934367170298,0.0,0
2,20220210,0.13,0.72,0.943229829274935,0.0936,0.870540656328297,0.12945934367170298,0.0121173945676714,0
2,20220211,0.25,0.71,0.943229829274935,0.1775,0.870540656328297,0.12945934367170298,0.022979033501727277,0
2,20220212,0.07,0.71,0.943229829274935,0.0497,0.870540656328297,0.12945934367170298,0.006434129380483638,0
2,20220213,0.0,0.7,0.943229829274935,0.0,0.870540656328297,0.12945934367170298,0.0,0
2,20220214,0.03,0.69,0.943229829274935,0.020699999999999996,0.870540656328297,0.12945934367170298,0.002679808414004251,0
2,20220215,0.01,0.69,0.943229829274935,0.0069,0.870540656328297,0.12945934367170298,0.0008932694713347506,0
2,20220216,0.0,0.68,0.943229829274935,0.0,0.870540656328297,0.12945934367170298,0.0,0
2,20220217,0.0,0.68,0.943229829274935,0.0,0.870540656328297,0.12945934367170298,0.0,0
2,20220218,0.0,0.67,0.943229829274935,0.0,0.870540656328297,0.12945934367170298,0.0,0
2,20220219,0.0,0.67,0.943229829274935,0.0,0.870540656328297,0.12945934367170298,0.0,0
2,20220220,0.0,0.66,0.943229829274935,0.0,0.870540656328297,0.12945934367170298,0.0,0
2,20220221,0.0,0.66,0.943229829274935,0.0,0.870540656328297,0.12945934367170298,0.0,0
2,20220222,0.03,0.65,0.943229829274935,0.0195,0.870540656328297,0.12945934367170298,0.002524457201598208,0
2,20220223,0.0,0.65,0.943229829274935,0.0,0.870540656328297,0.12945934367170298,0.0,0
2,20220224,0.0,0.64,0.943229829274935,0.0,0.870540656328297,0.12945934367170298,0.0,0
2,20220225,0.0,0.64,0.943229829274935,0.0,0.870540656328297,0.12945934367170298,0.0,0
2,20220226,0.01,0.63,0.943229829274935,0.0063,0.870540656328297,0.12945934367170298,0.0008155938651317287,0
2,20220227,0.0,0.63,0.943229829274935,0.0,0.870540656328297,0.12945934367170298,0.0,0
2,20220228,0.0,0.62,0.943229829274935,0.0,0.870540656328297,0.12945934367170298,0.0,0
2,20220301,0.0,0.62,0.943229829274935,0.0,0.870540656328297,0.12945934367170298,0.0,0
2,20220302,0.0,0.61,0.943229829274935,0.0,0.870540656328297,0.12945934367170298,0.0,0
2,20220303,0.0,0.61,0.943229829274935,0.0,0.870540656328297,0.12945934367170298,0.0,0
2,20220304,0.06,0.61,0.943229829274935,0.0366,0.870540656328297,0.12945934367170298,0.004738211978384329,0
2,20220305,0.01,0.6,0.943229829274935,0.006,0.870540656328297,0.12945934367170298,0.0007767560620302179,0
2,20220306,0.89,0.6,0.943229829274935,0.534,0.870540656328297,0.12945934367170298,0.06913128952068939,0
2,20220307,0.21,0.6,0.943229829274935,0.126,0.870540656328297,0.12945934367170298,0.016311877302634576,0
2,20220308,0.0,0.59,0.943229829274935,0.0,0.870540656328297,0.12945934367170298,0.0,0
2,20220309,0.0,0.59,0.943229829274935,0.0,0.870540656328297,0.12945934367170298,0.0,0
2,20220310,0.0,0.59,0.943229829274935,0.0,0.870540656328297,0.12945934367170298,0.0,0
2,20220311,0.0,0.58,0.943229829274935,0.0,0.870540656328297,0.12945934367170298,0.0,0
2,20220312,0.0,0.58,0.943229829274935,0.0,0.870540656328297,0.12945934367170298,0.0,0
2,20220313,0.01,0.57,0.943229829274935,0.005699999999999999,0.870540656328297,0.12945934367170298,0.0007379182589287069,0
2,20220314,0.0,0.57,0.943229829274935,0.0,0.870540656328297,0.12945934367170298,0.0,0
2,20220315,0.0,0.57,0.943229829274935,0.0,0.870540656328297,0.12945934367170298,0.0,0
2,20220316,0.0,0.56,0.943229829274935,0.0,0.870540656328297,0.12945934367170298,0.0,0
2,20220317,0.0,0.56,0.943229829274935,0.0,0.870540656328297,0.12945934367170298,0.0,0
2,20220318,0.0,0.55,0.943229829274935,0.0,0.870540656328297,0.12945934367170298,0.0,0
2,20220319,0.01,0.55,0.943229829274935,0.0055000000000000005,0.870540656328297,0.12945934367170298,0.0007120263901943664,0
2,20220320,0.08,0.55,0.943229829274935,0.044000000000000004,0.870540656328297,0.12945934367170298,0.0056962111215549316,0
2,20220321,0.49,0.55,0.943229829274935,0.2695,0.870540656328297,0.12945934367170298,0.034889293119523955,0
2,20220322,0.87,0.55,0.943229829274935,0.47850000000000004,0.870540656328297,0.12945934367170298,0.061946295946909875,0
2,20220323,0.01,0.54,0.943229829274935,0.0054,0.870540656328297,0.12945934367170298,0.0006990804558271961,0
2,20220324,0.01,0.54,0.943229829274935,0.0054,0.870540656328297,0.12945934367170298,0.0006990804558271961,0
2,20220325,0.0,0.54,0.943229829274935,0.0,0.870540656328297,0.12945934367170298,0.0,0
2,20220326,0.0,0.53,0.943229829274935,0.0,0.870540656328297,0.12945934367170298,0.0,0
2,20220327,0.0,0.53,0.943229829274935,0.0,0.870540656328297,0.12945934367170298,0.0,0
2,20220328,0.0,0.53,0.943229829274935,0.0,0.870540656328297,0.12945934367170298,0.0,0
2,20220329,0.0,0.53,0.943229829274935,0.0,0.870540656328297,0.12945934367170298,0.0,0
2,20220330,0.0,0.53,0.943229829274935,0.0,0.870540656328297,0.12945934367170298,0.0,0
2,20220331,0.01,0.52,0.943229829274935,0.005200000000000001,0.870540656328297,0.12945934367170298,0.0006731885870928556,0
2,20220401,0.0,0.52,0.943229829274935,0.0,0.870540656328297,0.12945934367170298,0.0,0
2,20220402,0.01,0.52,0.943229829274935,0.005200000000000001,0.870540656328297,0.12945934367170298,0.0006731885870928556,0
2,20220403,0.0,0.52,0.943229829274935,0.0,0.870540656328297,0.12945934367170298,0.0,0
2,20220404,0.01,0.52,0.943229829274935,0.005200000000000001,0.870540656328297,0.12945934367170298,0.0006731885870928556,0
2,20220405,0.0,0.52,0.943229829274935,0.0,0.870540656328297,0.12945934367170298,0.0,0
2,20220406,0.05,0.52,0.943229829274935,0.026000000000000002,0.870540656328297,0.12945934367170298,0.0033659429354642775,0
2,20220407,0.1,0.52,0.943229829274935,0.052000000000000005,0.870540656328297,0.12945934367170298,0.006731885870928555,0
2,20220408,0.14,0.52,0.943229829274935,0.0728,0.870540656328297,0.12945934367170298,0.009424640219299977,0
2,20220409,0.14,0.52,0.943229829274935,0.0728,0.870540656328297,0.12945934367170298,0.009424640219299977,0
2,20220410,0.66,0.52,0.943229829274935,0.3432,0.870540656328297,0.12945934367170298,0.04443044674812846,0
2,20220411,0.26,0.52,0.943229829274935,0.13520000000000001,0.870540656328297,0.12945934367170298,0.017502903264414244,0
2,20220412,0.07,0.52,0.943229829274935,0.0364,0.870540656328297,0.12945934367170298,0.004712320109649989,0
2,20220413,0.11,0.52,0.943229829274935,0.0572,0.870540656328297,0.12945934367170298,0.00740507445802141,0
2,20220414,0.02,0.52,0.943229829274935,0.010400000000000001,0.870540656328297,0.12945934367170298,0.0013463771741857112,0
2,20220415,0.02,0.52,0.943229829274935,0.010400000000000001,0.870540656328297,0.12945934367170298,0.0013463771741857112,0
2,20220416,0.03,0.52,0.943229829274935,0.0156,0.870540656328297,0.12945934367170298,0.0020195657612785663,0
2,20220417,0.42,0.52,0.943229829274935,0.2184,0.870540656328297,0.12945934367170298,0.02827392065789993,0
2,20220418,0.33,0.52,0.943229829274935,0.1716,0.870540656328297,0.12945934367170298,0.02221522337406423,0
2,20220419,0.03,0.52,0.943229829274935,0.0156,0.870540656328297,0.12945934367170298,0.0020195657612785663,0
2,20220420,0.02,0.52,0.943229829274935,0.010400000000000001,0.870540656328297,0.12945934367170298,0.0013463771741857112,0
2,20220421,0.01,0.52,0.943229829274935,0.005200000000000001,0.870540656328297,0.12945934367170298,0.0006731885870928556,0
2,20220422,0.02,0.51,0.943229829274935,0.0102,0.870540656328297,0.12945934367170298,0.0013204853054513705,0
2,20220423,0.04,0.51,0.943229829274935,0.0204,0.870540656328297,0.12945934367170298,0.002640970610902741,0
2,20220424,0.0,0.51,0.943229829274935,0.0,0.870540656328297,0.12945934367170298,0.0,0
2,20220425,0.0,0.51,0.943229829274935,0.0,0.870540656328297,0.12945934367170298,0.0,0
2,20220426,0.0,0.51,0.943229829274935,0.0,0.870540656328297,0.12945934367170298,0.0,0
2,20220427,0.0,0.51,0.943229829274935,0.0,0.870540656328297,0.12945934367170298,0.0,0
2,20220428,0.0,0.51,0.943229829274935,0.0,0.870540656328297,0.12945934367170298,0.0,0
2,20220429,0.02,0.51,0.943229829274935,0.0102,0.870540656328297,0.12945934367170298,0.0013204853054513705,0
2,20220430,0.01,0.51,0.943229829274935,0.0051,0.870540656328297,0.12945934367170298,0.0006602426527256853,0
2,20220501,0.38,0.51,0.943229829274935,0.1938,0.870540656328297,0.12945934367170298,0.025089220803576038,0
2,20220502,0.99,0.51,0.943229829274935,0.5049,0.870540656328297,0.12945934367170298,0.06536402261984284,0
2,20220503,0.48,0.52,0.943229829274935,0.2496,0.870540656328297,0.12945934367170298,0.03231305218045706,0
2,20220504,1.98,0.52,0.943229829274935,1.0296,0.870540656328297,0.12945934367170298,0.13329134024438538,0
2,20220505,1.93,0.52,0.943229829274935,1.0036,0.870540656328297,0.12945934367170298,0.1299253973089211,0
2,20220506,4.02,0.52,0.943229829274935,2.0904,0.870540656328297,0.12945934367170298,0.2706218120113279,0
2,20220507,8.16,0.54,0.943229829274935,4.4064000000000005,0.870540656328297,0.12945934367170298,0.5704496519549921,0
2,20220508,0.52,0.54,0.943229829274935,0.28080000000000005,0.870540656328297,0.12945934367170298,0.0363521837030142,0
2,20220509,1.28,0.53,0.943229829274935,0.6784,0.870540656328297,0.12945934367170298,0.0878252187468833,0
2,20220510,10.74,0.54,0.943229829274935,5.799600000000001,0.870540656328297,0.12945934367170298,0.7508124095584087,0
2,20220511,6.44,0.55,0.943229829274935,3.5420000000000007,0.870540656328297,0.12945934367170298,0.458544995285172,0
2,20220512,8.99,0.55,0.943229829274935,4.944500000000001,0.870540656328297,0.12945934367170298,0.6401117247847354,0
2,20220513,1.16,0.57,0.943229829274935,0.6611999999999999,0.870540656328297,0.12945934367170298,0.08559851803573,0
2,20220514,1.15,0.56,0.943229829274935,0.644,0.870540656328297,0.12945934367170298,0.08337181732457671,0
2,20220515,7.5,0.56,0.943229829274935,4.2,0.870540656328297,0.12945934367170298,0.5437292434211525,0
2,20220516,6.12,0.58,0.943229829274935,3.5496,0.870540656328297,0.12945934367170298,0.4595288862970769,0
2,20220517,2.55,0.58,0.943229829274935,1.4789999999999999,0.870540656328297,0.12945934367170298,0.1914703692904487,0
2,20220518,1.4,0.58,0.943229829274935,0.8119999999999999,0.870540656328297,0.12945934367170298,0.10512098706142281,0
2,20220519,0.45,0.57,0.943229829274935,0.2565,0.870540656328297,0.12945934367170298,0.03320632165179181,0
2,20220520,0.4,0.57,0.943229829274935,0.22799999999999998,0.870540656328297,0.12945934367170298,0.029516730357148274,0
2,20220521,0.02,0.56,0.943229829274935,0.011200000000000002,0.870540656328297,0.12945934367170298,0.0014499446491230735,0
2,20220522,0.03,0.56,0.943229829274935,0.016800000000000002,0.870540656328297,0.12945934367170298,0.00217491697368461,0
2,20220523,0.01,0.55,0.943229829274935,0.0055000000000000005,0.870540656328297,0.12945934367170298,0.0007120263901943664,0
2,20220524,0.07,0.55,0.943229829274935,0.038500000000000006,0.870540656328297,0.12945934367170298,0.004984184731360565,0
2,20220525,2.43,0.55,0.943229829274935,1.3365000000000002,0.870540656328297,0.12945934367170298,0.17302241281723105,0
2,20220526,3.13,0.55,0.943229829274935,1.7215,0.870540656328297,0.12945934367170298,0.22286426013083668,0
2,20220527,1.93,0.55,0.943229829274935,1.0615,0.870540656328297,0.12945934367170298,0.13742109330751273,0
2,20220528,0.08,0.55,0.943229829274935,0.044000000000000004,0.870540656328297,0.12945934367170298,0.0056962111215549316,0
2,20220529,0.13,0.54,0.943229829274935,0.07020000000000001,0.870540656328297,0.12945934367170298,0.00908804592575355,0
2,20220530,0.09,0.54,0.943229829274935,0.048600000000000004,0.870540656328297,0.12945934367170298,0.006291724102444765,0
2,20220531,0.03,0.54,0.943229829274935,0.0162,0.870540656328297,0.12945934367170298,0.0020972413674815883,0
2,20220601,0.01,0.53,0.943229829274935,0.0053,0.870540656328297,0.12945934367170298,0.0006861345214600258,0
2,20220602,0.0,0.53,0.943229829274935,0.0,0.870540656328297,0.12945934367170298,0.0,0
2,20220603,0.01,0.53,0.943229829274935,0.0053,0.870540656328297,0.12945934367170298,0.0006861345214600258,0
2,20220604,0.01,0.53,0.943229829274935,0.0053,0.870540656328297,0.12945934367170298,0.0006861345214600258,0
2,20220605,1.81,0.53,0.943229829274935,0.9593,0.870540656328297,0.12945934367170298,0.12419034838426467,0
2,20220606,3.7,0.53,0.943229829274935,1.9610000000000003,0.870540656328297,0.12945934367170298,0.25386977294020957,0
2,20220607,2.57,0.53,0.943229829274935,1.3621,0.870540656328297,0.12945934367170298,0.17633657201522662,0
2,20220608,0.38,0.53,0.943229829274935,0.20140000000000002,0.870540656328297,0.12945934367170298,0.02607311181548098,0
2,20220609,0.26,0.53,0.943229829274935,0.1378,0.870540656328297,0.12945934367170298,0.01783949755796067,0
2,20220610,0.21,0.53,0.943229829274935,0.1113,0.870540656328297,0.12945934367170298,0.01440882495066054,0
2,20220611,1.31,0.53,0.943229829274935,0.6943,0.870540656328297,0.12945934367170298,0.08988362231126339,0
2,20220612,1.97,0.53,0.943229829274935,1.0441,0.870540656328297,0.12945934367170298,0.13516850072762507,0
2,20220613,1.48,0.53,0.943229829274935,0.7844,0.870540656328297,0.12945934367170298,0.1015479091760838,0
2,20220614,1.54,0.53,0.943229829274935,0.8162,0.870540656328297,0.12945934367170298,0.10566471630484398,0
2,20220615,8.16,0.54,0.943229829274935,4.4064000000000005,0.870540656328297,0.12945934367170298,0.5704496519549921,0
2,20220616,8.64,0.55,0.943229829274935,4.752000000000001,0.870540656328297,0.12945934367170298,0.6151908011279327,0
2,20220617,7.47,0.56,0.943229829274935,4.1832,0.870540656328297,0.12945934367170298,0.5415543264474679,0
2,20220618,4.74,0.56,0.943229829274935,2.6544000000000003,0.870540656328297,0.12945934367170298,0.3436368818421684,0
2,20220619,28.85,0.59,0.943229829274935,17.0215,0.870540656328297,0.12945934367170298,2.203592218307892,0
2,20220620,18.31,0.64,0.943229829274935,11.718399999999999,0.870540656328297,0.12945934367170298,1.517056372882484,0
2,20220621,23.54,0.66,0.943229829274935,15.5364,0.870540656328297,0.12945934367170298,2.0113321470210463,0
2,20220622,9.51,0.68,0.943229829274935,6.4668,0.870540656328297,0.12945934367170298,0.8371876836561688,0
2,20220623,3.63,0.67,0.943229829274935,2.4321,0.870540656328297,0.12945934367170298,0.3148580697439488,0
2,20220624,2.55,0.67,0.943229829274935,1.7085,0.870540656328297,0.12945934367170298,0.22118128866310452,0
2,20220625,1.99,0.67,0.943229829274935,1.3333000000000002,0.870540656328297,0.12945934367170298,0.1726081429174816,0
2,20220626,0.65,0.66,0.943229829274935,0.42900000000000005,0.870540656328297,0.12945934367170298,0.05553805843516058,0
2,20220627,2.44,0.65,0.943229829274935,1.586,0.870540656328297,0.12945934367170298,0.20532251906332094,0
2,20220628,2.59,0.66,0.943229829274935,1.7094,0.870540656328297,0.12945934367170298,0.22129780207240907,0
2,20220629,5.16,0.65,0.943229829274935,3.354,0.870540656328297,0.12945934367170298,0.4342066386748918,0
2,20220630,5.14,0.66,0.943229829274935,3.3924,0.870540656328297,0.12945934367170298,0.43917787747188514,0
2,20220701,4.5,0.66,0.943229829274935,2.97,0.870540656328297,0.12945934367170298,0.38449425070495785,0
2,20220702,3.0,0.66,0.943229829274935,1.98,0.870540656328297,0.12945934367170298,0.2563295004699719,0
2,20220703,3.04,0.66,0.943229829274935,2.0064,0.870540656328297,0.12945934367170298,0.2597472271429049,0
2,20220704,3.24,0.66,0.943229829274935,2.1384000000000003,0.870540656328297,0.12945934367170298,0.2768358605075697,0
2,20220705,6.45,0.66,0.943229829274935,4.257000000000001,0.870540656328297,0.12945934367170298,0.5511084260104396,0
2,20220706,4.59,0.67,0.943229829274935,3.0753,0.870540656328297,0.12945934367170298,0.39812631959358813,0
2,20220707,1.75,0.66,0.943229829274935,1.155,0.870540656328297,0.12945934367170298,0.14952554194081694,0
2,20220708,3.76,0.66,0.943229829274935,2.4816,0.870540656328297,0.12945934367170298,0.3212663072556981,0
2,20220709,2.01,0.66,0.943229829274935,1.3266,0.870540656328297,0.12945934367170298,0.17174076531488117,0
2,20220710,2.79,0.66,0.943229829274935,1.8414000000000001,0.870540656328297,0.12945934367170298,0.23838643543707388,0
2,20220711,1.15,0.65,0.943229829274935,0.7474999999999999,0.870540656328297,0.12945934367170298,0.09677085939459797,0
2,20220712,1.38,0.65,0.943229829274935,0.8969999999999999,0.870540656328297,0.12945934367170298,0.11612503127351756,0
2,20220713,2.29,0.65,0.943229829274935,1.4885000000000002,0.870540656328297,0.12945934367170298,0.1927002330553299,0
2,20220714,0.31,0.64,0.943229829274935,0.1984,0.870540656328297,0.12945934367170298,0.02568473378446587,0
2,20220715,0.09,0.63,0.943229829274935,0.0567,0.870540656328297,0.12945934367170298,0.007340344786185559,0
2,20220716,5.09,0.63,0.943229829274935,3.2067,0.870540656328297,0.12945934367170298,0.41513727735204997,0
2,20220717,9.42,0.65,0.943229829274935,6.123,0.870540656328297,0.12945934367170298,0.7926795613018374,0
2,20220718,2.0,0.65,0.943229829274935,1.3,0.870540656328297,0.12945934367170298,0.16829714677321386,0
2,20220719,0.94,0.64,0.943229829274935,0.6016,0.870540656328297,0.12945934367170298,0.0778827411528965,0
2,20220720,10.14,0.65,0.943229829274935,6.591,0.870540656328297,0.12945934367170298,0.8532665341401944,0
2,20220721,5.89,0.66,0.943229829274935,3.8874,0.870540656328297,0.12945934367170298,0.5032602525893781,0
2,20220722,15.58,0.68,0.943229829274935,10.5944,0.870540656328297,0.12945934367170298,1.37154407059549,0
2,20220723,1.46,0.68,0.943229829274935,0.9928,0.870540656328297,0.12945934367170298,0.1285272363972667,0
2,20220724,3.4,0.68,0.943229829274935,2.3120000000000003,0.870540656328297,0.12945934367170298,0.29931000256897733,0
2,20220725,3.46,0.68,0.943229829274935,2.3528000000000002,0.870540656328297,0.12945934367170298,0.3045919437907828,0
2,20220726,7.74,0.69,0.943229829274935,5.340599999999999,0.870540656328297,0.12945934367170298,0.6913905708130968,0
2,20220727,0.2,0.68,0.943229829274935,0.136,0.870540656328297,0.12945934367170298,0.017606470739351607,0
2,20220728,0.75,0.68,0.943229829274935,0.51,0.870540656328297,0.12945934367170298,0.06602426527256852,0
2,20220729,0.73,0.68,0.943229829274935,0.4964,0.870540656328297,0.12945934367170298,0.06426361819863335,0
2,20220730,1.37,0.67,0.943229829274935,0.9179000000000002,0.870540656328297,0.12945934367170298,0.11883073155625619,0
2,20220731,4.17,0.67,0.943229829274935,2.7939000000000003,0.870540656328297,0.12945934367170298,0.36169646028437097,0
2,20220801,8.36,0.67,0.943229829274935,5.6011999999999995,0.870540656328297,0.12945934367170298,0.7251276757739427,0
2,20220802,6.98,0.68,0.943229829274935,4.7464,0.870540656328297,0.12945934367170298,0.6144658288033711,0
3,20210902,7.02,0.73,0.802390035166905,5.124599999999999,0.7405545564461559,0.25944544355384414,1.3295541200360295,0
3,20210903,8.8,0.73,0.802390035166905,6.424,0.7405545564461559,0.25944544355384414,1.6666775293898948,0
3,20210904,12.16,0.74,0.802390035166905,8.9984,0.7405545564461559,0.25944544355384414,2.334593879274911,0
3,20210905,7.22,0.75,0.802390035166905,5.415,0.7405545564461559,0.25944544355384414,1.404897076844066,0
3,20210906,6.91,0.75,0.802390035166905,5.1825,0.7405545564461559,0.25944544355384414,1.3445760112177974,0
3,20210907,0.43,0.75,0.802390035166905,0.3225,0.7405545564461559,0.25944544355384414,0.08367115554611473,0
3,20210908,0.06,0.74,0.802390035166905,0.044399999999999995,0.7405545564461559,0.25944544355384414,0.011519377693790678,0
3,20210909,0.15,0.74,0.802390035166905,0.111,0.7405545564461559,0.25944544355384414,0.028798444234476698,0
3,20210910,0.53,0.73,0.802390035166905,0.3869,0.7405545564461559,0.25944544355384414,0.1003794421109823,0
3,20210911,0.06,0.73,0.802390035166905,0.0438,0.7405545564461559,0.25944544355384414,0.011363710427658373,0
3,20210912,0.17,0.72,0.802390035166905,0.12240000000000001,0.7405545564461559,0.25944544355384414,0.03175612229099052,0
3,20210913,0.05,0.72,0.802390035166905,0.036,0.7405545564461559,0.25944544355384414,0.009340035967938387,0
3,20210914,0.04,0.71,0.802390035166905,0.028399999999999998,0.7405545564461559,0.25944544355384414,0.0073682505969291726,0
3,20210915,1.77,0.71,0.802390035166905,1.2567,0.7405545564461559,0.25944544355384414,0.32604508891411593,0
3,20210916,2.6,0.71,0.802390035166905,1.8459999999999999,0.7405545564461559,0.25944544355384414,0.47893628880039624,0
3,20210917,1.42,0.71,0.802390035166905,1.0082,0.7405545564461559,0.25944544355384414,0.26157289619098567,0
3,20210918,5.01,0.71,0.802390035166905,3.5570999999999997,0.7405545564461559,0.25944544355384414,0.9228733872653789,0
3,20210919,6.04,0.71,0.802390035166905,4.2884,0.7405545564461559,0.25944544355384414,1.1126058401363053,0
3,20210920,3.03,0.71,0.802390035166905,2.1512999999999995,0.7405545564461559,0.25944544355384414,0.5581449827173848,0
3,20210921,4.59,0.71,0.802390035166905,3.2588999999999997,0.7405545564461559,0.25944544355384414,0.8455067559976226,0
3,20210922,21.25,0.74,0.802390035166905,15.725,0.7405545564461559,0.25944544355384414,4.079779599884199,1
3,20210923,1.37,0.74,0.802390035166905,1.0138,0.7405545564461559,0.25944544355384414,0.2630257906748872,0
3,20210924,1.87,0.74,0.802390035166905,1.3838000000000001,0.7405545564461559,0.25944544355384414,0.35902060478980957,0
3,20210925,7.28,0.73,0.802390035166905,5.3144,0.7405545564461559,0.25944544355384414,1.3787968652225493,0
3,20210926,7.13,0.75,0.802390035166905,5.3475,0.7405545564461559,0.25944544355384414,1.3873845094041815,0
3,20210927,0.08,0.74,0.802390035166905,0.0592,0.7405545564461559,0.25944544355384414,0.015359170258387574,0
3,20210928,2.25,0.73,0.802390035166905,1.6425,0.7405545564461559,0.25944544355384414,0.42613914103718903,0
3,20210929,1.48,0.73,0.802390035166905,1.0804,0.7405545564461559,0.25944544355384414,0.2803048572155732,0
3,20210930,3.93,0.73,0.802390035166905,2.8689,0.7405545564461559,0.25944544355384414,0.7443230330116234,0
3,20211001,2.28,0.73,0.802390035166905,1.6643999999999999,0.7405545564461559,0.25944544355384414,0.43182099625101816,0
3,20211002,5.59,0.73,0.802390035166905,4.0807,0.7405545564461559,0.25944544355384414,1.0587190215101718,0
3,20211003,4.45,0.73,0.802390035166905,3.2485,0.7405545564461559,0.25944544355384414,0.8428085233846626,0
3,20211004,4.71,0.73,0.802390035166905,3.4383,0.7405545564461559,0.25944544355384414,0.8920512685711822,0
3,20211005,37.11,0.76,0.802390035166905,28.2036,0.7405545564461559,0.25944544355384414,7.317295511815199,1
3,20211006,8.39,0.79,0.802390035166905,6.628100000000001,0.7405545564461559,0.25944544355384414,1.7196303444192345,0
3,20211007,3.17,0.79,0.802390035166905,2.5043,0.7405545564461559,0.25944544355384414,0.649729224291892,0
3,20211008,3.81,0.78,0.802390035166905,2.9718,0.7405545564461559,0.25944544355384414,0.7710199691533139,0
3,20211009,5.3,0.78,0.802390035166905,4.134,0.7405545564461559,0.25944544355384414,1.0725474636515917,0
3,20211010,9.41,0.79,0.802390035166905,7.4339,0.7405545564461559,0.25944544355384414,1.928691482834922,0
3,20211011,4.31,0.8,0.802390035166905,3.448,0.7405545564461559,0.25944544355384414,0.8945678893736546,0
3,20211012,4.16,0.79,0.802390035166905,3.2864000000000004,0.7405545564461559,0.25944544355384414,0.8526415056953535,0
3,20211013,6.49,0.8,0.802390035166905,5.192,0.7405545564461559,0.25944544355384414,1.3470407429315587,0
3,20211014,0.24,0.79,0.802390035166905,0.1896,0.7405545564461559,0.25944544355384414,0.04919085609780884,0
3,20211015,2.84,0.79,0.802390035166905,2.2436,0.7405545564461559,0.25944544355384414,0.5820917971574047,0
3,20211016,1.62,0.79,0.802390035166905,1.2798,0.7405545564461559,0.25944544355384414,0.33203827866020974,0
3,20211017,3.02,0.79,0.802390035166905,2.3858,0.7405545564461559,0.25944544355384414,0.6189849392307614,0
3,20211018,0.37,0.79,0.802390035166905,0.2923,0.7405545564461559,0.25944544355384414,0.07583590315078864,0
3,20211019,3.3,0.78,0.802390035166905,2.574,0.7405545564461559,0.25944544355384414,0.6678125717075948,0
3,20211020,1.74,0.78,0.802390035166905,1.3572,0.7405545564461559,0.25944544355384414,0.35211935599127725,0
3,20211021,1.85,0.79,0.802390035166905,1.4615000000000002,0.7405545564461559,0.25944544355384414,0.37917951575394326,0
3,20211022,0.51,0.78,0.802390035166905,0.39780000000000004,0.7405545564461559,0.25944544355384414,0.1032073974457192,0
3,20211023,0.54,0.78,0.802390035166905,0.4212,0.7405545564461559,0.25944544355384414,0.10927842082487915,0
3,20211024,5.98,0.78,0.802390035166905,4.6644000000000005,0.7405545564461559,0.25944544355384414,1.2101573269125507,0
3,20211025,0.93,0.78,0.802390035166905,0.7254,0.7405545564461559,0.25944544355384414,0.18820172475395855,0
3,20211026,0.98,0.77,0.802390035166905,0.7546,0.7405545564461559,0.25944544355384414,0.19577753170573078,0
3,20211027,0.75,0.77,0.802390035166905,0.5775,0.7405545564461559,0.25944544355384414,0.149829743652345,0
3,20211028,6.67,0.76,0.802390035166905,5.0692,0.7405545564461559,0.25944544355384414,1.3151808424631468,0
3,20211029,25.07,0.79,0.802390035166905,19.805300000000003,0.7405545564461559,0.25944544355384414,5.1383948432169495,1
3,20211030,17.88,0.83,0.802390035166905,14.840399999999999,0.7405545564461559,0.25944544355384414,3.8502741605164683,1
3,20211031,16.09,0.83,0.802390035166905,13.3547,0.7405545564461559,0.25944544355384414,3.464816065028522,1
3,20211101,21.37,0.86,0.802390035166905,18.3782,0.7405545564461559,0.25944544355384414,4.768140250721258,1
3,20211102,23.68,0.88,0.802390035166905,20.8384,0.7405545564461559,0.25944544355384414,5.406427930952425,1
3,20211103,30.77,0.91,0.802390035166905,28.000700000000002,0.7405545564461559,0.25944544355384414,7.264654031318124,1
3,20211104,18.47,0.92,0.802390035166905,16.9924,0.7405545564461559,0.25944544355384414,4.408600755044341,1
3,20211105,16.95,0.92,0.802390035166905,15.594,0.7405545564461559,0.25944544355384414,4.045792246778645,1
3,20211106,49.77,0.94,0.802390035166905,46.7838,0.7405545564461559,0.25944544355384414,12.137843742134333,1
3,20211107,40.64,0.97,0.802390035166905,39.4208,0.7405545564461559,0.25944544355384414,10.227546941247379,1
3,20211108,36.4,0.98,0.802390035166905,35.672,0.7405545564461559,0.25944544355384414,9.254937862452728,1
3,20211109,16.97,0.98,0.802390035166905,16.630599999999998,0.7405545564461559,0.25944544355384414,4.314733393566559,1
3,20211110,84.05,0.99,0.802390035166905,83.20949999999999,0.7405545564461559,0.25944544355384414,21.58832563539359,1
3,20211111,75.19,1.0,0.802390035166905,75.19,0.7405545564461559,0.25944544355384414,19.50770290081354,1
3,20211112,3.63,0.99,0.802390035166905,3.5936999999999997,0.7405545564461559,0.25944544355384414,0.9323690904994496,0
3,20211113,3.72,0.99,0.802390035166905,3.6828000000000003,0.7405545564461559,0.25944544355384414,0.9554856795200972,0
3,20211114,4.74,0.99,0.802390035166905,4.6926000000000005,0.7405545564461559,0.25944544355384414,1.217473688420769,0
3,20211115,4.57,0.99,0.802390035166905,4.5243,0.7405545564461559,0.25944544355384414,1.173809020270657,0
3,20211116,2.4,0.99,0.802390035166905,2.376,0.7405545564461559,0.25944544355384414,0.6164423738839336,0
3,20211117,11.0,0.99,0.802390035166905,10.89,0.7405545564461559,0.25944544355384414,2.825360880301363,0
3,20211118,74.21,1.0,0.802390035166905,74.21,0.7405545564461559,0.25944544355384414,19.25344636613077,1
3,20211119,20.62,1.0,0.802390035166905,20.62,0.7405545564461559,0.25944544355384414,5.349765046080266,1
3,20211120,16.63,1.0,0.802390035166905,16.63,0.7405545564461559,0.25944544355384414,4.314577726300428,1
3,20211121,7.5,1.0,0.802390035166905,7.5,0.7405545564461559,0.25944544355384414,1.945840826653831,0
3,20211122,5.0,0.99,0.802390035166905,4.95,0.7405545564461559,0.25944544355384414,1.2842549455915284,0
3,20211123,2.29,0.99,0.802390035166905,2.2671,0.7405545564461559,0.25944544355384414,0.5881887650809201,0
3,20211124,2.87,0.99,0.802390035166905,2.8413,0.7405545564461559,0.25944544355384414,0.7371623387695373,0
3,20211125,18.25,0.99,0.802390035166905,18.0675,0.7405545564461559,0.25944544355384414,4.687530551409079,1
3,20211126,58.61,1.0,0.802390035166905,58.61,0.7405545564461559,0.25944544355384414,15.206097446690805,1
3,20211127,29.98,1.0,0.802390035166905,29.98,0.7405545564461559,0.25944544355384414,7.778174397744247,1
3,20211128,61.12,1.0,0.802390035166905,61.12,0.7405545564461559,0.25944544355384414,15.857305510010953,1
3,20211129,12.76,1.0,0.802390035166905,12.76,0.7405545564461559,0.25944544355384414,3.310523859747051,0
3,20211130,9.8,1.0,0.802390035166905,9.8,0.7405545564461559,0.25944544355384414,2.5425653468276725,0
3,20211201,1.22,1.0,0.802390035166905,1.22,0.7405545564461559,0.25944544355384414,0.31652344113568986,0
3,20211202,0.03,1.0,0.802390035166905,0.03,0.7405545564461559,0.25944544355384414,0.007783363306615324,0
3,20211203,0.14,0.99,0.802390035166905,0.1386,0.7405545564461559,0.25944544355384414,0.0359591384765628,0
3,20211204,0.01,0.99,0.802390035166905,0.0099,0.7405545564461559,0.25944544355384414,0.002568509891183057,0
3,20211205,0.15,0.99,0.802390035166905,0.1485,0.7405545564461559,0.25944544355384414,0.03852764836774585,0
3,20211206,1.22,0.98,0.802390035166905,1.1956,0.7405545564461559,0.25944544355384414,0.31019297231297605,0
3,20211207,0.09,0.98,0.802390035166905,0.0882,0.7405545564461559,0.25944544355384414,0.02288308812144905,0
3,20211208,0.38,0.97,0.802390035166905,0.3686,0.7405545564461559,0.25944544355384414,0.09563159049394694,0
3,20211209,3.98,0.97,0.802390035166905,3.8606,0.7405545564461559,0.25944544355384414,1.0016150793839707,0
3,20211210,2.35,0.97,0.802390035166905,2.2795,0.7405545564461559,0.25944544355384414,0.5914058885809877,0
3,20211211,3.71,0.96,0.802390035166905,3.5616,0.7405545564461559,0.25944544355384414,0.9240408917613713,0
3,20211212,6.0,0.96,0.802390035166905,5.76,0.7405545564461559,0.25944544355384414,1.4944057548701422,0
3,20211213,6.87,0.96,0.802390035166905,6.5952,0.7405545564461559,0.25944544355384414,1.711094589326313,0
3,20211214,2.34,0.96,0.802390035166905,2.2464,0.7405545564461559,0.25944544355384414,0.5828182443993555,0
3,20211215,1.6,0.95,0.802390035166905,1.52,0.7405545564461559,0.25944544355384414,0.39435707420184307,0
3,20211216,0.48,0.95,0.802390035166905,0.45599999999999996,0.7405545564461559,0.25944544355384414,0.11830712226055291,0
3,20211217,0.15,0.94,0.802390035166905,0.141,0.7405545564461559,0.25944544355384414,0.03658180754109202,0
3,20211218,0.0,0.93,0.802390035166905,0.0,0.7405545564461559,0.25944544355384414,0.0,0
3,20211219,0.0,0.93,0.802390035166905,0.0,0.7405545564461559,0.25944544355384414,0.0,0
3,20211220,0.0,0.92,0.802390035166905,0.0,0.7405545564461559,0.25944544355384414,0.0,0
3,20211221,0.0,0.92,0.802390035166905,0.0,0.7405545564461559,0.25944544355384414,0.0,0
3,20211222,0.0,0.91,0.802390035166905,0.0,0.7405545564461559,0.25944544355384414,0.0,0
3,20211223,0.0,0.9,0.802390035166905,0.0,0.7405545564461559,0.25944544355384414,0.0,0
3,20211224,0.0,0.9,0.802390035166905,0.0,0.7405545564461559,0.25944544355384414,0.0,0
3,20211225,0.0,0.89,0.802390035166905,0.0,0.7405545564461559,0.25944544355384414,0.0,0
3,20211226,0.0,0.88,0.802390035166905,0.0,0.7405545564461559,0.25944544355384414,0.0,0
3,20211227,0.41,0.88,0.802390035166905,0.36079999999999995,0.7405545564461559,0.25944544355384414,0.09360791603422695,0
3,20211228,0.87,0.87,0.802390035166905,0.7569,0.7405545564461559,0.25944544355384414,0.19637425622590463,0
3,20211229,0.92,0.87,0.802390035166905,0.8004,0.7405545564461559,0.25944544355384414,0.20766013302049685,0
3,20211230,55.65,0.89,0.802390035166905,49.5285,0.7405545564461559,0.25944544355384414,12.84994365105657,1
3,20211231,42.52,0.96,0.802390035166905,40.8192,0.7405545564461559,0.25944544355384414,10.590355449513075,1
3,20220101,8.69,0.96,0.802390035166905,8.3424,0.7405545564461559,0.25944544355384414,2.164397668303589,0
3,20220102,0.5,0.95,0.802390035166905,0.475,0.7405545564461559,0.25944544355384414,0.12323658568807595,0
3,20220103,0.02,0.94,0.802390035166905,0.0188,0.7405545564461559,0.25944544355384414,0.00487757433881227,0
3,20220104,0.01,0.93,0.802390035166905,0.009300000000000001,0.7405545564461559,0.25944544355384414,0.002412842625050751,0
3,20220105,0.02,0.93,0.802390035166905,0.018600000000000002,0.7405545564461559,0.25944544355384414,0.004825685250101502,0
3,20220106,0.04,0.92,0.802390035166905,0.0368,0.7405545564461559,0.25944544355384414,0.009547592322781464,0
3,20220107,0.03,0.91,0.802390035166905,0.0273,0.7405545564461559,0.25944544355384414,0.0070828606090199454,0
3,20220108,0.0,0.91,0.802390035166905,0.0,0.7405545564461559,0.25944544355384414,0.0,0
3,20220109,0.0,0.9,0.802390035166905,0.0,0.7405545564461559,0.25944544355384414,0.0,0
3,20220110,0.0,0.9,0.802390035166905,0.0,0.7405545564461559,0.25944544355384414,0.0,0
3,20220111,0.02,0.89,0.802390035166905,0.0178,0.7405545564461559,0.25944544355384414,0.0046181288952584255,0
3,20220112,0.14,0.88,0.802390035166905,0.12320000000000002,0.7405545564461559,0.25944544355384414,0.031963678645833604,0
3,20220113,0.95,0.87,0.802390035166905,0.8265,0.7405545564461559,0.25944544355384414,0.21443165909725218,0
3,20220114,0.68,0.87,0.802390035166905,0.5916,0.7405545564461559,0.25944544355384414,0.1534879244064542,0
3,20220115,0.64,0.86,0.802390035166905,0.5504,0.7405545564461559,0.25944544355384414,0.14279877213203582,0
3,20220116,5.86,0.86,0.802390035166905,5.0396,0.7405545564461559,0.25944544355384414,1.3075012573339528,0
3,20220117,6.17,0.86,0.802390035166905,5.3062,0.7405545564461559,0.25944544355384414,1.3766694125854075,0
3,20220118,1.52,0.86,0.802390035166905,1.3072,0.7405545564461559,0.25944544355384414,0.33914708381358505,0
3,20220119,0.47,0.85,0.802390035166905,0.39949999999999997,0.7405545564461559,0.25944544355384414,0.10364845469976072,0
3,20220120,0.0,0.85,0.802390035166905,0.0,0.7405545564461559,0.25944544355384414,0.0,0
3,20220121,0.0,0.84,0.802390035166905,0.0,0.7405545564461559,0.25944544355384414,0.0,0
3,20220122,0.0,0.83,0.802390035166905,0.0,0.7405545564461559,0.25944544355384414,0.0,0
3,20220123,0.59,0.83,0.802390035166905,0.48969999999999997,0.7405545564461559,0.25944544355384414,0.12705043370831748,0
3,20220124,3.1,0.83,0.802390035166905,2.573,0.7405545564461559,0.25944544355384414,0.667553126264041,0
3,20220125,1.19,0.82,0.802390035166905,0.9757999999999999,0.7405545564461559,0.25944544355384414,0.2531668638198411,0
3,20220126,0.7,0.82,0.802390035166905,0.574,0.7405545564461559,0.25944544355384414,0.1489216845999065,0
3,20220127,0.19,0.81,0.802390035166905,0.1539,0.7405545564461559,0.25944544355384414,0.03992865376293662,0
3,20220128,0.26,0.8,0.802390035166905,0.20800000000000002,0.7405545564461559,0.25944544355384414,0.05396465225919959,0
3,20220129,0.08,0.8,0.802390035166905,0.064,0.7405545564461559,0.25944544355384414,0.016604508387446024,0
3,20220130,0.0,0.79,0.802390035166905,0.0,0.7405545564461559,0.25944544355384414,0.0,0
3,20220131,0.0,0.78,0.802390035166905,0.0,0.7405545564461559,0.25944544355384414,0.0,0
3,20220201,0.0,0.78,0.802390035166905,0.0,0.7405545564461559,0.25944544355384414,0.0,0
3,20220202,0.0,0.77,0.802390035166905,0.0,0.7405545564461559,0.25944544355384414,0.0,0
3,20220203,0.0,0.76,0.802390035166905,0.0,0.7405545564461559,0.25944544355384414,0.0,0
3,20220204,0.0,0.76,0.802390035166905,0.0,0.7405545564461559,0.25944544355384414,0.0,0
3,20220205,0.04,0.75,0.802390035166905,0.03,0.7405545564461559,0.25944544355384414,0.007783363306615324,0
3,20220206,0.0,0.74,0.802390035166905,0.0,0.7405545564461559,0.25944544355384414,0.0,0
3,20220207,0.0,0.74,0.802390035166905,0.0,0.7405545564461559,0.25944544355384414,0.0,0
3,20220208,0.0,0.73,0.802390035166905,0.0,0.7405545564461559,0.25944544355384414,0.0,0
3,20220209,0.0,0.72,0.802390035166905,0.0,0.7405545564461559,0.25944544355384414,0.0,0
3,20220210,0.13,0.72,0.802390035166905,0.0936,0.7405545564461559,0.25944544355384414,0.02428409351663981,0
3,20220211,0.25,0.71,0.802390035166905,0.1775,0.7405545564461559,0.25944544355384414,0.046051566230807334,0
3,20220212,0.07,0.71,0.802390035166905,0.0497,0.7405545564461559,0.25944544355384414,0.012894438544626054,0
3,20220213,0.0,0.7,0.802390035166905,0.0,0.7405545564461559,0.25944544355384414,0.0,0
3,20220214,0.03,0.69,0.802390035166905,0.020699999999999996,0.7405545564461559,0.25944544355384414,0.005370520681564572,0
3,20220215,0.01,0.69,0.802390035166905,0.0069,0.7405545564461559,0.25944544355384414,0.0017901735605215245,0
3,20220216,0.0,0.68,0.802390035166905,0.0,0.7405545564461559,0.25944544355384414,0.0,0
3,20220217,0.0,0.68,0.802390035166905,0.0,0.7405545564461559,0.25944544355384414,0.0,0
3,20220218,0.0,0.67,0.802390035166905,0.0,0.7405545564461559,0.25944544355384414,0.0,0
3,20220219,0.0,0.67,0.802390035166905,0.0,0.7405545564461559,0.25944544355384414,0.0,0
3,20220220,0.0,0.66,0.802390035166905,0.0,0.7405545564461559,0.25944544355384414,0.0,0
3,20220221,0.0,0.66,0.802390035166905,0.0,0.7405545564461559,0.25944544355384414,0.0,0
3,20220222,0.03,0.65,0.802390035166905,0.0195,0.7405545564461559,0.25944544355384414,0.005059186149299961,0
3,20220223,0.0,0.65,0.802390035166905,0.0,0.7405545564461559,0.25944544355384414,0.0,0
3,20220224,0.0,0.64,0.802390035166905,0.0,0.7405545564461559,0.25944544355384414,0.0,0
3,20220225,0.0,0.64,0.802390035166905,0.0,0.7405545564461559,0.25944544355384414,0.0,0
3,20220226,0.01,0.63,0.802390035166905,0.0063,0.7405545564461559,0.25944544355384414,0.001634506294389218,0
3,20220227,0.0,0.63,0.802390035166905,0.0,0.7405545564461559,0.25944544355384414,0.0,0
3,20220228,0.0,0.62,0.802390035166905,0.0,0.7405545564461559,0.25944544355384414,0.0,0
3,20220301,0.0,0.62,0.802390035166905,0.0,0.7405545564461559,0.25944544355384414,0.0,0
3,20220302,0.0,0.61,0.802390035166905,0.0,0.7405545564461559,0.25944544355384414,0.0,0
3,20220303,0.0,0.61,0.802390035166905,0.0,0.7405545564461559,0.25944544355384414,0.0,0
3,20220304,0.06,0.61,0.802390035166905,0.0366,0.7405545564461559,0.25944544355384414,0.009495703234070696,0
3,20220305,0.01,0.6,0.802390035166905,0.006,0.7405545564461559,0.25944544355384414,0.001556672661323065,0
3,20220306,0.89,0.6,0.802390035166905,0.534,0.7405545564461559,0.25944544355384414,0.13854386685775277,0
3,20220307,0.21,0.6,0.802390035166905,0.126,0.7405545564461559,0.25944544355384414,0.03269012588778436,0
3,20220308,0.0,0.59,0.802390035166905,0.0,0.7405545564461559,0.25944544355384414,0.0,0
3,20220309,0.0,0.59,0.802390035166905,0.0,0.7405545564461559,0.25944544355384414,0.0,0
3,20220310,0.0,0.59,0.802390035166905,0.0,0.7405545564461559,0.25944544355384414,0.0,0
3,20220311,0.0,0.58,0.802390035166905,0.0,0.7405545564461559,0.25944544355384414,0.0,0
3,20220312,0.0,0.58,0.802390035166905,0.0,0.7405545564461559,0.25944544355384414,0.0,0
3,20220313,0.01,0.57,0.802390035166905,0.005699999999999999,0.7405545564461559,0.25944544355384414,0.0014788390282569114,0
3,20220314,0.0,0.57,0.802390035166905,0.0,0.7405545564461559,0.25944544355384414,0.0,0
3,20220315,0.0,0.57,0.802390035166905,0.0,0.7405545564461559,0.25944544355384414,0.0,0
3,20220316,0.0,0.56,0.802390035166905,0.0,0.7405545564461559,0.25944544355384414,0.0,0
3,20220317,0.0,0.56,0.802390035166905,0.0,0.7405545564461559,0.25944544355384414,0.0,0
3,20220318,0.0,0.55,0.802390035166905,0.0,0.7405545564461559,0.25944544355384414,0.0,0
3,20220319,0.01,0.55,0.802390035166905,0.0055000000000000005,0.7405545564461559,0.25944544355384414,0.001426949939546143,0
3,20220320,0.08,0.55,0.802390035166905,0.044000000000000004,0.7405545564461559,0.25944544355384414,0.011415599516369144,0
3,20220321,0.49,0.55,0.802390035166905,0.2695,0.7405545564461559,0.25944544355384414,0.069920547037761,0
3,20220322,0.87,0.55,0.802390035166905,0.47850000000000004,0.7405545564461559,0.25944544355384414,0.12414464474051443,0
3,20220323,0.01,0.54,0.802390035166905,0.0054,0.7405545564461559,0.25944544355384414,0.0014010053951907585,0
3,20220324,0.01,0.54,0.802390035166905,0.0054,0.7405545564461559,0.25944544355384414,0.0014010053951907585,0
3,20220325,0.0,0.54,0.802390035166905,0.0,0.7405545564461559,0.25944544355384414,0.0,0
3,20220326,0.0,0.53,0.802390035166905,0.0,0.7405545564461559,0.25944544355384414,0.0,0
3,20220327,0.0,0.53,0.802390035166905,0.0,0.7405545564461559,0.25944544355384414,0.0,0
3,20220328,0.0,0.53,0.802390035166905,0.0,0.7405545564461559,0.25944544355384414,0.0,0
3,20220329,0.0,0.53,0.802390035166905,0.0,0.7405545564461559,0.25944544355384414,0.0,0
3,20220330,0.0,0.53,0.802390035166905,0.0,0.7405545564461559,0.25944544355384414,0.0,0
3,20220331,0.01,0.52,0.802390035166905,0.005200000000000001,0.7405545564461559,0.25944544355384414,0.0013491163064799896,0
3,20220401,0.0,0.52,0.802390035166905,0.0,0.7405545564461559,0.25944544355384414,0.0,0
3,20220402,0.01,0.52,0.802390035166905,0.005200000000000001,0.7405545564461559,0.25944544355384414,0.0013491163064799896,0
3,20220403,0.0,0.52,0.802390035166905,0.0,0.7405545564461559,0.25944544355384414,0.0,0
3,20220404,0.01,0.52,0.802390035166905,0.005200000000000001,0.7405545564461559,0.25944544355384414,0.0013491163064799896,0
3,20220405,0.0,0.52,0.802390035166905,0.0,0.7405545564461559,0.25944544355384414,0.0,0
3,20220406,0.05,0.52,0.802390035166905,0.026000000000000002,0.7405545564461559,0.25944544355384414,0.006745581532399948,0
3,20220407,0.1,0.52,0.802390035166905,0.052000000000000005,0.7405545564461559,0.25944544355384414,0.013491163064799897,0
3,20220408,0.14,0.52,0.802390035166905,0.0728,0.7405545564461559,0.25944544355384414,0.018887628290719854,0
3,20220409,0.14,0.52,0.802390035166905,0.0728,0.7405545564461559,0.25944544355384414,0.018887628290719854,0
3,20220410,0.66,0.52,0.802390035166905,0.3432,0.7405545564461559,0.25944544355384414,0.0890416762276793,0
3,20220411,0.26,0.52,0.802390035166905,0.13520000000000001,0.7405545564461559,0.25944544355384414,0.03507702396847973,0
3,20220412,0.07,0.52,0.802390035166905,0.0364,0.7405545564461559,0.25944544355384414,0.009443814145359927,0
3,20220413,0.11,0.52,0.802390035166905,0.0572,0.7405545564461559,0.25944544355384414,0.014840279371279885,0
3,20220414,0.02,0.52,0.802390035166905,0.010400000000000001,0.7405545564461559,0.25944544355384414,0.0026982326129599793,0
3,20220415,0.02,0.52,0.802390035166905,0.010400000000000001,0.7405545564461559,0.25944544355384414,0.0026982326129599793,0
3,20220416,0.03,0.52,0.802390035166905,0.0156,0.7405545564461559,0.25944544355384414,0.004047348919439969,0
3,20220417,0.42,0.52,0.802390035166905,0.2184,0.7405545564461559,0.25944544355384414,0.056662884872159563,0
3,20220418,0.33,0.52,0.802390035166905,0.1716,0.7405545564461559,0.25944544355384414,0.04452083811383965,0
3,20220419,0.03,0.52,0.802390035166905,0.0156,0.7405545564461559,0.25944544355384414,0.004047348919439969,0
3,20220420,0.02,0.52,0.802390035166905,0.010400000000000001,0.7405545564461559,0.25944544355384414,0.0026982326129599793,0
3,20220421,0.01,0.52,0.802390035166905,0.005200000000000001,0.7405545564461559,0.25944544355384414,0.0013491163064799896,0
3,20220422,0.02,0.51,0.802390035166905,0.0102,0.7405545564461559,0.25944544355384414,0.0026463435242492102,0
3,20220423,0.04,0.51,0.802390035166905,0.0204,0.7405545564461559,0.25944544355384414,0.0052926870484984205,0
3,20220424,0.0,0.51,0.802390035166905,0.0,0.7405545564461559,0.25944544355384414,0.0,0
3,20220425,0.0,0.51,0.802390035166905,0.0,0.7405545564461559,0.25944544355384414,0.0,0
3,20220426,0.0,0.51,0.802390035166905,0.0,0.7405545564461559,0.25944544355384414,0.0,0
3,20220427,0.0,0.51,0.802390035166905,0.0,0.7405545564461559,0.25944544355384414,0.0,0
3,20220428,0.0,0.51,0.802390035166905,0.0,0.7405545564461559,0.25944544355384414,0.0,0
3,20220429,0.02,0.51,0.802390035166905,0.0102,0.7405545564461559,0.25944544355384414,0.0026463435242492102,0
3,20220430,0.01,0.51,0.802390035166905,0.0051,0.7405545564461559,0.25944544355384414,0.0013231717621246051,0
3,20220501,0.38,0.51,0.802390035166905,0.1938,0.7405545564461559,0.25944544355384414,0.05028052696073499,0
3,20220502,0.99,0.51,0.802390035166905,0.5049,0.7405545564461559,0.25944544355384414,0.1309940044503359,0
3,20220503,0.48,0.52,0.802390035166905,0.2496,0.7405545564461559,0.25944544355384414,0.0647575827110395,0
3,20220504,1.98,0.52,0.802390035166905,1.0296,0.7405545564461559,0.25944544355384414,0.26712502868303795,0
3,20220505,1.93,0.52,0.802390035166905,1.0036,0.7405545564461559,0.25944544355384414,0.260379447150638,0
3,20220506,4.02,0.52,0.802390035166905,2.0904,0.7405545564461559,0.25944544355384414,0.5423447552049557,0
3,20220507,8.16,0.54,0.802390035166905,4.4064000000000005,0.7405545564461559,0.25944544355384414,1.143220402475659,0
3,20220508,0.52,0.54,0.802390035166905,0.28080000000000005,0.7405545564461559,0.25944544355384414,0.07285228054991945,0
3,20220509,1.28,0.53,0.802390035166905,0.6784,0.7405545564461559,0.25944544355384414,0.17600778890692786,0
3,20220510,10.74,0.54,0.802390035166905,5.799600000000001,0.7405545564461559,0.25944544355384414,1.5046797944348747,0
3,20220511,6.44,0.55,0.802390035166905,3.5420000000000007,0.7405545564461559,0.25944544355384414,0.9189557610677161,0
3,20220512,8.99,0.55,0.802390035166905,4.944500000000001,0.7405545564461559,0.25944544355384414,1.2828279956519826,0
3,20220513,1.16,0.57,0.802390035166905,0.6611999999999999,0.7405545564461559,0.25944544355384414,0.17154532727780172,0
3,20220514,1.15,0.56,0.802390035166905,0.644,0.7405545564461559,0.25944544355384414,0.16708286564867564,0
3,20220515,7.5,0.56,0.802390035166905,4.2,0.7405545564461559,0.25944544355384414,1.0896708629261453,0
3,20220516,6.12,0.58,0.802390035166905,3.5496,0.7405545564461559,0.25944544355384414,0.9209275464387251,0
3,20220517,2.55,0.58,0.802390035166905,1.4789999999999999,0.7405545564461559,0.25944544355384414,0.38371981101613545,0
3,20220518,1.4,0.58,0.802390035166905,0.8119999999999999,0.7405545564461559,0.25944544355384414,0.21066970016572142,0
3,20220519,0.45,0.57,0.802390035166905,0.2565,0.7405545564461559,0.25944544355384414,0.06654775627156102,0
3,20220520,0.4,0.57,0.802390035166905,0.22799999999999998,0.7405545564461559,0.25944544355384414,0.05915356113027646,0
3,20220521,0.02,0.56,0.802390035166905,0.011200000000000002,0.7405545564461559,0.25944544355384414,0.0029057889678030546,0
3,20220522,0.03,0.56,0.802390035166905,0.016800000000000002,0.7405545564461559,0.25944544355384414,0.004358683451704582,0
3,20220523,0.01,0.55,0.802390035166905,0.0055000000000000005,0.7405545564461559,0.25944544355384414,0.001426949939546143,0
3,20220524,0.07,0.55,0.802390035166905,0.038500000000000006,0.7405545564461559,0.25944544355384414,0.009988649576823001,0
3,20220525,2.43,0.55,0.802390035166905,1.3365000000000002,0.7405545564461559,0.25944544355384414,0.34674883530971273,0
3,20220526,3.13,0.55,0.802390035166905,1.7215,0.7405545564461559,0.25944544355384414,0.4466353310779427,0
3,20220527,1.93,0.55,0.802390035166905,1.0615,0.7405545564461559,0.25944544355384414,0.2754013383324056,0
3,20220528,0.08,0.55,0.802390035166905,0.044000000000000004,0.7405545564461559,0.25944544355384414,0.011415599516369144,0
3,20220529,0.13,0.54,0.802390035166905,0.07020000000000001,0.7405545564461559,0.25944544355384414,0.018213070137479862,0
3,20220530,0.09,0.54,0.802390035166905,0.048600000000000004,0.7405545564461559,0.25944544355384414,0.012609048556716827,0
3,20220531,0.03,0.54,0.802390035166905,0.0162,0.7405545564461559,0.25944544355384414,0.004203016185572275,0
3,20220601,0.01,0.53,0.802390035166905,0.0053,0.7405545564461559,0.25944544355384414,0.001375060850835374,0
3,20220602,0.0,0.53,0.802390035166905,0.0,0.7405545564461559,0.25944544355384414,0.0,0
3,20220603,0.01,0.53,0.802390035166905,0.0053,0.7405545564461559,0.25944544355384414,0.001375060850835374,0
3,20220604,0.01,0.53,0.802390035166905,0.0053,0.7405545564461559,0.25944544355384414,0.001375060850835374,0
3,20220605,1.81,0.53,0.802390035166905,0.9593,0.7405545564461559,0.25944544355384414,0.2488860140012027,0
3,20220606,3.7,0.53,0.802390035166905,1.9610000000000003,0.7405545564461559,0.25944544355384414,0.5087725148090885,0
3,20220607,2.57,0.53,0.802390035166905,1.3621,0.7405545564461559,0.25944544355384414,0.3533906386646911,0
3,20220608,0.38,0.53,0.802390035166905,0.20140000000000002,0.7405545564461559,0.25944544355384414,0.05225231233174422,0
3,20220609,0.26,0.53,0.802390035166905,0.1378,0.7405545564461559,0.25944544355384414,0.03575158212171972,0
3,20220610,0.21,0.53,0.802390035166905,0.1113,0.7405545564461559,0.25944544355384414,0.028876277867542852,0
3,20220611,1.31,0.53,0.802390035166905,0.6943,0.7405545564461559,0.25944544355384414,0.180132971459434,0
3,20220612,1.97,0.53,0.802390035166905,1.0441,0.7405545564461559,0.25944544355384414,0.27088698761456864,0
3,20220613,1.48,0.53,0.802390035166905,0.7844,0.7405545564461559,0.25944544355384414,0.20350900592363533,0
3,20220614,1.54,0.53,0.802390035166905,0.8162,0.7405545564461559,0.25944544355384414,0.21175937102864759,0
3,20220615,8.16,0.54,0.802390035166905,4.4064000000000005,0.7405545564461559,0.25944544355384414,1.143220402475659,0
3,20220616,8.64,0.55,0.802390035166905,4.752000000000001,0.7405545564461559,0.25944544355384414,1.2328847477678675,0
3,20220617,7.47,0.56,0.802390035166905,4.1832,0.7405545564461559,0.25944544355384414,1.085312179474441,0
3,20220618,4.74,0.56,0.802390035166905,2.6544000000000003,0.7405545564461559,0.25944544355384414,0.688671985369324,0
3,20220619,28.85,0.59,0.802390035166905,17.0215,0.7405545564461559,0.25944544355384414,4.416150617451758,1
3,20220620,18.31,0.64,0.802390035166905,11.718399999999999,0.7405545564461559,0.25944544355384414,3.040285485741367,0
3,20220621,23.54,0.66,0.802390035166905,15.5364,0.7405545564461559,0.25944544355384414,4.030848189229944,1
3,20220622,9.51,0.68,0.802390035166905,6.4668,0.7405545564461559,0.25944544355384414,1.6777817943739992,0
3,20220623,3.63,0.67,0.802390035166905,2.4321,0.7405545564461559,0.25944544355384414,0.6309972632673043,0
3,20220624,2.55,0.67,0.802390035166905,1.7085,0.7405545564461559,0.25944544355384414,0.44326254031174267,0
3,20220625,1.99,0.67,0.802390035166905,1.3333000000000002,0.7405545564461559,0.25944544355384414,0.3459186098903404,0
3,20220626,0.65,0.66,0.802390035166905,0.42900000000000005,0.7405545564461559,0.25944544355384414,0.11130209528459914,0
3,20220627,2.44,0.65,0.802390035166905,1.586,0.7405545564461559,0.25944544355384414,0.4114804734763968,0
3,20220628,2.59,0.66,0.802390035166905,1.7094,0.7405545564461559,0.25944544355384414,0.44349604121094116,0
3,20220629,5.16,0.65,0.802390035166905,3.354,0.7405545564461559,0.25944544355384414,0.8701800176795933,0
3,20220630,5.14,0.66,0.802390035166905,3.3924,0.7405545564461559,0.25944544355384414,0.8801427227120608,0
3,20220701,4.5,0.66,0.802390035166905,2.97,0.7405545564461559,0.25944544355384414,0.7705529673549172,0
3,20220702,3.0,0.66,0.802390035166905,1.98,0.7405545564461559,0.25944544355384414,0.5137019782366113,0
3,20220703,3.04,0.66,0.802390035166905,2.0064,0.7405545564461559,0.25944544355384414,0.5205513379464329,0
3,20220704,3.24,0.66,0.802390035166905,2.1384000000000003,0.7405545564461559,0.25944544355384414,0.5547981364955403,0
3,20220705,6.45,0.66,0.802390035166905,4.257000000000001,0.7405545564461559,0.25944544355384414,1.1044592532087145,0
3,20220706,4.59,0.67,0.802390035166905,3.0753,0.7405545564461559,0.25944544355384414,0.7978725725611369,0
3,20220707,1.75,0.66,0.802390035166905,1.155,0.7405545564461559,0.25944544355384414,0.29965948730469,0
3,20220708,3.76,0.66,0.802390035166905,2.4816,0.7405545564461559,0.25944544355384414,0.6438398127232196,0
3,20220709,2.01,0.66,0.802390035166905,1.3266,0.7405545564461559,0.25944544355384414,0.3441803254185296,0
3,20220710,2.79,0.66,0.802390035166905,1.8414000000000001,0.7405545564461559,0.25944544355384414,0.4777428397600486,0
3,20220711,1.15,0.65,0.802390035166905,0.7474999999999999,0.7405545564461559,0.25944544355384414,0.19393546905649847,0
3,20220712,1.38,0.65,0.802390035166905,0.8969999999999999,0.7405545564461559,0.25944544355384414,0.23272256286779816,0
3,20220713,2.29,0.65,0.802390035166905,1.4885000000000002,0.7405545564461559,0.25944544355384414,0.38618454272989705,0
3,20220714,0.31,0.64,0.802390035166905,0.1984,0.7405545564461559,0.25944544355384414,0.05147397600108267,0
3,20220715,0.09,0.63,0.802390035166905,0.0567,0.7405545564461559,0.25944544355384414,0.014710556649502963,0
3,20220716,5.09,0.63,0.802390035166905,3.2067,0.7405545564461559,0.25944544355384414,0.831963703844112,0
3,20220717,9.42,0.65,0.802390035166905,6.123,0.7405545564461559,0.25944544355384414,1.5885844508801876,0
3,20220718,2.0,0.65,0.802390035166905,1.3,0.7405545564461559,0.25944544355384414,0.3372790766199974,0
3,20220719,0.94,0.64,0.802390035166905,0.6016,0.7405545564461559,0.25944544355384414,0.15608237884199264,0
3,20220720,10.14,0.65,0.802390035166905,6.591,0.7405545564461559,0.25944544355384414,1.7100049184633868,0
3,20220721,5.89,0.66,0.802390035166905,3.8874,0.7405545564461559,0.25944544355384414,1.0085682172712136,0
3,20220722,15.58,0.68,0.802390035166905,10.5944,0.7405545564461559,0.25944544355384414,2.7486688071868466,0
3,20220723,1.46,0.68,0.802390035166905,0.9928,0.7405545564461559,0.25944544355384414,0.2575774363602565,0
3,20220724,3.4,0.68,0.802390035166905,2.3120000000000003,0.7405545564461559,0.25944544355384414,0.5998378654964878,0
3,20220725,3.46,0.68,0.802390035166905,2.3528000000000002,0.7405545564461559,0.25944544355384414,0.6104232395934845,0
3,20220726,7.74,0.69,0.802390035166905,5.340599999999999,0.7405545564461559,0.25944544355384414,1.3855943358436598,0
3,20220727,0.2,0.68,0.802390035166905,0.136,0.7405545564461559,0.25944544355384414,0.0352845803233228,0
3,20220728,0.75,0.68,0.802390035166905,0.51,0.7405545564461559,0.25944544355384414,0.1323171762124605,0
3,20220729,0.73,0.68,0.802390035166905,0.4964,0.7405545564461559,0.25944544355384414,0.12878871818012824,0
3,20220730,1.37,0.67,0.802390035166905,0.9179000000000002,0.7405545564461559,0.25944544355384414,0.23814497263807358,0
3,20220731,4.17,0.67,0.802390035166905,2.7939000000000003,0.7405545564461559,0.25944544355384414,0.7248646247450852,0
3,20220801,8.36,0.67,0.802390035166905,5.6011999999999995,0.7405545564461559,0.25944544355384414,1.4532058184337917,0
3,20220802,6.98,0.68,0.802390035166905,4.7464,0.7405545564461559,0.25944544355384414,1.2314318532839659,0
4,20210902,7.02,0.73,0.11,5.124599999999999,0.10152294724364623,0.8984770527563538,4.60433550455521,1
4,20210903,8.8,0.73,0.11,6.424,0.10152294724364623,0.8984770527563538,5.771816586906818,1
4,20210904,12.16,0.74,0.11,8.9984,0.10152294724364623,0.8984770527563538,8.084855911522775,1
4,20210905,7.22,0.75,0.11,5.415,0.10152294724364623,0.8984770527563538,4.865253240675656,1
4,20210906,6.91,0.75,0.11,5.1825,0.10152294724364623,0.8984770527563538,4.656357325909804,1
4,20210907,0.43,0.75,0.11,0.3225,0.10152294724364623,0.8984770527563538,0.2897588495139241,0
4,20210908,0.06,0.74,0.11,0.044399999999999995,0.10152294724364623,0.8984770527563538,0.039892381142382104,0
4,20210909,0.15,0.74,0.11,0.111,0.10152294724364623,0.8984770527563538,0.09973095285595528,0
4,20210910,0.53,0.73,0.11,0.3869,0.10152294724364623,0.8984770527563538,0.3476207717114333,0
4,20210911,0.06,0.73,0.11,0.0438,0.10152294724364623,0.8984770527563538,0.039353294910728295,0
4,20210912,0.17,0.72,0.11,0.12240000000000001,0.10152294724364623,0.8984770527563538,0.10997359125737771,0
4,20210913,0.05,0.72,0.11,0.036,0.10152294724364623,0.8984770527563538,0.03234517389922874,0
4,20210914,0.04,0.71,0.11,0.028399999999999998,0.10152294724364623,0.8984770527563538,0.025516748298280448,0
4,20210915,1.77,0.71,0.11,1.2567,0.10152294724364623,0.8984770527563538,1.1291161121989097,0
4,20210916,2.6,0.71,0.11,1.8459999999999999,0.10152294724364623,0.8984770527563538,1.658588639388229,0
4,20210917,1.42,0.71,0.11,1.0082,0.10152294724364623,0.8984770527563538,0.9058445645889559,0
4,20210918,5.01,0.71,0.11,3.5570999999999997,0.10152294724364623,0.8984770527563538,3.195972724359626,0
4,20210919,6.04,0.71,0.11,4.2884,0.10152294724364623,0.8984770527563538,3.853028993040348,1
4,20210920,3.03,0.71,0.11,2.1512999999999995,0.10152294724364623,0.8984770527563538,1.9328936835947435,0
4,20210921,4.59,0.71,0.11,3.2588999999999997,0.10152294724364623,0.8984770527563538,2.9280468672276814,0
4,20210922,21.25,0.74,0.11,15.725,0.10152294724364623,0.8984770527563538,14.128551654593663,1
4,20210923,1.37,0.74,0.11,1.0138,0.10152294724364623,0.8984770527563538,0.9108760360843915,0
4,20210924,1.87,0.74,0.11,1.3838000000000001,0.10152294724364623,0.8984770527563538,1.2433125456042424,0
4,20210925,7.28,0.73,0.11,5.3144,0.10152294724364623,0.8984770527563538,4.774866449168367,1
4,20210926,7.13,0.75,0.11,5.3475,0.10152294724364623,0.8984770527563538,4.804606039614602,1
4,20210927,0.08,0.74,0.11,0.0592,0.10152294724364623,0.8984770527563538,0.05318984152317615,0
4,20210928,2.25,0.73,0.11,1.6425,0.10152294724364623,0.8984770527563538,1.4757485591523112,0
4,20210929,1.48,0.73,0.11,1.0804,0.10152294724364623,0.8984770527563538,0.9707146077979647,0
4,20210930,3.93,0.73,0.11,2.8689,0.10152294724364623,0.8984770527563538,2.5776408166527034,0
4,20211001,2.28,0.73,0.11,1.6643999999999999,0.10152294724364623,0.8984770527563538,1.4954252066076752,0
4,20211002,5.59,0.73,0.11,4.0807,0.10152294724364623,0.8984770527563538,3.6664153091828533,1
4,20211003,4.45,0.73,0.11,3.2485,0.10152294724364623,0.8984770527563538,2.9187027058790154,0
4,20211004,4.71,0.73,0.11,3.4383,0.10152294724364623,0.8984770527563538,3.0892336504921714,0
4,20211005,37.11,0.76,0.11,28.2036,0.10152294724364623,0.8984770527563538,25.340287405119103,1
4,20211006,8.39,0.79,0.11,6.628100000000001,0.10152294724364623,0.8984770527563538,5.955195753374389,1
4,20211007,3.17,0.79,0.11,2.5043,0.10152294724364623,0.8984770527563538,2.250056083217737,0
4,20211008,3.81,0.78,0.11,2.9718,0.10152294724364623,0.8984770527563538,2.6700941053813323,0
4,20211009,5.3,0.78,0.11,4.134,0.10152294724364623,0.8984770527563538,3.714304136094767,1
4,20211010,9.41,0.79,0.11,7.4339,0.10152294724364623,0.8984770527563538,6.679188562485459,1
4,20211011,4.31,0.8,0.11,3.448,0.10152294724364623,0.8984770527563538,3.097948877903908,0
4,20211012,4.16,0.79,0.11,3.2864000000000004,0.10152294724364623,0.8984770527563538,2.9527549861784816,0
4,20211013,6.49,0.8,0.11,5.192,0.10152294724364623,0.8984770527563538,4.664892857910989,1
4,20211014,0.24,0.79,0.11,0.1896,0.10152294724364623,0.8984770527563538,0.17035124920260467,0
4,20211015,2.84,0.79,0.11,2.2436,0.10152294724364623,0.8984770527563538,2.0158231155641553,0
4,20211016,1.62,0.79,0.11,1.2798,0.10152294724364623,0.8984770527563538,1.1498709321175817,0
4,20211017,3.02,0.79,0.11,2.3858,0.10152294724364623,0.8984770527563538,2.143586552466109,0
4,20211018,0.37,0.79,0.11,0.2923,0.10152294724364623,0.8984770527563538,0.26262484252068224,0
4,20211019,3.3,0.78,0.11,2.574,0.10152294724364623,0.8984770527563538,2.3126799337948545,0
4,20211020,1.74,0.78,0.11,1.3572,0.10152294724364623,0.8984770527563538,1.2194130560009233,0
4,20211021,1.85,0.79,0.11,1.4615000000000002,0.10152294724364623,0.8984770527563538,1.3131242126034113,0
4,20211022,0.51,0.78,0.11,0.39780000000000004,0.10152294724364623,0.8984770527563538,0.3574141715864776,0
4,20211023,0.54,0.78,0.11,0.4212,0.10152294724364623,0.8984770527563538,0.37843853462097626,0
4,20211024,5.98,0.78,0.11,4.6644000000000005,0.10152294724364623,0.8984770527563538,4.190856364876737,1
4,20211025,0.93,0.78,0.11,0.7254,0.10152294724364623,0.8984770527563538,0.6517552540694591,0
4,20211026,0.98,0.77,0.11,0.7546,0.10152294724364623,0.8984770527563538,0.6779907840099446,0
4,20211027,0.75,0.77,0.11,0.5775,0.10152294724364623,0.8984770527563538,0.5188704979667943,0
4,20211028,6.67,0.76,0.11,5.0692,0.10152294724364623,0.8984770527563538,4.554559875832509,1
4,20211029,25.07,0.79,0.11,19.805300000000003,0.10152294724364623,0.8984770527563538,17.794607572955417,1
4,20211030,17.88,0.83,0.11,14.840399999999999,0.10152294724364623,0.8984770527563538,13.333758853725392,1
4,20211031,16.09,0.83,0.11,13.3547,0.10152294724364623,0.8984770527563538,11.998891496445278,1
4,20211101,21.37,0.86,0.11,18.3782,0.10152294724364623,0.8984770527563538,16.51239097096682,1
4,20211102,23.68,0.88,0.11,20.8384,0.10152294724364623,0.8984770527563538,18.722824216158003,1
4,20211103,30.77,0.91,0.11,28.000700000000002,0.10152294724364623,0.8984770527563538,25.157986411114837,1
4,20211104,18.47,0.92,0.11,16.9924,0.10152294724364623,0.8984770527563538,15.267281471257066,1
4,20211105,16.95,0.92,0.11,15.594,0.10152294724364623,0.8984770527563538,14.01085116068258,1
4,20211106,49.77,0.94,0.11,46.7838,0.10152294724364623,0.8984770527563538,42.0341707407427,1
4,20211107,40.64,0.97,0.11,39.4208,0.10152294724364623,0.8984770527563538,35.41868420129767,1
4,20211108,36.4,0.98,0.11,35.672,0.10152294724364623,0.8984770527563538,32.05047342592465,1
4,20211109,16.97,0.98,0.11,16.630599999999998,0.10152294724364623,0.8984770527563538,14.942212473569816,1
4,20211110,84.05,0.99,0.11,83.20949999999999,0.10152294724364623,0.8984770527563538,74.76182632132982,1
4,20211111,75.19,1.0,0.11,75.19,0.10152294724364623,0.8984770527563538,67.55648959675024,1
4,20211112,3.63,0.99,0.11,3.5936999999999997,0.10152294724364623,0.8984770527563538,3.228856984490508,0
4,20211113,3.72,0.99,0.11,3.6828000000000003,0.10152294724364623,0.8984770527563538,3.3089112898911,0
4,20211114,4.74,0.99,0.11,4.6926000000000005,0.10152294724364623,0.8984770527563538,4.216193417764466,1
4,20211115,4.57,0.99,0.11,4.5243,0.10152294724364623,0.8984770527563538,4.064979729785572,1
4,20211116,2.4,0.99,0.11,2.376,0.10152294724364623,0.8984770527563538,2.1347814773490965,0
4,20211117,11.0,0.99,0.11,10.89,0.10152294724364623,0.8984770527563538,9.784415104516693,1
4,20211118,74.21,1.0,0.11,74.21,0.10152294724364623,0.8984770527563538,66.67598208504901,1
4,20211119,20.62,1.0,0.11,20.62,0.10152294724364623,0.8984770527563538,18.526596827836016,1
4,20211120,16.63,1.0,0.11,16.63,0.10152294724364623,0.8984770527563538,14.941673387338163,1
4,20211121,7.5,1.0,0.11,7.5,0.10152294724364623,0.8984770527563538,6.738577895672654,1
4,20211122,5.0,0.99,0.11,4.95,0.10152294724364623,0.8984770527563538,4.447461411143951,1
4,20211123,2.29,0.99,0.11,2.2671,0.10152294724364623,0.8984770527563538,2.0369373263039297,0
4,20211124,2.87,0.99,0.11,2.8413,0.10152294724364623,0.8984770527563538,2.552842849996628,0
4,20211125,18.25,0.99,0.11,18.0675,0.10152294724364623,0.8984770527563538,16.233234150675422,1
4,20211126,58.61,1.0,0.11,58.61,0.10152294724364623,0.8984770527563538,52.6597400620499,1
4,20211127,29.98,1.0,0.11,29.98,0.10152294724364623,0.8984770527563538,26.936342041635488,1
4,20211128,61.12,1.0,0.11,61.12,0.10152294724364623,0.8984770527563538,54.914917464468346,1
4,20211129,12.76,1.0,0.11,12.76,0.10152294724364623,0.8984770527563538,11.464567193171074,1
4,20211130,9.8,1.0,0.11,9.8,0.10152294724364623,0.8984770527563538,8.805075117012269,1
4,20211201,1.22,1.0,0.11,1.22,0.10152294724364623,0.8984770527563538,1.0961420043627517,0
4,20211202,0.03,1.0,0.11,0.03,0.10152294724364623,0.8984770527563538,0.026954311582690613,0
4,20211203,0.14,0.99,0.11,0.1386,0.10152294724364623,0.8984770527563538,0.12452891951203064,0
4,20211204,0.01,0.99,0.11,0.0099,0.10152294724364623,0.8984770527563538,0.008894922822287904,0
4,20211205,0.15,0.99,0.11,0.1485,0.10152294724364623,0.8984770527563538,0.13342384233431853,0
4,20211206,1.22,0.98,0.11,1.1956,0.10152294724364623,0.8984770527563538,1.0742191642754966,0
4,20211207,0.09,0.98,0.11,0.0882,0.10152294724364623,0.8984770527563538,0.0792456760531104,0
4,20211208,0.38,0.97,0.11,0.3686,0.10152294724364623,0.8984770527563538,0.331178641645992,0
4,20211209,3.98,0.97,0.11,3.8606,0.10152294724364623,0.8984770527563538,3.4686605098711794,1
4,20211210,2.35,0.97,0.11,2.2795,0.10152294724364623,0.8984770527563538,2.0480784417581086,0
4,20211211,3.71,0.96,0.11,3.5616,0.10152294724364623,0.8984770527563538,3.2000158710970297,0
4,20211212,6.0,0.96,0.11,5.76,0.10152294724364623,0.8984770527563538,5.175227823876598,1
4,20211213,6.87,0.96,0.11,6.5952,0.10152294724364623,0.8984770527563538,5.925635858338705,1
4,20211214,2.34,0.96,0.11,2.2464,0.10152294724364623,0.8984770527563538,2.018338851311873,0
4,20211215,1.6,0.95,0.11,1.52,0.10152294724364623,0.8984770527563538,1.3656851201896578,0
4,20211216,0.48,0.95,0.11,0.45599999999999996,0.10152294724364623,0.8984770527563538,0.4097055360568973,0
4,20211217,0.15,0.94,0.11,0.141,0.10152294724364623,0.8984770527563538,0.12668526443864586,0
4,20211218,0.0,0.93,0.11,0.0,0.10152294724364623,0.8984770527563538,0.0,0
4,20211219,0.0,0.93,0.11,0.0,0.10152294724364623,0.8984770527563538,0.0,0
4,20211220,0.0,0.92,0.11,0.0,0.10152294724364623,0.8984770527563538,0.0,0
4,20211221,0.0,0.92,0.11,0.0,0.10152294724364623,0.8984770527563538,0.0,0
4,20211222,0.0,0.91,0.11,0.0,0.10152294724364623,0.8984770527563538,0.0,0
4,20211223,0.0,0.9,0.11,0.0,0.10152294724364623,0.8984770527563538,0.0,0
4,20211224,0.0,0.9,0.11,0.0,0.10152294724364623,0.8984770527563538,0.0,0
4,20211225,0.0,0.89,0.11,0.0,0.10152294724364623,0.8984770527563538,0.0,0
4,20211226,0.0,0.88,0.11,0.0,0.10152294724364623,0.8984770527563538,0.0,0
4,20211227,0.41,0.88,0.11,0.36079999999999995,0.10152294724364623,0.8984770527563538,0.3241705206344924,0
4,20211228,0.87,0.87,0.11,0.7569,0.10152294724364623,0.8984770527563538,0.6800572812312842,0
4,20211229,0.92,0.87,0.11,0.8004,0.10152294724364623,0.8984770527563538,0.7191410330261856,0
4,20211230,55.65,0.89,0.11,49.5285,0.10152294724364623,0.8984770527563538,44.50022070744307,1
4,20211231,42.52,0.96,0.11,40.8192,0.10152294724364623,0.8984770527563538,36.67511451187216,1
4,20220101,8.69,0.96,0.11,8.3424,0.10152294724364623,0.8984770527563538,7.495454964914606,1
4,20220102,0.5,0.95,0.11,0.475,0.10152294724364623,0.8984770527563538,0.42677660005926804,0
4,20220103,0.02,0.94,0.11,0.0188,0.10152294724364623,0.8984770527563538,0.01689136859181945,0
4,20220104,0.01,0.93,0.11,0.009300000000000001,0.10152294724364623,0.8984770527563538,0.008355836590634092,0
4,20220105,0.02,0.93,0.11,0.018600000000000002,0.10152294724364623,0.8984770527563538,0.016711673181268184,0
4,20220106,0.04,0.92,0.11,0.0368,0.10152294724364623,0.8984770527563538,0.03306395554143382,0
4,20220107,0.03,0.91,0.11,0.0273,0.10152294724364623,0.8984770527563538,0.02452842354024846,0
4,20220108,0.0,0.91,0.11,0.0,0.10152294724364623,0.8984770527563538,0.0,0
4,20220109,0.0,0.9,0.11,0.0,0.10152294724364623,0.8984770527563538,0.0,0
4,20220110,0.0,0.9,0.11,0.0,0.10152294724364623,0.8984770527563538,0.0,0
4,20220111,0.02,0.89,0.11,0.0178,0.10152294724364623,0.8984770527563538,0.0159928915390631,0
4,20220112,0.14,0.88,0.11,0.12320000000000002,0.10152294724364623,0.8984770527563538,0.11069237289958281,0
4,20220113,0.95,0.87,0.11,0.8265,0.10152294724364623,0.8984770527563538,0.7425912841031265,0
4,20220114,0.68,0.87,0.11,0.5916,0.10152294724364623,0.8984770527563538,0.5315390244106589,0
4,20220115,0.64,0.86,0.11,0.5504,0.10152294724364623,0.8984770527563538,0.4945217698370971,0
4,20220116,5.86,0.86,0.11,5.0396,0.10152294724364623,0.8984770527563538,4.527964955070921,1
4,20220117,6.17,0.86,0.11,5.3062,0.10152294724364623,0.8984770527563538,4.767498937335764,1
4,20220118,1.52,0.86,0.11,1.3072,0.10152294724364623,0.8984770527563538,1.1744892033631056,0
4,20220119,0.47,0.85,0.11,0.39949999999999997,0.10152294724364623,0.8984770527563538,0.3589415825761633,0
4,20220120,0.0,0.85,0.11,0.0,0.10152294724364623,0.8984770527563538,0.0,0
4,20220121,0.0,0.84,0.11,0.0,0.10152294724364623,0.8984770527563538,0.0,0
4,20220122,0.0,0.83,0.11,0.0,0.10152294724364623,0.8984770527563538,0.0,0
4,20220123,0.59,0.83,0.11,0.48969999999999997,0.10152294724364623,0.8984770527563538,0.43998421273478644,0
4,20220124,3.1,0.83,0.11,2.573,0.10152294724364623,0.8984770527563538,2.3117814567420982,0
4,20220125,1.19,0.82,0.11,0.9757999999999999,0.10152294724364623,0.8984770527563538,0.8767339080796499,0
4,20220126,0.7,0.82,0.11,0.574,0.10152294724364623,0.8984770527563538,0.5157258282821471,0
4,20220127,0.19,0.81,0.11,0.1539,0.10152294724364623,0.8984770527563538,0.13827561841920286,0
4,20220128,0.26,0.8,0.11,0.20800000000000002,0.10152294724364623,0.8984770527563538,0.1868832269733216,0
4,20220129,0.08,0.8,0.11,0.064,0.10152294724364623,0.8984770527563538,0.057502531376406645,0
4,20220130,0.0,0.79,0.11,0.0,0.10152294724364623,0.8984770527563538,0.0,0
4,20220131,0.0,0.78,0.11,0.0,0.10152294724364623,0.8984770527563538,0.0,0
4,20220201,0.0,0.78,0.11,0.0,0.10152294724364623,0.8984770527563538,0.0,0
4,20220202,0.0,0.77,0.11,0.0,0.10152294724364623,0.8984770527563538,0.0,0
4,20220203,0.0,0.76,0.11,0.0,0.10152294724364623,0.8984770527563538,0.0,0
4,20220204,0.0,0.76,0.11,0.0,0.10152294724364623,0.8984770527563538,0.0,0
4,20220205,0.04,0.75,0.11,0.03,0.10152294724364623,0.8984770527563538,0.026954311582690613,0
4,20220206,0.0,0.74,0.11,0.0,0.10152294724364623,0.8984770527563538,0.0,0
4,20220207,0.0,0.74,0.11,0.0,0.10152294724364623,0.8984770527563538,0.0,0
4,20220208,0.0,0.73,0.11,0.0,0.10152294724364623,0.8984770527563538,0.0,0
4,20220209,0.0,0.72,0.11,0.0,0.10152294724364623,0.8984770527563538,0.0,0
4,20220210,0.13,0.72,0.11,0.0936,0.10152294724364623,0.8984770527563538,0.08409745213799472,0
4,20220211,0.25,0.71,0.11,0.1775,0.10152294724364623,0.8984770527563538,0.1594796768642528,0
4,20220212,0.07,0.71,0.11,0.0497,0.10152294724364623,0.8984770527563538,0.04465430952199079,0
4,20220213,0.0,0.7,0.11,0.0,0.10152294724364623,0.8984770527563538,0.0,0
4,20220214,0.03,0.69,0.11,0.020699999999999996,0.10152294724364623,0.8984770527563538,0.01859847499205652,0
4,20220215,0.01,0.69,0.11,0.0069,0.10152294724364623,0.8984770527563538,0.006199491664018841,0
4,20220216,0.0,0.68,0.11,0.0,0.10152294724364623,0.8984770527563538,0.0,0
4,20220217,0.0,0.68,0.11,0.0,0.10152294724364623,0.8984770527563538,0.0,0
4,20220218,0.0,0.67,0.11,0.0,0.10152294724364623,0.8984770527563538,0.0,0
4,20220219,0.0,0.67,0.11,0.0,0.10152294724364623,0.8984770527563538,0.0,0
4,20220220,0.0,0.66,0.11,0.0,0.10152294724364623,0.8984770527563538,0.0,0
4,20220221,0.0,0.66,0.11,0.0,0.10152294724364623,0.8984770527563538,0.0,0
4,20220222,0.03,0.65,0.11,0.0195,0.10152294724364623,0.8984770527563538,0.0175203025287489,0
4,20220223,0.0,0.65,0.11,0.0,0.10152294724364623,0.8984770527563538,0.0,0
4,20220224,0.0,0.64,0.11,0.0,0.10152294724364623,0.8984770527563538,0.0,0
4,20220225,0.0,0.64,0.11,0.0,0.10152294724364623,0.8984770527563538,0.0,0
4,20220226,0.01,0.63,0.11,0.0063,0.10152294724364623,0.8984770527563538,0.005660405432365029,0
4,20220227,0.0,0.63,0.11,0.0,0.10152294724364623,0.8984770527563538,0.0,0
4,20220228,0.0,0.62,0.11,0.0,0.10152294724364623,0.8984770527563538,0.0,0
4,20220301,0.0,0.62,0.11,0.0,0.10152294724364623,0.8984770527563538,0.0,0
4,20220302,0.0,0.61,0.11,0.0,0.10152294724364623,0.8984770527563538,0.0,0
4,20220303,0.0,0.61,0.11,0.0,0.10152294724364623,0.8984770527563538,0.0,0
4,20220304,0.06,0.61,0.11,0.0366,0.10152294724364623,0.8984770527563538,0.03288426013088255,0
4,20220305,0.01,0.6,0.11,0.006,0.10152294724364623,0.8984770527563538,0.005390862316538123,0
4,20220306,0.89,0.6,0.11,0.534,0.10152294724364623,0.8984770527563538,0.479786746171893,0
4,20220307,0.21,0.6,0.11,0.126,0.10152294724364623,0.8984770527563538,0.11320810864730058,0
4,20220308,0.0,0.59,0.11,0.0,0.10152294724364623,0.8984770527563538,0.0,0
4,20220309,0.0,0.59,0.11,0.0,0.10152294724364623,0.8984770527563538,0.0,0
4,20220310,0.0,0.59,0.11,0.0,0.10152294724364623,0.8984770527563538,0.0,0
4,20220311,0.0,0.58,0.11,0.0,0.10152294724364623,0.8984770527563538,0.0,0
4,20220312,0.0,0.58,0.11,0.0,0.10152294724364623,0.8984770527563538,0.0,0
4,20220313,0.01,0.57,0.11,0.005699999999999999,0.10152294724364623,0.8984770527563538,0.005121319200711216,0
4,20220314,0.0,0.57,0.11,0.0,0.10152294724364623,0.8984770527563538,0.0,0
4,20220315,0.0,0.57,0.11,0.0,0.10152294724364623,0.8984770527563538,0.0,0
4,20220316,0.0,0.56,0.11,0.0,0.10152294724364623,0.8984770527563538,0.0,0
4,20220317,0.0,0.56,0.11,0.0,0.10152294724364623,0.8984770527563538,0.0,0
4,20220318,0.0,0.55,0.11,0.0,0.10152294724364623,0.8984770527563538,0.0,0
4,20220319,0.01,0.55,0.11,0.0055000000000000005,0.10152294724364623,0.8984770527563538,0.004941623790159946,0
4,20220320,0.08,0.55,0.11,0.044000000000000004,0.10152294724364623,0.8984770527563538,0.03953299032127957,0
4,20220321,0.49,0.55,0.11,0.2695,0.10152294724364623,0.8984770527563538,0.24213956571783737,0
4,20220322,0.87,0.55,0.11,0.47850000000000004,0.10152294724364623,0.8984770527563538,0.4299212697439153,0
4,20220323,0.01,0.54,0.11,0.0054,0.10152294724364623,0.8984770527563538,0.004851776084884311,0
4,20220324,0.01,0.54,0.11,0.0054,0.10152294724364623,0.8984770527563538,0.004851776084884311,0
4,20220325,0.0,0.54,0.11,0.0,0.10152294724364623,0.8984770527563538,0.0,0
4,20220326,0.0,0.53,0.11,0.0,0.10152294724364623,0.8984770527563538,0.0,0
4,20220327,0.0,0.53,0.11,0.0,0.10152294724364623,0.8984770527563538,0.0,0
4,20220328,0.0,0.53,0.11,0.0,0.10152294724364623,0.8984770527563538,0.0,0
4,20220329,0.0,0.53,0.11,0.0,0.10152294724364623,0.8984770527563538,0.0,0
4,20220330,0.0,0.53,0.11,0.0,0.10152294724364623,0.8984770527563538,0.0,0
4,20220331,0.01,0.52,0.11,0.005200000000000001,0.10152294724364623,0.8984770527563538,0.00467208067433304,0
4,20220401,0.0,0.52,0.11,0.0,0.10152294724364623,0.8984770527563538,0.0,0
4,20220402,0.01,0.52,0.11,0.005200000000000001,0.10152294724364623,0.8984770527563538,0.00467208067433304,0
4,20220403,0.0,0.52,0.11,0.0,0.10152294724364623,0.8984770527563538,0.0,0
4,20220404,0.01,0.52,0.11,0.005200000000000001,0.10152294724364623,0.8984770527563538,0.00467208067433304,0
4,20220405,0.0,0.52,0.11,0.0,0.10152294724364623,0.8984770527563538,0.0,0
4,20220406,0.05,0.52,0.11,0.026000000000000002,0.10152294724364623,0.8984770527563538,0.0233604033716652,0
4,20220407,0.1,0.52,0.11,0.052000000000000005,0.10152294724364623,0.8984770527563538,0.0467208067433304,0
4,20220408,0.14,0.52,0.11,0.0728,0.10152294724364623,0.8984770527563538,0.06540912944066256,0
4,20220409,0.14,0.52,0.11,0.0728,0.10152294724364623,0.8984770527563538,0.06540912944066256,0
4,20220410,0.66,0.52,0.11,0.3432,0.10152294724364623,0.8984770527563538,0.30835732450598063,0
4,20220411,0.26,0.52,0.11,0.13520000000000001,0.10152294724364623,0.8984770527563538,0.12147409753265904,0
4,20220412,0.07,0.52,0.11,0.0364,0.10152294724364623,0.8984770527563538,0.03270456472033128,0
4,20220413,0.11,0.52,0.11,0.0572,0.10152294724364623,0.8984770527563538,0.05139288741766344,0
4,20220414,0.02,0.52,0.11,0.010400000000000001,0.10152294724364623,0.8984770527563538,0.00934416134866608,0
4,20220415,0.02,0.52,0.11,0.010400000000000001,0.10152294724364623,0.8984770527563538,0.00934416134866608,0
4,20220416,0.03,0.52,0.11,0.0156,0.10152294724364623,0.8984770527563538,0.014016242022999118,0
4,20220417,0.42,0.52,0.11,0.2184,0.10152294724364623,0.8984770527563538,0.1962273883219877,0
4,20220418,0.33,0.52,0.11,0.1716,0.10152294724364623,0.8984770527563538,0.15417866225299032,0
4,20220419,0.03,0.52,0.11,0.0156,0.10152294724364623,0.8984770527563538,0.014016242022999118,0
4,20220420,0.02,0.52,0.11,0.010400000000000001,0.10152294724364623,0.8984770527563538,0.00934416134866608,0
4,20220421,0.01,0.52,0.11,0.005200000000000001,0.10152294724364623,0.8984770527563538,0.00467208067433304,0
4,20220422,0.02,0.51,0.11,0.0102,0.10152294724364623,0.8984770527563538,0.00916446593811481,0
4,20220423,0.04,0.51,0.11,0.0204,0.10152294724364623,0.8984770527563538,0.01832893187622962,0
4,20220424,0.0,0.51,0.11,0.0,0.10152294724364623,0.8984770527563538,0.0,0
4,20220425,0.0,0.51,0.11,0.0,0.10152294724364623,0.8984770527563538,0.0,0
4,20220426,0.0,0.51,0.11,0.0,0.10152294724364623,0.8984770527563538,0.0,0
4,20220427,0.0,0.51,0.11,0.0,0.10152294724364623,0.8984770527563538,0.0,0
4,20220428,0.0,0.51,0.11,0.0,0.10152294724364623,0.8984770527563538,0.0,0
4,20220429,0.02,0.51,0.11,0.0102,0.10152294724364623,0.8984770527563538,0.00916446593811481,0
4,20220430,0.01,0.51,0.11,0.0051,0.10152294724364623,0.8984770527563538,0.004582232969057405,0
4,20220501,0.38,0.51,0.11,0.1938,0.10152294724364623,0.8984770527563538,0.17412485282418136,0
4,20220502,0.99,0.51,0.11,0.5049,0.10152294724364623,0.8984770527563538,0.4536410639366831,0
4,20220503,0.48,0.52,0.11,0.2496,0.10152294724364623,0.8984770527563538,0.2242598723679859,0
4,20220504,1.98,0.52,0.11,1.0296,0.10152294724364623,0.8984770527563538,0.9250719735179419,0
4,20220505,1.93,0.52,0.11,1.0036,0.10152294724364623,0.8984770527563538,0.9017115701462767,0
4,20220506,4.02,0.52,0.11,2.0904,0.10152294724364623,0.8984770527563538,1.8781764310818818,0
4,20220507,8.16,0.54,0.11,4.4064000000000005,0.10152294724364623,0.8984770527563538,3.959049285265598,1
4,20220508,0.52,0.54,0.11,0.28080000000000005,0.10152294724364623,0.8984770527563538,0.2522923564139842,0
4,20220509,1.28,0.53,0.11,0.6784,0.10152294724364623,0.8984770527563538,0.6095268325899105,0
4,20220510,10.74,0.54,0.11,5.799600000000001,0.10152294724364623,0.8984770527563538,5.21080751516575,1
4,20220511,6.44,0.55,0.11,3.5420000000000007,0.10152294724364623,0.8984770527563538,3.182405720863006,0
4,20220512,8.99,0.55,0.11,4.944500000000001,0.10152294724364623,0.8984770527563538,4.442519787353792,1
4,20220513,1.16,0.57,0.11,0.6611999999999999,0.10152294724364623,0.8984770527563538,0.594073027282501,0
4,20220514,1.15,0.56,0.11,0.644,0.10152294724364623,0.8984770527563538,0.5786192219750919,0
4,20220515,7.5,0.56,0.11,4.2,0.10152294724364623,0.8984770527563538,3.773603621576686,1
4,20220516,6.12,0.58,0.11,3.5496,0.10152294724364623,0.8984770527563538,3.1892341464639533,0
4,20220517,2.55,0.58,0.11,1.4789999999999999,0.10152294724364623,0.8984770527563538,1.3288475610266473,0
4,20220518,1.4,0.58,0.11,0.8119999999999999,0.10152294724364623,0.8984770527563538,0.7295633668381593,0
4,20220519,0.45,0.57,0.11,0.2565,0.10152294724364623,0.8984770527563538,0.23045936403200476,0
4,20220520,0.4,0.57,0.11,0.22799999999999998,0.10152294724364623,0.8984770527563538,0.20485276802844865,0
4,20220521,0.02,0.56,0.11,0.011200000000000002,0.10152294724364623,0.8984770527563538,0.010062942990871165,0
4,20220522,0.03,0.56,0.11,0.016800000000000002,0.10152294724364623,0.8984770527563538,0.015094414486306747,0
4,20220523,0.01,0.55,0.11,0.0055000000000000005,0.10152294724364623,0.8984770527563538,0.004941623790159946,0
4,20220524,0.07,0.55,0.11,0.038500000000000006,0.10152294724364623,0.8984770527563538,0.034591366531119626,0
4,20220525,2.43,0.55,0.11,1.3365000000000002,0.10152294724364623,0.8984770527563538,1.200814581008867,0
4,20220526,3.13,0.55,0.11,1.7215,0.10152294724364623,0.8984770527563538,1.5467282463200631,0
4,20220527,1.93,0.55,0.11,1.0615,0.10152294724364623,0.8984770527563538,0.9537333915008697,0
4,20220528,0.08,0.55,0.11,0.044000000000000004,0.10152294724364623,0.8984770527563538,0.03953299032127957,0
4,20220529,0.13,0.54,0.11,0.07020000000000001,0.10152294724364623,0.8984770527563538,0.06307308910349604,0
4,20220530,0.09,0.54,0.11,0.048600000000000004,0.10152294724364623,0.8984770527563538,0.0436659847639588,0
4,20220531,0.03,0.54,0.11,0.0162,0.10152294724364623,0.8984770527563538,0.014555328254652932,0
4,20220601,0.01,0.53,0.11,0.0053,0.10152294724364623,0.8984770527563538,0.0047619283796086756,0
4,20220602,0.0,0.53,0.11,0.0,0.10152294724364623,0.8984770527563538,0.0,0
4,20220603,0.01,0.53,0.11,0.0053,0.10152294724364623,0.8984770527563538,0.0047619283796086756,0
4,20220604,0.01,0.53,0.11,0.0053,0.10152294724364623,0.8984770527563538,0.0047619283796086756,0
4,20220605,1.81,0.53,0.11,0.9593,0.10152294724364623,0.8984770527563538,0.8619090367091703,0
4,20220606,3.7,0.53,0.11,1.9610000000000003,0.10152294724364623,0.8984770527563538,1.76191350045521,0
4,20220607,2.57,0.53,0.11,1.3621,0.10152294724364623,0.8984770527563538,1.2238155935594297,0
4,20220608,0.38,0.53,0.11,0.20140000000000002,0.10152294724364623,0.8984770527563538,0.18095327842512968,0
4,20220609,0.26,0.53,0.11,0.1378,0.10152294724364623,0.8984770527563538,0.12381013786982556,0
4,20220610,0.21,0.53,0.11,0.1113,0.10152294724364623,0.8984770527563538,0.10000049597178218,0
4,20220611,1.31,0.53,0.11,0.6943,0.10152294724364623,0.8984770527563538,0.6238126177287365,0
4,20220612,1.97,0.53,0.11,1.0441,0.10152294724364623,0.8984770527563538,0.938099890782909,0
4,20220613,1.48,0.53,0.11,0.7844,0.10152294724364623,0.8984770527563538,0.7047654001820839,0
4,20220614,1.54,0.53,0.11,0.8162,0.10152294724364623,0.8984770527563538,0.733336970459736,0
4,20220615,8.16,0.54,0.11,4.4064000000000005,0.10152294724364623,0.8984770527563538,3.959049285265598,1
4,20220616,8.64,0.55,0.11,4.752000000000001,0.10152294724364623,0.8984770527563538,4.269562954698194,1
4,20220617,7.47,0.56,0.11,4.1832,0.10152294724364623,0.8984770527563538,3.7585092070903796,1
4,20220618,4.74,0.56,0.11,2.6544000000000003,0.10152294724364623,0.8984770527563538,2.3849174888364657,0
4,20220619,28.85,0.59,0.11,17.0215,0.10152294724364623,0.8984770527563538,15.293427153492276,1
4,20220620,18.31,0.64,0.11,11.718399999999999,0.10152294724364623,0.8984770527563538,10.528713495020055,1
4,20220621,23.54,0.66,0.11,15.5364,0.10152294724364623,0.8984770527563538,13.959098882443815,1
4,20220622,9.51,0.68,0.11,6.4668,0.10152294724364623,0.8984770527563538,5.810271404764789,1
4,20220623,3.63,0.67,0.11,2.4321,0.10152294724364623,0.8984770527563538,2.185186040008728,0
4,20220624,2.55,0.67,0.11,1.7085,0.10152294724364623,0.8984770527563538,1.5350480446342305,0
4,20220625,1.99,0.67,0.11,1.3333000000000002,0.10152294724364623,0.8984770527563538,1.1979394544400466,0
4,20220626,0.65,0.66,0.11,0.42900000000000005,0.10152294724364623,0.8984770527563538,0.3854466556324758,0
4,20220627,2.44,0.65,0.11,1.586,0.10152294724364623,0.8984770527563538,1.4249846056715771,0
4,20220628,2.59,0.66,0.11,1.7094,0.10152294724364623,0.8984770527563538,1.5358566739817112,0
4,20220629,5.16,0.65,0.11,3.354,0.10152294724364623,0.8984770527563538,3.013492034944811,0
4,20220630,5.14,0.66,0.11,3.3924,0.10152294724364623,0.8984770527563538,3.0479935537706546,0
4,20220701,4.5,0.66,0.11,2.97,0.10152294724364623,0.8984770527563538,2.668476846686371,0
4,20220702,3.0,0.66,0.11,1.98,0.10152294724364623,0.8984770527563538,1.7789845644575806,0
4,20220703,3.04,0.66,0.11,2.0064,0.10152294724364623,0.8984770527563538,1.8027043586503484,0
4,20220704,3.24,0.66,0.11,2.1384000000000003,0.10152294724364623,0.8984770527563538,1.9213033296141873,0
4,20220705,6.45,0.66,0.11,4.257000000000001,0.10152294724364623,0.8984770527563538,3.8248168135837988,1
4,20220706,4.59,0.67,0.11,3.0753,0.10152294724364623,0.8984770527563538,2.763086480341615,0
4,20220707,1.75,0.66,0.11,1.155,0.10152294724364623,0.8984770527563538,1.0377409959335886,0
4,20220708,3.76,0.66,0.11,2.4816,0.10152294724364623,0.8984770527563538,2.2296606541201673,0
4,20220709,2.01,0.66,0.11,1.3266,0.10152294724364623,0.8984770527563538,1.191919658186579,0
4,20220710,2.79,0.66,0.11,1.8414000000000001,0.10152294724364623,0.8984770527563538,1.65445564494555,0
4,20220711,1.15,0.65,0.11,0.7474999999999999,0.10152294724364623,0.8984770527563538,0.6716115969353744,0
4,20220712,1.38,0.65,0.11,0.8969999999999999,0.10152294724364623,0.8984770527563538,0.8059339163224493,0
4,20220713,2.29,0.65,0.11,1.4885000000000002,0.10152294724364623,0.8984770527563538,1.3373830930278328,0
4,20220714,0.31,0.64,0.11,0.1984,0.10152294724364623,0.8984770527563538,0.1782578472668606,0
4,20220715,0.09,0.63,0.11,0.0567,0.10152294724364623,0.8984770527563538,0.05094364889128526,0
4,20220716,5.09,0.63,0.11,3.2067,0.10152294724364623,0.8984770527563538,2.8811463650738,0
4,20220717,9.42,0.65,0.11,6.123,0.10152294724364623,0.8984770527563538,5.501374994027155,1
4,20220718,2.0,0.65,0.11,1.3,0.10152294724364623,0.8984770527563538,1.16802016858326,0
4,20220719,0.94,0.64,0.11,0.6016,0.10152294724364623,0.8984770527563538,0.5405237949382224,0
4,20220720,10.14,0.65,0.11,6.591,0.10152294724364623,0.8984770527563538,5.921862254717128,1
4,20220721,5.89,0.66,0.11,3.8874,0.10152294724364623,0.8984770527563538,3.4927396948850498,1
4,20220722,15.58,0.68,0.11,10.5944,0.10152294724364623,0.8984770527563538,9.518825287721915,1
4,20220723,1.46,0.68,0.11,0.9928,0.10152294724364623,0.8984770527563538,0.8920080179765081,0
4,20220724,3.4,0.68,0.11,2.3120000000000003,0.10152294724364623,0.8984770527563538,2.07727894597269,0
4,20220725,3.46,0.68,0.11,2.3528000000000002,0.10152294724364623,0.8984770527563538,2.1139368097251494,0
4,20220726,7.74,0.69,0.11,5.340599999999999,0.10152294724364623,0.8984770527563538,4.798406547950583,1
4,20220727,0.2,0.68,0.11,0.136,0.10152294724364623,0.8984770527563538,0.12219287917486413,0
4,20220728,0.75,0.68,0.11,0.51,0.10152294724364623,0.8984770527563538,0.45822329690574043,0
4,20220729,0.73,0.68,0.11,0.4964,0.10152294724364623,0.8984770527563538,0.44600400898825404,0
4,20220730,1.37,0.67,0.11,0.9179000000000002,0.10152294724364623,0.8984770527563538,0.8247120867250574,0
4,20220731,4.17,0.67,0.11,2.7939000000000003,0.10152294724364623,0.8984770527563538,2.5102550376959774,0
4,20220801,8.36,0.67,0.11,5.6011999999999995,0.10152294724364623,0.8984770527563538,5.032549667898889,1
4,20220802,6.98,0.68,0.11,4.7464,0.10152294724364623,0.8984770527563538,4.264531483202758,1
5,20210902,7.02,0.73,0.868028044552659,5.124599999999999,0.8011342306647727,0.19886576933522726,1.0191075215353054,0
5,20210903,8.8,0.73,0.868028044552659,6.424,0.8011342306647727,0.19886576933522726,1.2775137022095,0
5,20210904,12.16,0.74,0.868028044552659,8.9984,0.8011342306647727,0.19886576933522726,1.789473738786109,0
5,20210905,7.22,0.75,0.868028044552659,5.415,0.8011342306647727,0.19886576933522726,1.0768581409502556,0
5,20210906,6.91,0.75,0.868028044552659,5.1825,0.8011342306647727,0.19886576933522726,1.0306218495798154,0
5,20210907,0.43,0.75,0.868028044552659,0.3225,0.8011342306647727,0.19886576933522726,0.0641342106106108,0
5,20210908,0.06,0.74,0.868028044552659,0.044399999999999995,0.8011342306647727,0.19886576933522726,0.00882964015848409,0
5,20210909,0.15,0.74,0.868028044552659,0.111,0.8011342306647727,0.19886576933522726,0.022074100396210227,0
5,20210910,0.53,0.73,0.868028044552659,0.3869,0.8011342306647727,0.19886576933522726,0.07694116615579943,0
5,20210911,0.06,0.73,0.868028044552659,0.0438,0.8011342306647727,0.19886576933522726,0.008710320696882953,0
5,20210912,0.17,0.72,0.868028044552659,0.12240000000000001,0.8011342306647727,0.19886576933522726,0.024341170166631818,0
5,20210913,0.05,0.72,0.868028044552659,0.036,0.8011342306647727,0.19886576933522726,0.007159167696068181,0
5,20210914,0.04,0.71,0.868028044552659,0.028399999999999998,0.8011342306647727,0.19886576933522726,0.005647787849120454,0
5,20210915,1.77,0.71,0.868028044552659,1.2567,0.8011342306647727,0.19886576933522726,0.2499146123235801,0
5,20210916,2.6,0.71,0.868028044552659,1.8459999999999999,0.8011342306647727,0.19886576933522726,0.3671062101928295,0
5,20210917,1.42,0.71,0.868028044552659,1.0082,0.8011342306647727,0.19886576933522726,0.20049646864377613,0
5,20210918,5.01,0.71,0.868028044552659,3.5570999999999997,0.8011342306647727,0.19886576933522726,0.7073854281023368,0
5,20210919,6.04,0.71,0.868028044552659,4.2884,0.8011342306647727,0.19886576933522726,0.8528159652171886,0
5,20210920,3.03,0.71,0.868028044552659,2.1512999999999995,0.8011342306647727,0.19886576933522726,0.42781992957087434,0
5,20210921,4.59,0.71,0.868028044552659,3.2588999999999997,0.8011342306647727,0.19886576933522726,0.648083655686572,0
5,20210922,21.25,0.74,0.868028044552659,15.725,0.8011342306647727,0.19886576933522726,3.1271642227964485,0
5,20210923,1.37,0.74,0.868028044552659,1.0138,0.8011342306647727,0.19886576933522726,0.20161011695205341,0
5,20210924,1.87,0.74,0.868028044552659,1.3838000000000001,0.8011342306647727,0.19886576933522726,0.2751904516060875,0
5,20210925,7.28,0.73,0.868028044552659,5.3144,0.8011342306647727,0.19886576933522726,1.0568522445551318,0
5,20210926,7.13,0.75,0.868028044552659,5.3475,0.8011342306647727,0.19886576933522726,1.0634347015201278,0
5,20210927,0.08,0.74,0.868028044552659,0.0592,0.8011342306647727,0.19886576933522726,0.011772853544645454,0
5,20210928,2.25,0.73,0.868028044552659,1.6425,0.8011342306647727,0.19886576933522726,0.3266370261331108,0
5,20210929,1.48,0.73,0.868028044552659,1.0804,0.8011342306647727,0.19886576933522726,0.21485457718977954,0
5,20210930,3.93,0.73,0.868028044552659,2.8689,0.8011342306647727,0.19886576933522726,0.5705260056458334,0
5,20211001,2.28,0.73,0.868028044552659,1.6643999999999999,0.8011342306647727,0.19886576933522726,0.3309921864815522,0
5,20211002,5.59,0.73,0.868028044552659,4.0807,0.8011342306647727,0.19886576933522726,0.8115115449262619,0
5,20211003,4.45,0.73,0.868028044552659,3.2485,0.8011342306647727,0.19886576933522726,0.6460154516854858,0
5,20211004,4.71,0.73,0.868028044552659,3.4383,0.8011342306647727,0.19886576933522726,0.6837601747053119,0
5,20211005,37.11,0.76,0.868028044552659,28.2036,0.8011342306647727,0.19886576933522726,5.608730612023016,1
5,20211006,8.39,0.79,0.868028044552659,6.628100000000001,0.8011342306647727,0.19886576933522726,1.31810220573082,0
5,20211007,3.17,0.79,0.868028044552659,2.5043,0.8011342306647727,0.19886576933522726,0.4980195461462097,0
5,20211008,3.81,0.78,0.868028044552659,2.9718,0.8011342306647727,0.19886576933522726,0.5909892933104284,0
5,20211009,5.3,0.78,0.868028044552659,4.134,0.8011342306647727,0.19886576933522726,0.8221110904318296,0
5,20211010,9.41,0.79,0.868028044552659,7.4339,0.8011342306647727,0.19886576933522726,1.478348242661146,0
5,20211011,4.31,0.8,0.868028044552659,3.448,0.8011342306647727,0.19886576933522726,0.6856891726678636,0
5,20211012,4.16,0.79,0.868028044552659,3.2864000000000004,0.8011342306647727,0.19886576933522726,0.653552464343291,0
5,20211013,6.49,0.8,0.868028044552659,5.192,0.8011342306647727,0.19886576933522726,1.0325110743885,0
5,20211014,0.24,0.79,0.868028044552659,0.1896,0.8011342306647727,0.19886576933522726,0.037704949865959084,0
5,20211015,2.84,0.79,0.868028044552659,2.2436,0.8011342306647727,0.19886576933522726,0.44617524008051584,0
5,20211016,1.62,0.79,0.868028044552659,1.2798,0.8011342306647727,0.19886576933522726,0.25450841159522386,0
5,20211017,3.02,0.79,0.868028044552659,2.3858,0.8011342306647727,0.19886576933522726,0.47445395247998523,0
5,20211018,0.37,0.79,0.868028044552659,0.2923,0.8011342306647727,0.19886576933522726,0.05812846437668693,0
5,20211019,3.3,0.78,0.868028044552659,2.574,0.8011342306647727,0.19886576933522726,0.5118804902688749,0
5,20211020,1.74,0.78,0.868028044552659,1.3572,0.8011342306647727,0.19886576933522726,0.2699006221417704,0
5,20211021,1.85,0.79,0.868028044552659,1.4615000000000002,0.8011342306647727,0.19886576933522726,0.2906423218834347,0
5,20211022,0.51,0.78,0.868028044552659,0.39780000000000004,0.8011342306647727,0.19886576933522726,0.07910880304155342,0
5,20211023,0.54,0.78,0.868028044552659,0.4212,0.8011342306647727,0.19886576933522726,0.08376226204399773,0
5,20211024,5.98,0.78,0.868028044552659,4.6644000000000005,0.8011342306647727,0.19886576933522726,0.9275894944872342,0
5,20211025,0.93,0.78,0.868028044552659,0.7254,0.8011342306647727,0.19886576933522726,0.14425722907577387,0
5,20211026,0.98,0.77,0.868028044552659,0.7546,0.8011342306647727,0.19886576933522726,0.1500641095403625,0
5,20211027,0.75,0.77,0.868028044552659,0.5775,0.8011342306647727,0.19886576933522726,0.11484498179109374,0
5,20211028,6.67,0.76,0.868028044552659,5.0692,0.8011342306647727,0.19886576933522726,1.008090357914134,0
5,20211029,25.07,0.79,0.868028044552659,19.805300000000003,0.8011342306647727,0.19886576933522726,3.938596221414977,1
5,20211030,17.88,0.83,0.868028044552659,14.840399999999999,0.8011342306647727,0.19886576933522726,2.9512475632425064,0
5,20211031,16.09,0.83,0.868028044552659,13.3547,0.8011342306647727,0.19886576933522726,2.6557926897411592,0
5,20211101,21.37,0.86,0.868028044552659,18.3782,0.8011342306647727,0.19886576933522726,3.6547948819966734,1
5,20211102,23.68,0.88,0.868028044552659,20.8384,0.8011342306647727,0.19886576933522726,4.1440444477152,1
5,20211103,30.77,0.91,0.868028044552659,28.000700000000002,0.8011342306647727,0.19886576933522726,5.568380747424898,1
5,20211104,18.47,0.92,0.868028044552659,16.9924,0.8011342306647727,0.19886576933522726,3.379206698851916,0
5,20211105,16.95,0.92,0.868028044552659,15.594,0.8011342306647727,0.19886576933522726,3.101112807013534,0
5,20211106,49.77,0.94,0.868028044552659,46.7838,0.8011342306647727,0.19886576933522726,9.303696379425405,1
5,20211107,40.64,0.97,0.868028044552659,39.4208,0.8011342306647727,0.19886576933522726,7.839447719810127,1
5,20211108,36.4,0.98,0.868028044552659,35.672,0.8011342306647727,0.19886576933522726,7.093939723726226,1
5,20211109,16.97,0.98,0.868028044552659,16.630599999999998,0.8011342306647727,0.19886576933522726,3.30725706350643,0
5,20211110,84.05,0.99,0.868028044552659,83.20949999999999,0.8011342306647727,0.19886576933522726,16.54752123349959,1
5,20211111,75.19,1.0,0.868028044552659,75.19,0.8011342306647727,0.19886576933522726,14.952717196315737,1
5,20211112,3.63,0.99,0.868028044552659,3.5936999999999997,0.8011342306647727,0.19886576933522726,0.7146639152600062,0
5,20211113,3.72,0.99,0.868028044552659,3.6828000000000003,0.8011342306647727,0.19886576933522726,0.732382855307775,0
5,20211114,4.74,0.99,0.868028044552659,4.6926000000000005,0.8011342306647727,0.19886576933522726,0.9331975091824876,0
5,20211115,4.57,0.99,0.868028044552659,4.5243,0.8011342306647727,0.19886576933522726,0.8997284002033687,0
5,20211116,2.4,0.99,0.868028044552659,2.376,0.8011342306647727,0.19886576933522726,0.47250506794049996,0
5,20211117,11.0,0.99,0.868028044552659,10.89,0.8011342306647727,0.19886576933522726,2.165648228060625,0
5,20211118,74.21,1.0,0.868028044552659,74.21,0.8011342306647727,0.19886576933522726,14.757828742367213,1
5,20211119,20.62,1.0,0.868028044552659,20.62,0.8011342306647727,0.19886576933522726,4.100612163692387,1
5,20211120,16.63,1.0,0.868028044552659,16.63,0.8011342306647727,0.19886576933522726,3.3071377440448293,0
5,20211121,7.5,1.0,0.868028044552659,7.5,0.8011342306647727,0.19886576933522726,1.4914932700142045,0
5,20211122,5.0,0.99,0.868028044552659,4.95,0.8011342306647727,0.19886576933522726,0.984385558209375,0
5,20211123,2.29,0.99,0.868028044552659,2.2671,0.8011342306647727,0.19886576933522726,0.4508485856598937,0
5,20211124,2.87,0.99,0.868028044552659,2.8413,0.8011342306647727,0.19886576933522726,0.5650373104121812,0
5,20211125,18.25,0.99,0.868028044552659,18.0675,0.8011342306647727,0.19886576933522726,3.5930072874642183,1
5,20211126,58.61,1.0,0.868028044552659,58.61,0.8011342306647727,0.19886576933522726,11.65552274073767,1
5,20211127,29.98,1.0,0.868028044552659,29.98,0.8011342306647727,0.19886576933522726,5.961995764670113,1
5,20211128,61.12,1.0,0.868028044552659,61.12,0.8011342306647727,0.19886576933522726,12.15467582176909,1
5,20211129,12.76,1.0,0.868028044552659,12.76,0.8011342306647727,0.19886576933522726,2.5375272167175,0
5,20211130,9.8,1.0,0.868028044552659,9.8,0.8011342306647727,0.19886576933522726,1.9488845394852272,0
5,20211201,1.22,1.0,0.868028044552659,1.22,0.8011342306647727,0.19886576933522726,0.24261623858897724,0
5,20211202,0.03,1.0,0.868028044552659,0.03,0.8011342306647727,0.19886576933522726,0.005965973080056817,0
5,20211203,0.14,0.99,0.868028044552659,0.1386,0.8011342306647727,0.19886576933522726,0.0275627956298625,0
5,20211204,0.01,0.99,0.868028044552659,0.0099,0.8011342306647727,0.19886576933522726,0.00196877111641875,0
5,20211205,0.15,0.99,0.868028044552659,0.1485,0.8011342306647727,0.19886576933522726,0.029531566746281247,0
5,20211206,1.22,0.98,0.868028044552659,1.1956,0.8011342306647727,0.19886576933522726,0.23776391381719772,0
5,20211207,0.09,0.98,0.868028044552659,0.0882,0.8011342306647727,0.19886576933522726,0.017539960855367045,0
5,20211208,0.38,0.97,0.868028044552659,0.3686,0.8011342306647727,0.19886576933522726,0.07330192257696476,0
5,20211209,3.98,0.97,0.868028044552659,3.8606,0.8011342306647727,0.19886576933522726,0.7677411890955783,0
5,20211210,2.35,0.97,0.868028044552659,2.2795,0.8011342306647727,0.19886576933522726,0.45331452119965054,0
5,20211211,3.71,0.96,0.868028044552659,3.5616,0.8011342306647727,0.19886576933522726,0.7082803240643454,0
5,20211212,6.0,0.96,0.868028044552659,5.76,0.8011342306647727,0.19886576933522726,1.1454668313709089,0
5,20211213,6.87,0.96,0.868028044552659,6.5952,0.8011342306647727,0.19886576933522726,1.311559521919691,0
5,20211214,2.34,0.96,0.868028044552659,2.2464,0.8011342306647727,0.19886576933522726,0.4467320642346545,0
5,20211215,1.6,0.95,0.868028044552659,1.52,0.8011342306647727,0.19886576933522726,0.30227596938954543,0
5,20211216,0.48,0.95,0.868028044552659,0.45599999999999996,0.8011342306647727,0.19886576933522726,0.09068279081686362,0
5,20211217,0.15,0.94,0.868028044552659,0.141,0.8011342306647727,0.19886576933522726,0.028040073476267042,0
5,20211218,0.0,0.93,0.868028044552659,0.0,0.8011342306647727,0.19886576933522726,0.0,0
5,20211219,0.0,0.93,0.868028044552659,0.0,0.8011342306647727,0.19886576933522726,0.0,0
5,20211220,0.0,0.92,0.868028044552659,0.0,0.8011342306647727,0.19886576933522726,0.0,0
5,20211221,0.0,0.92,0.868028044552659,0.0,0.8011342306647727,0.19886576933522726,0.0,0
5,20211222,0.0,0.91,0.868028044552659,0.0,0.8011342306647727,0.19886576933522726,0.0,0
5,20211223,0.0,0.9,0.868028044552659,0.0,0.8011342306647727,0.19886576933522726,0.0,0
5,20211224,0.0,0.9,0.868028044552659,0.0,0.8011342306647727,0.19886576933522726,0.0,0
5,20211225,0.0,0.89,0.868028044552659,0.0,0.8011342306647727,0.19886576933522726,0.0,0
5,20211226,0.0,0.88,0.868028044552659,0.0,0.8011342306647727,0.19886576933522726,0.0,0
5,20211227,0.41,0.88,0.868028044552659,0.36079999999999995,0.8011342306647727,0.19886576933522726,0.07175076957614998,0
5,20211228,0.87,0.87,0.868028044552659,0.7569,0.8011342306647727,0.19886576933522726,0.1505215008098335,0
5,20211229,0.92,0.87,0.868028044552659,0.8004,0.8011342306647727,0.19886576933522726,0.1591721617759159,0
5,20211230,55.65,0.89,0.868028044552659,49.5285,0.8011342306647727,0.19886576933522726,9.849523256519804,1
5,20211231,42.52,0.96,0.868028044552659,40.8192,0.8011342306647727,0.19886576933522726,8.117541611648509,1
5,20220101,8.69,0.96,0.868028044552659,8.3424,0.8011342306647727,0.19886576933522726,1.6590177941021997,0
5,20220102,0.5,0.95,0.868028044552659,0.475,0.8011342306647727,0.19886576933522726,0.09446124043423294,0
5,20220103,0.02,0.94,0.868028044552659,0.0188,0.8011342306647727,0.19886576933522726,0.003738676463502273,0
5,20220104,0.01,0.93,0.868028044552659,0.009300000000000001,0.8011342306647727,0.19886576933522726,0.0018494516548176138,0
5,20220105,0.02,0.93,0.868028044552659,0.018600000000000002,0.8011342306647727,0.19886576933522726,0.0036989033096352275,0
5,20220106,0.04,0.92,0.868028044552659,0.0368,0.8011342306647727,0.19886576933522726,0.007318260311536363,0
5,20220107,0.03,0.91,0.868028044552659,0.0273,0.8011342306647727,0.19886576933522726,0.005429035502851704,0
5,20220108,0.0,0.91,0.868028044552659,0.0,0.8011342306647727,0.19886576933522726,0.0,0
5,20220109,0.0,0.9,0.868028044552659,0.0,0.8011342306647727,0.19886576933522726,0.0,0
5,20220110,0.0,0.9,0.868028044552659,0.0,0.8011342306647727,0.19886576933522726,0.0,0
5,20220111,0.02,0.89,0.868028044552659,0.0178,0.8011342306647727,0.19886576933522726,0.003539810694167045,0
5,20220112,0.14,0.88,0.868028044552659,0.12320000000000002,0.8011342306647727,0.19886576933522726,0.0245002627821,0
5,20220113,0.95,0.87,0.868028044552659,0.8265,0.8011342306647727,0.19886576933522726,0.16436255835556535,0
5,20220114,0.68,0.87,0.868028044552659,0.5916,0.8011342306647727,0.19886576933522726,0.11764898913872045,0
5,20220115,0.64,0.86,0.868028044552659,0.5504,0.8011342306647727,0.19886576933522726,0.10945571944210908,0
5,20220116,5.86,0.86,0.868028044552659,5.0396,0.8011342306647727,0.19886576933522726,1.0022039311418114,0
5,20220117,6.17,0.86,0.868028044552659,5.3062,0.8011342306647727,0.19886576933522726,1.0552215452465827,0
5,20220118,1.52,0.86,0.868028044552659,1.3072,0.8011342306647727,0.19886576933522726,0.25995733367500906,0
5,20220119,0.47,0.85,0.868028044552659,0.39949999999999997,0.8011342306647727,0.19886576933522726,0.07944687484942328,0
5,20220120,0.0,0.85,0.868028044552659,0.0,0.8011342306647727,0.19886576933522726,0.0,0
5,20220121,0.0,0.84,0.868028044552659,0.0,0.8011342306647727,0.19886576933522726,0.0,0
5,20220122,0.0,0.83,0.868028044552659,0.0,0.8011342306647727,0.19886576933522726,0.0,0
5,20220123,0.59,0.83,0.868028044552659,0.48969999999999997,0.8011342306647727,0.19886576933522726,0.09738456724346078,0
5,20220124,3.1,0.83,0.868028044552659,2.573,0.8011342306647727,0.19886576933522726,0.5116816244995397,0
5,20220125,1.19,0.82,0.868028044552659,0.9757999999999999,0.8011342306647727,0.19886576933522726,0.19405321771731474,0
5,20220126,0.7,0.82,0.868028044552659,0.574,0.8011342306647727,0.19886576933522726,0.11414895159842044,0
5,20220127,0.19,0.81,0.868028044552659,0.1539,0.8011342306647727,0.19886576933522726,0.030605441900691477,0
5,20220128,0.26,0.8,0.868028044552659,0.20800000000000002,0.8011342306647727,0.19886576933522726,0.04136408002172728,0
5,20220129,0.08,0.8,0.868028044552659,0.064,0.8011342306647727,0.19886576933522726,0.012727409237454544,0
5,20220130,0.0,0.79,0.868028044552659,0.0,0.8011342306647727,0.19886576933522726,0.0,0
5,20220131,0.0,0.78,0.868028044552659,0.0,0.8011342306647727,0.19886576933522726,0.0,0
5,20220201,0.0,0.78,0.868028044552659,0.0,0.8011342306647727,0.19886576933522726,0.0,0
5,20220202,0.0,0.77,0.868028044552659,0.0,0.8011342306647727,0.19886576933522726,0.0,0
5,20220203,0.0,0.76,0.868028044552659,0.0,0.8011342306647727,0.19886576933522726,0.0,0
5,20220204,0.0,0.76,0.868028044552659,0.0,0.8011342306647727,0.19886576933522726,0.0,0
5,20220205,0.04,0.75,0.868028044552659,0.03,0.8011342306647727,0.19886576933522726,0.005965973080056817,0
5,20220206,0.0,0.74,0.868028044552659,0.0,0.8011342306647727,0.19886576933522726,0.0,0
5,20220207,0.0,0.74,0.868028044552659,0.0,0.8011342306647727,0.19886576933522726,0.0,0
5,20220208,0.0,0.73,0.868028044552659,0.0,0.8011342306647727,0.19886576933522726,0.0,0
5,20220209,0.0,0.72,0.868028044552659,0.0,0.8011342306647727,0.19886576933522726,0.0,0
5,20220210,0.13,0.72,0.868028044552659,0.0936,0.8011342306647727,0.19886576933522726,0.01861383600977727,0
5,20220211,0.25,0.71,0.868028044552659,0.1775,0.8011342306647727,0.19886576933522726,0.035298674057002835,0
5,20220212,0.07,0.71,0.868028044552659,0.0497,0.8011342306647727,0.19886576933522726,0.009883628735960794,0
5,20220213,0.0,0.7,0.868028044552659,0.0,0.8011342306647727,0.19886576933522726,0.0,0
5,20220214,0.03,0.69,0.868028044552659,0.020699999999999996,0.8011342306647727,0.19886576933522726,0.004116521425239204,0
5,20220215,0.01,0.69,0.868028044552659,0.0069,0.8011342306647727,0.19886576933522726,0.001372173808413068,0
5,20220216,0.0,0.68,0.868028044552659,0.0,0.8011342306647727,0.19886576933522726,0.0,0
5,20220217,0.0,0.68,0.868028044552659,0.0,0.8011342306647727,0.19886576933522726,0.0,0
5,20220218,0.0,0.67,0.868028044552659,0.0,0.8011342306647727,0.19886576933522726,0.0,0
5,20220219,0.0,0.67,0.868028044552659,0.0,0.8011342306647727,0.19886576933522726,0.0,0
5,20220220,0.0,0.66,0.868028044552659,0.0,0.8011342306647727,0.19886576933522726,0.0,0
5,20220221,0.0,0.66,0.868028044552659,0.0,0.8011342306647727,0.19886576933522726,0.0,0
5,20220222,0.03,0.65,0.868028044552659,0.0195,0.8011342306647727,0.19886576933522726,0.0038778825020369316,0
5,20220223,0.0,0.65,0.868028044552659,0.0,0.8011342306647727,0.19886576933522726,0.0,0
5,20220224,0.0,0.64,0.868028044552659,0.0,0.8011342306647727,0.19886576933522726,0.0,0
5,20220225,0.0,0.64,0.868028044552659,0.0,0.8011342306647727,0.19886576933522726,0.0,0
5,20220226,0.01,0.63,0.868028044552659,0.0063,0.8011342306647727,0.19886576933522726,0.0012528543468119317,0
5,20220227,0.0,0.63,0.868028044552659,0.0,0.8011342306647727,0.19886576933522726,0.0,0
5,20220228,0.0,0.62,0.868028044552659,0.0,0.8011342306647727,0.19886576933522726,0.0,0
5,20220301,0.0,0.62,0.868028044552659,0.0,0.8011342306647727,0.19886576933522726,0.0,0
5,20220302,0.0,0.61,0.868028044552659,0.0,0.8011342306647727,0.19886576933522726,0.0,0
5,20220303,0.0,0.61,0.868028044552659,0.0,0.8011342306647727,0.19886576933522726,0.0,0
5,20220304,0.06,0.61,0.868028044552659,0.0366,0.8011342306647727,0.19886576933522726,0.007278487157669318,0
5,20220305,0.01,0.6,0.868028044552659,0.006,0.8011342306647727,0.19886576933522726,0.0011931946160113635,0
5,20220306,0.89,0.6,0.868028044552659,0.534,0.8011342306647727,0.19886576933522726,0.10619432082501136,0
5,20220307,0.21,0.6,0.868028044552659,0.126,0.8011342306647727,0.19886576933522726,0.025057086936238634,0
5,20220308,0.0,0.59,0.868028044552659,0.0,0.8011342306647727,0.19886576933522726,0.0,0
5,20220309,0.0,0.59,0.868028044552659,0.0,0.8011342306647727,0.19886576933522726,0.0,0
5,20220310,0.0,0.59,0.868028044552659,0.0,0.8011342306647727,0.19886576933522726,0.0,0
5,20220311,0.0,0.58,0.868028044552659,0.0,0.8011342306647727,0.19886576933522726,0.0,0
5,20220312,0.0,0.58,0.868028044552659,0.0,0.8011342306647727,0.19886576933522726,0.0,0
5,20220313,0.01,0.57,0.868028044552659,0.005699999999999999,0.8011342306647727,0.19886576933522726,0.0011335348852107954,0
5,20220314,0.0,0.57,0.868028044552659,0.0,0.8011342306647727,0.19886576933522726,0.0,0
5,20220315,0.0,0.57,0.868028044552659,0.0,0.8011342306647727,0.19886576933522726,0.0,0
5,20220316,0.0,0.56,0.868028044552659,0.0,0.8011342306647727,0.19886576933522726,0.0,0
5,20220317,0.0,0.56,0.868028044552659,0.0,0.8011342306647727,0.19886576933522726,0.0,0
5,20220318,0.0,0.55,0.868028044552659,0.0,0.8011342306647727,0.19886576933522726,0.0,0
5,20220319,0.01,0.55,0.868028044552659,0.0055000000000000005,0.8011342306647727,0.19886576933522726,0.00109376173134375,0
5,20220320,0.08,0.55,0.868028044552659,0.044000000000000004,0.8011342306647727,0.19886576933522726,0.00875009385075,0
5,20220321,0.49,0.55,0.868028044552659,0.2695,0.8011342306647727,0.19886576933522726,0.05359432483584375,0
5,20220322,0.87,0.55,0.868028044552659,0.47850000000000004,0.8011342306647727,0.19886576933522726,0.09515727062690625,0
5,20220323,0.01,0.54,0.868028044552659,0.0054,0.8011342306647727,0.19886576933522726,0.0010738751544102272,0
5,20220324,0.01,0.54,0.868028044552659,0.0054,0.8011342306647727,0.19886576933522726,0.0010738751544102272,0
5,20220325,0.0,0.54,0.868028044552659,0.0,0.8011342306647727,0.19886576933522726,0.0,0
5,20220326,0.0,0.53,0.868028044552659,0.0,0.8011342306647727,0.19886576933522726,0.0,0
5,20220327,0.0,0.53,0.868028044552659,0.0,0.8011342306647727,0.19886576933522726,0.0,0
5,20220328,0.0,0.53,0.868028044552659,0.0,0.8011342306647727,0.19886576933522726,0.0,0
5,20220329,0.0,0.53,0.868028044552659,0.0,0.8011342306647727,0.19886576933522726,0.0,0
5,20220330,0.0,0.53,0.868028044552659,0.0,0.8011342306647727,0.19886576933522726,0.0,0
5,20220331,0.01,0.52,0.868028044552659,0.005200000000000001,0.8011342306647727,0.19886576933522726,0.0010341020005431819,0
5,20220401,0.0,0.52,0.868028044552659,0.0,0.8011342306647727,0.19886576933522726,0.0,0
5,20220402,0.01,0.52,0.868028044552659,0.005200000000000001,0.8011342306647727,0.19886576933522726,0.0010341020005431819,0
5,20220403,0.0,0.52,0.868028044552659,0.0,0.8011342306647727,0.19886576933522726,0.0,0
5,20220404,0.01,0.52,0.868028044552659,0.005200000000000001,0.8011342306647727,0.19886576933522726,0.0010341020005431819,0
5,20220405,0.0,0.52,0.868028044552659,0.0,0.8011342306647727,0.19886576933522726,0.0,0
5,20220406,0.05,0.52,0.868028044552659,0.026000000000000002,0.8011342306647727,0.19886576933522726,0.00517051000271591,0
5,20220407,0.1,0.52,0.868028044552659,0.052000000000000005,0.8011342306647727,0.19886576933522726,0.01034102000543182,0
5,20220408,0.14,0.52,0.868028044552659,0.0728,0.8011342306647727,0.19886576933522726,0.014477428007604546,0
5,20220409,0.14,0.52,0.868028044552659,0.0728,0.8011342306647727,0.19886576933522726,0.014477428007604546,0
5,20220410,0.66,0.52,0.868028044552659,0.3432,0.8011342306647727,0.19886576933522726,0.06825073203585,0
5,20220411,0.26,0.52,0.868028044552659,0.13520000000000001,0.8011342306647727,0.19886576933522726,0.026886652014122728,0
5,20220412,0.07,0.52,0.868028044552659,0.0364,0.8011342306647727,0.19886576933522726,0.007238714003802273,0
5,20220413,0.11,0.52,0.868028044552659,0.0572,0.8011342306647727,0.19886576933522726,0.011375122005975,0
5,20220414,0.02,0.52,0.868028044552659,0.010400000000000001,0.8011342306647727,0.19886576933522726,0.0020682040010863638,0
5,20220415,0.02,0.52,0.868028044552659,0.010400000000000001,0.8011342306647727,0.19886576933522726,0.0020682040010863638,0
5,20220416,0.03,0.52,0.868028044552659,0.0156,0.8011342306647727,0.19886576933522726,0.003102306001629545,0
5,20220417,0.42,0.52,0.868028044552659,0.2184,0.8011342306647727,0.19886576933522726,0.043432284022813634,0
5,20220418,0.33,0.52,0.868028044552659,0.1716,0.8011342306647727,0.19886576933522726,0.034125366017925,0
5,20220419,0.03,0.52,0.868028044552659,0.0156,0.8011342306647727,0.19886576933522726,0.003102306001629545,0
5,20220420,0.02,0.52,0.868028044552659,0.010400000000000001,0.8011342306647727,0.19886576933522726,0.0020682040010863638,0
5,20220421,0.01,0.52,0.868028044552659,0.005200000000000001,0.8011342306647727,0.19886576933522726,0.0010341020005431819,0
5,20220422,0.02,0.51,0.868028044552659,0.0102,0.8011342306647727,0.19886576933522726,0.002028430847219318,0
5,20220423,0.04,0.51,0.868028044552659,0.0204,0.8011342306647727,0.19886576933522726,0.004056861694438636,0
5,20220424,0.0,0.51,0.868028044552659,0.0,0.8011342306647727,0.19886576933522726,0.0,0
5,20220425,0.0,0.51,0.868028044552659,0.0,0.8011342306647727,0.19886576933522726,0.0,0
5,20220426,0.0,0.51,0.868028044552659,0.0,0.8011342306647727,0.19886576933522726,0.0,0
5,20220427,0.0,0.51,0.868028044552659,0.0,0.8011342306647727,0.19886576933522726,0.0,0
5,20220428,0.0,0.51,0.868028044552659,0.0,0.8011342306647727,0.19886576933522726,0.0,0
5,20220429,0.02,0.51,0.868028044552659,0.0102,0.8011342306647727,0.19886576933522726,0.002028430847219318,0
5,20220430,0.01,0.51,0.868028044552659,0.0051,0.8011342306647727,0.19886576933522726,0.001014215423609659,0
5,20220501,0.38,0.51,0.868028044552659,0.1938,0.8011342306647727,0.19886576933522726,0.03854018609716704,0
5,20220502,0.99,0.51,0.868028044552659,0.5049,0.8011342306647727,0.19886576933522726,0.10040732693735625,0
5,20220503,0.48,0.52,0.868028044552659,0.2496,0.8011342306647727,0.19886576933522726,0.04963689602607272,0
5,20220504,1.98,0.52,0.868028044552659,1.0296,0.8011342306647727,0.19886576933522726,0.20475219610755,0
5,20220505,1.93,0.52,0.868028044552659,1.0036,0.8011342306647727,0.19886576933522726,0.1995816861048341,0
5,20220506,4.02,0.52,0.868028044552659,2.0904,0.8011342306647727,0.19886576933522726,0.41570900421835905,0
5,20220507,8.16,0.54,0.868028044552659,4.4064000000000005,0.8011342306647727,0.19886576933522726,0.8762821259987456,0
5,20220508,0.52,0.54,0.868028044552659,0.28080000000000005,0.8011342306647727,0.19886576933522726,0.05584150802933183,0
5,20220509,1.28,0.53,0.868028044552659,0.6784,0.8011342306647727,0.19886576933522726,0.13491053791701818,0
5,20220510,10.74,0.54,0.868028044552659,5.799600000000001,0.8011342306647727,0.19886576933522726,1.153341915836584,0
5,20220511,6.44,0.55,0.868028044552659,3.5420000000000007,0.8011342306647727,0.19886576933522726,0.704382554985375,0
5,20220512,8.99,0.55,0.868028044552659,4.944500000000001,0.8011342306647727,0.19886576933522726,0.9832917964780313,0
5,20220513,1.16,0.57,0.868028044552659,0.6611999999999999,0.8011342306647727,0.19886576933522726,0.13149004668445224,0
5,20220514,1.15,0.56,0.868028044552659,0.644,0.8011342306647727,0.19886576933522726,0.12806955545188636,0
5,20220515,7.5,0.56,0.868028044552659,4.2,0.8011342306647727,0.19886576933522726,0.8352362312079545,0
5,20220516,6.12,0.58,0.868028044552659,3.5496,0.8011342306647727,0.19886576933522726,0.7058939348323227,0
5,20220517,2.55,0.58,0.868028044552659,1.4789999999999999,0.8011342306647727,0.19886576933522726,0.2941224728468011,0
5,20220518,1.4,0.58,0.868028044552659,0.8119999999999999,0.8011342306647727,0.19886576933522726,0.16147900470020451,0
5,20220519,0.45,0.57,0.868028044552659,0.2565,0.8011342306647727,0.19886576933522726,0.05100906983448579,0
5,20220520,0.4,0.57,0.868028044552659,0.22799999999999998,0.8011342306647727,0.19886576933522726,0.04534139540843181,0
5,20220521,0.02,0.56,0.868028044552659,0.011200000000000002,0.8011342306647727,0.19886576933522726,0.002227296616554546,0
5,20220522,0.03,0.56,0.868028044552659,0.016800000000000002,0.8011342306647727,0.19886576933522726,0.0033409449248318185,0
5,20220523,0.01,0.55,0.868028044552659,0.0055000000000000005,0.8011342306647727,0.19886576933522726,0.00109376173134375,0
5,20220524,0.07,0.55,0.868028044552659,0.038500000000000006,0.8011342306647727,0.19886576933522726,0.007656332119406251,0
5,20220525,2.43,0.55,0.868028044552659,1.3365000000000002,0.8011342306647727,0.19886576933522726,0.2657841007165313,0
5,20220526,3.13,0.55,0.868028044552659,1.7215,0.8011342306647727,0.19886576933522726,0.34234742191059375,0
5,20220527,1.93,0.55,0.868028044552659,1.0615,0.8011342306647727,0.19886576933522726,0.21109601414934376,0
5,20220528,0.08,0.55,0.868028044552659,0.044000000000000004,0.8011342306647727,0.19886576933522726,0.00875009385075,0
5,20220529,0.13,0.54,0.868028044552659,0.07020000000000001,0.8011342306647727,0.19886576933522726,0.013960377007332957,0
5,20220530,0.09,0.54,0.868028044552659,0.048600000000000004,0.8011342306647727,0.19886576933522726,0.009664876389692045,0
5,20220531,0.03,0.54,0.868028044552659,0.0162,0.8011342306647727,0.19886576933522726,0.0032216254632306813,0
5,20220601,0.01,0.53,0.868028044552659,0.0053,0.8011342306647727,0.19886576933522726,0.0010539885774767045,0
5,20220602,0.0,0.53,0.868028044552659,0.0,0.8011342306647727,0.19886576933522726,0.0,0
5,20220603,0.01,0.53,0.868028044552659,0.0053,0.8011342306647727,0.19886576933522726,0.0010539885774767045,0
5,20220604,0.01,0.53,0.868028044552659,0.0053,0.8011342306647727,0.19886576933522726,0.0010539885774767045,0
5,20220605,1.81,0.53,0.868028044552659,0.9593,0.8011342306647727,0.19886576933522726,0.19077193252328353,0
5,20220606,3.7,0.53,0.868028044552659,1.9610000000000003,0.8011342306647727,0.19886576933522726,0.3899757736663807,0
5,20220607,2.57,0.53,0.868028044552659,1.3621,0.8011342306647727,0.19886576933522726,0.27087506441151304,0
5,20220608,0.38,0.53,0.868028044552659,0.20140000000000002,0.8011342306647727,0.19886576933522726,0.04005156594411478,0
5,20220609,0.26,0.53,0.868028044552659,0.1378,0.8011342306647727,0.19886576933522726,0.027403703014394317,0
5,20220610,0.21,0.53,0.868028044552659,0.1113,0.8011342306647727,0.19886576933522726,0.022133760127010793,0
5,20220611,1.31,0.53,0.868028044552659,0.6943,0.8011342306647727,0.19886576933522726,0.13807250364944829,0
5,20220612,1.97,0.53,0.868028044552659,1.0441,0.8011342306647727,0.19886576933522726,0.2076357497629108,0
5,20220613,1.48,0.53,0.868028044552659,0.7844,0.8011342306647727,0.19886576933522726,0.15599030946655226,0
5,20220614,1.54,0.53,0.868028044552659,0.8162,0.8011342306647727,0.19886576933522726,0.1623142409314125,0
5,20220615,8.16,0.54,0.868028044552659,4.4064000000000005,0.8011342306647727,0.19886576933522726,0.8762821259987456,0
5,20220616,8.64,0.55,0.868028044552659,4.752000000000001,0.8011342306647727,0.19886576933522726,0.945010135881,0
5,20220617,7.47,0.56,0.868028044552659,4.1832,0.8011342306647727,0.19886576933522726,0.8318952862831227,0
5,20220618,4.74,0.56,0.868028044552659,2.6544000000000003,0.8011342306647727,0.19886576933522726,0.5278692981234273,0
5,20220619,28.85,0.59,0.868028044552659,17.0215,0.8011342306647727,0.19886576933522726,3.3849936927395707,0
5,20220620,18.31,0.64,0.868028044552659,11.718399999999999,0.8011342306647727,0.19886576933522726,2.330388631377927,0
5,20220621,23.54,0.66,0.868028044552659,15.5364,0.8011342306647727,0.19886576933522726,3.089658138699825,0
5,20220622,9.51,0.68,0.868028044552659,6.4668,0.8011342306647727,0.19886576933522726,1.2860251571370476,0
5,20220623,3.63,0.67,0.868028044552659,2.4321,0.8011342306647727,0.19886576933522726,0.48366143760020625,0
5,20220624,2.55,0.67,0.868028044552659,1.7085,0.8011342306647727,0.19886576933522726,0.3397621669092358,0
5,20220625,1.99,0.67,0.868028044552659,1.3333000000000002,0.8011342306647727,0.19886576933522726,0.26514773025465854,0
5,20220626,0.65,0.66,0.868028044552659,0.42900000000000005,0.8011342306647727,0.19886576933522726,0.0853134150448125,0
5,20220627,2.44,0.65,0.868028044552659,1.586,0.8011342306647727,0.19886576933522726,0.31540111016567046,0
5,20220628,2.59,0.66,0.868028044552659,1.7094,0.8011342306647727,0.19886576933522726,0.3399411461016375,0
5,20220629,5.16,0.65,0.868028044552659,3.354,0.8011342306647727,0.19886576933522726,0.6669957903503523,0
5,20220630,5.14,0.66,0.868028044552659,3.3924,0.8011342306647727,0.19886576933522726,0.674632235892825,0
5,20220701,4.5,0.66,0.868028044552659,2.97,0.8011342306647727,0.19886576933522726,0.590631334925625,0
5,20220702,3.0,0.66,0.868028044552659,1.98,0.8011342306647727,0.19886576933522726,0.39375422328375,0
5,20220703,3.04,0.66,0.868028044552659,2.0064,0.8011342306647727,0.19886576933522726,0.3990042795942,0
5,20220704,3.24,0.66,0.868028044552659,2.1384000000000003,0.8011342306647727,0.19886576933522726,0.42525456114645005,0
5,20220705,6.45,0.66,0.868028044552659,4.257000000000001,0.8011342306647727,0.19886576933522726,0.8465715800600626,0
5,20220706,4.59,0.67,0.868028044552659,3.0753,0.8011342306647727,0.19886576933522726,0.6115719004366243,0
5,20220707,1.75,0.66,0.868028044552659,1.155,0.8011342306647727,0.19886576933522726,0.2296899635821875,0
5,20220708,3.76,0.66,0.868028044552659,2.4816,0.8011342306647727,0.19886576933522726,0.4935052931822999,0
5,20220709,2.01,0.66,0.868028044552659,1.3266,0.8011342306647727,0.19886576933522726,0.2638153296001125,0
5,20220710,2.79,0.66,0.868028044552659,1.8414000000000001,0.8011342306647727,0.19886576933522726,0.3661914276538875,0
5,20220711,1.15,0.65,0.868028044552659,0.7474999999999999,0.8011342306647727,0.19886576933522726,0.14865216257808236,0
5,20220712,1.38,0.65,0.868028044552659,0.8969999999999999,0.8011342306647727,0.19886576933522726,0.17838259509369883,0
5,20220713,2.29,0.65,0.868028044552659,1.4885000000000002,0.8011342306647727,0.19886576933522726,0.2960116976554858,0
5,20220714,0.31,0.64,0.868028044552659,0.1984,0.8011342306647727,0.19886576933522726,0.03945496863610909,0
5,20220715,0.09,0.63,0.868028044552659,0.0567,0.8011342306647727,0.19886576933522726,0.011275689121307386,0
5,20220716,5.09,0.63,0.868028044552659,3.2067,0.8011342306647727,0.19886576933522726,0.6377028625272733,0
5,20220717,9.42,0.65,0.868028044552659,6.123,0.8011342306647727,0.19886576933522726,1.2176551056395966,0
5,20220718,2.0,0.65,0.868028044552659,1.3,0.8011342306647727,0.19886576933522726,0.25852550013579545,0
5,20220719,0.94,0.64,0.868028044552659,0.6016,0.8011342306647727,0.19886576933522726,0.11963764683207273,0
5,20220720,10.14,0.65,0.868028044552659,6.591,0.8011342306647727,0.19886576933522726,1.3107242856884829,0
5,20220721,5.89,0.66,0.868028044552659,3.8874,0.8011342306647727,0.19886576933522726,0.7730707917137625,0
5,20220722,15.58,0.68,0.868028044552659,10.5944,0.8011342306647727,0.19886576933522726,2.106863506645132,0
5,20220723,1.46,0.68,0.868028044552659,0.9928,0.8011342306647727,0.19886576933522726,0.19743393579601362,0
5,20220724,3.4,0.68,0.868028044552659,2.3120000000000003,0.8011342306647727,0.19886576933522726,0.4597776587030455,0
5,20220725,3.46,0.68,0.868028044552659,2.3528000000000002,0.8011342306647727,0.19886576933522726,0.46789138209192277,0
5,20220726,7.74,0.69,0.868028044552659,5.340599999999999,0.8011342306647727,0.19886576933522726,1.0620625277117146,0
5,20220727,0.2,0.68,0.868028044552659,0.136,0.8011342306647727,0.19886576933522726,0.02704574462959091,0
5,20220728,0.75,0.68,0.868028044552659,0.51,0.8011342306647727,0.19886576933522726,0.1014215423609659,0
5,20220729,0.73,0.68,0.868028044552659,0.4964,0.8011342306647727,0.19886576933522726,0.09871696789800681,0
5,20220730,1.37,0.67,0.868028044552659,0.9179000000000002,0.8011342306647727,0.19886576933522726,0.18253888967280513,0
5,20220731,4.17,0.67,0.868028044552659,2.7939000000000003,0.8011342306647727,0.19886576933522726,0.5556110729456915,0
5,20220801,8.36,0.67,0.868028044552659,5.6011999999999995,0.8011342306647727,0.19886576933522726,1.1138869472004749,0
5,20220802,6.98,0.68,0.868028044552659,4.7464,0.8011342306647727,0.19886576933522726,0.9438964875727227,0
6,20210902,7.02,0.73,1.083498883617017,5.124599999999999,1.0,0.0,0.0,0
6,20210903,8.8,0.73,1.083498883617017,6.424,1.0,0.0,0.0,0
6,20210904,12.16,0.74,1.083498883617017,8.9984,1.0,0.0,0.0,0
6,20210905,7.22,0.75,1.083498883617017,5.415,1.0,0.0,0.0,0
6,20210906,6.91,0.75,1.083498883617017,5.1825,1.0,0.0,0.0,0
6,20210907,0.43,0.75,1.083498883617017,0.3225,1.0,0.0,0.0,0
6,20210908,0.06,0.74,1.083498883617017,0.044399999999999995,1.0,0.0,0.0,0
6,20210909,0.15,0.74,1.083498883617017,0.111,1.0,0.0,0.0,0
6,20210910,0.53,0.73,1.083498883617017,0.3869,1.0,0.0,0.0,0
6,20210911,0.06,0.73,1.083498883617017,0.0438,1.0,0.0,0.0,0
6,20210912,0.17,0.72,1.083498883617017,0.12240000000000001,1.0,0.0,0.0,0
6,20210913,0.05,0.72,1.083498883617017,0.036,1.0,0.0,0.0,0
6,20210914,0.04,0.71,1.083498883617017,0.028399999999999998,1.0,0.0,0.0,0
6,20210915,1.77,0.71,1.083498883617017,1.2567,1.0,0.0,0.0,0
6,20210916,2.6,0.71,1.083498883617017,1.8459999999999999,1.0,0.0,0.0,0
6,20210917,1.42,0.71,1.083498883617017,1.0082,1.0,0.0,0.0,0
6,20210918,5.01,0.71,1.083498883617017,3.5570999999999997,1.0,0.0,0.0,0
6,20210919,6.04,0.71,1.083498883617017,4.2884,1.0,0.0,0.0,0
6,20210920,3.03,0.71,1.083498883617017,2.1512999999999995,1.0,0.0,0.0,0
6,20210921,4.59,0.71,1.083498883617017,3.2588999999999997,1.0,0.0,0.0,0
6,20210922,21.25,0.74,1.083498883617017,15.725,1.0,0.0,0.0,0
6,20210923,1.37,0.74,1.083498883617017,1.0138,1.0,0.0,0.0,0
6,20210924,1.87,0.74,1.083498883617017,1.3838000000000001,1.0,0.0,0.0,0
6,20210925,7.28,0.73,1.083498883617017,5.3144,1.0,0.0,0.0,0
6,20210926,7.13,0.75,1.083498883617017,5.3475,1.0,0.0,0.0,0
6,20210927,0.08,0.74,1.083498883617017,0.0592,1.0,0.0,0.0,0
6,20210928,2.25,0.73,1.083498883617017,1.6425,1.0,0.0,0.0,0
6,20210929,1.48,0.73,1.083498883617017,1.0804,1.0,0.0,0.0,0
6,20210930,3.93,0.73,1.083498883617017,2.8689,1.0,0.0,0.0,0
6,20211001,2.28,0.73,1.083498883617017,1.6643999999999999,1.0,0.0,0.0,0
6,20211002,5.59,0.73,1.083498883617017,4.0807,1.0,0.0,0.0,0
6,20211003,4.45,0.73,1.083498883617017,3.2485,1.0,0.0,0.0,0
6,20211004,4.71,0.73,1.083498883617017,3.4383,1.0,0.0,0.0,0
6,20211005,37.11,0.76,1.083498883617017,28.2036,1.0,0.0,0.0,0
6,20211006,8.39,0.79,1.083498883617017,6.628100000000001,1.0,0.0,0.0,0
6,20211007,3.17,0.79,1.083498883617017,2.5043,1.0,0.0,0.0,0
6,20211008,3.81,0.78,1.083498883617017,2.9718,1.0,0.0,0.0,0
6,20211009,5.3,0.78,1.083498883617017,4.134,1.0,0.0,0.0,0
6,20211010,9.41,0.79,1.083498883617017,7.4339,1.0,0.0,0.0,0
6,20211011,4.31,0.8,1.083498883617017,3.448,1.0,0.0,0.0,0
6,20211012,4.16,0.79,1.083498883617017,3.2864000000000004,1.0,0.0,0.0,0
6,20211013,6.49,0.8,1.083498883617017,5.192,1.0,0.0,0.0,0
6,20211014,0.24,0.79,1.083498883617017,0.1896,1.0,0.0,0.0,0
6,20211015,2.84,0.79,1.083498883617017,2.2436,1.0,0.0,0.0,0
6,20211016,1.62,0.79,1.083498883617017,1.2798,1.0,0.0,0.0,0
6,20211017,3.02,0.79,1.083498883617017,2.3858,1.0,0.0,0.0,0
6,20211018,0.37,0.79,1.083498883617017,0.2923,1.0,0.0,0.0,0
6,20211019,3.3,0.78,1.083498883617017,2.574,1.0,0.0,0.0,0
6,20211020,1.74,0.78,1.083498883617017,1.3572,1.0,0.0,0.0,0
6,20211021,1.85,0.79,1.083498883617017,1.4615000000000002,1.0,0.0,0.0,0
6,20211022,0.51,0.78,1.083498883617017,0.39780000000000004,1.0,0.0,0.0,0
6,20211023,0.54,0.78,1.083498883617017,0.4212,1.0,0.0,0.0,0
6,20211024,5.98,0.78,1.083498883617017,4.6644000000000005,1.0,0.0,0.0,0
6,20211025,0.93,0.78,1.083498883617017,0.7254,1.0,0.0,0.0,0
6,20211026,0.98,0.77,1.083498883617017,0.7546,1.0,0.0,0.0,0
6,20211027,0.75,0.77,1.083498883617017,0.5775,1.0,0.0,0.0,0
6,20211028,6.67,0.76,1.083498883617017,5.0692,1.0,0.0,0.0,0
6,20211029,25.07,0.79,1.083498883617017,19.805300000000003,1.0,0.0,0.0,0
6,20211030,17.88,0.83,1.083498883617017,14.840399999999999,1.0,0.0,0.0,0
6,20211031,16.09,0.83,1.083498883617017,13.3547,1.0,0.0,0.0,0
6,20211101,21.37,0.86,1.083498883617017,18.3782,1.0,0.0,0.0,0
6,20211102,23.68,0.88,1.083498883617017,20.8384,1.0,0.0,0.0,0
6,20211103,30.77,0.91,1.083498883617017,28.000700000000002,1.0,0.0,0.0,0
6,20211104,18.47,0.92,1.083498883617017,16.9924,1.0,0.0,0.0,0
6,20211105,16.95,0.92,1.083498883617017,15.594,1.0,0.0,0.0,0
6,20211106,49.77,0.94,1.083498883617017,46.7838,1.0,0.0,0.0,0
6,20211107,40.64,0.97,1.083498883617017,39.4208,1.0,0.0,0.0,0
6,20211108,36.4,0.98,1.083498883617017,35.672,1.0,0.0,0.0,0
6,20211109,16.97,0.98,1.083498883617017,16.630599999999998,1.0,0.0,0.0,0
6,20211110,84.05,0.99,1.083498883617017,83.20949999999999,1.0,0.0,0.0,0
6,20211111,75.19,1.0,1.083498883617017,75.19,1.0,0.0,0.0,0
6,20211112,3.63,0.99,1.083498883617017,3.5936999999999997,1.0,0.0,0.0,0
6,20211113,3.72,0.99,1.083498883617017,3.6828000000000003,1.0,0.0,0.0,0
6,20211114,4.74,0.99,1.083498883617017,4.6926000000000005,1.0,0.0,0.0,0
6,20211115,4.57,0.99,1.083498883617017,4.5243,1.0,0.0,0.0,0
6,20211116,2.4,0.99,1.083498883617017,2.376,1.0,0.0,0.0,0
6,20211117,11.0,0.99,1.083498883617017,10.89,1.0,0.0,0.0,0
6,20211118,74.21,1.0,1.083498883617017,74.21,1.0,0.0,0.0,0
6,20211119,20.62,1.0,1.083498883617017,20.62,1.0,0.0,0.0,0
6,20211120,16.63,1.0,1.083498883617017,16.63,1.0,0.0,0.0,0
6,20211121,7.5,1.0,1.083498883617017,7.5,1.0,0.0,0.0,0
6,20211122,5.0,0.99,1.083498883617017,4.95,1.0,0.0,0.0,0
6,20211123,2.29,0.99,1.083498883617017,2.2671,1.0,0.0,0.0,0
6,20211124,2.87,0.99,1.083498883617017,2.8413,1.0,0.0,0.0,0
6,20211125,18.25,0.99,1.083498883617017,18.0675,1.0,0.0,0.0,0
6,20211126,58.61,1.0,1.083498883617017,58.61,1.0,0.0,0.0,0
6,20211127,29.98,1.0,1.083498883617017,29.98,1.0,0.0,0.0,0
6,20211128,61.12,1.0,1.083498883617017,61.12,1.0,0.0,0.0,0
6,20211129,12.76,1.0,1.083498883617017,12.76,1.0,0.0,0.0,0
6,20211130,9.8,1.0,1.083498883617017,9.8,1.0,0.0,0.0,0
6,20211201,1.22,1.0,1.083498883617017,1.22,1.0,0.0,0.0,0
6,20211202,0.03,1.0,1.083498883617017,0.03,1.0,0.0,0.0,0
6,20211203,0.14,0.99,1.083498883617017,0.1386,1.0,0.0,0.0,0
6,20211204,0.01,0.99,1.083498883617017,0.0099,1.0,0.0,0.0,0
6,20211205,0.15,0.99,1.083498883617017,0.1485,1.0,0.0,0.0,0
6,20211206,1.22,0.98,1.083498883617017,1.1956,1.0,0.0,0.0,0
6,20211207,0.09,0.98,1.083498883617017,0.0882,1.0,0.0,0.0,0
6,20211208,0.38,0.97,1.083498883617017,0.3686,1.0,0.0,0.0,0
6,20211209,3.98,0.97,1.083498883617017,3.8606,1.0,0.0,0.0,0
6,20211210,2.35,0.97,1.083498883617017,2.2795,1.0,0.0,0.0,0
6,20211211,3.71,0.96,1.083498883617017,3.5616,1.0,0.0,0.0,0
6,20211212,6.0,0.96,1.083498883617017,5.76,1.0,0.0,0.0,0
6,20211213,6.87,0.96,1.083498883617017,6.5952,1.0,0.0,0.0,0
6,20211214,2.34,0.96,1.083498883617017,2.2464,1.0,0.0,0.0,0
6,20211215,1.6,0.95,1.083498883617017,1.52,1.0,0.0,0.0,0
6,20211216,0.48,0.95,1.083498883617017,0.45599999999999996,1.0,0.0,0.0,0
6,20211217,0.15,0.94,1.083498883617017,0.141,1.0,0.0,0.0,0
6,20211218,0.0,0.93,1.083498883617017,0.0,1.0,0.0,0.0,0
6,20211219,0.0,0.93,1.083498883617017,0.0,1.0,0.0,0.0,0
6,20211220,0.0,0.92,1.083498883617017,0.0,1.0,0.0,0.0,0
6,20211221,0.0,0.92,1.083498883617017,0.0,1.0,0.0,0.0,0
6,20211222,0.0,0.91,1.083498883617017,0.0,1.0,0.0,0.0,0
6,20211223,0.0,0.9,1.083498883617017,0.0,1.0,0.0,0.0,0
6,20211224,0.0,0.9,1.083498883617017,0.0,1.0,0.0,0.0,0
6,20211225,0.0,0.89,1.083498883617017,0.0,1.0,0.0,0.0,0
6,20211226,0.0,0.88,1.083498883617017,0.0,1.0,0.0,0.0,0
6,20211227,0.41,0.88,1.083498883617017,0.36079999999999995,1.0,0.0,0.0,0
6,20211228,0.87,0.87,1.083498883617017,0.7569,1.0,0.0,0.0,0
6,20211229,0.92,0.87,1.083498883617017,0.8004,1.0,0.0,0.0,0
6,20211230,55.65,0.89,1.083498883617017,49.5285,1.0,0.0,0.0,0
6,20211231,42.52,0.96,1.083498883617017,40.8192,1.0,0.0,0.0,0
6,20220101,8.69,0.96,1.083498883617017,8.3424,1.0,0.0,0.0,0
6,20220102,0.5,0.95,1.083498883617017,0.475,1.0,0.0,0.0,0
6,20220103,0.02,0.94,1.083498883617017,0.0188,1.0,0.0,0.0,0
6,20220104,0.01,0.93,1.083498883617017,0.009300000000000001,1.0,0.0,0.0,0
6,20220105,0.02,0.93,1.083498883617017,0.018600000000000002,1.0,0.0,0.0,0
6,20220106,0.04,0.92,1.083498883617017,0.0368,1.0,0.0,0.0,0
6,20220107,0.03,0.91,1.083498883617017,0.0273,1.0,0.0,0.0,0
6,20220108,0.0,0.91,1.083498883617017,0.0,1.0,0.0,0.0,0
6,20220109,0.0,0.9,1.083498883617017,0.0,1.0,0.0,0.0,0
6,20220110,0.0,0.9,1.083498883617017,0.0,1.0,0.0,0.0,0
6,20220111,0.02,0.89,1.083498883617017,0.0178,1.0,0.0,0.0,0
6,20220112,0.14,0.88,1.083498883617017,0.12320000000000002,1.0,0.0,0.0,0
6,20220113,0.95,0.87,1.083498883617017,0.8265,1.0,0.0,0.0,0
6,20220114,0.68,0.87,1.083498883617017,0.5916,1.0,0.0,0.0,0
6,20220115,0.64,0.86,1.083498883617017,0.5504,1.0,0.0,0.0,0
6,20220116,5.86,0.86,1.083498883617017,5.0396,1.0,0.0,0.0,0
6,20220117,6.17,0.86,1.083498883617017,5.3062,1.0,0.0,0.0,0
6,20220118,1.52,0.86,1.083498883617017,1.3072,1.0,0.0,0.0,0
6,20220119,0.47,0.85,1.083498883617017,0.39949999999999997,1.0,0.0,0.0,0
6,20220120,0.0,0.85,1.083498883617017,0.0,1.0,0.0,0.0,0
6,20220121,0.0,0.84,1.083498883617017,0.0,1.0,0.0,0.0,0
6,20220122,0.0,0.83,1.083498883617017,0.0,1.0,0.0,0.0,0
6,20220123,0.59,0.83,1.083498883617017,0.48969999999999997,1.0,0.0,0.0,0
6,20220124,3.1,0.83,1.083498883617017,2.573,1.0,0.0,0.0,0
6,20220125,1.19,0.82,1.083498883617017,0.9757999999999999,1.0,0.0,0.0,0
6,20220126,0.7,0.82,1.083498883617017,0.574,1.0,0.0,0.0,0
6,20220127,0.19,0.81,1.083498883617017,0.1539,1.0,0.0,0.0,0
6,20220128,0.26,0.8,1.083498883617017,0.20800000000000002,1.0,0.0,0.0,0
6,20220129,0.08,0.8,1.083498883617017,0.064,1.0,0.0,0.0,0
6,20220130,0.0,0.79,1.083498883617017,0.0,1.0,0.0,0.0,0
6,20220131,0.0,0.78,1.083498883617017,0.0,1.0,0.0,0.0,0
6,20220201,0.0,0.78,1.083498883617017,0.0,1.0,0.0,0.0,0
6,20220202,0.0,0.77,1.083498883617017,0.0,1.0,0.0,0.0,0
6,20220203,0.0,0.76,1.083498883617017,0.0,1.0,0.0,0.0,0
6,20220204,0.0,0.76,1.083498883617017,0.0,1.0,0.0,0.0,0
6,20220205,0.04,0.75,1.083498883617017,0.03,1.0,0.0,0.0,0
6,20220206,0.0,0.74,1.083498883617017,0.0,1.0,0.0,0.0,0
6,20220207,0.0,0.74,1.083498883617017,0.0,1.0,0.0,0.0,0
6,20220208,0.0,0.73,1.083498883617017,0.0,1.0,0.0,0.0,0
6,20220209,0.0,0.72,1.083498883617017,0.0,1.0,0.0,0.0,0
6,20220210,0.13,0.72,1.083498883617017,0.0936,1.0,0.0,0.0,0
6,20220211,0.25,0.71,1.083498883617017,0.1775,1.0,0.0,0.0,0
6,20220212,0.07,0.71,1.083498883617017,0.0497,1.0,0.0,0.0,0
6,20220213,0.0,0.7,1.083498883617017,0.0,1.0,0.0,0.0,0
6,20220214,0.03,0.69,1.083498883617017,0.020699999999999996,1.0,0.0,0.0,0
6,20220215,0.01,0.69,1.083498883617017,0.0069,1.0,0.0,0.0,0
6,20220216,0.0,0.68,1.083498883617017,0.0,1.0,0.0,0.0,0
6,20220217,0.0,0.68,1.083498883617017,0.0,1.0,0.0,0.0,0
6,20220218,0.0,0.67,1.083498883617017,0.0,1.0,0.0,0.0,0
6,20220219,0.0,0.67,1.083498883617017,0.0,1.0,0.0,0.0,0
6,20220220,0.0,0.66,1.083498883617017,0.0,1.0,0.0,0.0,0
6,20220221,0.0,0.66,1.083498883617017,0.0,1.0,0.0,0.0,0
6,20220222,0.03,0.65,1.083498883617017,0.0195,1.0,0.0,0.0,0
6,20220223,0.0,0.65,1.083498883617017,0.0,1.0,0.0,0.0,0
6,20220224,0.0,0.64,1.083498883617017,0.0,1.0,0.0,0.0,0
6,20220225,0.0,0.64,1.083498883617017,0.0,1.0,0.0,0.0,0
6,20220226,0.01,0.63,1.083498883617017,0.0063,1.0,0.0,0.0,0
6,20220227,0.0,0.63,1.083498883617017,0.0,1.0,0.0,0.0,0
6,20220228,0.0,0.62,1.083498883617017,0.0,1.0,0.0,0.0,0
6,20220301,0.0,0.62,1.083498883617017,0.0,1.0,0.0,0.0,0
6,20220302,0.0,0.61,1.083498883617017,0.0,1.0,0.0,0.0,0
6,20220303,0.0,0.61,1.083498883617017,0.0,1.0,0.0,0.0,0
6,20220304,0.06,0.61,1.083498883617017,0.0366,1.0,0.0,0.0,0
6,20220305,0.01,0.6,1.083498883617017,0.006,1.0,0.0,0.0,0
6,20220306,0.89,0.6,1.083498883617017,0.534,1.0,0.0,0.0,0
6,20220307,0.21,0.6,1.083498883617017,0.126,1.0,0.0,0.0,0
6,20220308,0.0,0.59,1.083498883617017,0.0,1.0,0.0,0.0,0
6,20220309,0.0,0.59,1.083498883617017,0.0,1.0,0.0,0.0,0
6,20220310,0.0,0.59,1.083498883617017,0.0,1.0,0.0,0.0,0
6,20220311,0.0,0.58,1.083498883617017,0.0,1.0,0.0,0.0,0
6,20220312,0.0,0.58,1.083498883617017,0.0,1.0,0.0,0.0,0
6,20220313,0.01,0.57,1.083498883617017,0.005699999999999999,1.0,0.0,0.0,0
6,20220314,0.0,0.57,1.083498883617017,0.0,1.0,0.0,0.0,0
6,20220315,0.0,0.57,1.083498883617017,0.0,1.0,0.0,0.0,0
6,20220316,0.0,0.56,1.083498883617017,0.0,1.0,0.0,0.0,0
6,20220317,0.0,0.56,1.083498883617017,0.0,1.0,0.0,0.0,0
6,20220318,0.0,0.55,1.083498883617017,0.0,1.0,0.0,0.0,0
6,20220319,0.01,0.55,1.083498883617017,0.0055000000000000005,1.0,0.0,0.0,0
6,20220320,0.08,0.55,1.083498883617017,0.044000000000000004,1.0,0.0,0.0,0
6,20220321,0.49,0.55,1.083498883617017,0.2695,1.0,0.0,0.0,0
6,20220322,0.87,0.55,1.083498883617017,0.47850000000000004,1.0,0.0,0.0,0
6,20220323,0.01,0.54,1.083498883617017,0.0054,1.0,0.0,0.0,0
6,20220324,0.01,0.54,1.083498883617017,0.0054,1.0,0.0,0.0,0
6,20220325,0.0,0.54,1.083498883617017,0.0,1.0,0.0,0.0,0
6,20220326,0.0,0.53,1.083498883617017,0.0,1.0,0.0,0.0,0
6,20220327,0.0,0.53,1.083498883617017,0.0,1.0,0.0,0.0,0
6,20220328,0.0,0.53,1.083498883617017,0.0,1.0,0.0,0.0,0
6,20220329,0.0,0.53,1.083498883617017,0.0,1.0,0.0,0.0,0
6,20220330,0.0,0.53,1.083498883617017,0.0,1.0,0.0,0.0,0
6,20220331,0.01,0.52,1.083498883617017,0.005200000000000001,1.0,0.0,0.0,0
6,20220401,0.0,0.52,1.083498883617017,0.0,1.0,0.0,0.0,0
6,20220402,0.01,0.52,1.083498883617017,0.005200000000000001,1.0,0.0,0.0,0
6,20220403,0.0,0.52,1.083498883617017,0.0,1.0,0.0,0.0,0
6,20220404,0.01,0.52,1.083498883617017,0.005200000000000001,1.0,0.0,0.0,0
6,20220405,0.0,0.52,1.083498883617017,0.0,1.0,0.0,0.0,0
6,20220406,0.05,0.52,1.083498883617017,0.026000000000000002,1.0,0.0,0.0,0
6,20220407,0.1,0.52,1.083498883617017,0.052000000000000005,1.0,0.0,0.0,0
6,20220408,0.14,0.52,1.083498883617017,0.0728,1.0,0.0,0.0,0
6,20220409,0.14,0.52,1.083498883617017,0.0728,1.0,0.0,0.0,0
6,20220410,0.66,0.52,1.083498883617017,0.3432,1.0,0.0,0.0,0
6,20220411,0.26,0.52,1.083498883617017,0.13520000000000001,1.0,0.0,0.0,0
6,20220412,0.07,0.52,1.083498883617017,0.0364,1.0,0.0,0.0,0
6,20220413,0.11,0.52,1.083498883617017,0.0572,1.0,0.0,0.0,0
6,20220414,0.02,0.52,1.083498883617017,0.010400000000000001,1.0,0.0,0.0,0
6,20220415,0.02,0.52,1.083498883617017,0.010400000000000001,1.0,0.0,0.0,0
6,20220416,0.03,0.52,1.083498883617017,0.0156,1.0,0.0,0.0,0
6,20220417,0.42,0.52,1.083498883617017,0.2184,1.0,0.0,0.0,0
6,20220418,0.33,0.52,1.083498883617017,0.1716,1.0,0.0,0.0,0
6,20220419,0.03,0.52,1.083498883617017,0.0156,1.0,0.0,0.0,0
6,20220420,0.02,0.52,1.083498883617017,0.010400000000000001,1.0,0.0,0.0,0
6,20220421,0.01,0.52,1.083498883617017,0.005200000000000001,1.0,0.0,0.0,0
6,20220422,0.02,0.51,1.083498883617017,0.0102,1.0,0.0,0.0,0
6,20220423,0.04,0.51,1.083498883617017,0.0204,1.0,0.0,0.0,0
6,20220424,0.0,0.51,1.083498883617017,0.0,1.0,0.0,0.0,0
6,20220425,0.0,0.51,1.083498883617017,0.0,1.0,0.0,0.0,0
6,20220426,0.0,0.51,1.083498883617017,0.0,1.0,0.0,0.0,0
6,20220427,0.0,0.51,1.083498883617017,0.0,1.0,0.0,0.0,0
6,20220428,0.0,0.51,1.083498883617017,0.0,1.0,0.0,0.0,0
6,20220429,0.02,0.51,1.083498883617017,0.0102,1.0,0.0,0.0,0
6,20220430,0.01,0.51,1.083498883617017,0.0051,1.0,0.0,0.0,0
6,20220501,0.38,0.51,1.083498883617017,0.1938,1.0,0.0,0.0,0
6,20220502,0.99,0.51,1.083498883617017,0.5049,1.0,0.0,0.0,0
6,20220503,0.48,0.52,1.083498883617017,0.2496,1.0,0.0,0.0,0
6,20220504,1.98,0.52,1.083498883617017,1.0296,1.0,0.0,0.0,0
6,20220505,1.93,0.52,1.083498883617017,1.0036,1.0,0.0,0.0,0
6,20220506,4.02,0.52,1.083498883617017,2.0904,1.0,0.0,0.0,0
6,20220507,8.16,0.54,1.083498883617017,4.4064000000000005,1.0,0.0,0.0,0
6,20220508,0.52,0.54,1.083498883617017,0.28080000000000005,1.0,0.0,0.0,0
6,20220509,1.28,0.53,1.083498883617017,0.6784,1.0,0.0,0.0,0
6,20220510,10.74,0.54,1.083498883617017,5.799600000000001,1.0,0.0,0.0,0
6,20220511,6.44,0.55,1.083498883617017,3.5420000000000007,1.0,0.0,0.0,0
6,20220512,8.99,0.55,1.083498883617017,4.944500000000001,1.0,0.0,0.0,0
6,20220513,1.16,0.57,1.083498883617017,0.6611999999999999,1.0,0.0,0.0,0
6,20220514,1.15,0.56,1.083498883617017,0.644,1.0,0.0,0.0,0
6,20220515,7.5,0.56,1.083498883617017,4.2,1.0,0.0,0.0,0
6,20220516,6.12,0.58,1.083498883617017,3.5496,1.0,0.0,0.0,0
6,20220517,2.55,0.58,1.083498883617017,1.4789999999999999,1.0,0.0,0.0,0
6,20220518,1.4,0.58,1.083498883617017,0.8119999999999999,1.0,0.0,0.0,0
6,20220519,0.45,0.57,1.083498883617017,0.2565,1.0,0.0,0.0,0
6,20220520,0.4,0.57,1.083498883617017,0.22799999999999998,1.0,0.0,0.0,0
6,20220521,0.02,0.56,1.083498883617017,0.011200000000000002,1.0,0.0,0.0,0
6,20220522,0.03,0.56,1.083498883617017,0.016800000000000002,1.0,0.0,0.0,0
6,20220523,0.01,0.55,1.083498883617017,0.0055000000000000005,1.0,0.0,0.0,0
6,20220524,0.07,0.55,1.083498883617017,0.038500000000000006,1.0,0.0,0.0,0
6,20220525,2.43,0.55,1.083498883617017,1.3365000000000002,1.0,0.0,0.0,0
6,20220526,3.13,0.55,1.083498883617017,1.7215,1.0,0.0,0.0,0
6,20220527,1.93,0.55,1.083498883617017,1.0615,1.0,0.0,0.0,0
6,20220528,0.08,0.55,1.083498883617017,0.044000000000000004,1.0,0.0,0.0,0
6,20220529,0.13,0.54,1.083498883617017,0.07020000000000001,1.0,0.0,0.0,0
6,20220530,0.09,0.54,1.083498883617017,0.048600000000000004,1.0,0.0,0.0,0
6,20220531,0.03,0.54,1.083498883617017,0.0162,1.0,0.0,0.0,0
6,20220601,0.01,0.53,1.083498883617017,0.0053,1.0,0.0,0.0,0
6,20220602,0.0,0.53,1.083498883617017,0.0,1.0,0.0,0.0,0
6,20220603,0.01,0.53,1.083498883617017,0.0053,1.0,0.0,0.0,0
6,20220604,0.01,0.53,1.083498883617017,0.0053,1.0,0.0,0.0,0
6,20220605,1.81,0.53,1.083498883617017,0.9593,1.0,0.0,0.0,0
6,20220606,3.7,0.53,1.083498883617017,1.9610000000000003,1.0,0.0,0.0,0
6,20220607,2.57,0.53,1.083498883617017,1.3621,1.0,0.0,0.0,0
6,20220608,0.38,0.53,1.083498883617017,0.20140000000000002,1.0,0.0,0.0,0
6,20220609,0.26,0.53,1.083498883617017,0.1378,1.0,0.0,0.0,0
6,20220610,0.21,0.53,1.083498883617017,0.1113,1.0,0.0,0.0,0
6,20220611,1.31,0.53,1.083498883617017,0.6943,1.0,0.0,0.0,0
6,20220612,1.97,0.53,1.083498883617017,1.0441,1.0,0.0,0.0,0
6,20220613,1.48,0.53,1.083498883617017,0.7844,1.0,0.0,0.0,0
6,20220614,1.54,0.53,1.083498883617017,0.8162,1.0,0.0,0.0,0
6,20220615,8.16,0.54,1.083498883617017,4.4064000000000005,1.0,0.0,0.0,0
6,20220616,8.64,0.55,1.083498883617017,4.752000000000001,1.0,0.0,0.0,0
6,20220617,7.47,0.56,1.083498883617017,4.1832,1.0,0.0,0.0,0
6,20220618,4.74,0.56,1.083498883617017,2.6544000000000003,1.0,0.0,0.0,0
6,20220619,28.85,0.59,1.083498883617017,17.0215,1.0,0.0,0.0,0
6,20220620,18.31,0.64,1.083498883617017,11.718399999999999,1.0,0.0,0.0,0
6,20220621,23.54,0.66,1.083498883617017,15.5364,1.0,0.0,0.0,0
6,20220622,9.51,0.68,1.083498883617017,6.4668,1.0,0.0,0.0,0
6,20220623,3.63,0.67,1.083498883617017,2.4321,1.0,0.0,0.0,0
6,20220624,2.55,0.67,1.083498883617017,1.7085,1.0,0.0,0.0,0
6,20220625,1.99,0.67,1.083498883617017,1.3333000000000002,1.0,0.0,0.0,0
6,20220626,0.65,0.66,1.083498883617017,0.42900000000000005,1.0,0.0,0.0,0
6,20220627,2.44,0.65,1.083498883617017,1.586,1.0,0.0,0.0,0
6,20220628,2.59,0.66,1.083498883617017,1.7094,1.0,0.0,0.0,0
6,20220629,5.16,0.65,1.083498883617017,3.354,1.0,0.0,0.0,0
6,20220630,5.14,0.66,1.083498883617017,3.3924,1.0,0.0,0.0,0
6,20220701,4.5,0.66,1.083498883617017,2.97,1.0,0.0,0.0,0
6,20220702,3.0,0.66,1.083498883617017,1.98,1.0,0.0,0.0,0
6,20220703,3.04,0.66,1.083498883617017,2.0064,1.0,0.0,0.0,0
6,20220704,3.24,0.66,1.083498883617017,2.1384000000000003,1.0,0.0,0.0,0
6,20220705,6.45,0.66,1.083498883617017,4.257000000000001,1.0,0.0,0.0,0
6,20220706,4.59,0.67,1.083498883617017,3.0753,1.0,0.0,0.0,0
6,20220707,1.75,0.66,1.083498883617017,1.155,1.0,0.0,0.0,0
6,20220708,3.76,0.66,1.083498883617017,2.4816,1.0,0.0,0.0,0
6,20220709,2.01,0.66,1.083498883617017,1.3266,1.0,0.0,0.0,0
6,20220710,2.79,0.66,1.083498883617017,1.8414000000000001,1.0,0.0,0.0,0
6,20220711,1.15,0.65,1.083498883617017,0.7474999999999999,1.0,0.0,0.0,0
6,20220712,1.38,0.65,1.083498883617017,0.8969999999999999,1.0,0.0,0.0,0
6,20220713,2.29,0.65,1.083498883617017,1.4885000000000002,1.0,0.0,0.0,0
6,20220714,0.31,0.64,1.083498883617017,0.1984,1.0,0.0,0.0,0
6,20220715,0.09,0.63,1.083498883617017,0.0567,1.0,0.0,0.0,0
6,20220716,5.09,0.63,1.083498883617017,3.2067,1.0,0.0,0.0,0
6,20220717,9.42,0.65,1.083498883617017,6.123,1.0,0.0,0.0,0
6,20220718,2.0,0.65,1.083498883617017,1.3,1.0,0.0,0.0,0
6,20220719,0.94,0.64,1.083498883617017,0.6016,1.0,0.0,0.0,0
6,20220720,10.14,0.65,1.083498883617017,6.591,1.0,0.0,0.0,0
6,20220721,5.89,0.66,1.083498883617017,3.8874,1.0,0.0,0.0,0
6,20220722,15.58,0.68,1.083498883617017,10.5944,1.0,0.0,0.0,0
6,20220723,1.46,0.68,1.083498883617017,0.9928,1.0,0.0,0.0,0
6,20220724,3.4,0.68,1.083498883617017,2.3120000000000003,1.0,0.0,0.0,0
6,20220725,3.46,0.68,1.083498883617017,2.3528000000000002,1.0,0.0,0.0,0
6,20220726,7.74,0.69,1.083498883617017,5.340599999999999,1.0,0.0,0.0,0
6,20220727,0.2,0.68,1.083498883617017,0.136,1.0,0.0,0.0,0
6,20220728,0.75,0.68,1.083498883617017,0.51,1.0,0.0,0.0,0
6,20220729,0.73,0.68,1.083498883617017,0.4964,1.0,0.0,0.0,0
6,20220730,1.37,0.67,1.083498883617017,0.9179000000000002,1.0,0.0,0.0,0
6,20220731,4.17,0.67,1.083498883617017,2.7939000000000003,1.0,0.0,0.0,0
6,20220801,8.36,0.67,1.083498883617017,5.6011999999999995,1.0,0.0,0.0,0
6,20220802,6.98,0.68,1.083498883617017,4.7464,1.0,0.0,0.0,0
7,20210902,7.02,0.73,0.625641383869307,5.124599999999999,0.5774268837091406,0.42257311629085936,2.1655181917441375,0
7,20210903,8.8,0.73,0.625641383869307,6.424,0.5774268837091406,0.42257311629085936,2.7146096990524806,0
7,20210904,12.16,0.74,0.625641383869307,8.9984,0.5774268837091406,0.42257311629085936,3.8024819296316688,1
7,20210905,7.22,0.75,0.625641383869307,5.415,0.5774268837091406,0.42257311629085936,2.2882334247150036,0
7,20210906,6.91,0.75,0.625641383869307,5.1825,0.5774268837091406,0.42257311629085936,2.189985175177379,0
7,20210907,0.43,0.75,0.625641383869307,0.3225,0.5774268837091406,0.42257311629085936,0.13627983000380214,0
7,20210908,0.06,0.74,0.625641383869307,0.044399999999999995,0.5774268837091406,0.42257311629085936,0.018762246363314153,0
7,20210909,0.15,0.74,0.625641383869307,0.111,0.5774268837091406,0.42257311629085936,0.04690561590828539,0
7,20210910,0.53,0.73,0.625641383869307,0.3869,0.5774268837091406,0.42257311629085936,0.1634935386929335,0
7,20210911,0.06,0.73,0.625641383869307,0.0438,0.5774268837091406,0.42257311629085936,0.018508702493539638,0
7,20210912,0.17,0.72,0.625641383869307,0.12240000000000001,0.5774268837091406,0.42257311629085936,0.051722949434001186,0
7,20210913,0.05,0.72,0.625641383869307,0.036,0.5774268837091406,0.42257311629085936,0.015212632186470936,0
7,20210914,0.04,0.71,0.625641383869307,0.028399999999999998,0.5774268837091406,0.42257311629085936,0.012001076502660406,0
7,20210915,1.77,0.71,0.625641383869307,1.2567,0.5774268837091406,0.42257311629085936,0.5310476352427229,0
7,20210916,2.6,0.71,0.625641383869307,1.8459999999999999,0.5774268837091406,0.42257311629085936,0.7800699726729263,0
7,20210917,1.42,0.71,0.625641383869307,1.0082,0.5774268837091406,0.42257311629085936,0.4260382158444444,0
7,20210918,5.01,0.71,0.625641383869307,3.5570999999999997,0.5774268837091406,0.42257311629085936,1.5031348319582156,0
7,20210919,6.04,0.71,0.625641383869307,4.2884,0.5774268837091406,0.42257311629085936,1.8121625519017215,0
7,20210920,3.03,0.71,0.625641383869307,2.1512999999999995,0.5774268837091406,0.42257311629085936,0.9090815450765256,0
7,20210921,4.59,0.71,0.625641383869307,3.2588999999999997,0.5774268837091406,0.42257311629085936,1.3771235286802814,0
7,20210922,21.25,0.74,0.625641383869307,15.725,0.5774268837091406,0.42257311629085936,6.644962253673763,1
7,20210923,1.37,0.74,0.625641383869307,1.0138,0.5774268837091406,0.42257311629085936,0.42840462529567325,0
7,20210924,1.87,0.74,0.625641383869307,1.3838000000000001,0.5774268837091406,0.42257311629085936,0.5847566783232913,0
7,20210925,7.28,0.73,0.625641383869307,5.3144,0.5774268837091406,0.42257311629085936,2.245722569216143,0
7,20210926,7.13,0.75,0.625641383869307,5.3475,0.5774268837091406,0.42257311629085936,2.2597097393653707,0
7,20210927,0.08,0.74,0.625641383869307,0.0592,0.5774268837091406,0.42257311629085936,0.025016328484418874,0
7,20210928,2.25,0.73,0.625641383869307,1.6425,0.5774268837091406,0.42257311629085936,0.6940763435077365,0
7,20210929,1.48,0.73,0.625641383869307,1.0804,0.5774268837091406,0.42257311629085936,0.45654799484064446,0
7,20210930,3.93,0.73,0.625641383869307,2.8689,0.5774268837091406,0.42257311629085936,1.2123200133268464,0
7,20211001,2.28,0.73,0.625641383869307,1.6643999999999999,0.5774268837091406,0.42257311629085936,0.7033306947545063,0
7,20211002,5.59,0.73,0.625641383869307,4.0807,0.5774268837091406,0.42257311629085936,1.72439411564811,0
7,20211003,4.45,0.73,0.625641383869307,3.2485,0.5774268837091406,0.42257311629085936,1.3727287682708567,0
7,20211004,4.71,0.73,0.625641383869307,3.4383,0.5774268837091406,0.42257311629085936,1.4529331457428618,0
7,20211005,37.11,0.76,0.625641383869307,28.2036,0.5774268837091406,0.42257311629085936,11.918083142620882,1
7,20211006,8.39,0.79,0.625641383869307,6.628100000000001,0.5774268837091406,0.42257311629085936,2.8008568720874454,0
7,20211007,3.17,0.79,0.625641383869307,2.5043,0.5774268837091406,0.42257311629085936,1.0582498551271993,0
7,20211008,3.81,0.78,0.625641383869307,2.9718,0.5774268837091406,0.42257311629085936,1.2558027869931758,0
7,20211009,5.3,0.78,0.625641383869307,4.134,0.5774268837091406,0.42257311629085936,1.7469172627464127,0
7,20211010,9.41,0.79,0.625641383869307,7.4339,0.5774268837091406,0.42257311629085936,3.1413662891946195,0
7,20211011,4.31,0.8,0.625641383869307,3.448,0.5774268837091406,0.42257311629085936,1.457032104970883,0
7,20211012,4.16,0.79,0.625641383869307,3.2864000000000004,0.5774268837091406,0.42257311629085936,1.3887442893782804,0
7,20211013,6.49,0.8,0.625641383869307,5.192,0.5774268837091406,0.42257311629085936,2.193999619782142,0
7,20211014,0.24,0.79,0.625641383869307,0.1896,0.5774268837091406,0.42257311629085936,0.08011986284874693,0
7,20211015,2.84,0.79,0.625641383869307,2.2436,0.5774268837091406,0.42257311629085936,0.948085043710172,0
7,20211016,1.62,0.79,0.625641383869307,1.2798,0.5774268837091406,0.42257311629085936,0.5408090742290418,0
7,20211017,3.02,0.79,0.625641383869307,2.3858,0.5774268837091406,0.42257311629085936,1.0081749408467324,0
7,20211018,0.37,0.79,0.625641383869307,0.2923,0.5774268837091406,0.42257311629085936,0.1235181218918182,0
7,20211019,3.3,0.78,0.625641383869307,2.574,0.5774268837091406,0.42257311629085936,1.087703201332672,0
7,20211020,1.74,0.78,0.625641383869307,1.3572,0.5774268837091406,0.42257311629085936,0.5735162334299543,0
7,20211021,1.85,0.79,0.625641383869307,1.4615000000000002,0.5774268837091406,0.42257311629085936,0.6175906094590911,0
7,20211022,0.51,0.78,0.625641383869307,0.39780000000000004,0.5774268837091406,0.42257311629085936,0.16809958566050387,0
7,20211023,0.54,0.78,0.625641383869307,0.4212,0.5774268837091406,0.42257311629085936,0.17798779658170996,0
7,20211024,5.98,0.78,0.625641383869307,4.6644000000000005,0.5774268837091406,0.42257311629085936,1.9710500436270846,0
7,20211025,0.93,0.78,0.625641383869307,0.7254,0.5774268837091406,0.42257311629085936,0.3065345385573894,0
7,20211026,0.98,0.77,0.625641383869307,0.7546,0.5774268837091406,0.42257311629085936,0.3188736735530825,0
7,20211027,0.75,0.77,0.625641383869307,0.5775,0.5774268837091406,0.42257311629085936,0.24403597465797128,0
7,20211028,6.67,0.76,0.625641383869307,5.0692,0.5774268837091406,0.42257311629085936,2.1421076411016244,0
7,20211029,25.07,0.79,0.625641383869307,19.805300000000003,0.5774268837091406,0.42257311629085936,8.369187340075358,1
7,20211030,17.88,0.83,0.625641383869307,14.840399999999999,0.5774268837091406,0.42257311629085936,6.271154075002869,1
7,20211031,16.09,0.83,0.625641383869307,13.3547,0.5774268837091406,0.42257311629085936,5.643337196129539,1
7,20211101,21.37,0.86,0.625641383869307,18.3782,0.5774268837091406,0.42257311629085936,7.766133245816671,1
7,20211102,23.68,0.88,0.625641383869307,20.8384,0.5774268837091406,0.42257311629085936,8.805747626515444,1
7,20211103,30.77,0.91,0.625641383869307,28.000700000000002,0.5774268837091406,0.42257311629085936,11.832343057325467,1
7,20211104,18.47,0.92,0.625641383869307,16.9924,0.5774268837091406,0.42257311629085936,7.180531421260799,1
7,20211105,16.95,0.92,0.625641383869307,15.594,0.5774268837091406,0.42257311629085936,6.589605175439661,1
7,20211106,49.77,0.94,0.625641383869307,46.7838,0.5774268837091406,0.42257311629085936,19.769576157928306,1
7,20211107,40.64,0.97,0.625641383869307,39.4208,0.5774268837091406,0.42257311629085936,16.65817030267871,1
7,20211108,36.4,0.98,0.625641383869307,35.672,0.5774268837091406,0.42257311629085936,15.074028204327535,1
7,20211109,16.97,0.98,0.625641383869307,16.630599999999998,0.5774268837091406,0.42257311629085936,7.027644467786764,1
7,20211110,84.05,0.99,0.625641383869307,83.20949999999999,0.5774268837091406,0.42257311629085936,35.16209772000426,1
7,20211111,75.19,1.0,0.625641383869307,75.19,0.5774268837091406,0.42257311629085936,31.773272613909715,1
7,20211112,3.63,0.99,0.625641383869307,3.5936999999999997,0.5774268837091406,0.42257311629085936,1.5186010080144612,0
7,20211113,3.72,0.99,0.625641383869307,3.6828000000000003,0.5774268837091406,0.42257311629085936,1.5562522726759769,0
7,20211114,4.74,0.99,0.625641383869307,4.6926000000000005,0.5774268837091406,0.42257311629085936,1.982966605506487,0
7,20211115,4.57,0.99,0.625641383869307,4.5243,0.5774268837091406,0.42257311629085936,1.9118475500347352,0
7,20211116,2.4,0.99,0.625641383869307,2.376,0.5774268837091406,0.42257311629085936,1.0040337243070818,0
7,20211117,11.0,0.99,0.625641383869307,10.89,0.5774268837091406,0.42257311629085936,4.601821236407459,1
7,20211118,74.21,1.0,0.625641383869307,74.21,0.5774268837091406,0.42257311629085936,31.35915095994467,1
7,20211119,20.62,1.0,0.625641383869307,20.62,0.5774268837091406,0.42257311629085936,8.713457657917521,1
7,20211120,16.63,1.0,0.625641383869307,16.63,0.5774268837091406,0.42257311629085936,7.0273909239169905,1
7,20211121,7.5,1.0,0.625641383869307,7.5,0.5774268837091406,0.42257311629085936,3.169298372181445,0
7,20211122,5.0,0.99,0.625641383869307,4.95,0.5774268837091406,0.42257311629085936,2.0917369256397538,0
7,20211123,2.29,0.99,0.625641383869307,2.2671,0.5774268837091406,0.42257311629085936,0.9580155119430073,0
7,20211124,2.87,0.99,0.625641383869307,2.8413,0.5774268837091406,0.42257311629085936,1.2006569953172186,0
7,20211125,18.25,0.99,0.625641383869307,18.0675,0.5774268837091406,0.42257311629085936,7.634839778585101,1
7,20211126,58.61,1.0,0.625641383869307,58.61,0.5774268837091406,0.42257311629085936,24.767010345807268,1
7,20211127,29.98,1.0,0.625641383869307,29.98,0.5774268837091406,0.42257311629085936,12.668742026399963,1
7,20211128,61.12,1.0,0.625641383869307,61.12,0.5774268837091406,0.42257311629085936,25.827668867697323,1
7,20211129,12.76,1.0,0.625641383869307,12.76,0.5774268837091406,0.42257311629085936,5.392032963871365,1
7,20211130,9.8,1.0,0.625641383869307,9.8,0.5774268837091406,0.42257311629085936,4.141216539650422,1
7,20211201,1.22,1.0,0.625641383869307,1.22,0.5774268837091406,0.42257311629085936,0.5155392018748484,0
7,20211202,0.03,1.0,0.625641383869307,0.03,0.5774268837091406,0.42257311629085936,0.01267719348872578,0
7,20211203,0.14,0.99,0.625641383869307,0.1386,0.5774268837091406,0.42257311629085936,0.05856863391791311,0
7,20211204,0.01,0.99,0.625641383869307,0.0099,0.5774268837091406,0.42257311629085936,0.004183473851279508,0
7,20211205,0.15,0.99,0.625641383869307,0.1485,0.5774268837091406,0.42257311629085936,0.06275210776919261,0
7,20211206,1.22,0.98,0.625641383869307,1.1956,0.5774268837091406,0.42257311629085936,0.5052284178373515,0
7,20211207,0.09,0.98,0.625641383869307,0.0882,0.5774268837091406,0.42257311629085936,0.037270948856853794,0
7,20211208,0.38,0.97,0.625641383869307,0.3686,0.5774268837091406,0.42257311629085936,0.15576045066481076,0
7,20211209,3.98,0.97,0.625641383869307,3.8606,0.5774268837091406,0.42257311629085936,1.6313857727524916,0
7,20211210,2.35,0.97,0.625641383869307,2.2795,0.5774268837091406,0.42257311629085936,0.963255418585014,0
7,20211211,3.71,0.96,0.625641383869307,3.5616,0.5774268837091406,0.42257311629085936,1.5050364109815246,0
7,20211212,6.0,0.96,0.625641383869307,5.76,0.5774268837091406,0.42257311629085936,2.43402114983535,0
7,20211213,6.87,0.96,0.625641383869307,6.5952,0.5774268837091406,0.42257311629085936,2.7869542165614756,0
7,20211214,2.34,0.96,0.625641383869307,2.2464,0.5774268837091406,0.42257311629085936,0.9492682484357865,0
7,20211215,1.6,0.95,0.625641383869307,1.52,0.5774268837091406,0.42257311629085936,0.6423111367621063,0
7,20211216,0.48,0.95,0.625641383869307,0.45599999999999996,0.5774268837091406,0.42257311629085936,0.19269334102863186,0
7,20211217,0.15,0.94,0.625641383869307,0.141,0.5774268837091406,0.42257311629085936,0.05958280939701117,0
7,20211218,0.0,0.93,0.625641383869307,0.0,0.5774268837091406,0.42257311629085936,0.0,0
7,20211219,0.0,0.93,0.625641383869307,0.0,0.5774268837091406,0.42257311629085936,0.0,0
7,20211220,0.0,0.92,0.625641383869307,0.0,0.5774268837091406,0.42257311629085936,0.0,0
7,20211221,0.0,0.92,0.625641383869307,0.0,0.5774268837091406,0.42257311629085936,0.0,0
7,20211222,0.0,0.91,0.625641383869307,0.0,0.5774268837091406,0.42257311629085936,0.0,0
7,20211223,0.0,0.9,0.625641383869307,0.0,0.5774268837091406,0.42257311629085936,0.0,0
7,20211224,0.0,0.9,0.625641383869307,0.0,0.5774268837091406,0.42257311629085936,0.0,0
7,20211225,0.0,0.89,0.625641383869307,0.0,0.5774268837091406,0.42257311629085936,0.0,0
7,20211226,0.0,0.88,0.625641383869307,0.0,0.5774268837091406,0.42257311629085936,0.0,0
7,20211227,0.41,0.88,0.625641383869307,0.36079999999999995,0.5774268837091406,0.42257311629085936,0.15246438035774204,0
7,20211228,0.87,0.87,0.625641383869307,0.7569,0.5774268837091406,0.42257311629085936,0.31984559172055144,0
7,20211229,0.92,0.87,0.625641383869307,0.8004,0.5774268837091406,0.42257311629085936,0.33822752227920383,0
7,20211230,55.65,0.89,0.625641383869307,49.5285,0.5774268837091406,0.42257311629085936,20.92941259021183,1
7,20211231,42.52,0.96,0.625641383869307,40.8192,0.5774268837091406,0.42257311629085936,17.249096548499846,1
7,20220101,8.69,0.96,0.625641383869307,8.3424,0.5774268837091406,0.42257311629085936,3.525273965344865,1
7,20220102,0.5,0.95,0.625641383869307,0.475,0.5774268837091406,0.42257311629085936,0.2007222302381582,0
7,20220103,0.02,0.94,0.625641383869307,0.0188,0.5774268837091406,0.42257311629085936,0.007944374586268156,0
7,20220104,0.01,0.93,0.625641383869307,0.009300000000000001,0.5774268837091406,0.42257311629085936,0.003929929981504992,0
7,20220105,0.02,0.93,0.625641383869307,0.018600000000000002,0.5774268837091406,0.42257311629085936,0.007859859963009985,0
7,20220106,0.04,0.92,0.625641383869307,0.0368,0.5774268837091406,0.42257311629085936,0.015550690679503624,0
7,20220107,0.03,0.91,0.625641383869307,0.0273,0.5774268837091406,0.42257311629085936,0.01153624607474046,0
7,20220108,0.0,0.91,0.625641383869307,0.0,0.5774268837091406,0.42257311629085936,0.0,0
7,20220109,0.0,0.9,0.625641383869307,0.0,0.5774268837091406,0.42257311629085936,0.0,0
7,20220110,0.0,0.9,0.625641383869307,0.0,0.5774268837091406,0.42257311629085936,0.0,0
7,20220111,0.02,0.89,0.625641383869307,0.0178,0.5774268837091406,0.42257311629085936,0.0075218014699772965,0
7,20220112,0.14,0.88,0.625641383869307,0.12320000000000002,0.5774268837091406,0.42257311629085936,0.05206100792703388,0
7,20220113,0.95,0.87,0.625641383869307,0.8265,0.5774268837091406,0.42257311629085936,0.34925668061439524,0
7,20220114,0.68,0.87,0.625641383869307,0.5916,0.5774268837091406,0.42257311629085936,0.2499942555976724,0
7,20220115,0.64,0.86,0.625641383869307,0.5504,0.5774268837091406,0.42257311629085936,0.232584243206489,0
7,20220116,5.86,0.86,0.625641383869307,5.0396,0.5774268837091406,0.42257311629085936,2.129599476859415,0
7,20220117,6.17,0.86,0.625641383869307,5.3062,0.5774268837091406,0.42257311629085936,2.2422574696625577,0
7,20220118,1.52,0.86,0.625641383869307,1.3072,0.5774268837091406,0.42257311629085936,0.5523875776154114,0
7,20220119,0.47,0.85,0.625641383869307,0.39949999999999997,0.5774268837091406,0.42257311629085936,0.1688179599581983,0
7,20220120,0.0,0.85,0.625641383869307,0.0,0.5774268837091406,0.42257311629085936,0.0,0
7,20220121,0.0,0.84,0.625641383869307,0.0,0.5774268837091406,0.42257311629085936,0.0,0
7,20220122,0.0,0.83,0.625641383869307,0.0,0.5774268837091406,0.42257311629085936,0.0,0
7,20220123,0.59,0.83,0.625641383869307,0.48969999999999997,0.5774268837091406,0.42257311629085936,0.20693405504763382,0
7,20220124,3.1,0.83,0.625641383869307,2.573,0.5774268837091406,0.42257311629085936,1.0872806282163812,0
7,20220125,1.19,0.82,0.625641383869307,0.9757999999999999,0.5774268837091406,0.42257311629085936,0.41234684687662054,0
7,20220126,0.7,0.82,0.625641383869307,0.574,0.5774268837091406,0.42257311629085936,0.24255696875095326,0
7,20220127,0.19,0.81,0.625641383869307,0.1539,0.5774268837091406,0.42257311629085936,0.06503400259716326,0
7,20220128,0.26,0.8,0.625641383869307,0.20800000000000002,0.5774268837091406,0.42257311629085936,0.08789520818849876,0
7,20220129,0.08,0.8,0.625641383869307,0.064,0.5774268837091406,0.42257311629085936,0.027044679442615,0
7,20220130,0.0,0.79,0.625641383869307,0.0,0.5774268837091406,0.42257311629085936,0.0,0
7,20220131,0.0,0.78,0.625641383869307,0.0,0.5774268837091406,0.42257311629085936,0.0,0
7,20220201,0.0,0.78,0.625641383869307,0.0,0.5774268837091406,0.42257311629085936,0.0,0
7,20220202,0.0,0.77,0.625641383869307,0.0,0.5774268837091406,0.42257311629085936,0.0,0
7,20220203,0.0,0.76,0.625641383869307,0.0,0.5774268837091406,0.42257311629085936,0.0,0
7,20220204,0.0,0.76,0.625641383869307,0.0,0.5774268837091406,0.42257311629085936,0.0,0
7,20220205,0.04,0.75,0.625641383869307,0.03,0.5774268837091406,0.42257311629085936,0.01267719348872578,0
7,20220206,0.0,0.74,0.625641383869307,0.0,0.5774268837091406,0.42257311629085936,0.0,0
7,20220207,0.0,0.74,0.625641383869307,0.0,0.5774268837091406,0.42257311629085936,0.0,0
7,20220208,0.0,0.73,0.625641383869307,0.0,0.5774268837091406,0.42257311629085936,0.0,0
7,20220209,0.0,0.72,0.625641383869307,0.0,0.5774268837091406,0.42257311629085936,0.0,0
7,20220210,0.13,0.72,0.625641383869307,0.0936,0.5774268837091406,0.42257311629085936,0.03955284368482444,0
7,20220211,0.25,0.71,0.625641383869307,0.1775,0.5774268837091406,0.42257311629085936,0.07500672814162754,0
7,20220212,0.07,0.71,0.625641383869307,0.0497,0.5774268837091406,0.42257311629085936,0.021001883879655712,0
7,20220213,0.0,0.7,0.625641383869307,0.0,0.5774268837091406,0.42257311629085936,0.0,0
7,20220214,0.03,0.69,0.625641383869307,0.020699999999999996,0.5774268837091406,0.42257311629085936,0.008747263507220788,0
7,20220215,0.01,0.69,0.625641383869307,0.0069,0.5774268837091406,0.42257311629085936,0.0029157545024069294,0
7,20220216,0.0,0.68,0.625641383869307,0.0,0.5774268837091406,0.42257311629085936,0.0,0
7,20220217,0.0,0.68,0.625641383869307,0.0,0.5774268837091406,0.42257311629085936,0.0,0
7,20220218,0.0,0.67,0.625641383869307,0.0,0.5774268837091406,0.42257311629085936,0.0,0
7,20220219,0.0,0.67,0.625641383869307,0.0,0.5774268837091406,0.42257311629085936,0.0,0
7,20220220,0.0,0.66,0.625641383869307,0.0,0.5774268837091406,0.42257311629085936,0.0,0
7,20220221,0.0,0.66,0.625641383869307,0.0,0.5774268837091406,0.42257311629085936,0.0,0
7,20220222,0.03,0.65,0.625641383869307,0.0195,0.5774268837091406,0.42257311629085936,0.008240175767671758,0
7,20220223,0.0,0.65,0.625641383869307,0.0,0.5774268837091406,0.42257311629085936,0.0,0
7,20220224,0.0,0.64,0.625641383869307,0.0,0.5774268837091406,0.42257311629085936,0.0,0
7,20220225,0.0,0.64,0.625641383869307,0.0,0.5774268837091406,0.42257311629085936,0.0,0
7,20220226,0.01,0.63,0.625641383869307,0.0063,0.5774268837091406,0.42257311629085936,0.002662210632632414,0
7,20220227,0.0,0.63,0.625641383869307,0.0,0.5774268837091406,0.42257311629085936,0.0,0
7,20220228,0.0,0.62,0.625641383869307,0.0,0.5774268837091406,0.42257311629085936,0.0,0
7,20220301,0.0,0.62,0.625641383869307,0.0,0.5774268837091406,0.42257311629085936,0.0,0
7,20220302,0.0,0.61,0.625641383869307,0.0,0.5774268837091406,0.42257311629085936,0.0,0
7,20220303,0.0,0.61,0.625641383869307,0.0,0.5774268837091406,0.42257311629085936,0.0,0
7,20220304,0.06,0.61,0.625641383869307,0.0366,0.5774268837091406,0.42257311629085936,0.015466176056245453,0
7,20220305,0.01,0.6,0.625641383869307,0.006,0.5774268837091406,0.42257311629085936,0.002535438697745156,0
7,20220306,0.89,0.6,0.625641383869307,0.534,0.5774268837091406,0.42257311629085936,0.2256540440993189,0
7,20220307,0.21,0.6,0.625641383869307,0.126,0.5774268837091406,0.42257311629085936,0.05324421265264828,0
7,20220308,0.0,0.59,0.625641383869307,0.0,0.5774268837091406,0.42257311629085936,0.0,0
7,20220309,0.0,0.59,0.625641383869307,0.0,0.5774268837091406,0.42257311629085936,0.0,0
7,20220310,0.0,0.59,0.625641383869307,0.0,0.5774268837091406,0.42257311629085936,0.0,0
7,20220311,0.0,0.58,0.625641383869307,0.0,0.5774268837091406,0.42257311629085936,0.0,0
7,20220312,0.0,0.58,0.625641383869307,0.0,0.5774268837091406,0.42257311629085936,0.0,0
7,20220313,0.01,0.57,0.625641383869307,0.005699999999999999,0.5774268837091406,0.42257311629085936,0.0024086667628578982,0
7,20220314,0.0,0.57,0.625641383869307,0.0,0.5774268837091406,0.42257311629085936,0.0,0
7,20220315,0.0,0.57,0.625641383869307,0.0,0.5774268837091406,0.42257311629085936,0.0,0
7,20220316,0.0,0.56,0.625641383869307,0.0,0.5774268837091406,0.42257311629085936,0.0,0
7,20220317,0.0,0.56,0.625641383869307,0.0,0.5774268837091406,0.42257311629085936,0.0,0
7,20220318,0.0,0.55,0.625641383869307,0.0,0.5774268837091406,0.42257311629085936,0.0,0
7,20220319,0.01,0.55,0.625641383869307,0.0055000000000000005,0.5774268837091406,0.42257311629085936,0.0023241521395997266,0
7,20220320,0.08,0.55,0.625641383869307,0.044000000000000004,0.5774268837091406,0.42257311629085936,0.018593217116797813,0
7,20220321,0.49,0.55,0.625641383869307,0.2695,0.5774268837091406,0.42257311629085936,0.1138834548403866,0
7,20220322,0.87,0.55,0.625641383869307,0.47850000000000004,0.5774268837091406,0.42257311629085936,0.2022012361451762,0
7,20220323,0.01,0.54,0.625641383869307,0.0054,0.5774268837091406,0.42257311629085936,0.002281894827970641,0
7,20220324,0.01,0.54,0.625641383869307,0.0054,0.5774268837091406,0.42257311629085936,0.002281894827970641,0
7,20220325,0.0,0.54,0.625641383869307,0.0,0.5774268837091406,0.42257311629085936,0.0,0
7,20220326,0.0,0.53,0.625641383869307,0.0,0.5774268837091406,0.42257311629085936,0.0,0
7,20220327,0.0,0.53,0.625641383869307,0.0,0.5774268837091406,0.42257311629085936,0.0,0
7,20220328,0.0,0.53,0.625641383869307,0.0,0.5774268837091406,0.42257311629085936,0.0,0
7,20220329,0.0,0.53,0.625641383869307,0.0,0.5774268837091406,0.42257311629085936,0.0,0
7,20220330,0.0,0.53,0.625641383869307,0.0,0.5774268837091406,0.42257311629085936,0.0,0
7,20220331,0.01,0.52,0.625641383869307,0.005200000000000001,0.5774268837091406,0.42257311629085936,0.002197380204712469,0
7,20220401,0.0,0.52,0.625641383869307,0.0,0.5774268837091406,0.42257311629085936,0.0,0
7,20220402,0.01,0.52,0.625641383869307,0.005200000000000001,0.5774268837091406,0.42257311629085936,0.002197380204712469,0
7,20220403,0.0,0.52,0.625641383869307,0.0,0.5774268837091406,0.42257311629085936,0.0,0
7,20220404,0.01,0.52,0.625641383869307,0.005200000000000001,0.5774268837091406,0.42257311629085936,0.002197380204712469,0
7,20220405,0.0,0.52,0.625641383869307,0.0,0.5774268837091406,0.42257311629085936,0.0,0
7,20220406,0.05,0.52,0.625641383869307,0.026000000000000002,0.5774268837091406,0.42257311629085936,0.010986901023562345,0
7,20220407,0.1,0.52,0.625641383869307,0.052000000000000005,0.5774268837091406,0.42257311629085936,0.02197380204712469,0
7,20220408,0.14,0.52,0.625641383869307,0.0728,0.5774268837091406,0.42257311629085936,0.030763322865974562,0
7,20220409,0.14,0.52,0.625641383869307,0.0728,0.5774268837091406,0.42257311629085936,0.030763322865974562,0
7,20220410,0.66,0.52,0.625641383869307,0.3432,0.5774268837091406,0.42257311629085936,0.14502709351102294,0
7,20220411,0.26,0.52,0.625641383869307,0.13520000000000001,0.5774268837091406,0.42257311629085936,0.057131885322524195,0
7,20220412,0.07,0.52,0.625641383869307,0.0364,0.5774268837091406,0.42257311629085936,0.015381661432987281,0
7,20220413,0.11,0.52,0.625641383869307,0.0572,0.5774268837091406,0.42257311629085936,0.024171182251837155,0
7,20220414,0.02,0.52,0.625641383869307,0.010400000000000001,0.5774268837091406,0.42257311629085936,0.004394760409424938,0
7,20220415,0.02,0.52,0.625641383869307,0.010400000000000001,0.5774268837091406,0.42257311629085936,0.004394760409424938,0
7,20220416,0.03,0.52,0.625641383869307,0.0156,0.5774268837091406,0.42257311629085936,0.006592140614137406,0
7,20220417,0.42,0.52,0.625641383869307,0.2184,0.5774268837091406,0.42257311629085936,0.09228996859792368,0
7,20220418,0.33,0.52,0.625641383869307,0.1716,0.5774268837091406,0.42257311629085936,0.07251354675551147,0
7,20220419,0.03,0.52,0.625641383869307,0.0156,0.5774268837091406,0.42257311629085936,0.006592140614137406,0
7,20220420,0.02,0.52,0.625641383869307,0.010400000000000001,0.5774268837091406,0.42257311629085936,0.004394760409424938,0
7,20220421,0.01,0.52,0.625641383869307,0.005200000000000001,0.5774268837091406,0.42257311629085936,0.002197380204712469,0
7,20220422,0.02,0.51,0.625641383869307,0.0102,0.5774268837091406,0.42257311629085936,0.004310245786166766,0
7,20220423,0.04,0.51,0.625641383869307,0.0204,0.5774268837091406,0.42257311629085936,0.008620491572333532,0
7,20220424,0.0,0.51,0.625641383869307,0.0,0.5774268837091406,0.42257311629085936,0.0,0
7,20220425,0.0,0.51,0.625641383869307,0.0,0.5774268837091406,0.42257311629085936,0.0,0
7,20220426,0.0,0.51,0.625641383869307,0.0,0.5774268837091406,0.42257311629085936,0.0,0
7,20220427,0.0,0.51,0.625641383869307,0.0,0.5774268837091406,0.42257311629085936,0.0,0
7,20220428,0.0,0.51,0.625641383869307,0.0,0.5774268837091406,0.42257311629085936,0.0,0
7,20220429,0.02,0.51,0.625641383869307,0.0102,0.5774268837091406,0.42257311629085936,0.004310245786166766,0
7,20220430,0.01,0.51,0.625641383869307,0.0051,0.5774268837091406,0.42257311629085936,0.002155122893083383,0
7,20220501,0.38,0.51,0.625641383869307,0.1938,0.5774268837091406,0.42257311629085936,0.08189466993716854,0
7,20220502,0.99,0.51,0.625641383869307,0.5049,0.5774268837091406,0.42257311629085936,0.2133571664152549,0
7,20220503,0.48,0.52,0.625641383869307,0.2496,0.5774268837091406,0.42257311629085936,0.10547424982619849,0
7,20220504,1.98,0.52,0.625641383869307,1.0296,0.5774268837091406,0.42257311629085936,0.4350812805330688,0
7,20220505,1.93,0.52,0.625641383869307,1.0036,0.5774268837091406,0.42257311629085936,0.42409437950950646,0
7,20220506,4.02,0.52,0.625641383869307,2.0904,0.5774268837091406,0.42257311629085936,0.8833468422944123,0
7,20220507,8.16,0.54,0.625641383869307,4.4064000000000005,0.5774268837091406,0.42257311629085936,1.862026179624043,0
7,20220508,0.52,0.54,0.625641383869307,0.28080000000000005,0.5774268837091406,0.42257311629085936,0.11865853105447333,0
7,20220509,1.28,0.53,0.625641383869307,0.6784,0.5774268837091406,0.42257311629085936,0.286673602091719,0
7,20220510,10.74,0.54,0.625641383869307,5.799600000000001,0.5774268837091406,0.42257311629085936,2.4507550452404683,0
7,20220511,6.44,0.55,0.625641383869307,3.5420000000000007,0.5774268837091406,0.42257311629085936,1.496753977902224,0
7,20220512,8.99,0.55,0.625641383869307,4.944500000000001,0.5774268837091406,0.42257311629085936,2.0894127735001544,0
7,20220513,1.16,0.57,0.625641383869307,0.6611999999999999,0.5774268837091406,0.42257311629085936,0.27940534449151616,0
7,20220514,1.15,0.56,0.625641383869307,0.644,0.5774268837091406,0.42257311629085936,0.27213708689131344,0
7,20220515,7.5,0.56,0.625641383869307,4.2,0.5774268837091406,0.42257311629085936,1.7748070884216094,0
7,20220516,6.12,0.58,0.625641383869307,3.5496,0.5774268837091406,0.42257311629085936,1.4999655335860342,0
7,20220517,2.55,0.58,0.625641383869307,1.4789999999999999,0.5774268837091406,0.42257311629085936,0.6249856389941809,0
7,20220518,1.4,0.58,0.625641383869307,0.8119999999999999,0.5774268837091406,0.42257311629085936,0.34312937042817776,0
7,20220519,0.45,0.57,0.625641383869307,0.2565,0.5774268837091406,0.42257311629085936,0.10839000432860543,0
7,20220520,0.4,0.57,0.625641383869307,0.22799999999999998,0.5774268837091406,0.42257311629085936,0.09634667051431593,0
7,20220521,0.02,0.56,0.625641383869307,0.011200000000000002,0.5774268837091406,0.42257311629085936,0.004732818902457626,0
7,20220522,0.03,0.56,0.625641383869307,0.016800000000000002,0.5774268837091406,0.42257311629085936,0.007099228353686439,0
7,20220523,0.01,0.55,0.625641383869307,0.0055000000000000005,0.5774268837091406,0.42257311629085936,0.0023241521395997266,0
7,20220524,0.07,0.55,0.625641383869307,0.038500000000000006,0.5774268837091406,0.42257311629085936,0.01626906497719809,0
7,20220525,2.43,0.55,0.625641383869307,1.3365000000000002,0.5774268837091406,0.42257311629085936,0.5647689699227336,0
7,20220526,3.13,0.55,0.625641383869307,1.7215,0.5774268837091406,0.42257311629085936,0.7274596196947144,0
7,20220527,1.93,0.55,0.625641383869307,1.0615,0.5774268837091406,0.42257311629085936,0.44856136294274723,0
7,20220528,0.08,0.55,0.625641383869307,0.044000000000000004,0.5774268837091406,0.42257311629085936,0.018593217116797813,0
7,20220529,0.13,0.54,0.625641383869307,0.07020000000000001,0.5774268837091406,0.42257311629085936,0.02966463276361833,0
7,20220530,0.09,0.54,0.625641383869307,0.048600000000000004,0.5774268837091406,0.42257311629085936,0.020537053451735766,0
7,20220531,0.03,0.54,0.625641383869307,0.0162,0.5774268837091406,0.42257311629085936,0.006845684483911921,0
7,20220601,0.01,0.53,0.625641383869307,0.0053,0.5774268837091406,0.42257311629085936,0.0022396375163415546,0
7,20220602,0.0,0.53,0.625641383869307,0.0,0.5774268837091406,0.42257311629085936,0.0,0
7,20220603,0.01,0.53,0.625641383869307,0.0053,0.5774268837091406,0.42257311629085936,0.0022396375163415546,0
7,20220604,0.01,0.53,0.625641383869307,0.0053,0.5774268837091406,0.42257311629085936,0.0022396375163415546,0
7,20220605,1.81,0.53,0.625641383869307,0.9593,0.5774268837091406,0.42257311629085936,0.4053743904578214,0
7,20220606,3.7,0.53,0.625641383869307,1.9610000000000003,0.5774268837091406,0.42257311629085936,0.8286658810463753,0
7,20220607,2.57,0.53,0.625641383869307,1.3621,0.5774268837091406,0.42257311629085936,0.5755868416997796,0
7,20220608,0.38,0.53,0.625641383869307,0.20140000000000002,0.5774268837091406,0.42257311629085936,0.08510622562097908,0
7,20220609,0.26,0.53,0.625641383869307,0.1378,0.5774268837091406,0.42257311629085936,0.05823057542488042,0
7,20220610,0.21,0.53,0.625641383869307,0.1113,0.5774268837091406,0.42257311629085936,0.047032387843172645,0
7,20220611,1.31,0.53,0.625641383869307,0.6943,0.5774268837091406,0.42257311629085936,0.2933925146407437,0
7,20220612,1.97,0.53,0.625641383869307,1.0441,0.5774268837091406,0.42257311629085936,0.44120859071928625,0
7,20220613,1.48,0.53,0.625641383869307,0.7844,0.5774268837091406,0.42257311629085936,0.3314663524185501,0
7,20220614,1.54,0.53,0.625641383869307,0.8162,0.5774268837091406,0.42257311629085936,0.3449041775165994,0
7,20220615,8.16,0.54,0.625641383869307,4.4064000000000005,0.5774268837091406,0.42257311629085936,1.862026179624043,0
7,20220616,8.64,0.55,0.625641383869307,4.752000000000001,0.5774268837091406,0.42257311629085936,2.008067448614164,0
7,20220617,7.47,0.56,0.625641383869307,4.1832,0.5774268837091406,0.42257311629085936,1.767707860067923,0
7,20220618,4.74,0.56,0.625641383869307,2.6544000000000003,0.5774268837091406,0.42257311629085936,1.1216780798824573,0
7,20220619,28.85,0.59,0.625641383869307,17.0215,0.5774268837091406,0.42257311629085936,7.192828298944862,1
7,20220620,18.31,0.64,0.625641383869307,11.718399999999999,0.5774268837091406,0.42257311629085936,4.951880805942806,1
7,20220621,23.54,0.66,0.625641383869307,15.5364,0.5774268837091406,0.42257311629085936,6.565264963941307,1
7,20220622,9.51,0.68,0.625641383869307,6.4668,0.5774268837091406,0.42257311629085936,2.7326958284297294,0
7,20220623,3.63,0.67,0.625641383869307,2.4321,0.5774268837091406,0.42257311629085936,1.0277400761309992,0
7,20220624,2.55,0.67,0.625641383869307,1.7085,0.5774268837091406,0.42257311629085936,0.7219661691829332,0
7,20220625,1.99,0.67,0.625641383869307,1.3333000000000002,0.5774268837091406,0.42257311629085936,0.5634167359506028,0
7,20220626,0.65,0.66,0.625641383869307,0.42900000000000005,0.5774268837091406,0.42257311629085936,0.18128386688877868,0
7,20220627,2.44,0.65,0.625641383869307,1.586,0.5774268837091406,0.42257311629085936,0.670200962437303,0
7,20220628,2.59,0.66,0.625641383869307,1.7094,0.5774268837091406,0.42257311629085936,0.722346484987595,0
7,20220629,5.16,0.65,0.625641383869307,3.354,0.5774268837091406,0.42257311629085936,1.4173102320395423,0
7,20220630,5.14,0.66,0.625641383869307,3.3924,0.5774268837091406,0.42257311629085936,1.4335370397051113,0
7,20220701,4.5,0.66,0.625641383869307,2.97,0.5774268837091406,0.42257311629085936,1.2550421553838524,0
7,20220702,3.0,0.66,0.625641383869307,1.98,0.5774268837091406,0.42257311629085936,0.8366947702559016,0
7,20220703,3.04,0.66,0.625641383869307,2.0064,0.5774268837091406,0.42257311629085936,0.8478507005259803,0
7,20220704,3.24,0.66,0.625641383869307,2.1384000000000003,0.5774268837091406,0.42257311629085936,0.9036303518763737,0
7,20220705,6.45,0.66,0.625641383869307,4.257000000000001,0.5774268837091406,0.42257311629085936,1.7988937560501885,0
7,20220706,4.59,0.67,0.625641383869307,3.0753,0.5774268837091406,0.42257311629085936,1.2995391045292797,0
7,20220707,1.75,0.66,0.625641383869307,1.155,0.5774268837091406,0.42257311629085936,0.48807194931594255,0
7,20220708,3.76,0.66,0.625641383869307,2.4816,0.5774268837091406,0.42257311629085936,1.0486574453873965,0
7,20220709,2.01,0.66,0.625641383869307,1.3266,0.5774268837091406,0.42257311629085936,0.560585496071454,0
7,20220710,2.79,0.66,0.625641383869307,1.8414000000000001,0.5774268837091406,0.42257311629085936,0.7781261363379884,0
7,20220711,1.15,0.65,0.625641383869307,0.7474999999999999,0.5774268837091406,0.42257311629085936,0.31587340442741735,0
7,20220712,1.38,0.65,0.625641383869307,0.8969999999999999,0.5774268837091406,0.42257311629085936,0.3790480853129008,0
7,20220713,2.29,0.65,0.625641383869307,1.4885000000000002,0.5774268837091406,0.42257311629085936,0.6290000835989442,0
7,20220714,0.31,0.64,0.625641383869307,0.1984,0.5774268837091406,0.42257311629085936,0.0838385062721065,0
7,20220715,0.09,0.63,0.625641383869307,0.0567,0.5774268837091406,0.42257311629085936,0.023959895693691727,0
7,20220716,5.09,0.63,0.625641383869307,3.2067,0.5774268837091406,0.42257311629085936,1.3550652120098987,0
7,20220717,9.42,0.65,0.625641383869307,6.123,0.5774268837091406,0.42257311629085936,2.587415191048932,0
7,20220718,2.0,0.65,0.625641383869307,1.3,0.5774268837091406,0.42257311629085936,0.5493450511781172,0
7,20220719,0.94,0.64,0.625641383869307,0.6016,0.5774268837091406,0.42257311629085936,0.254219986760581,0
7,20220720,10.14,0.65,0.625641383869307,6.591,0.5774268837091406,0.42257311629085936,2.785179409473054,0
7,20220721,5.89,0.66,0.625641383869307,3.8874,0.5774268837091406,0.42257311629085936,1.6427107322690866,0
7,20220722,15.58,0.68,0.625641383869307,10.5944,0.5774268837091406,0.42257311629085936,4.47690862323188,1
7,20220723,1.46,0.68,0.625641383869307,0.9928,0.5774268837091406,0.42257311629085936,0.4195305898535652,0
7,20220724,3.4,0.68,0.625641383869307,2.3120000000000003,0.5774268837091406,0.42257311629085936,0.9769890448644669,0
7,20220725,3.46,0.68,0.625641383869307,2.3528000000000002,0.5774268837091406,0.42257311629085936,0.994230028009134,0
7,20220726,7.74,0.69,0.625641383869307,5.340599999999999,0.5774268837091406,0.42257311629085936,2.2567939848629632,0
7,20220727,0.2,0.68,0.625641383869307,0.136,0.5774268837091406,0.42257311629085936,0.057469943815556875,0
7,20220728,0.75,0.68,0.625641383869307,0.51,0.5774268837091406,0.42257311629085936,0.21551228930833827,0
7,20220729,0.73,0.68,0.625641383869307,0.4964,0.5774268837091406,0.42257311629085936,0.2097652949267826,0
7,20220730,1.37,0.67,0.625641383869307,0.9179000000000002,0.5774268837091406,0.42257311629085936,0.3878798634433799,0
7,20220731,4.17,0.67,0.625641383869307,2.7939000000000003,0.5774268837091406,0.42257311629085936,1.180627029605032,0
7,20220801,8.36,0.67,0.625641383869307,5.6011999999999995,0.5774268837091406,0.42257311629085936,2.3669165389683613,0
7,20220802,6.98,0.68,0.625641383869307,4.7464,0.5774268837091406,0.42257311629085936,2.005701039162935,0
8,20210902,7.02,0.73,0.307926134909353,5.124599999999999,0.28419607953947396,0.715803920460526,3.668208770792011,1
8,20210903,8.8,0.73,0.307926134909353,6.424,0.28419607953947396,0.715803920460526,4.598324385038419,1
8,20210904,12.16,0.74,0.307926134909353,8.9984,0.28419607953947396,0.715803920460526,6.441089997871997,1
8,20210905,7.22,0.75,0.307926134909353,5.415,0.28419607953947396,0.715803920460526,3.876078229293748,1
8,20210906,6.91,0.75,0.307926134909353,5.1825,0.28419607953947396,0.715803920460526,3.709653817786676,1
8,20210907,0.43,0.75,0.307926134909353,0.3225,0.28419607953947396,0.715803920460526,0.23084676434851964,0
8,20210908,0.06,0.74,0.307926134909353,0.044399999999999995,0.28419607953947396,0.715803920460526,0.03178169406844735,0
8,20210909,0.15,0.74,0.307926134909353,0.111,0.28419607953947396,0.715803920460526,0.07945423517111838,0
8,20210910,0.53,0.73,0.307926134909353,0.3869,0.28419607953947396,0.715803920460526,0.27694453682617753,0
8,20210911,0.06,0.73,0.307926134909353,0.0438,0.28419607953947396,0.715803920460526,0.03135221171617104,0
8,20210912,0.17,0.72,0.307926134909353,0.12240000000000001,0.28419607953947396,0.715803920460526,0.08761439986436839,0
8,20210913,0.05,0.72,0.307926134909353,0.036,0.28419607953947396,0.715803920460526,0.025768941136578932,0
8,20210914,0.04,0.71,0.307926134909353,0.028399999999999998,0.28419607953947396,0.715803920460526,0.020328831341078938,0
8,20210915,1.77,0.71,0.307926134909353,1.2567,0.28419607953947396,0.715803920460526,0.8995507868427429,0
8,20210916,2.6,0.71,0.307926134909353,1.8459999999999999,0.28419607953947396,0.715803920460526,1.3213740371701308,0
8,20210917,1.42,0.71,0.307926134909353,1.0082,0.28419607953947396,0.715803920460526,0.7216735126083023,0
8,20210918,5.01,0.71,0.307926134909353,3.5570999999999997,0.28419607953947396,0.715803920460526,2.5461861254701366,0
8,20210919,6.04,0.71,0.307926134909353,4.2884,0.28419607953947396,0.715803920460526,3.0696535325029197,0
8,20210920,3.03,0.71,0.307926134909353,2.1512999999999995,0.28419607953947396,0.715803920460526,1.5399089740867293,0
8,20210921,4.59,0.71,0.307926134909353,3.2588999999999997,0.28419607953947396,0.715803920460526,2.3327333963888077,0
8,20210922,21.25,0.74,0.307926134909353,15.725,0.28419607953947396,0.715803920460526,11.25601664924177,1
8,20210923,1.37,0.74,0.307926134909353,1.0138,0.28419607953947396,0.715803920460526,0.7256820145628813,0
8,20210924,1.87,0.74,0.307926134909353,1.3838000000000001,0.28419607953947396,0.715803920460526,0.990529465133276,0
8,20210925,7.28,0.73,0.307926134909353,5.3144,0.28419607953947396,0.715803920460526,3.8040683548954193,1
8,20210926,7.13,0.75,0.307926134909353,5.3475,0.28419607953947396,0.715803920460526,3.8277614646626628,1
8,20210927,0.08,0.74,0.307926134909353,0.0592,0.28419607953947396,0.715803920460526,0.04237559209126314,0
8,20210928,2.25,0.73,0.307926134909353,1.6425,0.28419607953947396,0.715803920460526,1.175707939356414,0
8,20210929,1.48,0.73,0.307926134909353,1.0804,0.28419607953947396,0.715803920460526,0.7733545556655523,0
8,20210930,3.93,0.73,0.307926134909353,2.8689,0.28419607953947396,0.715803920460526,2.053569867409203,0
8,20211001,2.28,0.73,0.307926134909353,1.6643999999999999,0.28419607953947396,0.715803920460526,1.1913840452144995,0
8,20211002,5.59,0.73,0.307926134909353,4.0807,0.28419607953947396,0.715803920460526,2.9209810582232687,0
8,20211003,4.45,0.73,0.307926134909353,3.2485,0.28419607953947396,0.715803920460526,2.3252890356160187,0
8,20211004,4.71,0.73,0.307926134909353,3.4383,0.28419607953947396,0.715803920460526,2.4611486197194266,0
8,20211005,37.11,0.76,0.307926134909353,28.2036,0.28419607953947396,0.715803920460526,20.18824745110049,1
8,20211006,8.39,0.79,0.307926134909353,6.628100000000001,0.28419607953947396,0.715803920460526,4.744419965204413,1
8,20211007,3.17,0.79,0.307926134909353,2.5043,0.28419607953947396,0.715803920460526,1.7925877580092953,0
8,20211008,3.81,0.78,0.307926134909353,2.9718,0.28419607953947396,0.715803920460526,2.1272260908245912,0
8,20211009,5.3,0.78,0.307926134909353,4.134,0.28419607953947396,0.715803920460526,2.9591334071838147,0
8,20211010,9.41,0.79,0.307926134909353,7.4339,0.28419607953947396,0.715803920460526,5.321214764311504,1
8,20211011,4.31,0.8,0.307926134909353,3.448,0.28419607953947396,0.715803920460526,2.4680919177478935,0
8,20211012,4.16,0.79,0.307926134909353,3.2864000000000004,0.28419607953947396,0.715803920460526,2.352418004201473,0
8,20211013,6.49,0.8,0.307926134909353,5.192,0.28419607953947396,0.715803920460526,3.716453955031051,1
8,20211014,0.24,0.79,0.307926134909353,0.1896,0.28419607953947396,0.715803920460526,0.13571642331931572,0
8,20211015,2.84,0.79,0.307926134909353,2.2436,0.28419607953947396,0.715803920460526,1.605977675945236,0
8,20211016,1.62,0.79,0.307926134909353,1.2798,0.28419607953947396,0.715803920460526,0.9160858574053812,0
8,20211017,3.02,0.79,0.307926134909353,2.3858,0.28419607953947396,0.715803920460526,1.707764993434723,0
8,20211018,0.37,0.79,0.307926134909353,0.2923,0.28419607953947396,0.715803920460526,0.20922948595061175,0
8,20211019,3.3,0.78,0.307926134909353,2.574,0.28419607953947396,0.715803920460526,1.8424792912653938,0
8,20211020,1.74,0.78,0.307926134909353,1.3572,0.28419607953947396,0.715803920460526,0.9714890808490259,0
8,20211021,1.85,0.79,0.307926134909353,1.4615000000000002,0.28419607953947396,0.715803920460526,1.0461474297530589,0
8,20211022,0.51,0.78,0.307926134909353,0.39780000000000004,0.28419607953947396,0.715803920460526,0.2847467995591973,0
8,20211023,0.54,0.78,0.307926134909353,0.4212,0.28419607953947396,0.715803920460526,0.30149661129797356,0
8,20211024,5.98,0.78,0.307926134909353,4.6644000000000005,0.28419607953947396,0.715803920460526,3.3387958065960777,0
8,20211025,0.93,0.78,0.307926134909353,0.7254,0.28419607953947396,0.715803920460526,0.5192441639020656,0
8,20211026,0.98,0.77,0.307926134909353,0.7546,0.28419607953947396,0.715803920460526,0.5401456383795129,0
8,20211027,0.75,0.77,0.307926134909353,0.5775,0.28419607953947396,0.715803920460526,0.41337676406595375,0
8,20211028,6.67,0.76,0.307926134909353,5.0692,0.28419607953947396,0.715803920460526,3.6285532335984985,1
8,20211029,25.07,0.79,0.307926134909353,19.805300000000003,0.28419607953947396,0.715803920460526,14.176711385896857,1
8,20211030,17.88,0.83,0.307926134909353,14.840399999999999,0.28419607953947396,0.715803920460526,10.622816501202388,1
8,20211031,16.09,0.83,0.307926134909353,13.3547,0.28419607953947396,0.715803920460526,9.559346616574185,1
8,20211101,21.37,0.86,0.307926134909353,18.3782,0.28419607953947396,0.715803920460526,13.155187611007639,1
8,20211102,23.68,0.88,0.307926134909353,20.8384,0.28419607953947396,0.715803920460526,14.916208416124626,1
8,20211103,30.77,0.91,0.307926134909353,28.000700000000002,0.28419607953947396,0.715803920460526,20.043010835639052,1
8,20211104,18.47,0.92,0.307926134909353,16.9924,0.28419607953947396,0.715803920460526,12.163226538033442,1
8,20211105,16.95,0.92,0.307926134909353,15.594,0.28419607953947396,0.715803920460526,11.162246335661441,1
8,20211106,49.77,0.94,0.307926134909353,46.7838,0.28419607953947396,0.715803920460526,33.48802745404115,1
8,20211107,40.64,0.97,0.307926134909353,39.4208,0.28419607953947396,0.715803920460526,28.217563187690303,1
8,20211108,36.4,0.98,0.307926134909353,35.672,0.28419607953947396,0.715803920460526,25.53415745066788,1
8,20211109,16.97,0.98,0.307926134909353,16.630599999999998,0.28419607953947396,0.715803920460526,11.904248679610822,1
8,20211110,84.05,0.99,0.307926134909353,83.20949999999999,0.28419607953947396,0.715803920460526,59.56168631956013,1
8,20211111,75.19,1.0,0.307926134909353,75.19,0.28419607953947396,0.715803920460526,53.821296779426945,1
8,20211112,3.63,0.99,0.307926134909353,3.5936999999999997,0.28419607953947396,0.715803920460526,2.572384548958992,0
8,20211113,3.72,0.99,0.307926134909353,3.6828000000000003,0.28419607953947396,0.715803920460526,2.6361626782720253,0
8,20211114,4.74,0.99,0.307926134909353,4.6926000000000005,0.28419607953947396,0.715803920460526,3.3589814771530646,0
8,20211115,4.57,0.99,0.307926134909353,4.5243,0.28419607953947396,0.715803920460526,3.2385116773395577,0
8,20211116,2.4,0.99,0.307926134909353,2.376,0.28419607953947396,0.715803920460526,1.7007501150142097,0
8,20211117,11.0,0.99,0.307926134909353,10.89,0.28419607953947396,0.715803920460526,7.795104693815128,1
8,20211118,74.21,1.0,0.307926134909353,74.21,0.28419607953947396,0.715803920460526,53.11980893737563,1
8,20211119,20.62,1.0,0.307926134909353,20.62,0.28419607953947396,0.715803920460526,14.759876839896046,1
8,20211120,16.63,1.0,0.307926134909353,16.63,0.28419607953947396,0.715803920460526,11.903819197258546,1
8,20211121,7.5,1.0,0.307926134909353,7.5,0.28419607953947396,0.715803920460526,5.368529403453945,1
8,20211122,5.0,0.99,0.307926134909353,4.95,0.28419607953947396,0.715803920460526,3.543229406279604,1
8,20211123,2.29,0.99,0.307926134909353,2.2671,0.28419607953947396,0.715803920460526,1.6227990680760584,0
8,20211124,2.87,0.99,0.307926134909353,2.8413,0.28419607953947396,0.715803920460526,2.0338136792044925,0
8,20211125,18.25,0.99,0.307926134909353,18.0675,0.28419607953947396,0.715803920460526,12.932787332920553,1
8,20211126,58.61,1.0,0.307926134909353,58.61,0.28419607953947396,0.715803920460526,41.953267778191424,1
8,20211127,29.98,1.0,0.307926134909353,29.98,0.28419607953947396,0.715803920460526,21.45980153540657,1
8,20211128,61.12,1.0,0.307926134909353,61.12,0.28419607953947396,0.715803920460526,43.74993561854735,1
8,20211129,12.76,1.0,0.307926134909353,12.76,0.28419607953947396,0.715803920460526,9.133658025076311,1
8,20211130,9.8,1.0,0.307926134909353,9.8,0.28419607953947396,0.715803920460526,7.014878420513155,1
8,20211201,1.22,1.0,0.307926134909353,1.22,0.28419607953947396,0.715803920460526,0.8732807829618416,0
8,20211202,0.03,1.0,0.307926134909353,0.03,0.28419607953947396,0.715803920460526,0.02147411761381578,0
8,20211203,0.14,0.99,0.307926134909353,0.1386,0.28419607953947396,0.715803920460526,0.0992104233758289,0
8,20211204,0.01,0.99,0.307926134909353,0.0099,0.28419607953947396,0.715803920460526,0.007086458812559208,0
8,20211205,0.15,0.99,0.307926134909353,0.1485,0.28419607953947396,0.715803920460526,0.1062968821883881,0
8,20211206,1.22,0.98,0.307926134909353,1.1956,0.28419607953947396,0.715803920460526,0.8558151673026049,0
8,20211207,0.09,0.98,0.307926134909353,0.0882,0.28419607953947396,0.715803920460526,0.06313390578461839,0
8,20211208,0.38,0.97,0.307926134909353,0.3686,0.28419607953947396,0.715803920460526,0.26384532508174985,0
8,20211209,3.98,0.97,0.307926134909353,3.8606,0.28419607953947396,0.715803920460526,2.7634326153299065,0
8,20211210,2.35,0.97,0.307926134909353,2.2795,0.28419607953947396,0.715803920460526,1.631675036689769,0
8,20211211,3.71,0.96,0.307926134909353,3.5616,0.28419607953947396,0.715803920460526,2.5494072431122095,0
8,20211212,6.0,0.96,0.307926134909353,5.76,0.28419607953947396,0.715803920460526,4.123030581852629,1
8,20211213,6.87,0.96,0.307926134909353,6.5952,0.28419607953947396,0.715803920460526,4.720870016221261,1
8,20211214,2.34,0.96,0.307926134909353,2.2464,0.28419607953947396,0.715803920460526,1.6079819269225255,0
8,20211215,1.6,0.95,0.307926134909353,1.52,0.28419607953947396,0.715803920460526,1.0880219590999995,0
8,20211216,0.48,0.95,0.307926134909353,0.45599999999999996,0.28419607953947396,0.715803920460526,0.3264065877299998,0
8,20211217,0.15,0.94,0.307926134909353,0.141,0.28419607953947396,0.715803920460526,0.10092835278493416,0
8,20211218,0.0,0.93,0.307926134909353,0.0,0.28419607953947396,0.715803920460526,0.0,0
8,20211219,0.0,0.93,0.307926134909353,0.0,0.28419607953947396,0.715803920460526,0.0,0
8,20211220,0.0,0.92,0.307926134909353,0.0,0.28419607953947396,0.715803920460526,0.0,0
8,20211221,0.0,0.92,0.307926134909353,0.0,0.28419607953947396,0.715803920460526,0.0,0
8,20211222,0.0,0.91,0.307926134909353,0.0,0.28419607953947396,0.715803920460526,0.0,0
8,20211223,0.0,0.9,0.307926134909353,0.0,0.28419607953947396,0.715803920460526,0.0,0
8,20211224,0.0,0.9,0.307926134909353,0.0,0.28419607953947396,0.715803920460526,0.0,0
8,20211225,0.0,0.89,0.307926134909353,0.0,0.28419607953947396,0.715803920460526,0.0,0
8,20211226,0.0,0.88,0.307926134909353,0.0,0.28419607953947396,0.715803920460526,0.0,0
8,20211227,0.41,0.88,0.307926134909353,0.36079999999999995,0.28419607953947396,0.715803920460526,0.2582620545021577,0
8,20211228,0.87,0.87,0.307926134909353,0.7569,0.28419607953947396,0.715803920460526,0.5417919873965721,0
8,20211229,0.92,0.87,0.307926134909353,0.8004,0.28419607953947396,0.715803920460526,0.572929457936605,0
8,20211230,55.65,0.89,0.307926134909353,49.5285,0.28419607953947396,0.715803920460526,35.45269447452916,1
8,20211231,42.52,0.96,0.307926134909353,40.8192,0.28419607953947396,0.715803920460526,29.218543390062305,1
8,20220101,8.69,0.96,0.307926134909353,8.3424,0.28419607953947396,0.715803920460526,5.971522626049892,1
8,20220102,0.5,0.95,0.307926134909353,0.475,0.28419607953947396,0.715803920460526,0.3400068622187498,0
8,20220103,0.02,0.94,0.307926134909353,0.0188,0.28419607953947396,0.715803920460526,0.013457113704657889,0
8,20220104,0.01,0.93,0.307926134909353,0.009300000000000001,0.28419607953947396,0.715803920460526,0.006656976460282893,0
8,20220105,0.02,0.93,0.307926134909353,0.018600000000000002,0.28419607953947396,0.715803920460526,0.013313952920565785,0
8,20220106,0.04,0.92,0.307926134909353,0.0368,0.28419607953947396,0.715803920460526,0.026341584272947357,0
8,20220107,0.03,0.91,0.307926134909353,0.0273,0.28419607953947396,0.715803920460526,0.01954144702857236,0
8,20220108,0.0,0.91,0.307926134909353,0.0,0.28419607953947396,0.715803920460526,0.0,0
8,20220109,0.0,0.9,0.307926134909353,0.0,0.28419607953947396,0.715803920460526,0.0,0
8,20220110,0.0,0.9,0.307926134909353,0.0,0.28419607953947396,0.715803920460526,0.0,0
8,20220111,0.02,0.89,0.307926134909353,0.0178,0.28419607953947396,0.715803920460526,0.012741309784197363,0
8,20220112,0.14,0.88,0.307926134909353,0.12320000000000002,0.28419607953947396,0.715803920460526,0.08818704300073682,0
8,20220113,0.95,0.87,0.307926134909353,0.8265,0.28419607953947396,0.715803920460526,0.5916119402606247,0
8,20220114,0.68,0.87,0.307926134909353,0.5916,0.28419607953947396,0.715803920460526,0.42346959934444717,0
8,20220115,0.64,0.86,0.307926134909353,0.5504,0.28419607953947396,0.715803920460526,0.3939784778214735,0
8,20220116,5.86,0.86,0.307926134909353,5.0396,0.28419607953947396,0.715803920460526,3.607365437552867,1
8,20220117,6.17,0.86,0.307926134909353,5.3062,0.28419607953947396,0.715803920460526,3.7981987627476426,1
8,20220118,1.52,0.86,0.307926134909353,1.3072,0.28419607953947396,0.715803920460526,0.9356988848259995,0
8,20220119,0.47,0.85,0.307926134909353,0.39949999999999997,0.28419607953947396,0.715803920460526,0.2859636662239801,0
8,20220120,0.0,0.85,0.307926134909353,0.0,0.28419607953947396,0.715803920460526,0.0,0
8,20220121,0.0,0.84,0.307926134909353,0.0,0.28419607953947396,0.715803920460526,0.0,0
8,20220122,0.0,0.83,0.307926134909353,0.0,0.28419607953947396,0.715803920460526,0.0,0
8,20220123,0.59,0.83,0.307926134909353,0.48969999999999997,0.28419607953947396,0.715803920460526,0.35052917984951953,0
8,20220124,3.1,0.83,0.307926134909353,2.573,0.28419607953947396,0.715803920460526,1.8417634873449333,0
8,20220125,1.19,0.82,0.307926134909353,0.9757999999999999,0.28419607953947396,0.715803920460526,0.6984814655853812,0
8,20220126,0.7,0.82,0.307926134909353,0.574,0.28419607953947396,0.715803920460526,0.41087145034434186,0
8,20220127,0.19,0.81,0.307926134909353,0.1539,0.28419607953947396,0.715803920460526,0.11016222335887496,0
8,20220128,0.26,0.8,0.307926134909353,0.20800000000000002,0.28419607953947396,0.715803920460526,0.14888721545578942,0
8,20220129,0.08,0.8,0.307926134909353,0.064,0.28419607953947396,0.715803920460526,0.04581145090947367,0
8,20220130,0.0,0.79,0.307926134909353,0.0,0.28419607953947396,0.715803920460526,0.0,0
8,20220131,0.0,0.78,0.307926134909353,0.0,0.28419607953947396,0.715803920460526,0.0,0
8,20220201,0.0,0.78,0.307926134909353,0.0,0.28419607953947396,0.715803920460526,0.0,0
8,20220202,0.0,0.77,0.307926134909353,0.0,0.28419607953947396,0.715803920460526,0.0,0
8,20220203,0.0,0.76,0.307926134909353,0.0,0.28419607953947396,0.715803920460526,0.0,0
8,20220204,0.0,0.76,0.307926134909353,0.0,0.28419607953947396,0.715803920460526,0.0,0
8,20220205,0.04,0.75,0.307926134909353,0.03,0.28419607953947396,0.715803920460526,0.02147411761381578,0
8,20220206,0.0,0.74,0.307926134909353,0.0,0.28419607953947396,0.715803920460526,0.0,0
8,20220207,0.0,0.74,0.307926134909353,0.0,0.28419607953947396,0.715803920460526,0.0,0
8,20220208,0.0,0.73,0.307926134909353,0.0,0.28419607953947396,0.715803920460526,0.0,0
8,20220209,0.0,0.72,0.307926134909353,0.0,0.28419607953947396,0.715803920460526,0.0,0
8,20220210,0.13,0.72,0.307926134909353,0.0936,0.28419607953947396,0.715803920460526,0.06699924695510523,0
8,20220211,0.25,0.71,0.307926134909353,0.1775,0.28419607953947396,0.715803920460526,0.12705519588174335,0
8,20220212,0.07,0.71,0.307926134909353,0.0497,0.28419607953947396,0.715803920460526,0.03557545484688814,0
8,20220213,0.0,0.7,0.307926134909353,0.0,0.28419607953947396,0.715803920460526,0.0,0
8,20220214,0.03,0.69,0.307926134909353,0.020699999999999996,0.28419607953947396,0.715803920460526,0.014817141153532885,0
8,20220215,0.01,0.69,0.307926134909353,0.0069,0.28419607953947396,0.715803920460526,0.004939047051177629,0
8,20220216,0.0,0.68,0.307926134909353,0.0,0.28419607953947396,0.715803920460526,0.0,0
8,20220217,0.0,0.68,0.307926134909353,0.0,0.28419607953947396,0.715803920460526,0.0,0
8,20220218,0.0,0.67,0.307926134909353,0.0,0.28419607953947396,0.715803920460526,0.0,0
8,20220219,0.0,0.67,0.307926134909353,0.0,0.28419607953947396,0.715803920460526,0.0,0
8,20220220,0.0,0.66,0.307926134909353,0.0,0.28419607953947396,0.715803920460526,0.0,0
8,20220221,0.0,0.66,0.307926134909353,0.0,0.28419607953947396,0.715803920460526,0.0,0
8,20220222,0.03,0.65,0.307926134909353,0.0195,0.28419607953947396,0.715803920460526,0.013958176448980257,0
8,20220223,0.0,0.65,0.307926134909353,0.0,0.28419607953947396,0.715803920460526,0.0,0
8,20220224,0.0,0.64,0.307926134909353,0.0,0.28419607953947396,0.715803920460526,0.0,0
8,20220225,0.0,0.64,0.307926134909353,0.0,0.28419607953947396,0.715803920460526,0.0,0
8,20220226,0.01,0.63,0.307926134909353,0.0063,0.28419607953947396,0.715803920460526,0.004509564698901314,0
8,20220227,0.0,0.63,0.307926134909353,0.0,0.28419607953947396,0.715803920460526,0.0,0
8,20220228,0.0,0.62,0.307926134909353,0.0,0.28419607953947396,0.715803920460526,0.0,0
8,20220301,0.0,0.62,0.307926134909353,0.0,0.28419607953947396,0.715803920460526,0.0,0
8,20220302,0.0,0.61,0.307926134909353,0.0,0.28419607953947396,0.715803920460526,0.0,0
8,20220303,0.0,0.61,0.307926134909353,0.0,0.28419607953947396,0.715803920460526,0.0,0
8,20220304,0.06,0.61,0.307926134909353,0.0366,0.28419607953947396,0.715803920460526,0.02619842348885525,0
8,20220305,0.01,0.6,0.307926134909353,0.006,0.28419607953947396,0.715803920460526,0.004294823522763156,0
8,20220306,0.89,0.6,0.307926134909353,0.534,0.28419607953947396,0.715803920460526,0.3822392935259209,0
8,20220307,0.21,0.6,0.307926134909353,0.126,0.28419607953947396,0.715803920460526,0.09019129397802628,0
8,20220308,0.0,0.59,0.307926134909353,0.0,0.28419607953947396,0.715803920460526,0.0,0
8,20220309,0.0,0.59,0.307926134909353,0.0,0.28419607953947396,0.715803920460526,0.0,0
8,20220310,0.0,0.59,0.307926134909353,0.0,0.28419607953947396,0.715803920460526,0.0,0
8,20220311,0.0,0.58,0.307926134909353,0.0,0.28419607953947396,0.715803920460526,0.0,0
8,20220312,0.0,0.58,0.307926134909353,0.0,0.28419607953947396,0.715803920460526,0.0,0
8,20220313,0.01,0.57,0.307926134909353,0.005699999999999999,0.28419607953947396,0.715803920460526,0.0040800823466249974,0
8,20220314,0.0,0.57,0.307926134909353,0.0,0.28419607953947396,0.715803920460526,0.0,0
8,20220315,0.0,0.57,0.307926134909353,0.0,0.28419607953947396,0.715803920460526,0.0,0
8,20220316,0.0,0.56,0.307926134909353,0.0,0.28419607953947396,0.715803920460526,0.0,0
8,20220317,0.0,0.56,0.307926134909353,0.0,0.28419607953947396,0.715803920460526,0.0,0
8,20220318,0.0,0.55,0.307926134909353,0.0,0.28419607953947396,0.715803920460526,0.0,0
8,20220319,0.01,0.55,0.307926134909353,0.0055000000000000005,0.28419607953947396,0.715803920460526,0.003936921562532893,0
8,20220320,0.08,0.55,0.307926134909353,0.044000000000000004,0.28419607953947396,0.715803920460526,0.031495372500263144,0
8,20220321,0.49,0.55,0.307926134909353,0.2695,0.28419607953947396,0.715803920460526,0.19290915656411176,0
8,20220322,0.87,0.55,0.307926134909353,0.47850000000000004,0.28419607953947396,0.715803920460526,0.3425121759403617,0
8,20220323,0.01,0.54,0.307926134909353,0.0054,0.28419607953947396,0.715803920460526,0.0038653411704868404,0
8,20220324,0.01,0.54,0.307926134909353,0.0054,0.28419607953947396,0.715803920460526,0.0038653411704868404,0
8,20220325,0.0,0.54,0.307926134909353,0.0,0.28419607953947396,0.715803920460526,0.0,0
8,20220326,0.0,0.53,0.307926134909353,0.0,0.28419607953947396,0.715803920460526,0.0,0
8,20220327,0.0,0.53,0.307926134909353,0.0,0.28419607953947396,0.715803920460526,0.0,0
8,20220328,0.0,0.53,0.307926134909353,0.0,0.28419607953947396,0.715803920460526,0.0,0
8,20220329,0.0,0.53,0.307926134909353,0.0,0.28419607953947396,0.715803920460526,0.0,0
8,20220330,0.0,0.53,0.307926134909353,0.0,0.28419607953947396,0.715803920460526,0.0,0
8,20220331,0.01,0.52,0.307926134909353,0.005200000000000001,0.28419607953947396,0.715803920460526,0.0037221803863947355,0
8,20220401,0.0,0.52,0.307926134909353,0.0,0.28419607953947396,0.715803920460526,0.0,0
8,20220402,0.01,0.52,0.307926134909353,0.005200000000000001,0.28419607953947396,0.715803920460526,0.0037221803863947355,0
8,20220403,0.0,0.52,0.307926134909353,0.0,0.28419607953947396,0.715803920460526,0.0,0
8,20220404,0.01,0.52,0.307926134909353,0.005200000000000001,0.28419607953947396,0.715803920460526,0.0037221803863947355,0
8,20220405,0.0,0.52,0.307926134909353,0.0,0.28419607953947396,0.715803920460526,0.0,0
8,20220406,0.05,0.52,0.307926134909353,0.026000000000000002,0.28419607953947396,0.715803920460526,0.018610901931973678,0
8,20220407,0.1,0.52,0.307926134909353,0.052000000000000005,0.28419607953947396,0.715803920460526,0.037221803863947356,0
8,20220408,0.14,0.52,0.307926134909353,0.0728,0.28419607953947396,0.715803920460526,0.05211052540952629,0
8,20220409,0.14,0.52,0.307926134909353,0.0728,0.28419607953947396,0.715803920460526,0.05211052540952629,0
8,20220410,0.66,0.52,0.307926134909353,0.3432,0.28419607953947396,0.715803920460526,0.24566390550205253,0
8,20220411,0.26,0.52,0.307926134909353,0.13520000000000001,0.28419607953947396,0.715803920460526,0.09677669004626313,0
8,20220412,0.07,0.52,0.307926134909353,0.0364,0.28419607953947396,0.715803920460526,0.026055262704763146,0
8,20220413,0.11,0.52,0.307926134909353,0.0572,0.28419607953947396,0.715803920460526,0.04094398425034209,0
8,20220414,0.02,0.52,0.307926134909353,0.010400000000000001,0.28419607953947396,0.715803920460526,0.007444360772789471,0
8,20220415,0.02,0.52,0.307926134909353,0.010400000000000001,0.28419607953947396,0.715803920460526,0.007444360772789471,0
8,20220416,0.03,0.52,0.307926134909353,0.0156,0.28419607953947396,0.715803920460526,0.011166541159184204,0
8,20220417,0.42,0.52,0.307926134909353,0.2184,0.28419607953947396,0.715803920460526,0.15633157622857888,0
8,20220418,0.33,0.52,0.307926134909353,0.1716,0.28419607953947396,0.715803920460526,0.12283195275102626,0
8,20220419,0.03,0.52,0.307926134909353,0.0156,0.28419607953947396,0.715803920460526,0.011166541159184204,0
8,20220420,0.02,0.52,0.307926134909353,0.010400000000000001,0.28419607953947396,0.715803920460526,0.007444360772789471,0
8,20220421,0.01,0.52,0.307926134909353,0.005200000000000001,0.28419607953947396,0.715803920460526,0.0037221803863947355,0
8,20220422,0.02,0.51,0.307926134909353,0.0102,0.28419607953947396,0.715803920460526,0.007301199988697366,0
8,20220423,0.04,0.51,0.307926134909353,0.0204,0.28419607953947396,0.715803920460526,0.014602399977394731,0
8,20220424,0.0,0.51,0.307926134909353,0.0,0.28419607953947396,0.715803920460526,0.0,0
8,20220425,0.0,0.51,0.307926134909353,0.0,0.28419607953947396,0.715803920460526,0.0,0
8,20220426,0.0,0.51,0.307926134909353,0.0,0.28419607953947396,0.715803920460526,0.0,0
8,20220427,0.0,0.51,0.307926134909353,0.0,0.28419607953947396,0.715803920460526,0.0,0
8,20220428,0.0,0.51,0.307926134909353,0.0,0.28419607953947396,0.715803920460526,0.0,0
8,20220429,0.02,0.51,0.307926134909353,0.0102,0.28419607953947396,0.715803920460526,0.007301199988697366,0
8,20220430,0.01,0.51,0.307926134909353,0.0051,0.28419607953947396,0.715803920460526,0.003650599994348683,0
8,20220501,0.38,0.51,0.307926134909353,0.1938,0.28419607953947396,0.715803920460526,0.13872279978524993,0
8,20220502,0.99,0.51,0.307926134909353,0.5049,0.28419607953947396,0.715803920460526,0.3614093994405196,0
8,20220503,0.48,0.52,0.307926134909353,0.2496,0.28419607953947396,0.715803920460526,0.17866465854694727,0
8,20220504,1.98,0.52,0.307926134909353,1.0296,0.28419607953947396,0.715803920460526,0.7369917165061576,0
8,20220505,1.93,0.52,0.307926134909353,1.0036,0.28419607953947396,0.715803920460526,0.7183808145741839,0
8,20220506,4.02,0.52,0.307926134909353,2.0904,0.28419607953947396,0.715803920460526,1.4963165153306834,0
8,20220507,8.16,0.54,0.307926134909353,4.4064000000000005,0.28419607953947396,0.715803920460526,3.154118395117262,0
8,20220508,0.52,0.54,0.307926134909353,0.28080000000000005,0.28419607953947396,0.715803920460526,0.20099774086531574,0
8,20220509,1.28,0.53,0.307926134909353,0.6784,0.28419607953947396,0.715803920460526,0.4856013796404208,0
8,20220510,10.74,0.54,0.307926134909353,5.799600000000001,0.28419607953947396,0.715803920460526,4.151376417102867,1
8,20220511,6.44,0.55,0.307926134909353,3.5420000000000007,0.28419607953947396,0.715803920460526,2.5353774862711838,0
8,20220512,8.99,0.55,0.307926134909353,4.944500000000001,0.28419607953947396,0.715803920460526,3.539292484717071,1
8,20220513,1.16,0.57,0.307926134909353,0.6611999999999999,0.28419607953947396,0.715803920460526,0.4732895522084997,0
8,20220514,1.15,0.56,0.307926134909353,0.644,0.28419607953947396,0.715803920460526,0.4609777247765787,0
8,20220515,7.5,0.56,0.307926134909353,4.2,0.28419607953947396,0.715803920460526,3.0063764659342094,0
8,20220516,6.12,0.58,0.307926134909353,3.5496,0.28419607953947396,0.715803920460526,2.540817596066683,0
8,20220517,2.55,0.58,0.307926134909353,1.4789999999999999,0.28419607953947396,0.715803920460526,1.0586739983611178,0
8,20220518,1.4,0.58,0.307926134909353,0.8119999999999999,0.28419607953947396,0.715803920460526,0.581232783413947,0
8,20220519,0.45,0.57,0.307926134909353,0.2565,0.28419607953947396,0.715803920460526,0.18360370559812492,0
8,20220520,0.4,0.57,0.307926134909353,0.22799999999999998,0.28419607953947396,0.715803920460526,0.1632032938649999,0
8,20220521,0.02,0.56,0.307926134909353,0.011200000000000002,0.28419607953947396,0.715803920460526,0.008017003909157893,0
8,20220522,0.03,0.56,0.307926134909353,0.016800000000000002,0.28419607953947396,0.715803920460526,0.012025505863736838,0
8,20220523,0.01,0.55,0.307926134909353,0.0055000000000000005,0.28419607953947396,0.715803920460526,0.003936921562532893,0
8,20220524,0.07,0.55,0.307926134909353,0.038500000000000006,0.28419607953947396,0.715803920460526,0.027558450937730256,0
8,20220525,2.43,0.55,0.307926134909353,1.3365000000000002,0.28419607953947396,0.715803920460526,0.9566719396954931,0
8,20220526,3.13,0.55,0.307926134909353,1.7215,0.28419607953947396,0.715803920460526,1.2322564490727954,0
8,20220527,1.93,0.55,0.307926134909353,1.0615,0.28419607953947396,0.715803920460526,0.7598258615688485,0
8,20220528,0.08,0.55,0.307926134909353,0.044000000000000004,0.28419607953947396,0.715803920460526,0.031495372500263144,0
8,20220529,0.13,0.54,0.307926134909353,0.07020000000000001,0.28419607953947396,0.715803920460526,0.050249435216328936,0
8,20220530,0.09,0.54,0.307926134909353,0.048600000000000004,0.28419607953947396,0.715803920460526,0.034788070534381564,0
8,20220531,0.03,0.54,0.307926134909353,0.0162,0.28419607953947396,0.715803920460526,0.01159602351146052,0
8,20220601,0.01,0.53,0.307926134909353,0.0053,0.28419607953947396,0.715803920460526,0.0037937607784407877,0
8,20220602,0.0,0.53,0.307926134909353,0.0,0.28419607953947396,0.715803920460526,0.0,0
8,20220603,0.01,0.53,0.307926134909353,0.0053,0.28419607953947396,0.715803920460526,0.0037937607784407877,0
8,20220604,0.01,0.53,0.307926134909353,0.0053,0.28419607953947396,0.715803920460526,0.0037937607784407877,0
8,20220605,1.81,0.53,0.307926134909353,0.9593,0.28419607953947396,0.715803920460526,0.6866707008977826,0
8,20220606,3.7,0.53,0.307926134909353,1.9610000000000003,0.28419607953947396,0.715803920460526,1.4036914880230917,0
8,20220607,2.57,0.53,0.307926134909353,1.3621,0.28419607953947396,0.715803920460526,0.9749965200592825,0
8,20220608,0.38,0.53,0.307926134909353,0.20140000000000002,0.28419607953947396,0.715803920460526,0.14416290958074995,0
8,20220609,0.26,0.53,0.307926134909353,0.1378,0.28419607953947396,0.715803920460526,0.09863778023946049,0
8,20220610,0.21,0.53,0.307926134909353,0.1113,0.28419607953947396,0.715803920460526,0.07966897634725655,0
8,20220611,1.31,0.53,0.307926134909353,0.6943,0.28419607953947396,0.715803920460526,0.4969826619757432,0
8,20220612,1.97,0.53,0.307926134909353,1.0441,0.28419607953947396,0.715803920460526,0.7473708733528353,0
8,20220613,1.48,0.53,0.307926134909353,0.7844,0.28419607953947396,0.715803920460526,0.5614765952092365,0
8,20220614,1.54,0.53,0.307926134909353,0.8162,0.28419607953947396,0.715803920460526,0.5842391598798813,0
8,20220615,8.16,0.54,0.307926134909353,4.4064000000000005,0.28419607953947396,0.715803920460526,3.154118395117262,0
8,20220616,8.64,0.55,0.307926134909353,4.752000000000001,0.28419607953947396,0.715803920460526,3.40150023002842,1
8,20220617,7.47,0.56,0.307926134909353,4.1832,0.28419607953947396,0.715803920460526,2.9943509600704723,0
8,20220618,4.74,0.56,0.307926134909353,2.6544000000000003,0.28419607953947396,0.715803920460526,1.9000299264704203,0
8,20220619,28.85,0.59,0.307926134909353,17.0215,0.28419607953947396,0.715803920460526,12.184056432118842,1
8,20220620,18.31,0.64,0.307926134909353,11.718399999999999,0.28419607953947396,0.715803920460526,8.388076661524627,1
8,20220621,23.54,0.66,0.307926134909353,15.5364,0.28419607953947396,0.715803920460526,11.121016029842917,1
8,20220622,9.51,0.68,0.307926134909353,6.4668,0.28419607953947396,0.715803920460526,4.628960792834129,1
8,20220623,3.63,0.67,0.307926134909353,2.4321,0.28419607953947396,0.715803920460526,1.7409067149520454,0
8,20220624,2.55,0.67,0.307926134909353,1.7085,0.28419607953947396,0.715803920460526,1.2229509981068085,0
8,20220625,1.99,0.67,0.307926134909353,1.3333000000000002,0.28419607953947396,0.715803920460526,0.9543813671500194,0
8,20220626,0.65,0.66,0.307926134909353,0.42900000000000005,0.28419607953947396,0.715803920460526,0.3070798818775657,0
8,20220627,2.44,0.65,0.307926134909353,1.586,0.28419607953947396,0.715803920460526,1.1352650178503942,0
8,20220628,2.59,0.66,0.307926134909353,1.7094,0.28419607953947396,0.715803920460526,1.223595221635223,0
8,20220629,5.16,0.65,0.307926134909353,3.354,0.28419607953947396,0.715803920460526,2.400806349224604,0
8,20220630,5.14,0.66,0.307926134909353,3.3924,0.28419607953947396,0.715803920460526,2.4282932197702882,0
8,20220701,4.5,0.66,0.307926134909353,2.97,0.28419607953947396,0.715803920460526,2.125937643767762,0
8,20220702,3.0,0.66,0.307926134909353,1.98,0.28419607953947396,0.715803920460526,1.4172917625118415,0
8,20220703,3.04,0.66,0.307926134909353,2.0064,0.28419607953947396,0.715803920460526,1.4361889860119994,0
8,20220704,3.24,0.66,0.307926134909353,2.1384000000000003,0.28419607953947396,0.715803920460526,1.530675103512789,0
8,20220705,6.45,0.66,0.307926134909353,4.257000000000001,0.28419607953947396,0.715803920460526,3.0471772894004596,0
8,20220706,4.59,0.67,0.307926134909353,3.0753,0.28419607953947396,0.715803920460526,2.2013117965922557,0
8,20220707,1.75,0.66,0.307926134909353,1.155,0.28419607953947396,0.715803920460526,0.8267535281319075,0
8,20220708,3.76,0.66,0.307926134909353,2.4816,0.28419607953947396,0.715803920460526,1.7763390090148412,0
8,20220709,2.01,0.66,0.307926134909353,1.3266,0.28419607953947396,0.715803920460526,0.9495854808829338,0
8,20220710,2.79,0.66,0.307926134909353,1.8414000000000001,0.28419607953947396,0.715803920460526,1.3180813391360127,0
8,20220711,1.15,0.65,0.307926134909353,0.7474999999999999,0.28419607953947396,0.715803920460526,0.5350634305442431,0
8,20220712,1.38,0.65,0.307926134909353,0.8969999999999999,0.28419607953947396,0.715803920460526,0.6420761166530917,0
8,20220713,2.29,0.65,0.307926134909353,1.4885000000000002,0.28419607953947396,0.715803920460526,1.065474135605493,0
8,20220714,0.31,0.64,0.307926134909353,0.1984,0.28419607953947396,0.715803920460526,0.14201549781936834,0
8,20220715,0.09,0.63,0.307926134909353,0.0567,0.28419607953947396,0.715803920460526,0.040586082290111826,0
8,20220716,5.09,0.63,0.307926134909353,3.2067,0.28419607953947396,0.715803920460526,2.2953684317407688,0
8,20220717,9.42,0.65,0.307926134909353,6.123,0.28419607953947396,0.715803920460526,4.382867404979801,1
8,20220718,2.0,0.65,0.307926134909353,1.3,0.28419607953947396,0.715803920460526,0.9305450965986838,0
8,20220719,0.94,0.64,0.307926134909353,0.6016,0.28419607953947396,0.715803920460526,0.43062763854905245,0
8,20220720,10.14,0.65,0.307926134909353,6.591,0.28419607953947396,0.715803920460526,4.717863639755327,1
8,20220721,5.89,0.66,0.307926134909353,3.8874,0.28419607953947396,0.715803920460526,2.782616160398249,0
8,20220722,15.58,0.68,0.307926134909353,10.5944,0.28419607953947396,0.715803920460526,7.583513054926997,1
8,20220723,1.46,0.68,0.307926134909353,0.9928,0.28419607953947396,0.715803920460526,0.7106501322332102,0
8,20220724,3.4,0.68,0.307926134909353,2.3120000000000003,0.28419607953947396,0.715803920460526,1.6549386641047363,0
8,20220725,3.46,0.68,0.307926134909353,2.3528000000000002,0.28419607953947396,0.715803920460526,1.6841434640595256,0
8,20220726,7.74,0.69,0.307926134909353,5.340599999999999,0.28419607953947396,0.715803920460526,3.8228224176114844,1
8,20220727,0.2,0.68,0.307926134909353,0.136,0.28419607953947396,0.715803920460526,0.09734933318263155,0
8,20220728,0.75,0.68,0.307926134909353,0.51,0.28419607953947396,0.715803920460526,0.3650599994348683,0
8,20220729,0.73,0.68,0.307926134909353,0.4964,0.28419607953947396,0.715803920460526,0.3553250661166051,0
8,20220730,1.37,0.67,0.307926134909353,0.9179000000000002,0.28419607953947396,0.715803920460526,0.6570364185907169,0
8,20220731,4.17,0.67,0.307926134909353,2.7939000000000003,0.28419607953947396,0.715803920460526,1.9998845733746637,0
8,20220801,8.36,0.67,0.307926134909353,5.6011999999999995,0.28419607953947396,0.715803920460526,4.009360919283498,1
8,20220802,6.98,0.68,0.307926134909353,4.7464,0.28419607953947396,0.715803920460526,3.397491728073841,1
9,20210902,7.02,0.73,0.232648641075173,5.124599999999999,0.21471977921982524,0.7852802207801748,4.024247019410083,1
9,20210903,8.8,0.73,0.232648641075173,6.424,0.21471977921982524,0.7852802207801748,5.044640138291843,1
9,20210904,12.16,0.74,0.232648641075173,8.9984,0.21471977921982524,0.7852802207801748,7.066265538668325,1
9,20210905,7.22,0.75,0.232648641075173,5.415,0.21471977921982524,0.7852802207801748,4.2522923955246466,1
9,20210906,6.91,0.75,0.232648641075173,5.1825,0.21471977921982524,0.7852802207801748,4.069714744193256,1
9,20210907,0.43,0.75,0.232648641075173,0.3225,0.21471977921982524,0.7852802207801748,0.2532528712016064,0
9,20210908,0.06,0.74,0.232648641075173,0.044399999999999995,0.21471977921982524,0.7852802207801748,0.03486644180263976,0
9,20210909,0.15,0.74,0.232648641075173,0.111,0.21471977921982524,0.7852802207801748,0.0871661045065994,0
9,20210910,0.53,0.73,0.232648641075173,0.3869,0.21471977921982524,0.7852802207801748,0.3038249174198496,0
9,20210911,0.06,0.73,0.232648641075173,0.0438,0.21471977921982524,0.7852802207801748,0.03439527367017165,0
9,20210912,0.17,0.72,0.232648641075173,0.12240000000000001,0.21471977921982524,0.7852802207801748,0.0961182990234934,0
9,20210913,0.05,0.72,0.232648641075173,0.036,0.21471977921982524,0.7852802207801748,0.02827008794808629,0
9,20210914,0.04,0.71,0.232648641075173,0.028399999999999998,0.21471977921982524,0.7852802207801748,0.022301958270156963,0
9,20210915,1.77,0.71,0.232648641075173,1.2567,0.21471977921982524,0.7852802207801748,0.9868616534544457,0
9,20210916,2.6,0.71,0.232648641075173,1.8459999999999999,0.21471977921982524,0.7852802207801748,1.4496272875602025,0
9,20210917,1.42,0.71,0.232648641075173,1.0082,0.21471977921982524,0.7852802207801748,0.7917195185905722,0
9,20210918,5.01,0.71,0.232648641075173,3.5570999999999997,0.21471977921982524,0.7852802207801748,2.7933202733371596,0
9,20210919,6.04,0.71,0.232648641075173,4.2884,0.21471977921982524,0.7852802207801748,3.3675956987937017,0
9,20210920,3.03,0.71,0.232648641075173,2.1512999999999995,0.21471977921982524,0.7852802207801748,1.6893733389643897,0
9,20210921,4.59,0.71,0.232648641075173,3.2588999999999997,0.21471977921982524,0.7852802207801748,2.5591497115005115,0
9,20210922,21.25,0.74,0.232648641075173,15.725,0.21471977921982524,0.7852802207801748,12.348531471768249,1
9,20210923,1.37,0.74,0.232648641075173,1.0138,0.21471977921982524,0.7852802207801748,0.7961170878269412,0
9,20210924,1.87,0.74,0.232648641075173,1.3838000000000001,0.21471977921982524,0.7852802207801748,1.086670769515606,0
9,20210925,7.28,0.73,0.232648641075173,5.3144,0.21471977921982524,0.7852802207801748,4.1732932053141605,1
9,20210926,7.13,0.75,0.232648641075173,5.3475,0.21471977921982524,0.7852802207801748,4.199285980621985,1
9,20210927,0.08,0.74,0.232648641075173,0.0592,0.21471977921982524,0.7852802207801748,0.04648858907018635,0
9,20210928,2.25,0.73,0.232648641075173,1.6425,0.21471977921982524,0.7852802207801748,1.2898227626314371,0
9,20210929,1.48,0.73,0.232648641075173,1.0804,0.21471977921982524,0.7852802207801748,0.8484167505309008,0
9,20210930,3.93,0.73,0.232648641075173,2.8689,0.21471977921982524,0.7852802207801748,2.2528904253962434,0
9,20211001,2.28,0.73,0.232648641075173,1.6643999999999999,0.21471977921982524,0.7852802207801748,1.3070203994665228,0
9,20211002,5.59,0.73,0.232648641075173,4.0807,0.21471977921982524,0.7852802207801748,3.204492996937659,0
9,20211003,4.45,0.73,0.232648641075173,3.2485,0.21471977921982524,0.7852802207801748,2.550982797204398,0
9,20211004,4.71,0.73,0.232648641075173,3.4383,0.21471977921982524,0.7852802207801748,2.7000289831084747,0
9,20211005,37.11,0.76,0.232648641075173,28.2036,0.21471977921982524,0.7852802207801748,22.14772923479574,1
9,20211006,8.39,0.79,0.232648641075173,6.628100000000001,0.21471977921982524,0.7852802207801748,5.204915831353077,1
9,20211007,3.17,0.79,0.232648641075173,2.5043,0.21471977921982524,0.7852802207801748,1.966577256899792,0
9,20211008,3.81,0.78,0.232648641075173,2.9718,0.21471977921982524,0.7852802207801748,2.3336957601145234,0
9,20211009,5.3,0.78,0.232648641075173,4.134,0.21471977921982524,0.7852802207801748,3.246348432705243,0
9,20211010,9.41,0.79,0.232648641075173,7.4339,0.21471977921982524,0.7852802207801748,5.837694633257741,1
9,20211011,4.31,0.8,0.232648641075173,3.448,0.21471977921982524,0.7852802207801748,2.707646201250043,0
9,20211012,4.16,0.79,0.232648641075173,3.2864000000000004,0.21471977921982524,0.7852802207801748,2.5807449175719666,0
9,20211013,6.49,0.8,0.232648641075173,5.192,0.21471977921982524,0.7852802207801748,4.077174906290668,1
9,20211014,0.24,0.79,0.232648641075173,0.1896,0.21471977921982524,0.7852802207801748,0.14888912985992114,0
9,20211015,2.84,0.79,0.232648641075173,2.2436,0.21471977921982524,0.7852802207801748,1.7618547033424,0
9,20211016,1.62,0.79,0.232648641075173,1.2798,0.21471977921982524,0.7852802207801748,1.0050016265544677,0
9,20211017,3.02,0.79,0.232648641075173,2.3858,0.21471977921982524,0.7852802207801748,1.873521550737341,0
9,20211018,0.37,0.79,0.232648641075173,0.2923,0.21471977921982524,0.7852802207801748,0.22953740853404508,0
9,20211019,3.3,0.78,0.232648641075173,2.574,0.21471977921982524,0.7852802207801748,2.0213112882881696,0
9,20211020,1.74,0.78,0.232648641075173,1.3572,0.21471977921982524,0.7852802207801748,1.0657823156428532,0
9,20211021,1.85,0.79,0.232648641075173,1.4615000000000002,0.21471977921982524,0.7852802207801748,1.1476870426702257,0
9,20211022,0.51,0.78,0.232648641075173,0.39780000000000004,0.21471977921982524,0.7852802207801748,0.31238447182635354,0
9,20211023,0.54,0.78,0.232648641075173,0.4212,0.21471977921982524,0.7852802207801748,0.33076002899260964,0
9,20211024,5.98,0.78,0.232648641075173,4.6644000000000005,0.21471977921982524,0.7852802207801748,3.662861061807048,1
9,20211025,0.93,0.78,0.232648641075173,0.7254,0.21471977921982524,0.7852802207801748,0.5696422721539388,0
9,20211026,0.98,0.77,0.232648641075173,0.7546,0.21471977921982524,0.7852802207801748,0.5925724546007199,0
9,20211027,0.75,0.77,0.232648641075173,0.5775,0.21471977921982524,0.7852802207801748,0.45349932750055094,0
9,20211028,6.67,0.76,0.232648641075173,5.0692,0.21471977921982524,0.7852802207801748,3.980742495178862,1
9,20211029,25.07,0.79,0.232648641075173,19.805300000000003,0.21471977921982524,0.7852802207801748,15.552710356617597,1
9,20211030,17.88,0.83,0.232648641075173,14.840399999999999,0.21471977921982524,0.7852802207801748,11.653872588466106,1
9,20211031,16.09,0.83,0.232648641075173,13.3547,0.21471977921982524,0.7852802207801748,10.487181764453,1
9,20211101,21.37,0.86,0.232648641075173,18.3782,0.21471977921982524,0.7852802207801748,14.432036953542209,1
9,20211102,23.68,0.88,0.232648641075173,20.8384,0.21471977921982524,0.7852802207801748,16.363983352705596,1
9,20211103,30.77,0.91,0.232648641075173,28.000700000000002,0.21471977921982524,0.7852802207801748,21.98839587799944,1
9,20211104,18.47,0.92,0.232648641075173,16.9924,0.21471977921982524,0.7852802207801748,13.343795623585041,1
9,20211105,16.95,0.92,0.232648641075173,15.594,0.21471977921982524,0.7852802207801748,12.245659762846046,1
9,20211106,49.77,0.94,0.232648641075173,46.7838,0.21471977921982524,0.7852802207801748,36.73839279293554,1
9,20211107,40.64,0.97,0.232648641075173,39.4208,0.21471977921982524,0.7852802207801748,30.956374527331114,1
9,20211108,36.4,0.98,0.232648641075173,35.672,0.21471977921982524,0.7852802207801748,28.012516035670394,1
9,20211109,16.97,0.98,0.232648641075173,16.630599999999998,0.21471977921982524,0.7852802207801748,13.059681239706773,1
9,20211110,84.05,0.99,0.232648641075173,83.20949999999999,0.21471977921982524,0.7852802207801748,65.34277453100795,1
9,20211111,75.19,1.0,0.232648641075173,75.19,0.21471977921982524,0.7852802207801748,59.04521980046134,1
9,20211112,3.63,0.99,0.232648641075173,3.5936999999999997,0.21471977921982524,0.7852802207801748,2.822061529417714,0
9,20211113,3.72,0.99,0.232648641075173,3.6828000000000003,0.21471977921982524,0.7852802207801748,2.892029997089228,0
9,20211114,4.74,0.99,0.232648641075173,4.6926000000000005,0.21471977921982524,0.7852802207801748,3.685005964033049,1
9,20211115,4.57,0.99,0.232648641075173,4.5243,0.21471977921982524,0.7852802207801748,3.552843302875745,1
9,20211116,2.4,0.99,0.232648641075173,2.376,0.21471977921982524,0.7852802207801748,1.8658258045736953,0
9,20211117,11.0,0.99,0.232648641075173,10.89,0.21471977921982524,0.7852802207801748,8.551701604296104,1
9,20211118,74.21,1.0,0.232648641075173,74.21,0.21471977921982524,0.7852802207801748,58.27564518409677,1
9,20211119,20.62,1.0,0.232648641075173,20.62,0.21471977921982524,0.7852802207801748,16.192478152487205,1
9,20211120,16.63,1.0,0.232648641075173,16.63,0.21471977921982524,0.7852802207801748,13.059210071574306,1
9,20211121,7.5,1.0,0.232648641075173,7.5,0.21471977921982524,0.7852802207801748,5.889601655851311,1
9,20211122,5.0,0.99,0.232648641075173,4.95,0.21471977921982524,0.7852802207801748,3.8871370928618654,1
9,20211123,2.29,0.99,0.232648641075173,2.2671,0.21471977921982524,0.7852802207801748,1.7803087885307343,0
9,20211124,2.87,0.99,0.232648641075173,2.8413,0.21471977921982524,0.7852802207801748,2.2312166913027105,0
9,20211125,18.25,0.99,0.232648641075173,18.0675,0.21471977921982524,0.7852802207801748,14.188050388945808,1
9,20211126,58.61,1.0,0.232648641075173,58.61,0.21471977921982524,0.7852802207801748,46.02527373992604,1
9,20211127,29.98,1.0,0.232648641075173,29.98,0.21471977921982524,0.7852802207801748,23.54270101898964,1
9,20211128,61.12,1.0,0.232648641075173,61.12,0.21471977921982524,0.7852802207801748,47.99632709408428,1
9,20211129,12.76,1.0,0.232648641075173,12.76,0.21471977921982524,0.7852802207801748,10.02017561715503,1
9,20211130,9.8,1.0,0.232648641075173,9.8,0.21471977921982524,0.7852802207801748,7.695746163645714,1
9,20211201,1.22,1.0,0.232648641075173,1.22,0.21471977921982524,0.7852802207801748,0.9580418693518132,0
9,20211202,0.03,1.0,0.232648641075173,0.03,0.21471977921982524,0.7852802207801748,0.02355840662340524,0
9,20211203,0.14,0.99,0.232648641075173,0.1386,0.21471977921982524,0.7852802207801748,0.10883983860013223,0
9,20211204,0.01,0.99,0.232648641075173,0.0099,0.21471977921982524,0.7852802207801748,0.007774274185723731,0
9,20211205,0.15,0.99,0.232648641075173,0.1485,0.21471977921982524,0.7852802207801748,0.11661411278585596,0
9,20211206,1.22,0.98,0.232648641075173,1.1956,0.21471977921982524,0.7852802207801748,0.938881031964777,0
9,20211207,0.09,0.98,0.232648641075173,0.0882,0.21471977921982524,0.7852802207801748,0.06926171547281142,0
9,20211208,0.38,0.97,0.232648641075173,0.3686,0.21471977921982524,0.7852802207801748,0.2894542893795724,0
9,20211209,3.98,0.97,0.232648641075173,3.8606,0.21471977921982524,0.7852802207801748,3.031652820343943,0
9,20211210,2.35,0.97,0.232648641075173,2.2795,0.21471977921982524,0.7852802207801748,1.7900462632684084,0
9,20211211,3.71,0.96,0.232648641075173,3.5616,0.21471977921982524,0.7852802207801748,2.7968540343306705,0
9,20211212,6.0,0.96,0.232648641075173,5.76,0.21471977921982524,0.7852802207801748,4.523214071693807,1
9,20211213,6.87,0.96,0.232648641075173,6.5952,0.21471977921982524,0.7852802207801748,5.179080112089409,1
9,20211214,2.34,0.96,0.232648641075173,2.2464,0.21471977921982524,0.7852802207801748,1.7640534879605847,0
9,20211215,1.6,0.95,0.232648641075173,1.52,0.21471977921982524,0.7852802207801748,1.1936259355858656,0
9,20211216,0.48,0.95,0.232648641075173,0.45599999999999996,0.21471977921982524,0.7852802207801748,0.3580877806757597,0
9,20211217,0.15,0.94,0.232648641075173,0.141,0.21471977921982524,0.7852802207801748,0.11072451113000463,0
9,20211218,0.0,0.93,0.232648641075173,0.0,0.21471977921982524,0.7852802207801748,0.0,0
9,20211219,0.0,0.93,0.232648641075173,0.0,0.21471977921982524,0.7852802207801748,0.0,0
9,20211220,0.0,0.92,0.232648641075173,0.0,0.21471977921982524,0.7852802207801748,0.0,0
9,20211221,0.0,0.92,0.232648641075173,0.0,0.21471977921982524,0.7852802207801748,0.0,0
9,20211222,0.0,0.91,0.232648641075173,0.0,0.21471977921982524,0.7852802207801748,0.0,0
9,20211223,0.0,0.9,0.232648641075173,0.0,0.21471977921982524,0.7852802207801748,0.0,0
9,20211224,0.0,0.9,0.232648641075173,0.0,0.21471977921982524,0.7852802207801748,0.0,0
9,20211225,0.0,0.89,0.232648641075173,0.0,0.21471977921982524,0.7852802207801748,0.0,0
9,20211226,0.0,0.88,0.232648641075173,0.0,0.21471977921982524,0.7852802207801748,0.0,0
9,20211227,0.41,0.88,0.232648641075173,0.36079999999999995,0.21471977921982524,0.7852802207801748,0.28332910365748704,0
9,20211228,0.87,0.87,0.232648641075173,0.7569,0.21471977921982524,0.7852802207801748,0.5943785991085143,0
9,20211229,0.92,0.87,0.232648641075173,0.8004,0.21471977921982524,0.7852802207801748,0.6285382887124519,0
9,20211230,55.65,0.89,0.232648641075173,49.5285,0.21471977921982524,0.7852802207801748,38.89375141491089,1
9,20211231,42.52,0.96,0.232648641075173,40.8192,0.21471977921982524,0.7852802207801748,32.05451038807011,1
9,20220101,8.69,0.96,0.232648641075173,8.3424,0.21471977921982524,0.7852802207801748,6.55112171383653,1
9,20220102,0.5,0.95,0.232648641075173,0.475,0.21471977921982524,0.7852802207801748,0.373008104870583,0
9,20220103,0.02,0.94,0.232648641075173,0.0188,0.21471977921982524,0.7852802207801748,0.014763268150667287,0
9,20220104,0.01,0.93,0.232648641075173,0.009300000000000001,0.21471977921982524,0.7852802207801748,0.007303106053255627,0
9,20220105,0.02,0.93,0.232648641075173,0.018600000000000002,0.21471977921982524,0.7852802207801748,0.014606212106511253,0
9,20220106,0.04,0.92,0.232648641075173,0.0368,0.21471977921982524,0.7852802207801748,0.028898312124710432,0
9,20220107,0.03,0.91,0.232648641075173,0.0273,0.21471977921982524,0.7852802207801748,0.021438150027298774,0
9,20220108,0.0,0.91,0.232648641075173,0.0,0.21471977921982524,0.7852802207801748,0.0,0
9,20220109,0.0,0.9,0.232648641075173,0.0,0.21471977921982524,0.7852802207801748,0.0,0
9,20220110,0.0,0.9,0.232648641075173,0.0,0.21471977921982524,0.7852802207801748,0.0,0
9,20220111,0.02,0.89,0.232648641075173,0.0178,0.21471977921982524,0.7852802207801748,0.01397798792988711,0
9,20220112,0.14,0.88,0.232648641075173,0.12320000000000002,0.21471977921982524,0.7852802207801748,0.09674652320011755,0
9,20220113,0.95,0.87,0.232648641075173,0.8265,0.21471977921982524,0.7852802207801748,0.6490341024748145,0
9,20220114,0.68,0.87,0.232648641075173,0.5916,0.21471977921982524,0.7852802207801748,0.4645717786135514,0
9,20220115,0.64,0.86,0.232648641075173,0.5504,0.21471977921982524,0.7852802207801748,0.4322182335174082,0
9,20220116,5.86,0.86,0.232648641075173,5.0396,0.21471977921982524,0.7852802207801748,3.957498200643769,1
9,20220117,6.17,0.86,0.232648641075173,5.3062,0.21471977921982524,0.7852802207801748,4.166853907503763,1
9,20220118,1.52,0.86,0.232648641075173,1.3072,0.21471977921982524,0.7852802207801748,1.0265183046038444,0
9,20220119,0.47,0.85,0.232648641075173,0.39949999999999997,0.21471977921982524,0.7852802207801748,0.3137194482016798,0
9,20220120,0.0,0.85,0.232648641075173,0.0,0.21471977921982524,0.7852802207801748,0.0,0
9,20220121,0.0,0.84,0.232648641075173,0.0,0.21471977921982524,0.7852802207801748,0.0,0
9,20220122,0.0,0.83,0.232648641075173,0.0,0.21471977921982524,0.7852802207801748,0.0,0
9,20220123,0.59,0.83,0.232648641075173,0.48969999999999997,0.21471977921982524,0.7852802207801748,0.38455172411605154,0
9,20220124,3.1,0.83,0.232648641075173,2.573,0.21471977921982524,0.7852802207801748,2.0205260080673897,0
9,20220125,1.19,0.82,0.232648641075173,0.9757999999999999,0.21471977921982524,0.7852802207801748,0.7662764394372945,0
9,20220126,0.7,0.82,0.232648641075173,0.574,0.21471977921982524,0.7852802207801748,0.4507508467278203,0
9,20220127,0.19,0.81,0.232648641075173,0.1539,0.21471977921982524,0.7852802207801748,0.12085462597806891,0
9,20220128,0.26,0.8,0.232648641075173,0.20800000000000002,0.21471977921982524,0.7852802207801748,0.16333828592227637,0
9,20220129,0.08,0.8,0.232648641075173,0.064,0.21471977921982524,0.7852802207801748,0.05025793412993119,0
9,20220130,0.0,0.79,0.232648641075173,0.0,0.21471977921982524,0.7852802207801748,0.0,0
9,20220131,0.0,0.78,0.232648641075173,0.0,0.21471977921982524,0.7852802207801748,0.0,0
9,20220201,0.0,0.78,0.232648641075173,0.0,0.21471977921982524,0.7852802207801748,0.0,0
9,20220202,0.0,0.77,0.232648641075173,0.0,0.21471977921982524,0.7852802207801748,0.0,0
9,20220203,0.0,0.76,0.232648641075173,0.0,0.21471977921982524,0.7852802207801748,0.0,0
9,20220204,0.0,0.76,0.232648641075173,0.0,0.21471977921982524,0.7852802207801748,0.0,0
9,20220205,0.04,0.75,0.232648641075173,0.03,0.21471977921982524,0.7852802207801748,0.02355840662340524,0
9,20220206,0.0,0.74,0.232648641075173,0.0,0.21471977921982524,0.7852802207801748,0.0,0
9,20220207,0.0,0.74,0.232648641075173,0.0,0.21471977921982524,0.7852802207801748,0.0,0
9,20220208,0.0,0.73,0.232648641075173,0.0,0.21471977921982524,0.7852802207801748,0.0,0
9,20220209,0.0,0.72,0.232648641075173,0.0,0.21471977921982524,0.7852802207801748,0.0,0
9,20220210,0.13,0.72,0.232648641075173,0.0936,0.21471977921982524,0.7852802207801748,0.07350222866502436,0
9,20220211,0.25,0.71,0.232648641075173,0.1775,0.21471977921982524,0.7852802207801748,0.139387239188481,0
9,20220212,0.07,0.71,0.232648641075173,0.0497,0.21471977921982524,0.7852802207801748,0.039028426972774685,0
9,20220213,0.0,0.7,0.232648641075173,0.0,0.21471977921982524,0.7852802207801748,0.0,0
9,20220214,0.03,0.69,0.232648641075173,0.020699999999999996,0.21471977921982524,0.7852802207801748,0.016255300570149615,0
9,20220215,0.01,0.69,0.232648641075173,0.0069,0.21471977921982524,0.7852802207801748,0.005418433523383206,0
9,20220216,0.0,0.68,0.232648641075173,0.0,0.21471977921982524,0.7852802207801748,0.0,0
9,20220217,0.0,0.68,0.232648641075173,0.0,0.21471977921982524,0.7852802207801748,0.0,0
9,20220218,0.0,0.67,0.232648641075173,0.0,0.21471977921982524,0.7852802207801748,0.0,0
9,20220219,0.0,0.67,0.232648641075173,0.0,0.21471977921982524,0.7852802207801748,0.0,0
9,20220220,0.0,0.66,0.232648641075173,0.0,0.21471977921982524,0.7852802207801748,0.0,0
9,20220221,0.0,0.66,0.232648641075173,0.0,0.21471977921982524,0.7852802207801748,0.0,0
9,20220222,0.03,0.65,0.232648641075173,0.0195,0.21471977921982524,0.7852802207801748,0.015312964305213408,0
9,20220223,0.0,0.65,0.232648641075173,0.0,0.21471977921982524,0.7852802207801748,0.0,0
9,20220224,0.0,0.64,0.232648641075173,0.0,0.21471977921982524,0.7852802207801748,0.0,0
9,20220225,0.0,0.64,0.232648641075173,0.0,0.21471977921982524,0.7852802207801748,0.0,0
9,20220226,0.01,0.63,0.232648641075173,0.0063,0.21471977921982524,0.7852802207801748,0.004947265390915101,0
9,20220227,0.0,0.63,0.232648641075173,0.0,0.21471977921982524,0.7852802207801748,0.0,0
9,20220228,0.0,0.62,0.232648641075173,0.0,0.21471977921982524,0.7852802207801748,0.0,0
9,20220301,0.0,0.62,0.232648641075173,0.0,0.21471977921982524,0.7852802207801748,0.0,0
9,20220302,0.0,0.61,0.232648641075173,0.0,0.21471977921982524,0.7852802207801748,0.0,0
9,20220303,0.0,0.61,0.232648641075173,0.0,0.21471977921982524,0.7852802207801748,0.0,0
9,20220304,0.06,0.61,0.232648641075173,0.0366,0.21471977921982524,0.7852802207801748,0.028741256080554396,0
9,20220305,0.01,0.6,0.232648641075173,0.006,0.21471977921982524,0.7852802207801748,0.004711681324681049,0
9,20220306,0.89,0.6,0.232648641075173,0.534,0.21471977921982524,0.7852802207801748,0.4193396378966134,0
9,20220307,0.21,0.6,0.232648641075173,0.126,0.21471977921982524,0.7852802207801748,0.09894530781830202,0
9,20220308,0.0,0.59,0.232648641075173,0.0,0.21471977921982524,0.7852802207801748,0.0,0
9,20220309,0.0,0.59,0.232648641075173,0.0,0.21471977921982524,0.7852802207801748,0.0,0
9,20220310,0.0,0.59,0.232648641075173,0.0,0.21471977921982524,0.7852802207801748,0.0,0
9,20220311,0.0,0.58,0.232648641075173,0.0,0.21471977921982524,0.7852802207801748,0.0,0
9,20220312,0.0,0.58,0.232648641075173,0.0,0.21471977921982524,0.7852802207801748,0.0,0
9,20220313,0.01,0.57,0.232648641075173,0.005699999999999999,0.21471977921982524,0.7852802207801748,0.004476097258446996,0
9,20220314,0.0,0.57,0.232648641075173,0.0,0.21471977921982524,0.7852802207801748,0.0,0
9,20220315,0.0,0.57,0.232648641075173,0.0,0.21471977921982524,0.7852802207801748,0.0,0
9,20220316,0.0,0.56,0.232648641075173,0.0,0.21471977921982524,0.7852802207801748,0.0,0
9,20220317,0.0,0.56,0.232648641075173,0.0,0.21471977921982524,0.7852802207801748,0.0,0
9,20220318,0.0,0.55,0.232648641075173,0.0,0.21471977921982524,0.7852802207801748,0.0,0
9,20220319,0.01,0.55,0.232648641075173,0.0055000000000000005,0.21471977921982524,0.7852802207801748,0.004319041214290962,0
9,20220320,0.08,0.55,0.232648641075173,0.044000000000000004,0.21471977921982524,0.7852802207801748,0.034552329714327694,0
9,20220321,0.49,0.55,0.232648641075173,0.2695,0.21471977921982524,0.7852802207801748,0.21163301950025712,0
9,20220322,0.87,0.55,0.232648641075173,0.47850000000000004,0.21471977921982524,0.7852802207801748,0.37575658564331366,0
9,20220323,0.01,0.54,0.232648641075173,0.0054,0.21471977921982524,0.7852802207801748,0.004240513192212944,0
9,20220324,0.01,0.54,0.232648641075173,0.0054,0.21471977921982524,0.7852802207801748,0.004240513192212944,0
9,20220325,0.0,0.54,0.232648641075173,0.0,0.21471977921982524,0.7852802207801748,0.0,0
9,20220326,0.0,0.53,0.232648641075173,0.0,0.21471977921982524,0.7852802207801748,0.0,0
9,20220327,0.0,0.53,0.232648641075173,0.0,0.21471977921982524,0.7852802207801748,0.0,0
9,20220328,0.0,0.53,0.232648641075173,0.0,0.21471977921982524,0.7852802207801748,0.0,0
9,20220329,0.0,0.53,0.232648641075173,0.0,0.21471977921982524,0.7852802207801748,0.0,0
9,20220330,0.0,0.53,0.232648641075173,0.0,0.21471977921982524,0.7852802207801748,0.0,0
9,20220331,0.01,0.52,0.232648641075173,0.005200000000000001,0.21471977921982524,0.7852802207801748,0.004083457148056909,0
9,20220401,0.0,0.52,0.232648641075173,0.0,0.21471977921982524,0.7852802207801748,0.0,0
9,20220402,0.01,0.52,0.232648641075173,0.005200000000000001,0.21471977921982524,0.7852802207801748,0.004083457148056909,0
9,20220403,0.0,0.52,0.232648641075173,0.0,0.21471977921982524,0.7852802207801748,0.0,0
9,20220404,0.01,0.52,0.232648641075173,0.005200000000000001,0.21471977921982524,0.7852802207801748,0.004083457148056909,0
9,20220405,0.0,0.52,0.232648641075173,0.0,0.21471977921982524,0.7852802207801748,0.0,0
9,20220406,0.05,0.52,0.232648641075173,0.026000000000000002,0.21471977921982524,0.7852802207801748,0.020417285740284546,0
9,20220407,0.1,0.52,0.232648641075173,0.052000000000000005,0.21471977921982524,0.7852802207801748,0.04083457148056909,0
9,20220408,0.14,0.52,0.232648641075173,0.0728,0.21471977921982524,0.7852802207801748,0.05716840007279673,0
9,20220409,0.14,0.52,0.232648641075173,0.0728,0.21471977921982524,0.7852802207801748,0.05716840007279673,0
9,20220410,0.66,0.52,0.232648641075173,0.3432,0.21471977921982524,0.7852802207801748,0.269508171771756,0
9,20220411,0.26,0.52,0.232648641075173,0.13520000000000001,0.21471977921982524,0.7852802207801748,0.10616988584947964,0
9,20220412,0.07,0.52,0.232648641075173,0.0364,0.21471977921982524,0.7852802207801748,0.028584200036398364,0
9,20220413,0.11,0.52,0.232648641075173,0.0572,0.21471977921982524,0.7852802207801748,0.044918028628626,0
9,20220414,0.02,0.52,0.232648641075173,0.010400000000000001,0.21471977921982524,0.7852802207801748,0.008166914296113818,0
9,20220415,0.02,0.52,0.232648641075173,0.010400000000000001,0.21471977921982524,0.7852802207801748,0.008166914296113818,0
9,20220416,0.03,0.52,0.232648641075173,0.0156,0.21471977921982524,0.7852802207801748,0.012250371444170726,0
9,20220417,0.42,0.52,0.232648641075173,0.2184,0.21471977921982524,0.7852802207801748,0.1715052002183902,0
9,20220418,0.33,0.52,0.232648641075173,0.1716,0.21471977921982524,0.7852802207801748,0.134754085885878,0
9,20220419,0.03,0.52,0.232648641075173,0.0156,0.21471977921982524,0.7852802207801748,0.012250371444170726,0
9,20220420,0.02,0.52,0.232648641075173,0.010400000000000001,0.21471977921982524,0.7852802207801748,0.008166914296113818,0
9,20220421,0.01,0.52,0.232648641075173,0.005200000000000001,0.21471977921982524,0.7852802207801748,0.004083457148056909,0
9,20220422,0.02,0.51,0.232648641075173,0.0102,0.21471977921982524,0.7852802207801748,0.008009858251957783,0
9,20220423,0.04,0.51,0.232648641075173,0.0204,0.21471977921982524,0.7852802207801748,0.016019716503915565,0
9,20220424,0.0,0.51,0.232648641075173,0.0,0.21471977921982524,0.7852802207801748,0.0,0
9,20220425,0.0,0.51,0.232648641075173,0.0,0.21471977921982524,0.7852802207801748,0.0,0
9,20220426,0.0,0.51,0.232648641075173,0.0,0.21471977921982524,0.7852802207801748,0.0,0
9,20220427,0.0,0.51,0.232648641075173,0.0,0.21471977921982524,0.7852802207801748,0.0,0
9,20220428,0.0,0.51,0.232648641075173,0.0,0.21471977921982524,0.7852802207801748,0.0,0
9,20220429,0.02,0.51,0.232648641075173,0.0102,0.21471977921982524,0.7852802207801748,0.008009858251957783,0
9,20220430,0.01,0.51,0.232648641075173,0.0051,0.21471977921982524,0.7852802207801748,0.004004929125978891,0
9,20220501,0.38,0.51,0.232648641075173,0.1938,0.21471977921982524,0.7852802207801748,0.15218730678719788,0
9,20220502,0.99,0.51,0.232648641075173,0.5049,0.21471977921982524,0.7852802207801748,0.3964879834719103,0
9,20220503,0.48,0.52,0.232648641075173,0.2496,0.21471977921982524,0.7852802207801748,0.1960059431067316,0
9,20220504,1.98,0.52,0.232648641075173,1.0296,0.21471977921982524,0.7852802207801748,0.808524515315268,0
9,20220505,1.93,0.52,0.232648641075173,1.0036,0.21471977921982524,0.7852802207801748,0.7881072295749835,0
9,20220506,4.02,0.52,0.232648641075173,2.0904,0.21471977921982524,0.7852802207801748,1.6415497735188773,0
9,20220507,8.16,0.54,0.232648641075173,4.4064000000000005,0.21471977921982524,0.7852802207801748,3.460258764845763,1
9,20220508,0.52,0.54,0.232648641075173,0.28080000000000005,0.21471977921982524,0.7852802207801748,0.22050668599507312,0
9,20220509,1.28,0.53,0.232648641075173,0.6784,0.21471977921982524,0.7852802207801748,0.5327341017772705,0
9,20220510,10.74,0.54,0.232648641075173,5.799600000000001,0.21471977921982524,0.7852802207801748,4.554311168436702,1
9,20220511,6.44,0.55,0.232648641075173,3.5420000000000007,0.21471977921982524,0.7852802207801748,2.78146254200338,0
9,20220512,8.99,0.55,0.232648641075173,4.944500000000001,0.21471977921982524,0.7852802207801748,3.8828180516475745,1
9,20220513,1.16,0.57,0.232648641075173,0.6611999999999999,0.21471977921982524,0.7852802207801748,0.5192272819798515,0
9,20220514,1.15,0.56,0.232648641075173,0.644,0.21471977921982524,0.7852802207801748,0.5057204621824326,0
9,20220515,7.5,0.56,0.232648641075173,4.2,0.21471977921982524,0.7852802207801748,3.2981769272767343,0
9,20220516,6.12,0.58,0.232648641075173,3.5496,0.21471977921982524,0.7852802207801748,2.7874306716813084,0
9,20220517,2.55,0.58,0.232648641075173,1.4789999999999999,0.21471977921982524,0.7852802207801748,1.1614294465338784,0
9,20220518,1.4,0.58,0.232648641075173,0.8119999999999999,0.21471977921982524,0.7852802207801748,0.6376475392735019,0
9,20220519,0.45,0.57,0.232648641075173,0.2565,0.21471977921982524,0.7852802207801748,0.20142437663011484,0
9,20220520,0.4,0.57,0.232648641075173,0.22799999999999998,0.21471977921982524,0.7852802207801748,0.17904389033787985,0
9,20220521,0.02,0.56,0.232648641075173,0.011200000000000002,0.21471977921982524,0.7852802207801748,0.008795138472737959,0
9,20220522,0.03,0.56,0.232648641075173,0.016800000000000002,0.21471977921982524,0.7852802207801748,0.013192707709106938,0
9,20220523,0.01,0.55,0.232648641075173,0.0055000000000000005,0.21471977921982524,0.7852802207801748,0.004319041214290962,0
9,20220524,0.07,0.55,0.232648641075173,0.038500000000000006,0.21471977921982524,0.7852802207801748,0.030233288500036735,0
9,20220525,2.43,0.55,0.232648641075173,1.3365000000000002,0.21471977921982524,0.7852802207801748,1.0495270150727039,0
9,20220526,3.13,0.55,0.232648641075173,1.7215,0.21471977921982524,0.7852802207801748,1.3518599000730709,0
9,20220527,1.93,0.55,0.232648641075173,1.0615,0.21471977921982524,0.7852802207801748,0.8335749543581557,0
9,20220528,0.08,0.55,0.232648641075173,0.044000000000000004,0.21471977921982524,0.7852802207801748,0.034552329714327694,0
9,20220529,0.13,0.54,0.232648641075173,0.07020000000000001,0.21471977921982524,0.7852802207801748,0.05512667149876828,0
9,20220530,0.09,0.54,0.232648641075173,0.048600000000000004,0.21471977921982524,0.7852802207801748,0.0381646187299165,0
9,20220531,0.03,0.54,0.232648641075173,0.0162,0.21471977921982524,0.7852802207801748,0.012721539576638831,0
9,20220601,0.01,0.53,0.232648641075173,0.0053,0.21471977921982524,0.7852802207801748,0.004161985170134926,0
9,20220602,0.0,0.53,0.232648641075173,0.0,0.21471977921982524,0.7852802207801748,0.0,0
9,20220603,0.01,0.53,0.232648641075173,0.0053,0.21471977921982524,0.7852802207801748,0.004161985170134926,0
9,20220604,0.01,0.53,0.232648641075173,0.0053,0.21471977921982524,0.7852802207801748,0.004161985170134926,0
9,20220605,1.81,0.53,0.232648641075173,0.9593,0.21471977921982524,0.7852802207801748,0.7533193157944217,0
9,20220606,3.7,0.53,0.232648641075173,1.9610000000000003,0.21471977921982524,0.7852802207801748,1.539934512949923,0
9,20220607,2.57,0.53,0.232648641075173,1.3621,0.21471977921982524,0.7852802207801748,1.0696301887246762,0
9,20220608,0.38,0.53,0.232648641075173,0.20140000000000002,0.21471977921982524,0.7852802207801748,0.15815543646512722,0
9,20220609,0.26,0.53,0.232648641075173,0.1378,0.21471977921982524,0.7852802207801748,0.10821161442350809,0
9,20220610,0.21,0.53,0.232648641075173,0.1113,0.21471977921982524,0.7852802207801748,0.08740168857283345,0
9,20220611,1.31,0.53,0.232648641075173,0.6943,0.21471977921982524,0.7852802207801748,0.5452200572876754,0
9,20220612,1.97,0.53,0.232648641075173,1.0441,0.21471977921982524,0.7852802207801748,0.8199110785165805,0
9,20220613,1.48,0.53,0.232648641075173,0.7844,0.21471977921982524,0.7852802207801748,0.6159738051799691,0
9,20220614,1.54,0.53,0.232648641075173,0.8162,0.21471977921982524,0.7852802207801748,0.6409457162007787,0
9,20220615,8.16,0.54,0.232648641075173,4.4064000000000005,0.21471977921982524,0.7852802207801748,3.460258764845763,1
9,20220616,8.64,0.55,0.232648641075173,4.752000000000001,0.21471977921982524,0.7852802207801748,3.731651609147391,1
9,20220617,7.47,0.56,0.232648641075173,4.1832,0.21471977921982524,0.7852802207801748,3.2849842195676273,0
9,20220618,4.74,0.56,0.232648641075173,2.6544000000000003,0.21471977921982524,0.7852802207801748,2.084447818038896,0
9,20220619,28.85,0.59,0.232648641075173,17.0215,0.21471977921982524,0.7852802207801748,13.366647278009745,1
9,20220620,18.31,0.64,0.232648641075173,11.718399999999999,0.21471977921982524,0.7852802207801748,9.2022277391904,1
9,20220621,23.54,0.66,0.232648641075173,15.5364,0.21471977921982524,0.7852802207801748,12.200427622129109,1
9,20220622,9.51,0.68,0.232648641075173,6.4668,0.21471977921982524,0.7852802207801748,5.0782501317412345,1
9,20220623,3.63,0.67,0.232648641075173,2.4321,0.21471977921982524,0.7852802207801748,1.9098800249594632,0
9,20220624,2.55,0.67,0.232648641075173,1.7085,0.21471977921982524,0.7852802207801748,1.3416512572029287,0
9,20220625,1.99,0.67,0.232648641075173,1.3333000000000002,0.21471977921982524,0.7852802207801748,1.0470141183662072,0
9,20220626,0.65,0.66,0.232648641075173,0.42900000000000005,0.21471977921982524,0.7852802207801748,0.336885214714695,0
9,20220627,2.44,0.65,0.232648641075173,1.586,0.21471977921982524,0.7852802207801748,1.2454544301573574,0
9,20220628,2.59,0.66,0.232648641075173,1.7094,0.21471977921982524,0.7852802207801748,1.3423580094016307,0
9,20220629,5.16,0.65,0.232648641075173,3.354,0.21471977921982524,0.7852802207801748,2.6338298604967063,0
9,20220630,5.14,0.66,0.232648641075173,3.3924,0.21471977921982524,0.7852802207801748,2.6639846209746647,0
9,20220701,4.5,0.66,0.232648641075173,2.97,0.21471977921982524,0.7852802207801748,2.3322822557171192,0
9,20220702,3.0,0.66,0.232648641075173,1.98,0.21471977921982524,0.7852802207801748,1.5548548371447461,0
9,20220703,3.04,0.66,0.232648641075173,2.0064,0.21471977921982524,0.7852802207801748,1.575586234973343,0
9,20220704,3.24,0.66,0.232648641075173,2.1384000000000003,0.21471977921982524,0.7852802207801748,1.679243224116326,0
9,20220705,6.45,0.66,0.232648641075173,4.257000000000001,0.21471977921982524,0.7852802207801748,3.3429378998612047,0
9,20220706,4.59,0.67,0.232648641075173,3.0753,0.21471977921982524,0.7852802207801748,2.4149722629652715,0
9,20220707,1.75,0.66,0.232648641075173,1.155,0.21471977921982524,0.7852802207801748,0.9069986550011019,0
9,20220708,3.76,0.66,0.232648641075173,2.4816,0.21471977921982524,0.7852802207801748,1.9487513958880816,0
9,20220709,2.01,0.66,0.232648641075173,1.3266,0.21471977921982524,0.7852802207801748,1.0417527408869798,0
9,20220710,2.79,0.66,0.232648641075173,1.8414000000000001,0.21471977921982524,0.7852802207801748,1.446014998544614,0
9,20220711,1.15,0.65,0.232648641075173,0.7474999999999999,0.21471977921982524,0.7852802207801748,0.5869969650331807,0
9,20220712,1.38,0.65,0.232648641075173,0.8969999999999999,0.21471977921982524,0.7852802207801748,0.7043963580398167,0
9,20220713,2.29,0.65,0.232648641075173,1.4885000000000002,0.21471977921982524,0.7852802207801748,1.1688896086312903,0
9,20220714,0.31,0.64,0.232648641075173,0.1984,0.21471977921982524,0.7852802207801748,0.15579959580278668,0
9,20220715,0.09,0.63,0.232648641075173,0.0567,0.21471977921982524,0.7852802207801748,0.04452538851823591,0
9,20220716,5.09,0.63,0.232648641075173,3.2067,0.21471977921982524,0.7852802207801748,2.5181580839757864,0
9,20220717,9.42,0.65,0.232648641075173,6.123,0.21471977921982524,0.7852802207801748,4.8082707918370104,1
9,20220718,2.0,0.65,0.232648641075173,1.3,0.21471977921982524,0.7852802207801748,1.0208642870142273,0
9,20220719,0.94,0.64,0.232648641075173,0.6016,0.21471977921982524,0.7852802207801748,0.4724245808213532,0
9,20220720,10.14,0.65,0.232648641075173,6.591,0.21471977921982524,0.7852802207801748,5.175781935162132,1
9,20220721,5.89,0.66,0.232648641075173,3.8874,0.21471977921982524,0.7852802207801748,3.0526983302608515,0
9,20220722,15.58,0.68,0.232648641075173,10.5944,0.21471977921982524,0.7852802207801748,8.319572771033483,1
9,20220723,1.46,0.68,0.232648641075173,0.9928,0.21471977921982524,0.7852802207801748,0.7796262031905575,0
9,20220724,3.4,0.68,0.232648641075173,2.3120000000000003,0.21471977921982524,0.7852802207801748,1.8155678704437643,0
9,20220725,3.46,0.68,0.232648641075173,2.3528000000000002,0.21471977921982524,0.7852802207801748,1.8476073034515954,0
9,20220726,7.74,0.69,0.232648641075173,5.340599999999999,0.21471977921982524,0.7852802207801748,4.193867547098601,1
9,20220727,0.2,0.68,0.232648641075173,0.136,0.21471977921982524,0.7852802207801748,0.10679811002610377,0
9,20220728,0.75,0.68,0.232648641075173,0.51,0.21471977921982524,0.7852802207801748,0.40049291259788916,0
9,20220729,0.73,0.68,0.232648641075173,0.4964,0.21471977921982524,0.7852802207801748,0.38981310159527877,0
9,20220730,1.37,0.67,0.232648641075173,0.9179000000000002,0.21471977921982524,0.7852802207801748,0.7208087146541226,0
9,20220731,4.17,0.67,0.232648641075173,2.7939000000000003,0.21471977921982524,0.7852802207801748,2.1939944088377303,0
9,20220801,8.36,0.67,0.232648641075173,5.6011999999999995,0.21471977921982524,0.7852802207801748,4.398511572633915,1
9,20220802,6.98,0.68,0.232648641075173,4.7464,0.21471977921982524,0.7852802207801748,3.727254039911022,1
10,20210902,7.02,0.73,0.204785630299116,5.124599999999999,0.18900400673739995,0.8109959932626001,4.1560300670735195,1
10,20210903,8.8,0.73,0.204785630299116,6.424,0.18900400673739995,0.8109959932626001,5.209838260718943,1
10,20210904,12.16,0.74,0.204785630299116,8.9984,0.18900400673739995,0.8109959932626001,7.29766634577418,1
10,20210905,7.22,0.75,0.204785630299116,5.415,0.18900400673739995,0.8109959932626001,4.391543303516979,1
10,20210906,6.91,0.75,0.204785630299116,5.1825,0.18900400673739995,0.8109959932626001,4.202986735083425,1
10,20210907,0.43,0.75,0.204785630299116,0.3225,0.18900400673739995,0.8109959932626001,0.2615462078271885,0
10,20210908,0.06,0.74,0.204785630299116,0.044399999999999995,0.18900400673739995,0.8109959932626001,0.03600822210085944,0
10,20210909,0.15,0.74,0.204785630299116,0.111,0.18900400673739995,0.8109959932626001,0.09002055525214861,0
10,20210910,0.53,0.73,0.204785630299116,0.3869,0.18900400673739995,0.8109959932626001,0.3137743497933,0
10,20210911,0.06,0.73,0.204785630299116,0.0438,0.18900400673739995,0.8109959932626001,0.035521624504901886,0
10,20210912,0.17,0.72,0.204785630299116,0.12240000000000001,0.18900400673739995,0.8109959932626001,0.09926590957534226,0
10,20210913,0.05,0.72,0.204785630299116,0.036,0.18900400673739995,0.8109959932626001,0.0291958557574536,0
10,20210914,0.04,0.71,0.204785630299116,0.028399999999999998,0.18900400673739995,0.8109959932626001,0.02303228620865784,0
10,20210915,1.77,0.71,0.204785630299116,1.2567,0.18900400673739995,0.8109959932626001,1.0191786647331094,0
10,20210916,2.6,0.71,0.204785630299116,1.8459999999999999,0.18900400673739995,0.8109959932626001,1.4970986035627596,0
10,20210917,1.42,0.71,0.204785630299116,1.0082,0.18900400673739995,0.8109959932626001,0.8176461604073534,0
10,20210918,5.01,0.71,0.204785630299116,3.5570999999999997,0.18900400673739995,0.8109959932626001,2.8847938476343944,0
10,20210919,6.04,0.71,0.204785630299116,4.2884,0.18900400673739995,0.8109959932626001,3.4778752175073344,1
10,20210920,3.03,0.71,0.204785630299116,2.1512999999999995,0.18900400673739995,0.8109959932626001,1.744695680305831,0
10,20210921,4.59,0.71,0.204785630299116,3.2588999999999997,0.18900400673739995,0.8109959932626001,2.642954842443487,0
10,20210922,21.25,0.74,0.204785630299116,15.725,0.18900400673739995,0.8109959932626001,12.752911994054386,1
10,20210923,1.37,0.74,0.204785630299116,1.0138,0.18900400673739995,0.8109959932626001,0.822187737969624,0
10,20210924,1.87,0.74,0.204785630299116,1.3838000000000001,0.18900400673739995,0.8109959932626001,1.122256255476786,0
10,20210925,7.28,0.73,0.204785630299116,5.3144,0.18900400673739995,0.8109959932626001,4.309957106594762,1
10,20210926,7.13,0.75,0.204785630299116,5.3475,0.18900400673739995,0.8109959932626001,4.336801073971754,1
10,20210927,0.08,0.74,0.204785630299116,0.0592,0.18900400673739995,0.8109959932626001,0.048010962801145925,0
10,20210928,2.25,0.73,0.204785630299116,1.6425,0.18900400673739995,0.8109959932626001,1.3320609189338206,0
10,20210929,1.48,0.73,0.204785630299116,1.0804,0.18900400673739995,0.8109959932626001,0.8762000711209131,0
10,20210930,3.93,0.73,0.204785630299116,2.8689,0.18900400673739995,0.8109959932626001,2.3266664050710735,0
10,20211001,2.28,0.73,0.204785630299116,1.6643999999999999,0.18900400673739995,0.8109959932626001,1.3498217311862715,0
10,20211002,5.59,0.73,0.204785630299116,4.0807,0.18900400673739995,0.8109959932626001,3.3094313497066925,0
10,20211003,4.45,0.73,0.204785630299116,3.2485,0.18900400673739995,0.8109959932626001,2.634520484113556,0
10,20211004,4.71,0.73,0.204785630299116,3.4383,0.18900400673739995,0.8109959932626001,2.788447523634798,0
10,20211005,37.11,0.76,0.204785630299116,28.2036,0.18900400673739995,0.8109959932626001,22.873006595581067,1
10,20211006,8.39,0.79,0.204785630299116,6.628100000000001,0.18900400673739995,0.8109959932626001,5.37536254294384,1
10,20211007,3.17,0.79,0.204785630299116,2.5043,0.18900400673739995,0.8109959932626001,2.0309772659275294,0
10,20211008,3.81,0.78,0.204785630299116,2.9718,0.18900400673739995,0.8109959932626001,2.410117892777795,0
10,20211009,5.3,0.78,0.204785630299116,4.134,0.18900400673739995,0.8109959932626001,3.352657436147589,0
10,20211010,9.41,0.79,0.204785630299116,7.4339,0.18900400673739995,0.8109959932626001,6.028863114314843,1
10,20211011,4.31,0.8,0.204785630299116,3.448,0.18900400673739995,0.8109959932626001,2.796314184769445,0
10,20211012,4.16,0.79,0.204785630299116,3.2864000000000004,0.18900400673739995,0.8109959932626001,2.665257232258209,0
10,20211013,6.49,0.8,0.204785630299116,5.192,0.18900400673739995,0.8109959932626001,4.21069119701942,1
10,20211014,0.24,0.79,0.204785630299116,0.1896,0.18900400673739995,0.8109959932626001,0.15376484032258897,0
10,20211015,2.84,0.79,0.204785630299116,2.2436,0.18900400673739995,0.8109959932626001,1.8195506104839694,0
10,20211016,1.62,0.79,0.204785630299116,1.2798,0.18900400673739995,0.8109959932626001,1.0379126721774756,0
10,20211017,3.02,0.79,0.204785630299116,2.3858,0.18900400673739995,0.8109959932626001,1.9348742407259114,0
10,20211018,0.37,0.79,0.204785630299116,0.2923,0.18900400673739995,0.8109959932626001,0.23705412883065802,0
10,20211019,3.3,0.78,0.204785630299116,2.574,0.18900400673739995,0.8109959932626001,2.0875036866579326,0
10,20211020,1.74,0.78,0.204785630299116,1.3572,0.18900400673739995,0.8109959932626001,1.1006837620560008,0
10,20211021,1.85,0.79,0.204785630299116,1.4615000000000002,0.18900400673739995,0.8109959932626001,1.1852706441532903,0
10,20211022,0.51,0.78,0.204785630299116,0.39780000000000004,0.18900400673739995,0.8109959932626001,0.32261420611986236,0
10,20211023,0.54,0.78,0.204785630299116,0.4212,0.18900400673739995,0.8109959932626001,0.3415915123622072,0
10,20211024,5.98,0.78,0.204785630299116,4.6644000000000005,0.18900400673739995,0.8109959932626001,3.7828097109740724,1
10,20211025,0.93,0.78,0.204785630299116,0.7254,0.18900400673739995,0.8109959932626001,0.5882964935126901,0
10,20211026,0.98,0.77,0.204785630299116,0.7546,0.18900400673739995,0.8109959932626001,0.6119775765159581,0
10,20211027,0.75,0.77,0.204785630299116,0.5775,0.18900400673739995,0.8109959932626001,0.4683501861091516,0
10,20211028,6.67,0.76,0.204785630299116,5.0692,0.18900400673739995,0.8109959932626001,4.111100889046773,1
10,20211029,25.07,0.79,0.204785630299116,19.805300000000003,0.18900400673739995,0.8109959932626001,16.062018945363775,1
10,20211030,17.88,0.83,0.204785630299116,14.840399999999999,0.18900400673739995,0.8109959932626001,12.03550493841429,1
10,20211031,16.09,0.83,0.204785630299116,13.3547,0.18900400673739995,0.8109959932626001,10.830608191224044,1
10,20211101,21.37,0.86,0.204785630299116,18.3782,0.18900400673739995,0.8109959932626001,14.904646563378716,1
10,20211102,23.68,0.88,0.204785630299116,20.8384,0.18900400673739995,0.8109959932626001,16.899858906003367,1
10,20211103,30.77,0.91,0.204785630299116,28.000700000000002,0.18900400673739995,0.8109959932626001,22.708455508548088,1
10,20211104,18.47,0.92,0.204785630299116,16.9924,0.18900400673739995,0.8109959932626001,13.780768315915406,1
10,20211105,16.95,0.92,0.204785630299116,15.594,0.18900400673739995,0.8109959932626001,12.646671518936985,1
10,20211106,49.77,0.94,0.204785630299116,46.7838,0.18900400673739995,0.8109959932626001,37.94147434959883,1
10,20211107,40.64,0.97,0.204785630299116,39.4208,0.18900400673739995,0.8109959932626001,31.970110851206304,1
10,20211108,36.4,0.98,0.204785630299116,35.672,0.18900400673739995,0.8109959932626001,28.92984907166347,1
10,20211109,16.97,0.98,0.204785630299116,16.630599999999998,0.18900400673739995,0.8109959932626001,13.487349965552996,1
10,20211110,84.05,0.99,0.204785630299116,83.20949999999999,0.18900400673739995,0.8109959932626001,67.48257110138431,1
10,20211111,75.19,1.0,0.204785630299116,75.19,0.18900400673739995,0.8109959932626001,60.978788733414895,1
10,20211112,3.63,0.99,0.204785630299116,3.5936999999999997,0.18900400673739995,0.8109959932626001,2.914476300987806,0
10,20211113,3.72,0.99,0.204785630299116,3.6828000000000003,0.18900400673739995,0.8109959932626001,2.986736043987504,0
10,20211114,4.74,0.99,0.204785630299116,4.6926000000000005,0.18900400673739995,0.8109959932626001,3.8056797979840775,1
10,20211115,4.57,0.99,0.204785630299116,4.5243,0.18900400673739995,0.8109959932626001,3.669189172317982,1
10,20211116,2.4,0.99,0.204785630299116,2.376,0.18900400673739995,0.8109959932626001,1.9269264799919377,0
10,20211117,11.0,0.99,0.204785630299116,10.89,0.18900400673739995,0.8109959932626001,8.831746366629716,1
10,20211118,74.21,1.0,0.204785630299116,74.21,0.18900400673739995,0.8109959932626001,60.184012660017544,1
10,20211119,20.62,1.0,0.204785630299116,20.62,0.18900400673739995,0.8109959932626001,16.722737381074815,1
10,20211120,16.63,1.0,0.204785630299116,16.63,0.18900400673739995,0.8109959932626001,13.486863367957039,1
10,20211121,7.5,1.0,0.204785630299116,7.5,0.18900400673739995,0.8109959932626001,6.082469949469501,1
10,20211122,5.0,0.99,0.204785630299116,4.95,0.18900400673739995,0.8109959932626001,4.014430166649871,1
10,20211123,2.29,0.99,0.204785630299116,2.2671,0.18900400673739995,0.8109959932626001,1.8386090163256408,0
10,20211124,2.87,0.99,0.204785630299116,2.8413,0.18900400673739995,0.8109959932626001,2.3042829156570255,0
10,20211125,18.25,0.99,0.204785630299116,18.0675,0.18900400673739995,0.8109959932626001,14.652670108272027,1
10,20211126,58.61,1.0,0.204785630299116,58.61,0.18900400673739995,0.8109959932626001,47.53247516512099,1
10,20211127,29.98,1.0,0.204785630299116,29.98,0.18900400673739995,0.8109959932626001,24.31365987801275,1
10,20211128,61.12,1.0,0.204785630299116,61.12,0.18900400673739995,0.8109959932626001,49.56807510821012,1
10,20211129,12.76,1.0,0.204785630299116,12.76,0.18900400673739995,0.8109959932626001,10.348308874030776,1
10,20211130,9.8,1.0,0.204785630299116,9.8,0.18900400673739995,0.8109959932626001,7.947760733973482,1
10,20211201,1.22,1.0,0.204785630299116,1.22,0.18900400673739995,0.8109959932626001,0.9894151117803721,0
10,20211202,0.03,1.0,0.204785630299116,0.03,0.18900400673739995,0.8109959932626001,0.024329879797878002,0
10,20211203,0.14,0.99,0.204785630299116,0.1386,0.18900400673739995,0.8109959932626001,0.11240404466619637,0
10,20211204,0.01,0.99,0.204785630299116,0.0099,0.18900400673739995,0.8109959932626001,0.00802886033329974,0
10,20211205,0.15,0.99,0.204785630299116,0.1485,0.18900400673739995,0.8109959932626001,0.1204329049994961,0
10,20211206,1.22,0.98,0.204785630299116,1.1956,0.18900400673739995,0.8109959932626001,0.9696268095447647,0
10,20211207,0.09,0.98,0.204785630299116,0.0882,0.18900400673739995,0.8109959932626001,0.07152984660576132,0
10,20211208,0.38,0.97,0.204785630299116,0.3686,0.18900400673739995,0.8109959932626001,0.29893312311659437,0
10,20211209,3.98,0.97,0.204785630299116,3.8606,0.18900400673739995,0.8109959932626001,3.130931131589594,0
10,20211210,2.35,0.97,0.204785630299116,2.2795,0.18900400673739995,0.8109959932626001,1.848665366642097,0
10,20211211,3.71,0.96,0.204785630299116,3.5616,0.18900400673739995,0.8109959932626001,2.888443329604076,0
10,20211212,6.0,0.96,0.204785630299116,5.76,0.18900400673739995,0.8109959932626001,4.671336921192577,1
10,20211213,6.87,0.96,0.204785630299116,6.5952,0.18900400673739995,0.8109959932626001,5.3486807747655005,1
10,20211214,2.34,0.96,0.204785630299116,2.2464,0.18900400673739995,0.8109959932626001,1.8218213992651047,0
10,20211215,1.6,0.95,0.204785630299116,1.52,0.18900400673739995,0.8109959932626001,1.2327139097591522,0
10,20211216,0.48,0.95,0.204785630299116,0.45599999999999996,0.18900400673739995,0.8109959932626001,0.3698141729277456,0
10,20211217,0.15,0.94,0.204785630299116,0.141,0.18900400673739995,0.8109959932626001,0.1143504350500266,0
10,20211218,0.0,0.93,0.204785630299116,0.0,0.18900400673739995,0.8109959932626001,0.0,0
10,20211219,0.0,0.93,0.204785630299116,0.0,0.18900400673739995,0.8109959932626001,0.0,0
10,20211220,0.0,0.92,0.204785630299116,0.0,0.18900400673739995,0.8109959932626001,0.0,0
10,20211221,0.0,0.92,0.204785630299116,0.0,0.18900400673739995,0.8109959932626001,0.0,0
10,20211222,0.0,0.91,0.204785630299116,0.0,0.18900400673739995,0.8109959932626001,0.0,0
10,20211223,0.0,0.9,0.204785630299116,0.0,0.18900400673739995,0.8109959932626001,0.0,0
10,20211224,0.0,0.9,0.204785630299116,0.0,0.18900400673739995,0.8109959932626001,0.0,0
10,20211225,0.0,0.89,0.204785630299116,0.0,0.18900400673739995,0.8109959932626001,0.0,0
10,20211226,0.0,0.88,0.204785630299116,0.0,0.18900400673739995,0.8109959932626001,0.0,0
10,20211227,0.41,0.88,0.204785630299116,0.36079999999999995,0.18900400673739995,0.8109959932626001,0.2926073543691461,0
10,20211228,0.87,0.87,0.204785630299116,0.7569,0.18900400673739995,0.8109959932626001,0.613842867300462,0
10,20211229,0.92,0.87,0.204785630299116,0.8004,0.18900400673739995,0.8109959932626001,0.6491211930073851,0
10,20211230,55.65,0.89,0.204785630299116,49.5285,0.18900400673739995,0.8109959932626001,40.16741505230669,1
10,20211231,42.52,0.96,0.204785630299116,40.8192,0.18900400673739995,0.8109959932626001,33.104207648184726,1
10,20220101,8.69,0.96,0.204785630299116,8.3424,0.18900400673739995,0.8109959932626001,6.765652974193914,1
10,20220102,0.5,0.95,0.204785630299116,0.475,0.18900400673739995,0.8109959932626001,0.38522309679973504,0
10,20220103,0.02,0.94,0.204785630299116,0.0188,0.18900400673739995,0.8109959932626001,0.015246724673336882,0
10,20220104,0.01,0.93,0.204785630299116,0.009300000000000001,0.18900400673739995,0.8109959932626001,0.007542262737342181,0
10,20220105,0.02,0.93,0.204785630299116,0.018600000000000002,0.18900400673739995,0.8109959932626001,0.015084525474684363,0
10,20220106,0.04,0.92,0.204785630299116,0.0368,0.18900400673739995,0.8109959932626001,0.029844652552063682,0
10,20220107,0.03,0.91,0.204785630299116,0.0273,0.18900400673739995,0.8109959932626001,0.022140190616068985,0
10,20220108,0.0,0.91,0.204785630299116,0.0,0.18900400673739995,0.8109959932626001,0.0,0
10,20220109,0.0,0.9,0.204785630299116,0.0,0.18900400673739995,0.8109959932626001,0.0,0
10,20220110,0.0,0.9,0.204785630299116,0.0,0.18900400673739995,0.8109959932626001,0.0,0
10,20220111,0.02,0.89,0.204785630299116,0.0178,0.18900400673739995,0.8109959932626001,0.014435728680074282,0
10,20220112,0.14,0.88,0.204785630299116,0.12320000000000002,0.18900400673739995,0.8109959932626001,0.09991470636995234,0
10,20220113,0.95,0.87,0.204785630299116,0.8265,0.18900400673739995,0.8109959932626001,0.6702881884315389,0
10,20220114,0.68,0.87,0.204785630299116,0.5916,0.18900400673739995,0.8109959932626001,0.4797852296141542,0
10,20220115,0.64,0.86,0.204785630299116,0.5504,0.18900400673739995,0.8109959932626001,0.44637219469173506,0
10,20220116,5.86,0.86,0.204785630299116,5.0396,0.18900400673739995,0.8109959932626001,4.087095407646199,1
10,20220117,6.17,0.86,0.204785630299116,5.3062,0.18900400673739995,0.8109959932626001,4.3033069394500085,1
10,20220118,1.52,0.86,0.204785630299116,1.3072,0.18900400673739995,0.8109959932626001,1.0601339623928707,0
10,20220119,0.47,0.85,0.204785630299116,0.39949999999999997,0.18900400673739995,0.8109959932626001,0.3239928993084087,0
10,20220120,0.0,0.85,0.204785630299116,0.0,0.18900400673739995,0.8109959932626001,0.0,0
10,20220121,0.0,0.84,0.204785630299116,0.0,0.18900400673739995,0.8109959932626001,0.0,0
10,20220122,0.0,0.83,0.204785630299116,0.0,0.18900400673739995,0.8109959932626001,0.0,0
10,20220123,0.59,0.83,0.204785630299116,0.48969999999999997,0.18900400673739995,0.8109959932626001,0.3971447379006952,0
10,20220124,3.1,0.83,0.204785630299116,2.573,0.18900400673739995,0.8109959932626001,2.08669269066467,0
10,20220125,1.19,0.82,0.204785630299116,0.9757999999999999,0.18900400673739995,0.8109959932626001,0.7913698902256451,0
10,20220126,0.7,0.82,0.204785630299116,0.574,0.18900400673739995,0.8109959932626001,0.4655117001327324,0
10,20220127,0.19,0.81,0.204785630299116,0.1539,0.18900400673739995,0.8109959932626001,0.12481228336311416,0
10,20220128,0.26,0.8,0.204785630299116,0.20800000000000002,0.18900400673739995,0.8109959932626001,0.16868716659862082,0
10,20220129,0.08,0.8,0.204785630299116,0.064,0.18900400673739995,0.8109959932626001,0.05190374356880641,0
10,20220130,0.0,0.79,0.204785630299116,0.0,0.18900400673739995,0.8109959932626001,0.0,0
10,20220131,0.0,0.78,0.204785630299116,0.0,0.18900400673739995,0.8109959932626001,0.0,0
10,20220201,0.0,0.78,0.204785630299116,0.0,0.18900400673739995,0.8109959932626001,0.0,0
10,20220202,0.0,0.77,0.204785630299116,0.0,0.18900400673739995,0.8109959932626001,0.0,0
10,20220203,0.0,0.76,0.204785630299116,0.0,0.18900400673739995,0.8109959932626001,0.0,0
10,20220204,0.0,0.76,0.204785630299116,0.0,0.18900400673739995,0.8109959932626001,0.0,0
10,20220205,0.04,0.75,0.204785630299116,0.03,0.18900400673739995,0.8109959932626001,0.024329879797878002,0
10,20220206,0.0,0.74,0.204785630299116,0.0,0.18900400673739995,0.8109959932626001,0.0,0
10,20220207,0.0,0.74,0.204785630299116,0.0,0.18900400673739995,0.8109959932626001,0.0,0
10,20220208,0.0,0.73,0.204785630299116,0.0,0.18900400673739995,0.8109959932626001,0.0,0
10,20220209,0.0,0.72,0.204785630299116,0.0,0.18900400673739995,0.8109959932626001,0.0,0
10,20220210,0.13,0.72,0.204785630299116,0.0936,0.18900400673739995,0.8109959932626001,0.07590922496937937,0
10,20220211,0.25,0.71,0.204785630299116,0.1775,0.18900400673739995,0.8109959932626001,0.1439517888041115,0
10,20220212,0.07,0.71,0.204785630299116,0.0497,0.18900400673739995,0.8109959932626001,0.040306500865151224,0
10,20220213,0.0,0.7,0.204785630299116,0.0,0.18900400673739995,0.8109959932626001,0.0,0
10,20220214,0.03,0.69,0.204785630299116,0.020699999999999996,0.18900400673739995,0.8109959932626001,0.016787617060535817,0
10,20220215,0.01,0.69,0.204785630299116,0.0069,0.18900400673739995,0.8109959932626001,0.00559587235351194,0
10,20220216,0.0,0.68,0.204785630299116,0.0,0.18900400673739995,0.8109959932626001,0.0,0
10,20220217,0.0,0.68,0.204785630299116,0.0,0.18900400673739995,0.8109959932626001,0.0,0
10,20220218,0.0,0.67,0.204785630299116,0.0,0.18900400673739995,0.8109959932626001,0.0,0
10,20220219,0.0,0.67,0.204785630299116,0.0,0.18900400673739995,0.8109959932626001,0.0,0
10,20220220,0.0,0.66,0.204785630299116,0.0,0.18900400673739995,0.8109959932626001,0.0,0
10,20220221,0.0,0.66,0.204785630299116,0.0,0.18900400673739995,0.8109959932626001,0.0,0
10,20220222,0.03,0.65,0.204785630299116,0.0195,0.18900400673739995,0.8109959932626001,0.015814421868620702,0
10,20220223,0.0,0.65,0.204785630299116,0.0,0.18900400673739995,0.8109959932626001,0.0,0
10,20220224,0.0,0.64,0.204785630299116,0.0,0.18900400673739995,0.8109959932626001,0.0,0
10,20220225,0.0,0.64,0.204785630299116,0.0,0.18900400673739995,0.8109959932626001,0.0,0
10,20220226,0.01,0.63,0.204785630299116,0.0063,0.18900400673739995,0.8109959932626001,0.005109274757554381,0
10,20220227,0.0,0.63,0.204785630299116,0.0,0.18900400673739995,0.8109959932626001,0.0,0
10,20220228,0.0,0.62,0.204785630299116,0.0,0.18900400673739995,0.8109959932626001,0.0,0
10,20220301,0.0,0.62,0.204785630299116,0.0,0.18900400673739995,0.8109959932626001,0.0,0
10,20220302,0.0,0.61,0.204785630299116,0.0,0.18900400673739995,0.8109959932626001,0.0,0
10,20220303,0.0,0.61,0.204785630299116,0.0,0.18900400673739995,0.8109959932626001,0.0,0
10,20220304,0.06,0.61,0.204785630299116,0.0366,0.18900400673739995,0.8109959932626001,0.029682453353411162,0
10,20220305,0.01,0.6,0.204785630299116,0.006,0.18900400673739995,0.8109959932626001,0.0048659759595756,0
10,20220306,0.89,0.6,0.204785630299116,0.534,0.18900400673739995,0.8109959932626001,0.43307186040222845,0
10,20220307,0.21,0.6,0.204785630299116,0.126,0.18900400673739995,0.8109959932626001,0.10218549515108762,0
10,20220308,0.0,0.59,0.204785630299116,0.0,0.18900400673739995,0.8109959932626001,0.0,0
10,20220309,0.0,0.59,0.204785630299116,0.0,0.18900400673739995,0.8109959932626001,0.0,0
10,20220310,0.0,0.59,0.204785630299116,0.0,0.18900400673739995,0.8109959932626001,0.0,0
10,20220311,0.0,0.58,0.204785630299116,0.0,0.18900400673739995,0.8109959932626001,0.0,0
10,20220312,0.0,0.58,0.204785630299116,0.0,0.18900400673739995,0.8109959932626001,0.0,0
10,20220313,0.01,0.57,0.204785630299116,0.005699999999999999,0.18900400673739995,0.8109959932626001,0.00462267716159682,0
10,20220314,0.0,0.57,0.204785630299116,0.0,0.18900400673739995,0.8109959932626001,0.0,0
10,20220315,0.0,0.57,0.204785630299116,0.0,0.18900400673739995,0.8109959932626001,0.0,0
10,20220316,0.0,0.56,0.204785630299116,0.0,0.18900400673739995,0.8109959932626001,0.0,0
10,20220317,0.0,0.56,0.204785630299116,0.0,0.18900400673739995,0.8109959932626001,0.0,0
10,20220318,0.0,0.55,0.204785630299116,0.0,0.18900400673739995,0.8109959932626001,0.0,0
10,20220319,0.01,0.55,0.204785630299116,0.0055000000000000005,0.18900400673739995,0.8109959932626001,0.004460477962944301,0
10,20220320,0.08,0.55,0.204785630299116,0.044000000000000004,0.18900400673739995,0.8109959932626001,0.035683823703554406,0
10,20220321,0.49,0.55,0.204785630299116,0.2695,0.18900400673739995,0.8109959932626001,0.21856342018427075,0
10,20220322,0.87,0.55,0.204785630299116,0.47850000000000004,0.18900400673739995,0.8109959932626001,0.38806158277615416,0
10,20220323,0.01,0.54,0.204785630299116,0.0054,0.18900400673739995,0.8109959932626001,0.004379378363618041,0
10,20220324,0.01,0.54,0.204785630299116,0.0054,0.18900400673739995,0.8109959932626001,0.004379378363618041,0
10,20220325,0.0,0.54,0.204785630299116,0.0,0.18900400673739995,0.8109959932626001,0.0,0
10,20220326,0.0,0.53,0.204785630299116,0.0,0.18900400673739995,0.8109959932626001,0.0,0
10,20220327,0.0,0.53,0.204785630299116,0.0,0.18900400673739995,0.8109959932626001,0.0,0
10,20220328,0.0,0.53,0.204785630299116,0.0,0.18900400673739995,0.8109959932626001,0.0,0
10,20220329,0.0,0.53,0.204785630299116,0.0,0.18900400673739995,0.8109959932626001,0.0,0
10,20220330,0.0,0.53,0.204785630299116,0.0,0.18900400673739995,0.8109959932626001,0.0,0
10,20220331,0.01,0.52,0.204785630299116,0.005200000000000001,0.18900400673739995,0.8109959932626001,0.004217179164965521,0
10,20220401,0.0,0.52,0.204785630299116,0.0,0.18900400673739995,0.8109959932626001,0.0,0
10,20220402,0.01,0.52,0.204785630299116,0.005200000000000001,0.18900400673739995,0.8109959932626001,0.004217179164965521,0
10,20220403,0.0,0.52,0.204785630299116,0.0,0.18900400673739995,0.8109959932626001,0.0,0
10,20220404,0.01,0.52,0.204785630299116,0.005200000000000001,0.18900400673739995,0.8109959932626001,0.004217179164965521,0
10,20220405,0.0,0.52,0.204785630299116,0.0,0.18900400673739995,0.8109959932626001,0.0,0
10,20220406,0.05,0.52,0.204785630299116,0.026000000000000002,0.18900400673739995,0.8109959932626001,0.021085895824827602,0
10,20220407,0.1,0.52,0.204785630299116,0.052000000000000005,0.18900400673739995,0.8109959932626001,0.042171791649655205,0
10,20220408,0.14,0.52,0.204785630299116,0.0728,0.18900400673739995,0.8109959932626001,0.059040508309517285,0
10,20220409,0.14,0.52,0.204785630299116,0.0728,0.18900400673739995,0.8109959932626001,0.059040508309517285,0
10,20220410,0.66,0.52,0.204785630299116,0.3432,0.18900400673739995,0.8109959932626001,0.27833382488772435,0
10,20220411,0.26,0.52,0.204785630299116,0.13520000000000001,0.18900400673739995,0.8109959932626001,0.10964665828910354,0
10,20220412,0.07,0.52,0.204785630299116,0.0364,0.18900400673739995,0.8109959932626001,0.029520254154758643,0
10,20220413,0.11,0.52,0.204785630299116,0.0572,0.18900400673739995,0.8109959932626001,0.04638897081462073,0
10,20220414,0.02,0.52,0.204785630299116,0.010400000000000001,0.18900400673739995,0.8109959932626001,0.008434358329931042,0
10,20220415,0.02,0.52,0.204785630299116,0.010400000000000001,0.18900400673739995,0.8109959932626001,0.008434358329931042,0
10,20220416,0.03,0.52,0.204785630299116,0.0156,0.18900400673739995,0.8109959932626001,0.01265153749489656,0
10,20220417,0.42,0.52,0.204785630299116,0.2184,0.18900400673739995,0.8109959932626001,0.17712152492855188,0
10,20220418,0.33,0.52,0.204785630299116,0.1716,0.18900400673739995,0.8109959932626001,0.13916691244386217,0
10,20220419,0.03,0.52,0.204785630299116,0.0156,0.18900400673739995,0.8109959932626001,0.01265153749489656,0
10,20220420,0.02,0.52,0.204785630299116,0.010400000000000001,0.18900400673739995,0.8109959932626001,0.008434358329931042,0
10,20220421,0.01,0.52,0.204785630299116,0.005200000000000001,0.18900400673739995,0.8109959932626001,0.004217179164965521,0
10,20220422,0.02,0.51,0.204785630299116,0.0102,0.18900400673739995,0.8109959932626001,0.008272159131278522,0
10,20220423,0.04,0.51,0.204785630299116,0.0204,0.18900400673739995,0.8109959932626001,0.016544318262557044,0
10,20220424,0.0,0.51,0.204785630299116,0.0,0.18900400673739995,0.8109959932626001,0.0,0
10,20220425,0.0,0.51,0.204785630299116,0.0,0.18900400673739995,0.8109959932626001,0.0,0
10,20220426,0.0,0.51,0.204785630299116,0.0,0.18900400673739995,0.8109959932626001,0.0,0
10,20220427,0.0,0.51,0.204785630299116,0.0,0.18900400673739995,0.8109959932626001,0.0,0
10,20220428,0.0,0.51,0.204785630299116,0.0,0.18900400673739995,0.8109959932626001,0.0,0
10,20220429,0.02,0.51,0.204785630299116,0.0102,0.18900400673739995,0.8109959932626001,0.008272159131278522,0
10,20220430,0.01,0.51,0.204785630299116,0.0051,0.18900400673739995,0.8109959932626001,0.004136079565639261,0
10,20220501,0.38,0.51,0.204785630299116,0.1938,0.18900400673739995,0.8109959932626001,0.1571710234942919,0
10,20220502,0.99,0.51,0.204785630299116,0.5049,0.18900400673739995,0.8109959932626001,0.4094718769982868,0
10,20220503,0.48,0.52,0.204785630299116,0.2496,0.18900400673739995,0.8109959932626001,0.20242459991834497,0
10,20220504,1.98,0.52,0.204785630299116,1.0296,0.18900400673739995,0.8109959932626001,0.8350014746631731,0
10,20220505,1.93,0.52,0.204785630299116,1.0036,0.18900400673739995,0.8109959932626001,0.8139155788383455,0
10,20220506,4.02,0.52,0.204785630299116,2.0904,0.18900400673739995,0.8109959932626001,1.695306024316139,0
10,20220507,8.16,0.54,0.204785630299116,4.4064000000000005,0.18900400673739995,0.8109959932626001,3.5735727447123216,1
10,20220508,0.52,0.54,0.204785630299116,0.28080000000000005,0.18900400673739995,0.8109959932626001,0.22772767490813814,0
10,20220509,1.28,0.53,0.204785630299116,0.6784,0.18900400673739995,0.8109959932626001,0.5501796818293478,0
10,20220510,10.74,0.54,0.204785630299116,5.799600000000001,0.18900400673739995,0.8109959932626001,4.703452362525776,1
10,20220511,6.44,0.55,0.204785630299116,3.5420000000000007,0.18900400673739995,0.8109959932626001,2.87254780813613,0
10,20220512,8.99,0.55,0.204785630299116,4.944500000000001,0.18900400673739995,0.8109959932626001,4.009969688686927,1
10,20220513,1.16,0.57,0.204785630299116,0.6611999999999999,0.18900400673739995,0.8109959932626001,0.5362305507452311,0
10,20220514,1.15,0.56,0.204785630299116,0.644,0.18900400673739995,0.8109959932626001,0.5222814196611144,0
10,20220515,7.5,0.56,0.204785630299116,4.2,0.18900400673739995,0.8109959932626001,3.4061831717029203,1
10,20220516,6.12,0.58,0.204785630299116,3.5496,0.18900400673739995,0.8109959932626001,2.878711377684925,0
10,20220517,2.55,0.58,0.204785630299116,1.4789999999999999,0.18900400673739995,0.8109959932626001,1.1994630740353853,0
10,20220518,1.4,0.58,0.204785630299116,0.8119999999999999,0.18900400673739995,0.8109959932626001,0.6585287465292312,0
10,20220519,0.45,0.57,0.204785630299116,0.2565,0.18900400673739995,0.8109959932626001,0.20802047227185694,0
10,20220520,0.4,0.57,0.204785630299116,0.22799999999999998,0.18900400673739995,0.8109959932626001,0.1849070864638728,0
10,20220521,0.02,0.56,0.204785630299116,0.011200000000000002,0.18900400673739995,0.8109959932626001,0.009083155124541123,0
10,20220522,0.03,0.56,0.204785630299116,0.016800000000000002,0.18900400673739995,0.8109959932626001,0.013624732686811683,0
10,20220523,0.01,0.55,0.204785630299116,0.0055000000000000005,0.18900400673739995,0.8109959932626001,0.004460477962944301,0
10,20220524,0.07,0.55,0.204785630299116,0.038500000000000006,0.18900400673739995,0.8109959932626001,0.031223345740610108,0
10,20220525,2.43,0.55,0.204785630299116,1.3365000000000002,0.18900400673739995,0.8109959932626001,1.0838961449954652,0
10,20220526,3.13,0.55,0.204785630299116,1.7215,0.18900400673739995,0.8109959932626001,1.3961296024015661,0
10,20220527,1.93,0.55,0.204785630299116,1.0615,0.18900400673739995,0.8109959932626001,0.86087224684825,0
10,20220528,0.08,0.55,0.204785630299116,0.044000000000000004,0.18900400673739995,0.8109959932626001,0.035683823703554406,0
10,20220529,0.13,0.54,0.204785630299116,0.07020000000000001,0.18900400673739995,0.8109959932626001,0.056931918727034535,0
10,20220530,0.09,0.54,0.204785630299116,0.048600000000000004,0.18900400673739995,0.8109959932626001,0.03941440527256237,0
10,20220531,0.03,0.54,0.204785630299116,0.0162,0.18900400673739995,0.8109959932626001,0.01313813509085412,0
10,20220601,0.01,0.53,0.204785630299116,0.0053,0.18900400673739995,0.8109959932626001,0.00429827876429178,0
10,20220602,0.0,0.53,0.204785630299116,0.0,0.18900400673739995,0.8109959932626001,0.0,0
10,20220603,0.01,0.53,0.204785630299116,0.0053,0.18900400673739995,0.8109959932626001,0.00429827876429178,0
10,20220604,0.01,0.53,0.204785630299116,0.0053,0.18900400673739995,0.8109959932626001,0.00429827876429178,0
10,20220605,1.81,0.53,0.204785630299116,0.9593,0.18900400673739995,0.8109959932626001,0.7779884563368122,0
10,20220606,3.7,0.53,0.204785630299116,1.9610000000000003,0.18900400673739995,0.8109959932626001,1.590363142787959,0
10,20220607,2.57,0.53,0.204785630299116,1.3621,0.18900400673739995,0.8109959932626001,1.1046576424229877,0
10,20220608,0.38,0.53,0.204785630299116,0.20140000000000002,0.18900400673739995,0.8109959932626001,0.16333459304308767,0
10,20220609,0.26,0.53,0.204785630299116,0.1378,0.18900400673739995,0.8109959932626001,0.11175524787158629,0
10,20220610,0.21,0.53,0.204785630299116,0.1113,0.18900400673739995,0.8109959932626001,0.09026385405012738,0
10,20220611,1.31,0.53,0.204785630299116,0.6943,0.18900400673739995,0.8109959932626001,0.5630745181222233,0
10,20220612,1.97,0.53,0.204785630299116,1.0441,0.18900400673739995,0.8109959932626001,0.8467609165654808,0
10,20220613,1.48,0.53,0.204785630299116,0.7844,0.18900400673739995,0.8109959932626001,0.6361452571151834,0
10,20220614,1.54,0.53,0.204785630299116,0.8162,0.18900400673739995,0.8109959932626001,0.6619349297009343,0
10,20220615,8.16,0.54,0.204785630299116,4.4064000000000005,0.18900400673739995,0.8109959932626001,3.5735727447123216,1
10,20220616,8.64,0.55,0.204785630299116,4.752000000000001,0.18900400673739995,0.8109959932626001,3.8538529599838762,1
10,20220617,7.47,0.56,0.204785630299116,4.1832,0.18900400673739995,0.8109959932626001,3.392558439016109,0
10,20220618,4.74,0.56,0.204785630299116,2.6544000000000003,0.18900400673739995,0.8109959932626001,2.152707764516246,0
10,20220619,28.85,0.59,0.204785630299116,17.0215,0.18900400673739995,0.8109959932626001,13.804368299319346,1
10,20220620,18.31,0.64,0.204785630299116,11.718399999999999,0.18900400673739995,0.8109959932626001,9.503575447448451,1
10,20220621,23.54,0.66,0.204785630299116,15.5364,0.18900400673739995,0.8109959932626001,12.59995814972506,1
10,20220622,9.51,0.68,0.204785630299116,6.4668,0.18900400673739995,0.8109959932626001,5.2445488892305825,1
10,20220623,3.63,0.67,0.204785630299116,2.4321,0.18900400673739995,0.8109959932626001,1.9724233552139698,0
10,20220624,2.55,0.67,0.204785630299116,1.7085,0.18900400673739995,0.8109959932626001,1.3855866544891522,0
10,20220625,1.99,0.67,0.204785630299116,1.3333000000000002,0.18900400673739995,0.8109959932626001,1.0813009578170247,0
10,20220626,0.65,0.66,0.204785630299116,0.42900000000000005,0.18900400673739995,0.8109959932626001,0.3479172811096555,0
10,20220627,2.44,0.65,0.204785630299116,1.586,0.18900400673739995,0.8109959932626001,1.2862396453144838,0
10,20220628,2.59,0.66,0.204785630299116,1.7094,0.18900400673739995,0.8109959932626001,1.3863165508830886,0
10,20220629,5.16,0.65,0.204785630299116,3.354,0.18900400673739995,0.8109959932626001,2.7200805614027606,0
10,20220630,5.14,0.66,0.204785630299116,3.3924,0.18900400673739995,0.8109959932626001,2.7512228075440444,0
10,20220701,4.5,0.66,0.204785630299116,2.97,0.18900400673739995,0.8109959932626001,2.4086580999899225,0
10,20220702,3.0,0.66,0.204785630299116,1.98,0.18900400673739995,0.8109959932626001,1.6057720666599482,0
10,20220703,3.04,0.66,0.204785630299116,2.0064,0.18900400673739995,0.8109959932626001,1.627182360882081,0
10,20220704,3.24,0.66,0.204785630299116,2.1384000000000003,0.18900400673739995,0.8109959932626001,1.7342338319927442,0
10,20220705,6.45,0.66,0.204785630299116,4.257000000000001,0.18900400673739995,0.8109959932626001,3.452409943318889,1
10,20220706,4.59,0.67,0.204785630299116,3.0753,0.18900400673739995,0.8109959932626001,2.494055978080474,0
10,20220707,1.75,0.66,0.204785630299116,1.155,0.18900400673739995,0.8109959932626001,0.9367003722183032,0
10,20220708,3.76,0.66,0.204785630299116,2.4816,0.18900400673739995,0.8109959932626001,2.012567656880468,0
10,20220709,2.01,0.66,0.204785630299116,1.3266,0.18900400673739995,0.8109959932626001,1.0758672846621653,0
10,20220710,2.79,0.66,0.204785630299116,1.8414000000000001,0.18900400673739995,0.8109959932626001,1.493368021993752,0
10,20220711,1.15,0.65,0.204785630299116,0.7474999999999999,0.18900400673739995,0.8109959932626001,0.6062195049637935,0
10,20220712,1.38,0.65,0.204785630299116,0.8969999999999999,0.18900400673739995,0.8109959932626001,0.7274634059565522,0
10,20220713,2.29,0.65,0.204785630299116,1.4885000000000002,0.18900400673739995,0.8109959932626001,1.2071675359713803,0
10,20220714,0.31,0.64,0.204785630299116,0.1984,0.18900400673739995,0.8109959932626001,0.16090160506329984,0
10,20220715,0.09,0.63,0.204785630299116,0.0567,0.18900400673739995,0.8109959932626001,0.045983472817989424,0
10,20220716,5.09,0.63,0.204785630299116,3.2067,0.18900400673739995,0.8109959932626001,2.60062085159518,0
10,20220717,9.42,0.65,0.204785630299116,6.123,0.18900400673739995,0.8109959932626001,4.9657284667469,1
10,20220718,2.0,0.65,0.204785630299116,1.3,0.18900400673739995,0.8109959932626001,1.05429479124138,0
10,20220719,0.94,0.64,0.204785630299116,0.6016,0.18900400673739995,0.8109959932626001,0.48789518954678024,0
10,20220720,10.14,0.65,0.204785630299116,6.591,0.18900400673739995,0.8109959932626001,5.345274591593797,1
10,20220721,5.89,0.66,0.204785630299116,3.8874,0.18900400673739995,0.8109959932626001,3.1526658242090315,0
10,20220722,15.58,0.68,0.204785630299116,10.5944,0.18900400673739995,0.8109959932626001,8.59201595102129,1
10,20220723,1.46,0.68,0.204785630299116,0.9928,0.18900400673739995,0.8109959932626001,0.8051568221111094,0
10,20220724,3.4,0.68,0.204785630299116,2.3120000000000003,0.18900400673739995,0.8109959932626001,1.8750227364231316,0
10,20220725,3.46,0.68,0.204785630299116,2.3528000000000002,0.18900400673739995,0.8109959932626001,1.9081113729482457,0
10,20220726,7.74,0.69,0.204785630299116,5.340599999999999,0.18900400673739995,0.8109959932626001,4.331205201618242,1
10,20220727,0.2,0.68,0.204785630299116,0.136,0.18900400673739995,0.8109959932626001,0.11029545508371362,0
10,20220728,0.75,0.68,0.204785630299116,0.51,0.18900400673739995,0.8109959932626001,0.41360795656392607,0
10,20220729,0.73,0.68,0.204785630299116,0.4964,0.18900400673739995,0.8109959932626001,0.4025784110555547,0
10,20220730,1.37,0.67,0.204785630299116,0.9179000000000002,0.18900400673739995,0.8109959932626001,0.7444132222157407,0
10,20220731,4.17,0.67,0.204785630299116,2.7939000000000003,0.18900400673739995,0.8109959932626001,2.2658417055763787,0
10,20220801,8.36,0.67,0.204785630299116,5.6011999999999995,0.18900400673739995,0.8109959932626001,4.542550757462475,1
10,20220802,6.98,0.68,0.204785630299116,4.7464,0.18900400673739995,0.8109959932626001,3.849311382421605,1
11,20210902,7.02,0.73,0.164843314211324,5.124599999999999,0.15213980992858223,0.8478601900714178,4.344944330039986,1
11,20210903,8.8,0.73,0.164843314211324,6.424,0.15213980992858223,0.8478601900714178,5.446653861018788,1
11,20210904,12.16,0.74,0.164843314211324,8.9984,0.15213980992858223,0.8478601900714178,7.629385134338646,1
11,20210905,7.22,0.75,0.164843314211324,5.415,0.15213980992858223,0.8478601900714178,4.591162929236727,1
11,20210906,6.91,0.75,0.164843314211324,5.1825,0.15213980992858223,0.8478601900714178,4.394035435045122,1
11,20210907,0.43,0.75,0.164843314211324,0.3225,0.15213980992858223,0.8478601900714178,0.2734349112980322,0
11,20210908,0.06,0.74,0.164843314211324,0.044399999999999995,0.15213980992858223,0.8478601900714178,0.037644992439170945,0
11,20210909,0.15,0.74,0.164843314211324,0.111,0.15213980992858223,0.8478601900714178,0.09411248109792737,0
11,20210910,0.53,0.73,0.164843314211324,0.3869,0.15213980992858223,0.8478601900714178,0.3280371075386316,0
11,20210911,0.06,0.73,0.164843314211324,0.0438,0.15213980992858223,0.8478601900714178,0.037136276325128094,0
11,20210912,0.17,0.72,0.164843314211324,0.12240000000000001,0.15213980992858223,0.8478601900714178,0.10377808726474154,0
11,20210913,0.05,0.72,0.164843314211324,0.036,0.15213980992858223,0.8478601900714178,0.030522966842571036,0
11,20210914,0.04,0.71,0.164843314211324,0.028399999999999998,0.15213980992858223,0.8478601900714178,0.024079229398028264,0
11,20210915,1.77,0.71,0.164843314211324,1.2567,0.15213980992858223,0.8478601900714178,1.0655059008627508,0
11,20210916,2.6,0.71,0.164843314211324,1.8459999999999999,0.15213980992858223,0.8478601900714178,1.5651499108718372,0
11,20210917,1.42,0.71,0.164843314211324,1.0082,0.15213980992858223,0.8478601900714178,0.8548126436300034,0
11,20210918,5.01,0.71,0.164843314211324,3.5570999999999997,0.15213980992858223,0.8478601900714178,3.01592348210304,0
11,20210919,6.04,0.71,0.164843314211324,4.2884,0.15213980992858223,0.8478601900714178,3.6359636391022683,1
11,20210920,3.03,0.71,0.164843314211324,2.1512999999999995,0.15213980992858223,0.8478601900714178,1.8240016269006407,0
11,20210921,4.59,0.71,0.164843314211324,3.2588999999999997,0.15213980992858223,0.8478601900714178,2.763091573423743,0
11,20210922,21.25,0.74,0.164843314211324,15.725,0.15213980992858223,0.8478601900714178,13.332601488873044,1
11,20210923,1.37,0.74,0.164843314211324,1.0138,0.15213980992858223,0.8478601900714178,0.8595606606944034,0
11,20210924,1.87,0.74,0.164843314211324,1.3838000000000001,0.15213980992858223,0.8478601900714178,1.173268931020828,0
11,20210925,7.28,0.73,0.164843314211324,5.3144,0.15213980992858223,0.8478601900714178,4.505868194115543,1
11,20210926,7.13,0.75,0.164843314211324,5.3475,0.15213980992858223,0.8478601900714178,4.533932366406907,1
11,20210927,0.08,0.74,0.164843314211324,0.0592,0.15213980992858223,0.8478601900714178,0.05019332325222793,0
11,20210928,2.25,0.73,0.164843314211324,1.6425,0.15213980992858223,0.8478601900714178,1.3926103621923038,0
11,20210929,1.48,0.73,0.164843314211324,1.0804,0.15213980992858223,0.8478601900714178,0.9160281493531598,0
11,20210930,3.93,0.73,0.164843314211324,2.8689,0.15213980992858223,0.8478601900714178,2.4324260992958906,0
11,20211001,2.28,0.73,0.164843314211324,1.6643999999999999,0.15213980992858223,0.8478601900714178,1.4111785003548676,0
11,20211002,5.59,0.73,0.164843314211324,4.0807,0.15213980992858223,0.8478601900714178,3.459863077624435,1
11,20211003,4.45,0.73,0.164843314211324,3.2485,0.15213980992858223,0.8478601900714178,2.7542738274470007,0
11,20211004,4.71,0.73,0.164843314211324,3.4383,0.15213980992858223,0.8478601900714178,2.9151976915225557,0
11,20211005,37.11,0.76,0.164843314211324,28.2036,0.15213980992858223,0.8478601900714178,23.91270965669824,1
11,20211006,8.39,0.79,0.164843314211324,6.628100000000001,0.15213980992858223,0.8478601900714178,5.619702125812365,1
11,20211007,3.17,0.79,0.164843314211324,2.5043,0.15213980992858223,0.8478601900714178,2.1232962739958516,0
11,20211008,3.81,0.78,0.164843314211324,2.9718,0.15213980992858223,0.8478601900714178,2.5196709128542394,0
11,20211009,5.3,0.78,0.164843314211324,4.134,0.15213980992858223,0.8478601900714178,3.5050540257552414,1
11,20211010,9.41,0.79,0.164843314211324,7.4339,0.15213980992858223,0.8478601900714178,6.302907866971913,1
11,20211011,4.31,0.8,0.164843314211324,3.448,0.15213980992858223,0.8478601900714178,2.9234219353662483,0
11,20211012,4.16,0.79,0.164843314211324,3.2864000000000004,0.15213980992858223,0.8478601900714178,2.786407728650708,0
11,20211013,6.49,0.8,0.164843314211324,5.192,0.15213980992858223,0.8478601900714178,4.402090106850801,1
11,20211014,0.24,0.79,0.164843314211324,0.1896,0.15213980992858223,0.8478601900714178,0.1607542920375408,0
11,20211015,2.84,0.79,0.164843314211324,2.2436,0.15213980992858223,0.8478601900714178,1.9022591224442327,0
11,20211016,1.62,0.79,0.164843314211324,1.2798,0.15213980992858223,0.8478601900714178,1.0850914712534006,0
11,20211017,3.02,0.79,0.164843314211324,2.3858,0.15213980992858223,0.8478601900714178,2.0228248414723886,0
11,20211018,0.37,0.79,0.164843314211324,0.2923,0.15213980992858223,0.8478601900714178,0.24782953355787543,0
11,20211019,3.3,0.78,0.164843314211324,2.574,0.15213980992858223,0.8478601900714178,2.182392129243829,0
11,20211020,1.74,0.78,0.164843314211324,1.3572,0.15213980992858223,0.8478601900714178,1.1507158499649282,0
11,20211021,1.85,0.79,0.164843314211324,1.4615000000000002,0.15213980992858223,0.8478601900714178,1.2391476677893773,0
11,20211022,0.51,0.78,0.164843314211324,0.39780000000000004,0.15213980992858223,0.8478601900714178,0.33727878361041,0
11,20211023,0.54,0.78,0.164843314211324,0.4212,0.15213980992858223,0.8478601900714178,0.35711871205808116,0
11,20211024,5.98,0.78,0.164843314211324,4.6644000000000005,0.15213980992858223,0.8478601900714178,3.9547590705691213,1
11,20211025,0.93,0.78,0.164843314211324,0.7254,0.15213980992858223,0.8478601900714178,0.6150377818778064,0
11,20211026,0.98,0.77,0.164843314211324,0.7546,0.15213980992858223,0.8478601900714178,0.6397952994278919,0
11,20211027,0.75,0.77,0.164843314211324,0.5775,0.15213980992858223,0.8478601900714178,0.4896392597662438,0
11,20211028,6.67,0.76,0.164843314211324,5.0692,0.15213980992858223,0.8478601900714178,4.297972875510031,1
11,20211029,25.07,0.79,0.164843314211324,19.805300000000003,0.15213980992858223,0.8478601900714178,16.792125422421453,1
11,20211030,17.88,0.83,0.164843314211324,14.840399999999999,0.15213980992858223,0.8478601900714178,12.582584364735867,1
11,20211031,16.09,0.83,0.164843314211324,13.3547,0.15213980992858223,0.8478601900714178,11.322918480346763,1
11,20211101,21.37,0.86,0.164843314211324,18.3782,0.15213980992858223,0.8478601900714178,15.58214414517053,1
11,20211102,23.68,0.88,0.164843314211324,20.8384,0.15213980992858223,0.8478601900714178,17.668049784784234,1
11,20211103,30.77,0.91,0.164843314211324,28.000700000000002,0.15213980992858223,0.8478601900714178,23.74067882413275,1
11,20211104,18.47,0.92,0.164843314211324,16.9924,0.15213980992858223,0.8478601900714178,14.40717949376956,1
11,20211105,16.95,0.92,0.164843314211324,15.594,0.15213980992858223,0.8478601900714178,13.221531803973688,1
11,20211106,49.77,0.94,0.164843314211324,46.7838,0.15213980992858223,0.8478601900714178,39.66612156026319,1
11,20211107,40.64,0.97,0.164843314211324,39.4208,0.15213980992858223,0.8478601900714178,33.42332698076734,1
11,20211108,36.4,0.98,0.164843314211324,35.672,0.15213980992858223,0.8478601900714178,30.244868700227613,1
11,20211109,16.97,0.98,0.164843314211324,16.630599999999998,0.15213980992858223,0.8478601900714178,14.100423677001718,1
11,20211110,84.05,0.99,0.164843314211324,83.20949999999999,0.15213980992858223,0.8478601900714178,70.55002248574763,1
11,20211111,75.19,1.0,0.164843314211324,75.19,0.15213980992858223,0.8478601900714178,63.7506076914699,1
11,20211112,3.63,0.99,0.164843314211324,3.5936999999999997,0.15213980992858223,0.8478601900714178,3.0469551650596536,0
11,20211113,3.72,0.99,0.164843314211324,3.6828000000000003,0.15213980992858223,0.8478601900714178,3.1224995079950175,0
11,20211114,4.74,0.99,0.164843314211324,4.6926000000000005,0.15213980992858223,0.8478601900714178,3.9786687279291355,1
11,20211115,4.57,0.99,0.164843314211324,4.5243,0.15213980992858223,0.8478601900714178,3.8359738579401155,1
11,20211116,2.4,0.99,0.164843314211324,2.376,0.15213980992858223,0.8478601900714178,2.0145158116096886,0
11,20211117,11.0,0.99,0.164843314211324,10.89,0.15213980992858223,0.8478601900714178,9.23319746987774,1
11,20211118,74.21,1.0,0.164843314211324,74.21,0.15213980992858223,0.8478601900714178,62.919704705199905,1
11,20211119,20.62,1.0,0.164843314211324,20.62,0.15213980992858223,0.8478601900714178,17.482877119272636,1
11,20211120,16.63,1.0,0.164843314211324,16.63,0.15213980992858223,0.8478601900714178,14.099914960887677,1
11,20211121,7.5,1.0,0.164843314211324,7.5,0.15213980992858223,0.8478601900714178,6.358951425535634,1
11,20211122,5.0,0.99,0.164843314211324,4.95,0.15213980992858223,0.8478601900714178,4.196907940853518,1
11,20211123,2.29,0.99,0.164843314211324,2.2671,0.15213980992858223,0.8478601900714178,1.9221838369109114,0
11,20211124,2.87,0.99,0.164843314211324,2.8413,0.15213980992858223,0.8478601900714178,2.409025158049919,0
11,20211125,18.25,0.99,0.164843314211324,18.0675,0.15213980992858223,0.8478601900714178,15.31871398411534,1
11,20211126,58.61,1.0,0.164843314211324,58.61,0.15213980992858223,0.8478601900714178,49.69308574008579,1
11,20211127,29.98,1.0,0.164843314211324,29.98,0.15213980992858223,0.8478601900714178,25.418848498341106,1
11,20211128,61.12,1.0,0.164843314211324,61.12,0.15213980992858223,0.8478601900714178,51.82121481716505,1
11,20211129,12.76,1.0,0.164843314211324,12.76,0.15213980992858223,0.8478601900714178,10.81869602531129,1
11,20211130,9.8,1.0,0.164843314211324,9.8,0.15213980992858223,0.8478601900714178,8.309029862699894,1
11,20211201,1.22,1.0,0.164843314211324,1.22,0.15213980992858223,0.8478601900714178,1.0343894318871296,0
11,20211202,0.03,1.0,0.164843314211324,0.03,0.15213980992858223,0.8478601900714178,0.025435805702142534,0
11,20211203,0.14,0.99,0.164843314211324,0.1386,0.15213980992858223,0.8478601900714178,0.1175134223438985,0
11,20211204,0.01,0.99,0.164843314211324,0.0099,0.15213980992858223,0.8478601900714178,0.008393815881707036,0
11,20211205,0.15,0.99,0.164843314211324,0.1485,0.15213980992858223,0.8478601900714178,0.12590723822560554,0
11,20211206,1.22,0.98,0.164843314211324,1.1956,0.15213980992858223,0.8478601900714178,1.013701643249387,0
11,20211207,0.09,0.98,0.164843314211324,0.0882,0.15213980992858223,0.8478601900714178,0.07478126876429905,0
11,20211208,0.38,0.97,0.164843314211324,0.3686,0.15213980992858223,0.8478601900714178,0.3125212660603246,0
11,20211209,3.98,0.97,0.164843314211324,3.8606,0.15213980992858223,0.8478601900714178,3.2732490497897153,0
11,20211210,2.35,0.97,0.164843314211324,2.2795,0.15213980992858223,0.8478601900714178,1.932697303267797,0
11,20211211,3.71,0.96,0.164843314211324,3.5616,0.15213980992858223,0.8478601900714178,3.0197388529583615,0
11,20211212,6.0,0.96,0.164843314211324,5.76,0.15213980992858223,0.8478601900714178,4.883674694811366,1
11,20211213,6.87,0.96,0.164843314211324,6.5952,0.15213980992858223,0.8478601900714178,5.591807525559014,1
11,20211214,2.34,0.96,0.164843314211324,2.2464,0.15213980992858223,0.8478601900714178,1.9046331309764328,0
11,20211215,1.6,0.95,0.164843314211324,1.52,0.15213980992858223,0.8478601900714178,1.288747488908555,0
11,20211216,0.48,0.95,0.164843314211324,0.45599999999999996,0.15213980992858223,0.8478601900714178,0.38662424667256645,0
11,20211217,0.15,0.94,0.164843314211324,0.141,0.15213980992858223,0.8478601900714178,0.11954828680006989,0
11,20211218,0.0,0.93,0.164843314211324,0.0,0.15213980992858223,0.8478601900714178,0.0,0
11,20211219,0.0,0.93,0.164843314211324,0.0,0.15213980992858223,0.8478601900714178,0.0,0
11,20211220,0.0,0.92,0.164843314211324,0.0,0.15213980992858223,0.8478601900714178,0.0,0
11,20211221,0.0,0.92,0.164843314211324,0.0,0.15213980992858223,0.8478601900714178,0.0,0
11,20211222,0.0,0.91,0.164843314211324,0.0,0.15213980992858223,0.8478601900714178,0.0,0
11,20211223,0.0,0.9,0.164843314211324,0.0,0.15213980992858223,0.8478601900714178,0.0,0
11,20211224,0.0,0.9,0.164843314211324,0.0,0.15213980992858223,0.8478601900714178,0.0,0
11,20211225,0.0,0.89,0.164843314211324,0.0,0.15213980992858223,0.8478601900714178,0.0,0
11,20211226,0.0,0.88,0.164843314211324,0.0,0.15213980992858223,0.8478601900714178,0.0,0
11,20211227,0.41,0.88,0.164843314211324,0.36079999999999995,0.15213980992858223,0.8478601900714178,0.3059079565777675,0
11,20211228,0.87,0.87,0.164843314211324,0.7569,0.15213980992858223,0.8478601900714178,0.6417453778650561,0
11,20211229,0.92,0.87,0.164843314211324,0.8004,0.15213980992858223,0.8478601900714178,0.6786272961331627,0
11,20211230,55.65,0.89,0.164843314211324,49.5285,0.15213980992858223,0.8478601900714178,41.993243423952215,1
11,20211231,42.52,0.96,0.164843314211324,40.8192,0.15213980992858223,0.8478601900714178,34.60897467056322,1
11,20220101,8.69,0.96,0.164843314211324,8.3424,0.15213980992858223,0.8478601900714178,7.073188849651795,1
11,20220102,0.5,0.95,0.164843314211324,0.475,0.15213980992858223,0.8478601900714178,0.4027335902839234,0
11,20220103,0.02,0.94,0.164843314211324,0.0188,0.15213980992858223,0.8478601900714178,0.015939771573342656,0
11,20220104,0.01,0.93,0.164843314211324,0.009300000000000001,0.15213980992858223,0.8478601900714178,0.007885099767664185,0
11,20220105,0.02,0.93,0.164843314211324,0.018600000000000002,0.15213980992858223,0.8478601900714178,0.01577019953532837,0
11,20220106,0.04,0.92,0.164843314211324,0.0368,0.15213980992858223,0.8478601900714178,0.031201254994628173,0
11,20220107,0.03,0.91,0.164843314211324,0.0273,0.15213980992858223,0.8478601900714178,0.023146583188949705,0
11,20220108,0.0,0.91,0.164843314211324,0.0,0.15213980992858223,0.8478601900714178,0.0,0
11,20220109,0.0,0.9,0.164843314211324,0.0,0.15213980992858223,0.8478601900714178,0.0,0
11,20220110,0.0,0.9,0.164843314211324,0.0,0.15213980992858223,0.8478601900714178,0.0,0
11,20220111,0.02,0.89,0.164843314211324,0.0178,0.15213980992858223,0.8478601900714178,0.015091911383271235,0
11,20220112,0.14,0.88,0.164843314211324,0.12320000000000002,0.15213980992858223,0.8478601900714178,0.10445637541679868,0
11,20220113,0.95,0.87,0.164843314211324,0.8265,0.15213980992858223,0.8478601900714178,0.7007564470940268,0
11,20220114,0.68,0.87,0.164843314211324,0.5916,0.15213980992858223,0.8478601900714178,0.5015940884462508,0
11,20220115,0.64,0.86,0.164843314211324,0.5504,0.15213980992858223,0.8478601900714178,0.46666224861530836,0
11,20220116,5.86,0.86,0.164843314211324,5.0396,0.15213980992858223,0.8478601900714178,4.272876213883917,1
11,20220117,6.17,0.86,0.164843314211324,5.3062,0.15213980992858223,0.8478601900714178,4.498915740556956,1
11,20220118,1.52,0.86,0.164843314211324,1.3072,0.15213980992858223,0.8478601900714178,1.1083228404613572,0
11,20220119,0.47,0.85,0.164843314211324,0.39949999999999997,0.15213980992858223,0.8478601900714178,0.3387201459335314,0
11,20220120,0.0,0.85,0.164843314211324,0.0,0.15213980992858223,0.8478601900714178,0.0,0
11,20220121,0.0,0.84,0.164843314211324,0.0,0.15213980992858223,0.8478601900714178,0.0,0
11,20220122,0.0,0.83,0.164843314211324,0.0,0.15213980992858223,0.8478601900714178,0.0,0
11,20220123,0.59,0.83,0.164843314211324,0.48969999999999997,0.15213980992858223,0.8478601900714178,0.41519713507797323,0
11,20220124,3.1,0.83,0.164843314211324,2.573,0.15213980992858223,0.8478601900714178,2.181544269053758,0
11,20220125,1.19,0.82,0.164843314211324,0.9757999999999999,0.15213980992858223,0.8478601900714178,0.8273419734716894,0
11,20220126,0.7,0.82,0.164843314211324,0.574,0.15213980992858223,0.8478601900714178,0.48667174910099376,0
11,20220127,0.19,0.81,0.164843314211324,0.1539,0.15213980992858223,0.8478601900714178,0.1304856832519912,0
11,20220128,0.26,0.8,0.164843314211324,0.20800000000000002,0.15213980992858223,0.8478601900714178,0.1763549195348549,0
11,20220129,0.08,0.8,0.164843314211324,0.064,0.15213980992858223,0.8478601900714178,0.05426305216457074,0
11,20220130,0.0,0.79,0.164843314211324,0.0,0.15213980992858223,0.8478601900714178,0.0,0
11,20220131,0.0,0.78,0.164843314211324,0.0,0.15213980992858223,0.8478601900714178,0.0,0
11,20220201,0.0,0.78,0.164843314211324,0.0,0.15213980992858223,0.8478601900714178,0.0,0
11,20220202,0.0,0.77,0.164843314211324,0.0,0.15213980992858223,0.8478601900714178,0.0,0
11,20220203,0.0,0.76,0.164843314211324,0.0,0.15213980992858223,0.8478601900714178,0.0,0
11,20220204,0.0,0.76,0.164843314211324,0.0,0.15213980992858223,0.8478601900714178,0.0,0
11,20220205,0.04,0.75,0.164843314211324,0.03,0.15213980992858223,0.8478601900714178,0.025435805702142534,0
11,20220206,0.0,0.74,0.164843314211324,0.0,0.15213980992858223,0.8478601900714178,0.0,0
11,20220207,0.0,0.74,0.164843314211324,0.0,0.15213980992858223,0.8478601900714178,0.0,0
11,20220208,0.0,0.73,0.164843314211324,0.0,0.15213980992858223,0.8478601900714178,0.0,0
11,20220209,0.0,0.72,0.164843314211324,0.0,0.15213980992858223,0.8478601900714178,0.0,0
11,20220210,0.13,0.72,0.164843314211324,0.0936,0.15213980992858223,0.8478601900714178,0.07935971379068471,0
11,20220211,0.25,0.71,0.164843314211324,0.1775,0.15213980992858223,0.8478601900714178,0.15049518373767665,0
11,20220212,0.07,0.71,0.164843314211324,0.0497,0.15213980992858223,0.8478601900714178,0.04213865144654946,0
11,20220213,0.0,0.7,0.164843314211324,0.0,0.15213980992858223,0.8478601900714178,0.0,0
11,20220214,0.03,0.69,0.164843314211324,0.020699999999999996,0.15213980992858223,0.8478601900714178,0.017550705934478345,0
11,20220215,0.01,0.69,0.164843314211324,0.0069,0.15213980992858223,0.8478601900714178,0.005850235311492783,0
11,20220216,0.0,0.68,0.164843314211324,0.0,0.15213980992858223,0.8478601900714178,0.0,0
11,20220217,0.0,0.68,0.164843314211324,0.0,0.15213980992858223,0.8478601900714178,0.0,0
11,20220218,0.0,0.67,0.164843314211324,0.0,0.15213980992858223,0.8478601900714178,0.0,0
11,20220219,0.0,0.67,0.164843314211324,0.0,0.15213980992858223,0.8478601900714178,0.0,0
11,20220220,0.0,0.66,0.164843314211324,0.0,0.15213980992858223,0.8478601900714178,0.0,0
11,20220221,0.0,0.66,0.164843314211324,0.0,0.15213980992858223,0.8478601900714178,0.0,0
11,20220222,0.03,0.65,0.164843314211324,0.0195,0.15213980992858223,0.8478601900714178,0.016533273706392647,0
11,20220223,0.0,0.65,0.164843314211324,0.0,0.15213980992858223,0.8478601900714178,0.0,0
11,20220224,0.0,0.64,0.164843314211324,0.0,0.15213980992858223,0.8478601900714178,0.0,0
11,20220225,0.0,0.64,0.164843314211324,0.0,0.15213980992858223,0.8478601900714178,0.0,0
11,20220226,0.01,0.63,0.164843314211324,0.0063,0.15213980992858223,0.8478601900714178,0.005341519197449932,0
11,20220227,0.0,0.63,0.164843314211324,0.0,0.15213980992858223,0.8478601900714178,0.0,0
11,20220228,0.0,0.62,0.164843314211324,0.0,0.15213980992858223,0.8478601900714178,0.0,0
11,20220301,0.0,0.62,0.164843314211324,0.0,0.15213980992858223,0.8478601900714178,0.0,0
11,20220302,0.0,0.61,0.164843314211324,0.0,0.15213980992858223,0.8478601900714178,0.0,0
11,20220303,0.0,0.61,0.164843314211324,0.0,0.15213980992858223,0.8478601900714178,0.0,0
11,20220304,0.06,0.61,0.164843314211324,0.0366,0.15213980992858223,0.8478601900714178,0.03103168295661389,0
11,20220305,0.01,0.6,0.164843314211324,0.006,0.15213980992858223,0.8478601900714178,0.005087161140428507,0
11,20220306,0.89,0.6,0.164843314211324,0.534,0.15213980992858223,0.8478601900714178,0.4527573414981371,0
11,20220307,0.21,0.6,0.164843314211324,0.126,0.15213980992858223,0.8478601900714178,0.10683038394899864,0
11,20220308,0.0,0.59,0.164843314211324,0.0,0.15213980992858223,0.8478601900714178,0.0,0
11,20220309,0.0,0.59,0.164843314211324,0.0,0.15213980992858223,0.8478601900714178,0.0,0
11,20220310,0.0,0.59,0.164843314211324,0.0,0.15213980992858223,0.8478601900714178,0.0,0
11,20220311,0.0,0.58,0.164843314211324,0.0,0.15213980992858223,0.8478601900714178,0.0,0
11,20220312,0.0,0.58,0.164843314211324,0.0,0.15213980992858223,0.8478601900714178,0.0,0
11,20220313,0.01,0.57,0.164843314211324,0.005699999999999999,0.15213980992858223,0.8478601900714178,0.004832803083407081,0
11,20220314,0.0,0.57,0.164843314211324,0.0,0.15213980992858223,0.8478601900714178,0.0,0
11,20220315,0.0,0.57,0.164843314211324,0.0,0.15213980992858223,0.8478601900714178,0.0,0
11,20220316,0.0,0.56,0.164843314211324,0.0,0.15213980992858223,0.8478601900714178,0.0,0
11,20220317,0.0,0.56,0.164843314211324,0.0,0.15213980992858223,0.8478601900714178,0.0,0
11,20220318,0.0,0.55,0.164843314211324,0.0,0.15213980992858223,0.8478601900714178,0.0,0
11,20220319,0.01,0.55,0.164843314211324,0.0055000000000000005,0.15213980992858223,0.8478601900714178,0.004663231045392798,0
11,20220320,0.08,0.55,0.164843314211324,0.044000000000000004,0.15213980992858223,0.8478601900714178,0.03730584836314239,0
11,20220321,0.49,0.55,0.164843314211324,0.2695,0.15213980992858223,0.8478601900714178,0.2284983212242471,0
11,20220322,0.87,0.55,0.164843314211324,0.47850000000000004,0.15213980992858223,0.8478601900714178,0.40570110094917344,0
11,20220323,0.01,0.54,0.164843314211324,0.0054,0.15213980992858223,0.8478601900714178,0.004578445026385656,0
11,20220324,0.01,0.54,0.164843314211324,0.0054,0.15213980992858223,0.8478601900714178,0.004578445026385656,0
11,20220325,0.0,0.54,0.164843314211324,0.0,0.15213980992858223,0.8478601900714178,0.0,0
11,20220326,0.0,0.53,0.164843314211324,0.0,0.15213980992858223,0.8478601900714178,0.0,0
11,20220327,0.0,0.53,0.164843314211324,0.0,0.15213980992858223,0.8478601900714178,0.0,0
11,20220328,0.0,0.53,0.164843314211324,0.0,0.15213980992858223,0.8478601900714178,0.0,0
11,20220329,0.0,0.53,0.164843314211324,0.0,0.15213980992858223,0.8478601900714178,0.0,0
11,20220330,0.0,0.53,0.164843314211324,0.0,0.15213980992858223,0.8478601900714178,0.0,0
11,20220331,0.01,0.52,0.164843314211324,0.005200000000000001,0.15213980992858223,0.8478601900714178,0.004408872988371373,0
11,20220401,0.0,0.52,0.164843314211324,0.0,0.15213980992858223,0.8478601900714178,0.0,0
11,20220402,0.01,0.52,0.164843314211324,0.005200000000000001,0.15213980992858223,0.8478601900714178,0.004408872988371373,0
11,20220403,0.0,0.52,0.164843314211324,0.0,0.15213980992858223,0.8478601900714178,0.0,0
11,20220404,0.01,0.52,0.164843314211324,0.005200000000000001,0.15213980992858223,0.8478601900714178,0.004408872988371373,0
11,20220405,0.0,0.52,0.164843314211324,0.0,0.15213980992858223,0.8478601900714178,0.0,0
11,20220406,0.05,0.52,0.164843314211324,0.026000000000000002,0.15213980992858223,0.8478601900714178,0.022044364941856864,0
11,20220407,0.1,0.52,0.164843314211324,0.052000000000000005,0.15213980992858223,0.8478601900714178,0.04408872988371373,0
11,20220408,0.14,0.52,0.164843314211324,0.0728,0.15213980992858223,0.8478601900714178,0.061724221837199215,0
11,20220409,0.14,0.52,0.164843314211324,0.0728,0.15213980992858223,0.8478601900714178,0.061724221837199215,0
11,20220410,0.66,0.52,0.164843314211324,0.3432,0.15213980992858223,0.8478601900714178,0.2909856172325106,0
11,20220411,0.26,0.52,0.164843314211324,0.13520000000000001,0.15213980992858223,0.8478601900714178,0.1146306976976557,0
11,20220412,0.07,0.52,0.164843314211324,0.0364,0.15213980992858223,0.8478601900714178,0.030862110918599608,0
11,20220413,0.11,0.52,0.164843314211324,0.0572,0.15213980992858223,0.8478601900714178,0.0484976028720851,0
11,20220414,0.02,0.52,0.164843314211324,0.010400000000000001,0.15213980992858223,0.8478601900714178,0.008817745976742746,0
11,20220415,0.02,0.52,0.164843314211324,0.010400000000000001,0.15213980992858223,0.8478601900714178,0.008817745976742746,0
11,20220416,0.03,0.52,0.164843314211324,0.0156,0.15213980992858223,0.8478601900714178,0.013226618965114116,0
11,20220417,0.42,0.52,0.164843314211324,0.2184,0.15213980992858223,0.8478601900714178,0.18517266551159764,0
11,20220418,0.33,0.52,0.164843314211324,0.1716,0.15213980992858223,0.8478601900714178,0.1454928086162553,0
11,20220419,0.03,0.52,0.164843314211324,0.0156,0.15213980992858223,0.8478601900714178,0.013226618965114116,0
11,20220420,0.02,0.52,0.164843314211324,0.010400000000000001,0.15213980992858223,0.8478601900714178,0.008817745976742746,0
11,20220421,0.01,0.52,0.164843314211324,0.005200000000000001,0.15213980992858223,0.8478601900714178,0.004408872988371373,0
11,20220422,0.02,0.51,0.164843314211324,0.0102,0.15213980992858223,0.8478601900714178,0.008648173938728462,0
11,20220423,0.04,0.51,0.164843314211324,0.0204,0.15213980992858223,0.8478601900714178,0.017296347877456923,0
11,20220424,0.0,0.51,0.164843314211324,0.0,0.15213980992858223,0.8478601900714178,0.0,0
11,20220425,0.0,0.51,0.164843314211324,0.0,0.15213980992858223,0.8478601900714178,0.0,0
11,20220426,0.0,0.51,0.164843314211324,0.0,0.15213980992858223,0.8478601900714178,0.0,0
11,20220427,0.0,0.51,0.164843314211324,0.0,0.15213980992858223,0.8478601900714178,0.0,0
11,20220428,0.0,0.51,0.164843314211324,0.0,0.15213980992858223,0.8478601900714178,0.0,0
11,20220429,0.02,0.51,0.164843314211324,0.0102,0.15213980992858223,0.8478601900714178,0.008648173938728462,0
11,20220430,0.01,0.51,0.164843314211324,0.0051,0.15213980992858223,0.8478601900714178,0.004324086969364231,0
11,20220501,0.38,0.51,0.164843314211324,0.1938,0.15213980992858223,0.8478601900714178,0.16431530483584075,0
11,20220502,0.99,0.51,0.164843314211324,0.5049,0.15213980992858223,0.8478601900714178,0.4280846099670588,0
11,20220503,0.48,0.52,0.164843314211324,0.2496,0.15213980992858223,0.8478601900714178,0.21162590344182586,0
11,20220504,1.98,0.52,0.164843314211324,1.0296,0.15213980992858223,0.8478601900714178,0.8729568516975318,0
11,20220505,1.93,0.52,0.164843314211324,1.0036,0.15213980992858223,0.8478601900714178,0.8509124867556749,0
11,20220506,4.02,0.52,0.164843314211324,2.0904,0.15213980992858223,0.8478601900714178,1.7723669413252916,0
11,20220507,8.16,0.54,0.164843314211324,4.4064000000000005,0.15213980992858223,0.8478601900714178,3.7360111415306956,1
11,20220508,0.52,0.54,0.164843314211324,0.28080000000000005,0.15213980992858223,0.8478601900714178,0.23807914137205416,0
11,20220509,1.28,0.53,0.164843314211324,0.6784,0.15213980992858223,0.8478601900714178,0.5751883529444498,0
11,20220510,10.74,0.54,0.164843314211324,5.799600000000001,0.15213980992858223,0.8478601900714178,4.9172499583381954,1
11,20220511,6.44,0.55,0.164843314211324,3.5420000000000007,0.15213980992858223,0.8478601900714178,3.0031207932329624,0
11,20220512,8.99,0.55,0.164843314211324,4.944500000000001,0.15213980992858223,0.8478601900714178,4.192244709808126,1
11,20220513,1.16,0.57,0.164843314211324,0.6611999999999999,0.15213980992858223,0.8478601900714178,0.5606051576752213,0
11,20220514,1.15,0.56,0.164843314211324,0.644,0.15213980992858223,0.8478601900714178,0.5460219624059931,0
11,20220515,7.5,0.56,0.164843314211324,4.2,0.15213980992858223,0.8478601900714178,3.561012798299955,1
11,20220516,6.12,0.58,0.164843314211324,3.5496,0.15213980992858223,0.8478601900714178,3.0095645306775043,0
11,20220517,2.55,0.58,0.164843314211324,1.4789999999999999,0.15213980992858223,0.8478601900714178,1.2539852211156268,0
11,20220518,1.4,0.58,0.164843314211324,0.8119999999999999,0.15213980992858223,0.8478601900714178,0.6884624743379912,0
11,20220519,0.45,0.57,0.164843314211324,0.2565,0.15213980992858223,0.8478601900714178,0.21747613875331867,0
11,20220520,0.4,0.57,0.164843314211324,0.22799999999999998,0.15213980992858223,0.8478601900714178,0.19331212333628323,0
11,20220521,0.02,0.56,0.164843314211324,0.011200000000000002,0.15213980992858223,0.8478601900714178,0.009496034128799881,0
11,20220522,0.03,0.56,0.164843314211324,0.016800000000000002,0.15213980992858223,0.8478601900714178,0.014244051193199821,0
11,20220523,0.01,0.55,0.164843314211324,0.0055000000000000005,0.15213980992858223,0.8478601900714178,0.004663231045392798,0
11,20220524,0.07,0.55,0.164843314211324,0.038500000000000006,0.15213980992858223,0.8478601900714178,0.03264261731774959,0
11,20220525,2.43,0.55,0.164843314211324,1.3365000000000002,0.15213980992858223,0.8478601900714178,1.13316514403045,0
11,20220526,3.13,0.55,0.164843314211324,1.7215,0.15213980992858223,0.8478601900714178,1.4595913172079458,0
11,20220527,1.93,0.55,0.164843314211324,1.0615,0.15213980992858223,0.8478601900714178,0.90000359176081,0
11,20220528,0.08,0.55,0.164843314211324,0.044000000000000004,0.15213980992858223,0.8478601900714178,0.03730584836314239,0
11,20220529,0.13,0.54,0.164843314211324,0.07020000000000001,0.15213980992858223,0.8478601900714178,0.05951978534301354,0
11,20220530,0.09,0.54,0.164843314211324,0.048600000000000004,0.15213980992858223,0.8478601900714178,0.04120600523747091,0
11,20220531,0.03,0.54,0.164843314211324,0.0162,0.15213980992858223,0.8478601900714178,0.013735335079156967,0
11,20220601,0.01,0.53,0.164843314211324,0.0053,0.15213980992858223,0.8478601900714178,0.004493659007378514,0
11,20220602,0.0,0.53,0.164843314211324,0.0,0.15213980992858223,0.8478601900714178,0.0,0
11,20220603,0.01,0.53,0.164843314211324,0.0053,0.15213980992858223,0.8478601900714178,0.004493659007378514,0
11,20220604,0.01,0.53,0.164843314211324,0.0053,0.15213980992858223,0.8478601900714178,0.004493659007378514,0
11,20220605,1.81,0.53,0.164843314211324,0.9593,0.15213980992858223,0.8478601900714178,0.8133522803355111,0
11,20220606,3.7,0.53,0.164843314211324,1.9610000000000003,0.15213980992858223,0.8478601900714178,1.6626538327300504,0
11,20220607,2.57,0.53,0.164843314211324,1.3621,0.15213980992858223,0.8478601900714178,1.1548703648962781,0
11,20220608,0.38,0.53,0.164843314211324,0.20140000000000002,0.15213980992858223,0.8478601900714178,0.17075904228038355,0
11,20220609,0.26,0.53,0.164843314211324,0.1378,0.15213980992858223,0.8478601900714178,0.11683513419184137,0
11,20220610,0.21,0.53,0.164843314211324,0.1113,0.15213980992858223,0.8478601900714178,0.0943668391549488,0
11,20220611,1.31,0.53,0.164843314211324,0.6943,0.15213980992858223,0.8478601900714178,0.5886693299665854,0
11,20220612,1.97,0.53,0.164843314211324,1.0441,0.15213980992858223,0.8478601900714178,0.8852508244535673,0
11,20220613,1.48,0.53,0.164843314211324,0.7844,0.15213980992858223,0.8478601900714178,0.6650615330920201,0
11,20220614,1.54,0.53,0.164843314211324,0.8162,0.15213980992858223,0.8478601900714178,0.6920234871362912,0
11,20220615,8.16,0.54,0.164843314211324,4.4064000000000005,0.15213980992858223,0.8478601900714178,3.7360111415306956,1
11,20220616,8.64,0.55,0.164843314211324,4.752000000000001,0.15213980992858223,0.8478601900714178,4.029031623219378,1
11,20220617,7.47,0.56,0.164843314211324,4.1832,0.15213980992858223,0.8478601900714178,3.546768747106755,1
11,20220618,4.74,0.56,0.164843314211324,2.6544000000000003,0.15213980992858223,0.8478601900714178,2.2505600885255714,0
11,20220619,28.85,0.59,0.164843314211324,17.0215,0.15213980992858223,0.8478601900714178,14.431852225300638,1
11,20220620,18.31,0.64,0.164843314211324,11.718399999999999,0.15213980992858223,0.8478601900714178,9.9355648513329,1
11,20220621,23.54,0.66,0.164843314211324,15.5364,0.15213980992858223,0.8478601900714178,13.172695057025576,1
11,20220622,9.51,0.68,0.164843314211324,6.4668,0.15213980992858223,0.8478601900714178,5.482942277153844,1
11,20220623,3.63,0.67,0.164843314211324,2.4321,0.15213980992858223,0.8478601900714178,2.062080768272695,0
11,20220624,2.55,0.67,0.164843314211324,1.7085,0.15213980992858223,0.8478601900714178,1.448569134737017,0
11,20220625,1.99,0.67,0.164843314211324,1.3333000000000002,0.15213980992858223,0.8478601900714178,1.1304519914222215,0
11,20220626,0.65,0.66,0.164843314211324,0.42900000000000005,0.15213980992858223,0.8478601900714178,0.3637320215406383,0
11,20220627,2.44,0.65,0.164843314211324,1.586,0.15213980992858223,0.8478601900714178,1.3447062614532685,0
11,20220628,2.59,0.66,0.164843314211324,1.7094,0.15213980992858223,0.8478601900714178,1.4493322089080816,0
11,20220629,5.16,0.65,0.164843314211324,3.354,0.15213980992858223,0.8478601900714178,2.8437230774995355,0
11,20220630,5.14,0.66,0.164843314211324,3.3924,0.15213980992858223,0.8478601900714178,2.8762809087982775,0
11,20220701,4.5,0.66,0.164843314211324,2.97,0.15213980992858223,0.8478601900714178,2.518144764512111,0
11,20220702,3.0,0.66,0.164843314211324,1.98,0.15213980992858223,0.8478601900714178,1.6787631763414073,0
11,20220703,3.04,0.66,0.164843314211324,2.0064,0.15213980992858223,0.8478601900714178,1.7011466853592927,0
11,20220704,3.24,0.66,0.164843314211324,2.1384000000000003,0.15213980992858223,0.8478601900714178,1.8130642304487201,0
11,20220705,6.45,0.66,0.164843314211324,4.257000000000001,0.15213980992858223,0.8478601900714178,3.609340829134026,1
11,20220706,4.59,0.67,0.164843314211324,3.0753,0.15213980992858223,0.8478601900714178,2.607424442526631,0
11,20220707,1.75,0.66,0.164843314211324,1.155,0.15213980992858223,0.8478601900714178,0.9792785195324876,0
11,20220708,3.76,0.66,0.164843314211324,2.4816,0.15213980992858223,0.8478601900714178,2.1040498476812304,0
11,20220709,2.01,0.66,0.164843314211324,1.3266,0.15213980992858223,0.8478601900714178,1.1247713281487428,0
11,20220710,2.79,0.66,0.164843314211324,1.8414000000000001,0.15213980992858223,0.8478601900714178,1.5612497539975088,0
11,20220711,1.15,0.65,0.164843314211324,0.7474999999999999,0.15213980992858223,0.8478601900714178,0.6337754920783847,0
11,20220712,1.38,0.65,0.164843314211324,0.8969999999999999,0.15213980992858223,0.8478601900714178,0.7605305904940617,0
11,20220713,2.29,0.65,0.164843314211324,1.4885000000000002,0.15213980992858223,0.8478601900714178,1.2620398929213055,0
11,20220714,0.31,0.64,0.164843314211324,0.1984,0.15213980992858223,0.8478601900714178,0.16821546171016927,0
11,20220715,0.09,0.63,0.164843314211324,0.0567,0.15213980992858223,0.8478601900714178,0.04807367277704939,0
11,20220716,5.09,0.63,0.164843314211324,3.2067,0.15213980992858223,0.8478601900714178,2.7188332715020156,0
11,20220717,9.42,0.65,0.164843314211324,6.123,0.15213980992858223,0.8478601900714178,5.191447943807291,1
11,20220718,2.0,0.65,0.164843314211324,1.3,0.15213980992858223,0.8478601900714178,1.1022182470928432,0
11,20220719,0.94,0.64,0.164843314211324,0.6016,0.15213980992858223,0.8478601900714178,0.510072690346965,0
11,20220720,10.14,0.65,0.164843314211324,6.591,0.15213980992858223,0.8478601900714178,5.588246512760715,1
11,20220721,5.89,0.66,0.164843314211324,3.8874,0.15213980992858223,0.8478601900714178,3.2959717028836293,0
11,20220722,15.58,0.68,0.164843314211324,10.5944,0.15213980992858223,0.8478601900714178,8.982569997692629,1
11,20220723,1.46,0.68,0.164843314211324,0.9928,0.15213980992858223,0.8478601900714178,0.8417555967029036,0
11,20220724,3.4,0.68,0.164843314211324,2.3120000000000003,0.15213980992858223,0.8478601900714178,1.9602527594451182,0
11,20220725,3.46,0.68,0.164843314211324,2.3528000000000002,0.15213980992858223,0.8478601900714178,1.9948454552000319,0
11,20220726,7.74,0.69,0.164843314211324,5.340599999999999,0.15213980992858223,0.8478601900714178,4.528082131095413,1
11,20220727,0.2,0.68,0.164843314211324,0.136,0.15213980992858223,0.8478601900714178,0.11530898584971283,0
11,20220728,0.75,0.68,0.164843314211324,0.51,0.15213980992858223,0.8478601900714178,0.4324086969364231,0
11,20220729,0.73,0.68,0.164843314211324,0.4964,0.15213980992858223,0.8478601900714178,0.4208777983514518,0
11,20220730,1.37,0.67,0.164843314211324,0.9179000000000002,0.15213980992858223,0.8478601900714178,0.7782508684665546,0
11,20220731,4.17,0.67,0.164843314211324,2.7939000000000003,0.15213980992858223,0.8478601900714178,2.368836585040534,0
11,20220801,8.36,0.67,0.164843314211324,5.6011999999999995,0.15213980992858223,0.8478601900714178,4.749034496628025,1
11,20220802,6.98,0.68,0.164843314211324,4.7464,0.15213980992858223,0.8478601900714178,4.024283606154977,1
12,20210902,7.02,0.73,0.121003053825477,5.124599999999999,0.11167806045312716,0.8883219395468729,4.552294611401904,1
12,20210903,8.8,0.73,0.121003053825477,6.424,0.11167806045312716,0.8883219395468729,5.706580139649112,1
12,20210904,12.16,0.74,0.121003053825477,8.9984,0.11167806045312716,0.8883219395468729,7.993476140818581,1
12,20210905,7.22,0.75,0.121003053825477,5.415,0.11167806045312716,0.8883219395468729,4.810263302646317,1
12,20210906,6.91,0.75,0.121003053825477,5.1825,0.11167806045312716,0.8883219395468729,4.603728451701669,1
12,20210907,0.43,0.75,0.121003053825477,0.3225,0.11167806045312716,0.8883219395468729,0.28648382550386653,0
12,20210908,0.06,0.74,0.121003053825477,0.044399999999999995,0.11167806045312716,0.8883219395468729,0.03944149411588115,0
12,20210909,0.15,0.74,0.121003053825477,0.111,0.11167806045312716,0.8883219395468729,0.0986037352897029,0
12,20210910,0.53,0.73,0.121003053825477,0.3869,0.11167806045312716,0.8883219395468729,0.3436917584106851,0
12,20210911,0.06,0.73,0.121003053825477,0.0438,0.11167806045312716,0.8883219395468729,0.03890850095215303,0
12,20210912,0.17,0.72,0.121003053825477,0.12240000000000001,0.11167806045312716,0.8883219395468729,0.10873060540053725,0
12,20210913,0.05,0.72,0.121003053825477,0.036,0.11167806045312716,0.8883219395468729,0.03197958982368742,0
12,20210914,0.04,0.71,0.121003053825477,0.028399999999999998,0.11167806045312716,0.8883219395468729,0.02522834308313119,0
12,20210915,1.77,0.71,0.121003053825477,1.2567,0.11167806045312716,0.8883219395468729,1.1163541814285551,0
12,20210916,2.6,0.71,0.121003053825477,1.8459999999999999,0.11167806045312716,0.8883219395468729,1.6398423004035272,0
12,20210917,1.42,0.71,0.121003053825477,1.0082,0.11167806045312716,0.8883219395468729,0.8956061794511573,0
12,20210918,5.01,0.71,0.121003053825477,3.5570999999999997,0.11167806045312716,0.8883219395468729,3.1598499711621812,0
12,20210919,6.04,0.71,0.121003053825477,4.2884,0.11167806045312716,0.8883219395468729,3.80947980555281,1
12,20210920,3.03,0.71,0.121003053825477,2.1512999999999995,0.11167806045312716,0.8883219395468729,1.9110469885471872,0
12,20210921,4.59,0.71,0.121003053825477,3.2588999999999997,0.11167806045312716,0.8883219395468729,2.894952368789304,0
12,20210922,21.25,0.74,0.121003053825477,15.725,0.11167806045312716,0.8883219395468729,13.968862499374575,1
12,20210923,1.37,0.74,0.121003053825477,1.0138,0.11167806045312716,0.8883219395468729,0.9005807823126197,0
12,20210924,1.87,0.74,0.121003053825477,1.3838000000000001,0.11167806045312716,0.8883219395468729,1.2292598999449629,0
12,20210925,7.28,0.73,0.121003053825477,5.3144,0.11167806045312716,0.8883219395468729,4.720898115527901,1
12,20210926,7.13,0.75,0.121003053825477,5.3475,0.11167806045312716,0.8883219395468729,4.750301571726903,1
12,20210927,0.08,0.74,0.121003053825477,0.0592,0.11167806045312716,0.8883219395468729,0.052588658821174875,0
12,20210928,2.25,0.73,0.121003053825477,1.6425,0.11167806045312716,0.8883219395468729,1.4590687857057387,0
12,20210929,1.48,0.73,0.121003053825477,1.0804,0.11167806045312716,0.8883219395468729,0.9597430234864415,0
12,20210930,3.93,0.73,0.121003053825477,2.8689,0.11167806045312716,0.8883219395468729,2.5485068123660235,0
12,20211001,2.28,0.73,0.121003053825477,1.6643999999999999,0.11167806045312716,0.8883219395468729,1.4785230361818151,0
12,20211002,5.59,0.73,0.121003053825477,4.0807,0.11167806045312716,0.8883219395468729,3.6249753387089245,1
12,20211003,4.45,0.73,0.121003053825477,3.2485,0.11167806045312716,0.8883219395468729,2.8857138206180166,0
12,20211004,4.71,0.73,0.121003053825477,3.4383,0.11167806045312716,0.8883219395468729,3.054317324744013,0
12,20211005,37.11,0.76,0.121003053825477,28.2036,0.11167806045312716,0.8883219395468729,25.053876654204185,1
12,20211006,8.39,0.79,0.121003053825477,6.628100000000001,0.11167806045312716,0.8883219395468729,5.887886647510629,1
12,20211007,3.17,0.79,0.121003053825477,2.5043,0.11167806045312716,0.8883219395468729,2.224624633207234,0
12,20211008,3.81,0.78,0.121003053825477,2.9718,0.11167806045312716,0.8883219395468729,2.639915139945397,0
12,20211009,5.3,0.78,0.121003053825477,4.134,0.11167806045312716,0.8883219395468729,3.672322898086773,1
12,20211010,9.41,0.79,0.121003053825477,7.4339,0.11167806045312716,0.8883219395468729,6.603696466397499,1
12,20211011,4.31,0.8,0.121003053825477,3.448,0.11167806045312716,0.8883219395468729,3.0629340475576177,0
12,20211012,4.16,0.79,0.121003053825477,3.2864000000000004,0.11167806045312716,0.8883219395468729,2.9193812221268436,0
12,20211013,6.49,0.8,0.121003053825477,5.192,0.11167806045312716,0.8883219395468729,4.612167510127364,1
12,20211014,0.24,0.79,0.121003053825477,0.1896,0.11167806045312716,0.8883219395468729,0.16842583973808709,0
12,20211015,2.84,0.79,0.121003053825477,2.2436,0.11167806045312716,0.8883219395468729,1.9930391035673638,0
12,20211016,1.62,0.79,0.121003053825477,1.2798,0.11167806045312716,0.8883219395468729,1.136874418232088,0
12,20211017,3.02,0.79,0.121003053825477,2.3858,0.11167806045312716,0.8883219395468729,2.1193584833709296,0
12,20211018,0.37,0.79,0.121003053825477,0.2923,0.11167806045312716,0.8883219395468729,0.25965650292955095,0
12,20211019,3.3,0.78,0.121003053825477,2.574,0.11167806045312716,0.8883219395468729,2.2865406723936506,0
12,20211020,1.74,0.78,0.121003053825477,1.3572,0.11167806045312716,0.8883219395468729,1.2056305363530158,0
12,20211021,1.85,0.79,0.121003053825477,1.4615000000000002,0.11167806045312716,0.8883219395468729,1.298282514647755,0
12,20211022,0.51,0.78,0.121003053825477,0.39780000000000004,0.11167806045312716,0.8883219395468729,0.35337446755174606,0
12,20211023,0.54,0.78,0.121003053825477,0.4212,0.11167806045312716,0.8883219395468729,0.3741612009371429,0
12,20211024,5.98,0.78,0.121003053825477,4.6644000000000005,0.11167806045312716,0.8883219395468729,4.143488854822435,1
12,20211025,0.93,0.78,0.121003053825477,0.7254,0.11167806045312716,0.8883219395468729,0.6443887349473016,0
12,20211026,0.98,0.77,0.121003053825477,0.7546,0.11167806045312716,0.8883219395468729,0.6703277355820704,0
12,20211027,0.75,0.77,0.121003053825477,0.5775,0.11167806045312716,0.8883219395468729,0.5130059200883191,0
12,20211028,6.67,0.76,0.121003053825477,5.0692,0.11167806045312716,0.8883219395468729,4.5030815759510086,1
12,20211029,25.07,0.79,0.121003053825477,19.805300000000003,0.11167806045312716,0.8883219395468729,17.593482509307684,1
12,20211030,17.88,0.83,0.121003053825477,14.840399999999999,0.11167806045312716,0.8883219395468729,13.183052911651412,1
12,20211031,16.09,0.83,0.121003053825477,13.3547,0.11167806045312716,0.8883219395468729,11.863273006066622,1
12,20211101,21.37,0.86,0.121003053825477,18.3782,0.11167806045312716,0.8883219395468729,16.32575826938034,1
12,20211102,23.68,0.88,0.121003053825477,20.8384,0.11167806045312716,0.8883219395468729,18.511207905053556,1
12,20211103,30.77,0.91,0.121003053825477,28.000700000000002,0.11167806045312716,0.8883219395468729,24.873636132670125,1
12,20211104,18.47,0.92,0.121003053825477,16.9924,0.11167806045312716,0.8883219395468729,15.094721725556283,1
12,20211105,16.95,0.92,0.121003053825477,15.594,0.11167806045312716,0.8883219395468729,13.852492325293936,1
12,20211106,49.77,0.94,0.121003053825477,46.7838,0.11167806045312716,0.8883219395468729,41.55907595537299,1
12,20211107,40.64,0.97,0.121003053825477,39.4208,0.11167806045312716,0.8883219395468729,35.018361514489364,1
12,20211108,36.4,0.98,0.121003053825477,35.672,0.11167806045312716,0.8883219395468729,31.688220227516048,1
12,20211109,16.97,0.98,0.121003053825477,16.630599999999998,0.11167806045312716,0.8883219395468729,14.773326847828223,1
12,20211110,84.05,0.99,0.121003053825477,83.20949999999999,0.11167806045312716,0.8883219395468729,73.9168244287255,1
12,20211111,75.19,1.0,0.121003053825477,75.19,0.11167806045312716,0.8883219395468729,66.79292663452937,1
12,20211112,3.63,0.99,0.121003053825477,3.5936999999999997,0.11167806045312716,0.8883219395468729,3.1923625541495966,0
12,20211113,3.72,0.99,0.121003053825477,3.6828000000000003,0.11167806045312716,0.8883219395468729,3.2715120389632237,0
12,20211114,4.74,0.99,0.121003053825477,4.6926000000000005,0.11167806045312716,0.8883219395468729,4.168539533517656,1
12,20211115,4.57,0.99,0.121003053825477,4.5243,0.11167806045312716,0.8883219395468729,4.019034951091917,1
12,20211116,2.4,0.99,0.121003053825477,2.376,0.11167806045312716,0.8883219395468729,2.1106529283633697,0
12,20211117,11.0,0.99,0.121003053825477,10.89,0.11167806045312716,0.8883219395468729,9.673825921665447,1
12,20211118,74.21,1.0,0.121003053825477,74.21,0.11167806045312716,0.8883219395468729,65.92237113377342,1
12,20211119,20.62,1.0,0.121003053825477,20.62,0.11167806045312716,0.8883219395468729,18.31719839345652,1
12,20211120,16.63,1.0,0.121003053825477,16.63,0.11167806045312716,0.8883219395468729,14.772793854664496,1
12,20211121,7.5,1.0,0.121003053825477,7.5,0.11167806045312716,0.8883219395468729,6.662414546601546,1
12,20211122,5.0,0.99,0.121003053825477,4.95,0.11167806045312716,0.8883219395468729,4.397193600757021,1
12,20211123,2.29,0.99,0.121003053825477,2.2671,0.11167806045312716,0.8883219395468729,2.0139146691467156,0
12,20211124,2.87,0.99,0.121003053825477,2.8413,0.11167806045312716,0.8883219395468729,2.52398912683453,0
12,20211125,18.25,0.99,0.121003053825477,18.0675,0.11167806045312716,0.8883219395468729,16.049756642763125,1
12,20211126,58.61,1.0,0.121003053825477,58.61,0.11167806045312716,0.8883219395468729,52.06454887684222,1
12,20211127,29.98,1.0,0.121003053825477,29.98,0.11167806045312716,0.8883219395468729,26.63189174761525,1
12,20211128,61.12,1.0,0.121003053825477,61.12,0.11167806045312716,0.8883219395468729,54.29423694510487,1
12,20211129,12.76,1.0,0.121003053825477,12.76,0.11167806045312716,0.8883219395468729,11.334987948618098,1
12,20211130,9.8,1.0,0.121003053825477,9.8,0.11167806045312716,0.8883219395468729,8.705555007559354,1
12,20211201,1.22,1.0,0.121003053825477,1.22,0.11167806045312716,0.8883219395468729,1.0837527662471849,0
12,20211202,0.03,1.0,0.121003053825477,0.03,0.11167806045312716,0.8883219395468729,0.026649658186406185,0
12,20211203,0.14,0.99,0.121003053825477,0.1386,0.11167806045312716,0.8883219395468729,0.12312142082119658,0
12,20211204,0.01,0.99,0.121003053825477,0.0099,0.11167806045312716,0.8883219395468729,0.008794387201514042,0
12,20211205,0.15,0.99,0.121003053825477,0.1485,0.11167806045312716,0.8883219395468729,0.1319158080227106,0
12,20211206,1.22,0.98,0.121003053825477,1.1956,0.11167806045312716,0.8883219395468729,1.0620777109222412,0
12,20211207,0.09,0.98,0.121003053825477,0.0882,0.11167806045312716,0.8883219395468729,0.0783499950680342,0
12,20211208,0.38,0.97,0.121003053825477,0.3686,0.11167806045312716,0.8883219395468729,0.32743546691697734,0
12,20211209,3.98,0.97,0.121003053825477,3.8606,0.11167806045312716,0.8883219395468729,3.4294556798146574,1
12,20211210,2.35,0.97,0.121003053825477,2.2795,0.11167806045312716,0.8883219395468729,2.024929861197097,0
12,20211211,3.71,0.96,0.121003053825477,3.5616,0.11167806045312716,0.8883219395468729,3.1638474198901423,0
12,20211212,6.0,0.96,0.121003053825477,5.76,0.11167806045312716,0.8883219395468729,5.116734371789987,1
12,20211213,6.87,0.96,0.121003053825477,6.5952,0.11167806045312716,0.8883219395468729,5.8586608556995365,1
12,20211214,2.34,0.96,0.121003053825477,2.2464,0.11167806045312716,0.8883219395468729,1.9955264049980952,0
12,20211215,1.6,0.95,0.121003053825477,1.52,0.11167806045312716,0.8883219395468729,1.3502493481112467,0
12,20211216,0.48,0.95,0.121003053825477,0.45599999999999996,0.11167806045312716,0.8883219395468729,0.405074804433374,0
12,20211217,0.15,0.94,0.121003053825477,0.141,0.11167806045312716,0.8883219395468729,0.12525339347610906,0
12,20211218,0.0,0.93,0.121003053825477,0.0,0.11167806045312716,0.8883219395468729,0.0,0
12,20211219,0.0,0.93,0.121003053825477,0.0,0.11167806045312716,0.8883219395468729,0.0,0
12,20211220,0.0,0.92,0.121003053825477,0.0,0.11167806045312716,0.8883219395468729,0.0,0
12,20211221,0.0,0.92,0.121003053825477,0.0,0.11167806045312716,0.8883219395468729,0.0,0
12,20211222,0.0,0.91,0.121003053825477,0.0,0.11167806045312716,0.8883219395468729,0.0,0
12,20211223,0.0,0.9,0.121003053825477,0.0,0.11167806045312716,0.8883219395468729,0.0,0
12,20211224,0.0,0.9,0.121003053825477,0.0,0.11167806045312716,0.8883219395468729,0.0,0
12,20211225,0.0,0.89,0.121003053825477,0.0,0.11167806045312716,0.8883219395468729,0.0,0
12,20211226,0.0,0.88,0.121003053825477,0.0,0.11167806045312716,0.8883219395468729,0.0,0
12,20211227,0.41,0.88,0.121003053825477,0.36079999999999995,0.11167806045312716,0.8883219395468729,0.32050655578851167,0
12,20211228,0.87,0.87,0.121003053825477,0.7569,0.11167806045312716,0.8883219395468729,0.6723708760430281,0
12,20211229,0.92,0.87,0.121003053825477,0.8004,0.11167806045312716,0.8883219395468729,0.711012880413317,0
12,20211230,55.65,0.89,0.121003053825477,49.5285,0.11167806045312716,0.8883219395468729,43.997253182847295,1
12,20211231,42.52,0.96,0.121003053825477,40.8192,0.11167806045312716,0.8883219395468729,36.26059091475172,1
12,20220101,8.69,0.96,0.121003053825477,8.3424,0.11167806045312716,0.8883219395468729,7.410736948475832,1
12,20220102,0.5,0.95,0.121003053825477,0.475,0.11167806045312716,0.8883219395468729,0.4219529212847646,0
12,20220103,0.02,0.94,0.121003053825477,0.0188,0.11167806045312716,0.8883219395468729,0.01670045246348121,0
12,20220104,0.01,0.93,0.121003053825477,0.009300000000000001,0.11167806045312716,0.8883219395468729,0.008261394037785919,0
12,20220105,0.02,0.93,0.121003053825477,0.018600000000000002,0.11167806045312716,0.8883219395468729,0.016522788075571837,0
12,20220106,0.04,0.92,0.121003053825477,0.0368,0.11167806045312716,0.8883219395468729,0.03269024737532492,0
12,20220107,0.03,0.91,0.121003053825477,0.0273,0.11167806045312716,0.8883219395468729,0.024251188949629632,0
12,20220108,0.0,0.91,0.121003053825477,0.0,0.11167806045312716,0.8883219395468729,0.0,0
12,20220109,0.0,0.9,0.121003053825477,0.0,0.11167806045312716,0.8883219395468729,0.0,0
12,20220110,0.0,0.9,0.121003053825477,0.0,0.11167806045312716,0.8883219395468729,0.0,0
12,20220111,0.02,0.89,0.121003053825477,0.0178,0.11167806045312716,0.8883219395468729,0.015812130523934338,0
12,20220112,0.14,0.88,0.121003053825477,0.12320000000000002,0.11167806045312716,0.8883219395468729,0.10944126295217475,0
12,20220113,0.95,0.87,0.121003053825477,0.8265,0.11167806045312716,0.8883219395468729,0.7341980830354905,0
12,20220114,0.68,0.87,0.121003053825477,0.5916,0.11167806045312716,0.8883219395468729,0.52553125943593,0
12,20220115,0.64,0.86,0.121003053825477,0.5504,0.11167806045312716,0.8883219395468729,0.48893239552659884,0
12,20220116,5.86,0.86,0.121003053825477,5.0396,0.11167806045312716,0.8883219395468729,4.476787246540421,1
12,20220117,6.17,0.86,0.121003053825477,5.3062,0.11167806045312716,0.8883219395468729,4.713613875623617,1
12,20220118,1.52,0.86,0.121003053825477,1.3072,0.11167806045312716,0.8883219395468729,1.1612144393756723,0
12,20220119,0.47,0.85,0.121003053825477,0.39949999999999997,0.11167806045312716,0.8883219395468729,0.3548846148489757,0
12,20220120,0.0,0.85,0.121003053825477,0.0,0.11167806045312716,0.8883219395468729,0.0,0
12,20220121,0.0,0.84,0.121003053825477,0.0,0.11167806045312716,0.8883219395468729,0.0,0
12,20220122,0.0,0.83,0.121003053825477,0.0,0.11167806045312716,0.8883219395468729,0.0,0
12,20220123,0.59,0.83,0.121003053825477,0.48969999999999997,0.11167806045312716,0.8883219395468729,0.4350112537961036,0
12,20220124,3.1,0.83,0.121003053825477,2.573,0.11167806045312716,0.8883219395468729,2.2856523504541038,0
12,20220125,1.19,0.82,0.121003053825477,0.9757999999999999,0.11167806045312716,0.8883219395468729,0.8668245486098385,0
12,20220126,0.7,0.82,0.121003053825477,0.574,0.11167806045312716,0.8883219395468729,0.509896793299905,0
12,20220127,0.19,0.81,0.121003053825477,0.1539,0.11167806045312716,0.8883219395468729,0.13671274649626375,0
12,20220128,0.26,0.8,0.121003053825477,0.20800000000000002,0.11167806045312716,0.8883219395468729,0.18477096342574958,0
12,20220129,0.08,0.8,0.121003053825477,0.064,0.11167806045312716,0.8883219395468729,0.056852604130999865,0
12,20220130,0.0,0.79,0.121003053825477,0.0,0.11167806045312716,0.8883219395468729,0.0,0
12,20220131,0.0,0.78,0.121003053825477,0.0,0.11167806045312716,0.8883219395468729,0.0,0
12,20220201,0.0,0.78,0.121003053825477,0.0,0.11167806045312716,0.8883219395468729,0.0,0
12,20220202,0.0,0.77,0.121003053825477,0.0,0.11167806045312716,0.8883219395468729,0.0,0
12,20220203,0.0,0.76,0.121003053825477,0.0,0.11167806045312716,0.8883219395468729,0.0,0
12,20220204,0.0,0.76,0.121003053825477,0.0,0.11167806045312716,0.8883219395468729,0.0,0
12,20220205,0.04,0.75,0.121003053825477,0.03,0.11167806045312716,0.8883219395468729,0.026649658186406185,0
12,20220206,0.0,0.74,0.121003053825477,0.0,0.11167806045312716,0.8883219395468729,0.0,0
12,20220207,0.0,0.74,0.121003053825477,0.0,0.11167806045312716,0.8883219395468729,0.0,0
12,20220208,0.0,0.73,0.121003053825477,0.0,0.11167806045312716,0.8883219395468729,0.0,0
12,20220209,0.0,0.72,0.121003053825477,0.0,0.11167806045312716,0.8883219395468729,0.0,0
12,20220210,0.13,0.72,0.121003053825477,0.0936,0.11167806045312716,0.8883219395468729,0.08314693354158731,0
12,20220211,0.25,0.71,0.121003053825477,0.1775,0.11167806045312716,0.8883219395468729,0.15767714426956994,0
12,20220212,0.07,0.71,0.121003053825477,0.0497,0.11167806045312716,0.8883219395468729,0.044149600395479584,0
12,20220213,0.0,0.7,0.121003053825477,0.0,0.11167806045312716,0.8883219395468729,0.0,0
12,20220214,0.03,0.69,0.121003053825477,0.020699999999999996,0.11167806045312716,0.8883219395468729,0.018388264148620267,0
12,20220215,0.01,0.69,0.121003053825477,0.0069,0.11167806045312716,0.8883219395468729,0.0061294213828734226,0
12,20220216,0.0,0.68,0.121003053825477,0.0,0.11167806045312716,0.8883219395468729,0.0,0
12,20220217,0.0,0.68,0.121003053825477,0.0,0.11167806045312716,0.8883219395468729,0.0,0
12,20220218,0.0,0.67,0.121003053825477,0.0,0.11167806045312716,0.8883219395468729,0.0,0
12,20220219,0.0,0.67,0.121003053825477,0.0,0.11167806045312716,0.8883219395468729,0.0,0
12,20220220,0.0,0.66,0.121003053825477,0.0,0.11167806045312716,0.8883219395468729,0.0,0
12,20220221,0.0,0.66,0.121003053825477,0.0,0.11167806045312716,0.8883219395468729,0.0,0
12,20220222,0.03,0.65,0.121003053825477,0.0195,0.11167806045312716,0.8883219395468729,0.017322277821164023,0
12,20220223,0.0,0.65,0.121003053825477,0.0,0.11167806045312716,0.8883219395468729,0.0,0
12,20220224,0.0,0.64,0.121003053825477,0.0,0.11167806045312716,0.8883219395468729,0.0,0
12,20220225,0.0,0.64,0.121003053825477,0.0,0.11167806045312716,0.8883219395468729,0.0,0
12,20220226,0.01,0.63,0.121003053825477,0.0063,0.11167806045312716,0.8883219395468729,0.0055964282191453,0
12,20220227,0.0,0.63,0.121003053825477,0.0,0.11167806045312716,0.8883219395468729,0.0,0
12,20220228,0.0,0.62,0.121003053825477,0.0,0.11167806045312716,0.8883219395468729,0.0,0
12,20220301,0.0,0.62,0.121003053825477,0.0,0.11167806045312716,0.8883219395468729,0.0,0
12,20220302,0.0,0.61,0.121003053825477,0.0,0.11167806045312716,0.8883219395468729,0.0,0
12,20220303,0.0,0.61,0.121003053825477,0.0,0.11167806045312716,0.8883219395468729,0.0,0
12,20220304,0.06,0.61,0.121003053825477,0.0366,0.11167806045312716,0.8883219395468729,0.03251258298741555,0
12,20220305,0.01,0.6,0.121003053825477,0.006,0.11167806045312716,0.8883219395468729,0.005329931637281238,0
12,20220306,0.89,0.6,0.121003053825477,0.534,0.11167806045312716,0.8883219395468729,0.47436391571803016,0
12,20220307,0.21,0.6,0.121003053825477,0.126,0.11167806045312716,0.8883219395468729,0.11192856438290598,0
12,20220308,0.0,0.59,0.121003053825477,0.0,0.11167806045312716,0.8883219395468729,0.0,0
12,20220309,0.0,0.59,0.121003053825477,0.0,0.11167806045312716,0.8883219395468729,0.0,0
12,20220310,0.0,0.59,0.121003053825477,0.0,0.11167806045312716,0.8883219395468729,0.0,0
12,20220311,0.0,0.58,0.121003053825477,0.0,0.11167806045312716,0.8883219395468729,0.0,0
12,20220312,0.0,0.58,0.121003053825477,0.0,0.11167806045312716,0.8883219395468729,0.0,0
12,20220313,0.01,0.57,0.121003053825477,0.005699999999999999,0.11167806045312716,0.8883219395468729,0.005063435055417175,0
12,20220314,0.0,0.57,0.121003053825477,0.0,0.11167806045312716,0.8883219395468729,0.0,0
12,20220315,0.0,0.57,0.121003053825477,0.0,0.11167806045312716,0.8883219395468729,0.0,0
12,20220316,0.0,0.56,0.121003053825477,0.0,0.11167806045312716,0.8883219395468729,0.0,0
12,20220317,0.0,0.56,0.121003053825477,0.0,0.11167806045312716,0.8883219395468729,0.0,0
12,20220318,0.0,0.55,0.121003053825477,0.0,0.11167806045312716,0.8883219395468729,0.0,0
12,20220319,0.01,0.55,0.121003053825477,0.0055000000000000005,0.11167806045312716,0.8883219395468729,0.004885770667507801,0
12,20220320,0.08,0.55,0.121003053825477,0.044000000000000004,0.11167806045312716,0.8883219395468729,0.03908616534006241,0
12,20220321,0.49,0.55,0.121003053825477,0.2695,0.11167806045312716,0.8883219395468729,0.23940276270788227,0
12,20220322,0.87,0.55,0.121003053825477,0.47850000000000004,0.11167806045312716,0.8883219395468729,0.4250620480731787,0
12,20220323,0.01,0.54,0.121003053825477,0.0054,0.11167806045312716,0.8883219395468729,0.004796938473553114,0
12,20220324,0.01,0.54,0.121003053825477,0.0054,0.11167806045312716,0.8883219395468729,0.004796938473553114,0
12,20220325,0.0,0.54,0.121003053825477,0.0,0.11167806045312716,0.8883219395468729,0.0,0
12,20220326,0.0,0.53,0.121003053825477,0.0,0.11167806045312716,0.8883219395468729,0.0,0
12,20220327,0.0,0.53,0.121003053825477,0.0,0.11167806045312716,0.8883219395468729,0.0,0
12,20220328,0.0,0.53,0.121003053825477,0.0,0.11167806045312716,0.8883219395468729,0.0,0
12,20220329,0.0,0.53,0.121003053825477,0.0,0.11167806045312716,0.8883219395468729,0.0,0
12,20220330,0.0,0.53,0.121003053825477,0.0,0.11167806045312716,0.8883219395468729,0.0,0
12,20220331,0.01,0.52,0.121003053825477,0.005200000000000001,0.11167806045312716,0.8883219395468729,0.00461927408564374,0
12,20220401,0.0,0.52,0.121003053825477,0.0,0.11167806045312716,0.8883219395468729,0.0,0
12,20220402,0.01,0.52,0.121003053825477,0.005200000000000001,0.11167806045312716,0.8883219395468729,0.00461927408564374,0
12,20220403,0.0,0.52,0.121003053825477,0.0,0.11167806045312716,0.8883219395468729,0.0,0
12,20220404,0.01,0.52,0.121003053825477,0.005200000000000001,0.11167806045312716,0.8883219395468729,0.00461927408564374,0
12,20220405,0.0,0.52,0.121003053825477,0.0,0.11167806045312716,0.8883219395468729,0.0,0
12,20220406,0.05,0.52,0.121003053825477,0.026000000000000002,0.11167806045312716,0.8883219395468729,0.023096370428218698,0
12,20220407,0.1,0.52,0.121003053825477,0.052000000000000005,0.11167806045312716,0.8883219395468729,0.046192740856437396,0
12,20220408,0.14,0.52,0.121003053825477,0.0728,0.11167806045312716,0.8883219395468729,0.06466983719901236,0
12,20220409,0.14,0.52,0.121003053825477,0.0728,0.11167806045312716,0.8883219395468729,0.06466983719901236,0
12,20220410,0.66,0.52,0.121003053825477,0.3432,0.11167806045312716,0.8883219395468729,0.3048720896524868,0
12,20220411,0.26,0.52,0.121003053825477,0.13520000000000001,0.11167806045312716,0.8883219395468729,0.12010112622673723,0
12,20220412,0.07,0.52,0.121003053825477,0.0364,0.11167806045312716,0.8883219395468729,0.03233491859950618,0
12,20220413,0.11,0.52,0.121003053825477,0.0572,0.11167806045312716,0.8883219395468729,0.05081201494208113,0
12,20220414,0.02,0.52,0.121003053825477,0.010400000000000001,0.11167806045312716,0.8883219395468729,0.00923854817128748,0
12,20220415,0.02,0.52,0.121003053825477,0.010400000000000001,0.11167806045312716,0.8883219395468729,0.00923854817128748,0
12,20220416,0.03,0.52,0.121003053825477,0.0156,0.11167806045312716,0.8883219395468729,0.013857822256931216,0
12,20220417,0.42,0.52,0.121003053825477,0.2184,0.11167806045312716,0.8883219395468729,0.19400951159703705,0
12,20220418,0.33,0.52,0.121003053825477,0.1716,0.11167806045312716,0.8883219395468729,0.1524360448262434,0
12,20220419,0.03,0.52,0.121003053825477,0.0156,0.11167806045312716,0.8883219395468729,0.013857822256931216,0
12,20220420,0.02,0.52,0.121003053825477,0.010400000000000001,0.11167806045312716,0.8883219395468729,0.00923854817128748,0
12,20220421,0.01,0.52,0.121003053825477,0.005200000000000001,0.11167806045312716,0.8883219395468729,0.00461927408564374,0
12,20220422,0.02,0.51,0.121003053825477,0.0102,0.11167806045312716,0.8883219395468729,0.009060883783378104,0
12,20220423,0.04,0.51,0.121003053825477,0.0204,0.11167806045312716,0.8883219395468729,0.01812176756675621,0
12,20220424,0.0,0.51,0.121003053825477,0.0,0.11167806045312716,0.8883219395468729,0.0,0
12,20220425,0.0,0.51,0.121003053825477,0.0,0.11167806045312716,0.8883219395468729,0.0,0
12,20220426,0.0,0.51,0.121003053825477,0.0,0.11167806045312716,0.8883219395468729,0.0,0
12,20220427,0.0,0.51,0.121003053825477,0.0,0.11167806045312716,0.8883219395468729,0.0,0
12,20220428,0.0,0.51,0.121003053825477,0.0,0.11167806045312716,0.8883219395468729,0.0,0
12,20220429,0.02,0.51,0.121003053825477,0.0102,0.11167806045312716,0.8883219395468729,0.009060883783378104,0
12,20220430,0.01,0.51,0.121003053825477,0.0051,0.11167806045312716,0.8883219395468729,0.004530441891689052,0
12,20220501,0.38,0.51,0.121003053825477,0.1938,0.11167806045312716,0.8883219395468729,0.17215679188418395,0
12,20220502,0.99,0.51,0.121003053825477,0.5049,0.11167806045312716,0.8883219395468729,0.44851374727721616,0
12,20220503,0.48,0.52,0.121003053825477,0.2496,0.11167806045312716,0.8883219395468729,0.22172515611089946,0
12,20220504,1.98,0.52,0.121003053825477,1.0296,0.11167806045312716,0.8883219395468729,0.9146162689574604,0
12,20220505,1.93,0.52,0.121003053825477,1.0036,0.11167806045312716,0.8883219395468729,0.8915198985292416,0
12,20220506,4.02,0.52,0.121003053825477,2.0904,0.11167806045312716,0.8883219395468729,1.856948182428783,0
12,20220507,8.16,0.54,0.121003053825477,4.4064000000000005,0.11167806045312716,0.8883219395468729,3.914301794419341,1
12,20220508,0.52,0.54,0.121003053825477,0.28080000000000005,0.11167806045312716,0.8883219395468729,0.24944080062476195,0
12,20220509,1.28,0.53,0.121003053825477,0.6784,0.11167806045312716,0.8883219395468729,0.6026376037885985,0
12,20220510,10.74,0.54,0.121003053825477,5.799600000000001,0.11167806045312716,0.8883219395468729,5.151911920596045,1
12,20220511,6.44,0.55,0.121003053825477,3.5420000000000007,0.11167806045312716,0.8883219395468729,3.1464363098750243,0
12,20220512,8.99,0.55,0.121003053825477,4.944500000000001,0.11167806045312716,0.8883219395468729,4.392307830089513,1
12,20220513,1.16,0.57,0.121003053825477,0.6611999999999999,0.11167806045312716,0.8883219395468729,0.5873584664283923,0
12,20220514,1.15,0.56,0.121003053825477,0.644,0.11167806045312716,0.8883219395468729,0.5720793290681861,0
12,20220515,7.5,0.56,0.121003053825477,4.2,0.11167806045312716,0.8883219395468729,3.7309521460968664,1
12,20220516,6.12,0.58,0.121003053825477,3.5496,0.11167806045312716,0.8883219395468729,3.15318755661558,0
12,20220517,2.55,0.58,0.121003053825477,1.4789999999999999,0.11167806045312716,0.8883219395468729,1.3138281485898249,0
12,20220518,1.4,0.58,0.121003053825477,0.8119999999999999,0.11167806045312716,0.8883219395468729,0.7213174149120607,0
12,20220519,0.45,0.57,0.121003053825477,0.2565,0.11167806045312716,0.8883219395468729,0.22785457749377291,0
12,20220520,0.4,0.57,0.121003053825477,0.22799999999999998,0.11167806045312716,0.8883219395468729,0.202537402216687,0
12,20220521,0.02,0.56,0.121003053825477,0.011200000000000002,0.11167806045312716,0.8883219395468729,0.009949205722924978,0
12,20220522,0.03,0.56,0.121003053825477,0.016800000000000002,0.11167806045312716,0.8883219395468729,0.014923808584387467,0
12,20220523,0.01,0.55,0.121003053825477,0.0055000000000000005,0.11167806045312716,0.8883219395468729,0.004885770667507801,0
12,20220524,0.07,0.55,0.121003053825477,0.038500000000000006,0.11167806045312716,0.8883219395468729,0.03420039467255461,0
12,20220525,2.43,0.55,0.121003053825477,1.3365000000000002,0.11167806045312716,0.8883219395468729,1.1872422722043958,0
12,20220526,3.13,0.55,0.121003053825477,1.7215,0.11167806045312716,0.8883219395468729,1.5292462189299416,0
12,20220527,1.93,0.55,0.121003053825477,1.0615,0.11167806045312716,0.8883219395468729,0.9429537388290057,0
12,20220528,0.08,0.55,0.121003053825477,0.044000000000000004,0.11167806045312716,0.8883219395468729,0.03908616534006241,0
12,20220529,0.13,0.54,0.121003053825477,0.07020000000000001,0.11167806045312716,0.8883219395468729,0.06236020015619049,0
12,20220530,0.09,0.54,0.121003053825477,0.048600000000000004,0.11167806045312716,0.8883219395468729,0.043172446261978026,0
12,20220531,0.03,0.54,0.121003053825477,0.0162,0.11167806045312716,0.8883219395468729,0.01439081542065934,0
12,20220601,0.01,0.53,0.121003053825477,0.0053,0.11167806045312716,0.8883219395468729,0.004708106279598426,0
12,20220602,0.0,0.53,0.121003053825477,0.0,0.11167806045312716,0.8883219395468729,0.0,0
12,20220603,0.01,0.53,0.121003053825477,0.0053,0.11167806045312716,0.8883219395468729,0.004708106279598426,0
12,20220604,0.01,0.53,0.121003053825477,0.0053,0.11167806045312716,0.8883219395468729,0.004708106279598426,0
12,20220605,1.81,0.53,0.121003053825477,0.9593,0.11167806045312716,0.8883219395468729,0.8521672366073152,0
12,20220606,3.7,0.53,0.121003053825477,1.9610000000000003,0.11167806045312716,0.8883219395468729,1.741999323451418,0
12,20220607,2.57,0.53,0.121003053825477,1.3621,0.11167806045312716,0.8883219395468729,1.2099833138567957,0
12,20220608,0.38,0.53,0.121003053825477,0.20140000000000002,0.11167806045312716,0.8883219395468729,0.17890803862474022,0
12,20220609,0.26,0.53,0.121003053825477,0.1378,0.11167806045312716,0.8883219395468729,0.12241076326955909,0
12,20220610,0.21,0.53,0.121003053825477,0.1113,0.11167806045312716,0.8883219395468729,0.09887023187156695,0
12,20220611,1.31,0.53,0.121003053825477,0.6943,0.11167806045312716,0.8883219395468729,0.6167619226273938,0
12,20220612,1.97,0.53,0.121003053825477,1.0441,0.11167806045312716,0.8883219395468729,0.92749693708089,0
12,20220613,1.48,0.53,0.121003053825477,0.7844,0.11167806045312716,0.8883219395468729,0.6967997293805671,0
12,20220614,1.54,0.53,0.121003053825477,0.8162,0.11167806045312716,0.8883219395468729,0.7250483670581577,0
12,20220615,8.16,0.54,0.121003053825477,4.4064000000000005,0.11167806045312716,0.8883219395468729,3.914301794419341,1
12,20220616,8.64,0.55,0.121003053825477,4.752000000000001,0.11167806045312716,0.8883219395468729,4.22130585672674,1
12,20220617,7.47,0.56,0.121003053825477,4.1832,0.11167806045312716,0.8883219395468729,3.716028337512479,1
12,20220618,4.74,0.56,0.121003053825477,2.6544000000000003,0.11167806045312716,0.8883219395468729,2.3579617563332196,0
12,20220619,28.85,0.59,0.121003053825477,17.0215,0.11167806045312716,0.8883219395468729,15.120571893997097,1
12,20220620,18.31,0.64,0.121003053825477,11.718399999999999,0.11167806045312716,0.8883219395468729,10.409711816386075,1
12,20220621,23.54,0.66,0.121003053825477,15.5364,0.11167806045312716,0.8883219395468729,13.801324981576036,1
12,20220622,9.51,0.68,0.121003053825477,6.4668,0.11167806045312716,0.8883219395468729,5.744600318661718,1
12,20220623,3.63,0.67,0.121003053825477,2.4321,0.11167806045312716,0.8883219395468729,2.16048778917195,0
12,20220624,2.55,0.67,0.121003053825477,1.7085,0.11167806045312716,0.8883219395468729,1.5176980337158323,0
12,20220625,1.99,0.67,0.121003053825477,1.3333000000000002,0.11167806045312716,0.8883219395468729,1.1843996419978458,0
12,20220626,0.65,0.66,0.121003053825477,0.42900000000000005,0.11167806045312716,0.8883219395468729,0.3810901120656085,0
12,20220627,2.44,0.65,0.121003053825477,1.586,0.11167806045312716,0.8883219395468729,1.4088785961213404,0
12,20220628,2.59,0.66,0.121003053825477,1.7094,0.11167806045312716,0.8883219395468729,1.5184975234614246,0
12,20220629,5.16,0.65,0.121003053825477,3.354,0.11167806045312716,0.8883219395468729,2.979431785240212,0
12,20220630,5.14,0.66,0.121003053825477,3.3924,0.11167806045312716,0.8883219395468729,3.0135433477188114,0
12,20220701,4.5,0.66,0.121003053825477,2.97,0.11167806045312716,0.8883219395468729,2.6383161604542127,0
12,20220702,3.0,0.66,0.121003053825477,1.98,0.11167806045312716,0.8883219395468729,1.7588774403028082,0
12,20220703,3.04,0.66,0.121003053825477,2.0064,0.11167806045312716,0.8883219395468729,1.782329139506846,0
12,20220704,3.24,0.66,0.121003053825477,2.1384000000000003,0.11167806045312716,0.8883219395468729,1.8995876355270331,0
12,20220705,6.45,0.66,0.121003053825477,4.257000000000001,0.11167806045312716,0.8883219395468729,3.7815864966510384,1
12,20220706,4.59,0.67,0.121003053825477,3.0753,0.11167806045312716,0.8883219395468729,2.731856460688498,0
12,20220707,1.75,0.66,0.121003053825477,1.155,0.11167806045312716,0.8883219395468729,1.0260118401766383,0
12,20220708,3.76,0.66,0.121003053825477,2.4816,0.11167806045312716,0.8883219395468729,2.2044597251795195,0
12,20220709,2.01,0.66,0.121003053825477,1.3266,0.11167806045312716,0.8883219395468729,1.1784478850028817,0
12,20220710,2.79,0.66,0.121003053825477,1.8414000000000001,0.11167806045312716,0.8883219395468729,1.6357560194816119,0
12,20220711,1.15,0.65,0.121003053825477,0.7474999999999999,0.11167806045312716,0.8883219395468729,0.6640206498112874,0
12,20220712,1.38,0.65,0.121003053825477,0.8969999999999999,0.11167806045312716,0.8883219395468729,0.7968247797735449,0
12,20220713,2.29,0.65,0.121003053825477,1.4885000000000002,0.11167806045312716,0.8883219395468729,1.3222672070155204,0
12,20220714,0.31,0.64,0.121003053825477,0.1984,0.11167806045312716,0.8883219395468729,0.17624307280609958,0
12,20220715,0.09,0.63,0.121003053825477,0.0567,0.11167806045312716,0.8883219395468729,0.05036785397230769,0
12,20220716,5.09,0.63,0.121003053825477,3.2067,0.11167806045312716,0.8883219395468729,2.8485819635449574,0
12,20220717,9.42,0.65,0.121003053825477,6.123,0.11167806045312716,0.8883219395468729,5.439195235845503,1
12,20220718,2.0,0.65,0.121003053825477,1.3,0.11167806045312716,0.8883219395468729,1.1548185214109348,0
12,20220719,0.94,0.64,0.121003053825477,0.6016,0.11167806045312716,0.8883219395468729,0.5344144788313987,0
12,20220720,10.14,0.65,0.121003053825477,6.591,0.11167806045312716,0.8883219395468729,5.8549299035534395,1
12,20220721,5.89,0.66,0.121003053825477,3.8874,0.11167806045312716,0.8883219395468729,3.4532627077945137,1
12,20220722,15.58,0.68,0.121003053825477,10.5944,0.11167806045312716,0.8883219395468729,9.411237956335391,1
12,20220723,1.46,0.68,0.121003053825477,0.9928,0.11167806045312716,0.8883219395468729,0.8819260215821354,0
12,20220724,3.4,0.68,0.121003053825477,2.3120000000000003,0.11167806045312716,0.8883219395468729,2.0538003242323706,0
12,20220725,3.46,0.68,0.121003053825477,2.3528000000000002,0.11167806045312716,0.8883219395468729,2.0900438593658826,0
12,20220726,7.74,0.69,0.121003053825477,5.340599999999999,0.11167806045312716,0.8883219395468729,4.744172150344029,1
12,20220727,0.2,0.68,0.121003053825477,0.136,0.11167806045312716,0.8883219395468729,0.12081178377837472,0
12,20220728,0.75,0.68,0.121003053825477,0.51,0.11167806045312716,0.8883219395468729,0.45304418916890515,0
12,20220729,0.73,0.68,0.121003053825477,0.4964,0.11167806045312716,0.8883219395468729,0.4409630107910677,0
12,20220730,1.37,0.67,0.121003053825477,0.9179000000000002,0.11167806045312716,0.8883219395468729,0.8153907083100748,0
12,20220731,4.17,0.67,0.121003053825477,2.7939000000000003,0.11167806045312716,0.8883219395468729,2.4818826669000082,0
12,20220801,8.36,0.67,0.121003053825477,5.6011999999999995,0.11167806045312716,0.8883219395468729,4.975668847789944,1
12,20220802,6.98,0.68,0.121003053825477,4.7464,0.11167806045312716,0.8883219395468729,4.2163312538652775,1
13,20210902,7.02,0.73,0.0,5.124599999999999,0.0,1.0,5.124599999999999,1
13,20210903,8.8,0.73,0.0,6.424,0.0,1.0,6.424,1
13,20210904,12.16,0.74,0.0,8.9984,0.0,1.0,8.9984,1
13,20210905,7.22,0.75,0.0,5.415,0.0,1.0,5.415,1
13,20210906,6.91,0.75,0.0,5.1825,0.0,1.0,5.1825,1
13,20210907,0.43,0.75,0.0,0.3225,0.0,1.0,0.3225,0
13,20210908,0.06,0.74,0.0,0.044399999999999995,0.0,1.0,0.044399999999999995,0
13,20210909,0.15,0.74,0.0,0.111,0.0,1.0,0.111,0
13,20210910,0.53,0.73,0.0,0.3869,0.0,1.0,0.3869,0
13,20210911,0.06,0.73,0.0,0.0438,0.0,1.0,0.0438,0
13,20210912,0.17,0.72,0.0,0.12240000000000001,0.0,1.0,0.12240000000000001,0
13,20210913,0.05,0.72,0.0,0.036,0.0,1.0,0.036,0
13,20210914,0.04,0.71,0.0,0.028399999999999998,0.0,1.0,0.028399999999999998,0
13,20210915,1.77,0.71,0.0,1.2567,0.0,1.0,1.2567,0
13,20210916,2.6,0.71,0.0,1.8459999999999999,0.0,1.0,1.8459999999999999,0
13,20210917,1.42,0.71,0.0,1.0082,0.0,1.0,1.0082,0
13,20210918,5.01,0.71,0.0,3.5570999999999997,0.0,1.0,3.5570999999999997,1
13,20210919,6.04,0.71,0.0,4.2884,0.0,1.0,4.2884,1
13,20210920,3.03,0.71,0.0,2.1512999999999995,0.0,1.0,2.1512999999999995,0
13,20210921,4.59,0.71,0.0,3.2588999999999997,0.0,1.0,3.2588999999999997,0
13,20210922,21.25,0.74,0.0,15.725,0.0,1.0,15.725,1
13,20210923,1.37,0.74,0.0,1.0138,0.0,1.0,1.0138,0
13,20210924,1.87,0.74,0.0,1.3838000000000001,0.0,1.0,1.3838000000000001,0
13,20210925,7.28,0.73,0.0,5.3144,0.0,1.0,5.3144,1
13,20210926,7.13,0.75,0.0,5.3475,0.0,1.0,5.3475,1
13,20210927,0.08,0.74,0.0,0.0592,0.0,1.0,0.0592,0
13,20210928,2.25,0.73,0.0,1.6425,0.0,1.0,1.6425,0
13,20210929,1.48,0.73,0.0,1.0804,0.0,1.0,1.0804,0
13,20210930,3.93,0.73,0.0,2.8689,0.0,1.0,2.8689,0
13,20211001,2.28,0.73,0.0,1.6643999999999999,0.0,1.0,1.6643999999999999,0
13,20211002,5.59,0.73,0.0,4.0807,0.0,1.0,4.0807,1
13,20211003,4.45,0.73,0.0,3.2485,0.0,1.0,3.2485,0
13,20211004,4.71,0.73,0.0,3.4383,0.0,1.0,3.4383,1
13,20211005,37.11,0.76,0.0,28.2036,0.0,1.0,28.2036,1
13,20211006,8.39,0.79,0.0,6.628100000000001,0.0,1.0,6.628100000000001,1
13,20211007,3.17,0.79,0.0,2.5043,0.0,1.0,2.5043,0
13,20211008,3.81,0.78,0.0,2.9718,0.0,1.0,2.9718,0
13,20211009,5.3,0.78,0.0,4.134,0.0,1.0,4.134,1
13,20211010,9.41,0.79,0.0,7.4339,0.0,1.0,7.4339,1
13,20211011,4.31,0.8,0.0,3.448,0.0,1.0,3.448,1
13,20211012,4.16,0.79,0.0,3.2864000000000004,0.0,1.0,3.2864000000000004,0
13,20211013,6.49,0.8,0.0,5.192,0.0,1.0,5.192,1
13,20211014,0.24,0.79,0.0,0.1896,0.0,1.0,0.1896,0
13,20211015,2.84,0.79,0.0,2.2436,0.0,1.0,2.2436,0
13,20211016,1.62,0.79,0.0,1.2798,0.0,1.0,1.2798,0
13,20211017,3.02,0.79,0.0,2.3858,0.0,1.0,2.3858,0
13,20211018,0.37,0.79,0.0,0.2923,0.0,1.0,0.2923,0
13,20211019,3.3,0.78,0.0,2.574,0.0,1.0,2.574,0
13,20211020,1.74,0.78,0.0,1.3572,0.0,1.0,1.3572,0
13,20211021,1.85,0.79,0.0,1.4615000000000002,0.0,1.0,1.4615000000000002,0
13,20211022,0.51,0.78,0.0,0.39780000000000004,0.0,1.0,0.39780000000000004,0
13,20211023,0.54,0.78,0.0,0.4212,0.0,1.0,0.4212,0
13,20211024,5.98,0.78,0.0,4.6644000000000005,0.0,1.0,4.6644000000000005,1
13,20211025,0.93,0.78,0.0,0.7254,0.0,1.0,0.7254,0
13,20211026,0.98,0.77,0.0,0.7546,0.0,1.0,0.7546,0
13,20211027,0.75,0.77,0.0,0.5775,0.0,1.0,0.5775,0
13,20211028,6.67,0.76,0.0,5.0692,0.0,1.0,5.0692,1
13,20211029,25.07,0.79,0.0,19.805300000000003,0.0,1.0,19.805300000000003,1
13,20211030,17.88,0.83,0.0,14.840399999999999,0.0,1.0,14.840399999999999,1
13,20211031,16.09,0.83,0.0,13.3547,0.0,1.0,13.3547,1
13,20211101,21.37,0.86,0.0,18.3782,0.0,1.0,18.3782,1
13,20211102,23.68,0.88,0.0,20.8384,0.0,1.0,20.8384,1
13,20211103,30.77,0.91,0.0,28.000700000000002,0.0,1.0,28.000700000000002,1
13,20211104,18.47,0.92,0.0,16.9924,0.0,1.0,16.9924,1
13,20211105,16.95,0.92,0.0,15.594,0.0,1.0,15.594,1
13,20211106,49.77,0.94,0.0,46.7838,0.0,1.0,46.7838,1
13,20211107,40.64,0.97,0.0,39.4208,0.0,1.0,39.4208,1
13,20211108,36.4,0.98,0.0,35.672,0.0,1.0,35.672,1
13,20211109,16.97,0.98,0.0,16.630599999999998,0.0,1.0,16.630599999999998,1
13,20211110,84.05,0.99,0.0,83.20949999999999,0.0,1.0,83.20949999999999,1
13,20211111,75.19,1.0,0.0,75.19,0.0,1.0,75.19,1
13,20211112,3.63,0.99,0.0,3.5936999999999997,0.0,1.0,3.5936999999999997,1
13,20211113,3.72,0.99,0.0,3.6828000000000003,0.0,1.0,3.6828000000000003,1
13,20211114,4.74,0.99,0.0,4.6926000000000005,0.0,1.0,4.6926000000000005,1
13,20211115,4.57,0.99,0.0,4.5243,0.0,1.0,4.5243,1
13,20211116,2.4,0.99,0.0,2.376,0.0,1.0,2.376,0
13,20211117,11.0,0.99,0.0,10.89,0.0,1.0,10.89,1
13,20211118,74.21,1.0,0.0,74.21,0.0,1.0,74.21,1
13,20211119,20.62,1.0,0.0,20.62,0.0,1.0,20.62,1
13,20211120,16.63,1.0,0.0,16.63,0.0,1.0,16.63,1
13,20211121,7.5,1.0,0.0,7.5,0.0,1.0,7.5,1
13,20211122,5.0,0.99,0.0,4.95,0.0,1.0,4.95,1
13,20211123,2.29,0.99,0.0,2.2671,0.0,1.0,2.2671,0
13,20211124,2.87,0.99,0.0,2.8413,0.0,1.0,2.8413,0
13,20211125,18.25,0.99,0.0,18.0675,0.0,1.0,18.0675,1
13,20211126,58.61,1.0,0.0,58.61,0.0,1.0,58.61,1
13,20211127,29.98,1.0,0.0,29.98,0.0,1.0,29.98,1
13,20211128,61.12,1.0,0.0,61.12,0.0,1.0,61.12,1
13,20211129,12.76,1.0,0.0,12.76,0.0,1.0,12.76,1
13,20211130,9.8,1.0,0.0,9.8,0.0,1.0,9.8,1
13,20211201,1.22,1.0,0.0,1.22,0.0,1.0,1.22,0
13,20211202,0.03,1.0,0.0,0.03,0.0,1.0,0.03,0
13,20211203,0.14,0.99,0.0,0.1386,0.0,1.0,0.1386,0
13,20211204,0.01,0.99,0.0,0.0099,0.0,1.0,0.0099,0
13,20211205,0.15,0.99,0.0,0.1485,0.0,1.0,0.1485,0
13,20211206,1.22,0.98,0.0,1.1956,0.0,1.0,1.1956,0
13,20211207,0.09,0.98,0.0,0.0882,0.0,1.0,0.0882,0
13,20211208,0.38,0.97,0.0,0.3686,0.0,1.0,0.3686,0
13,20211209,3.98,0.97,0.0,3.8606,0.0,1.0,3.8606,1
13,20211210,2.35,0.97,0.0,2.2795,0.0,1.0,2.2795,0
13,20211211,3.71,0.96,0.0,3.5616,0.0,1.0,3.5616,1
13,20211212,6.0,0.96,0.0,5.76,0.0,1.0,5.76,1
13,20211213,6.87,0.96,0.0,6.5952,0.0,1.0,6.5952,1
13,20211214,2.34,0.96,0.0,2.2464,0.0,1.0,2.2464,0
13,20211215,1.6,0.95,0.0,1.52,0.0,1.0,1.52,0
13,20211216,0.48,0.95,0.0,0.45599999999999996,0.0,1.0,0.45599999999999996,0
13,20211217,0.15,0.94,0.0,0.141,0.0,1.0,0.141,0
13,20211218,0.0,0.93,0.0,0.0,0.0,1.0,0.0,0
13,20211219,0.0,0.93,0.0,0.0,0.0,1.0,0.0,0
13,20211220,0.0,0.92,0.0,0.0,0.0,1.0,0.0,0
13,20211221,0.0,0.92,0.0,0.0,0.0,1.0,0.0,0
13,20211222,0.0,0.91,0.0,0.0,0.0,1.0,0.0,0
13,20211223,0.0,0.9,0.0,0.0,0.0,1.0,0.0,0
13,20211224,0.0,0.9,0.0,0.0,0.0,1.0,0.0,0
13,20211225,0.0,0.89,0.0,0.0,0.0,1.0,0.0,0
13,20211226,0.0,0.88,0.0,0.0,0.0,1.0,0.0,0
13,20211227,0.41,0.88,0.0,0.36079999999999995,0.0,1.0,0.36079999999999995,0
13,20211228,0.87,0.87,0.0,0.7569,0.0,1.0,0.7569,0
13,20211229,0.92,0.87,0.0,0.8004,0.0,1.0,0.8004,0
13,20211230,55.65,0.89,0.0,49.5285,0.0,1.0,49.5285,1
13,20211231,42.52,0.96,0.0,40.8192,0.0,1.0,40.8192,1
13,20220101,8.69,0.96,0.0,8.3424,0.0,1.0,8.3424,1
13,20220102,0.5,0.95,0.0,0.475,0.0,1.0,0.475,0
13,20220103,0.02,0.94,0.0,0.0188,0.0,1.0,0.0188,0
13,20220104,0.01,0.93,0.0,0.009300000000000001,0.0,1.0,0.009300000000000001,0
13,20220105,0.02,0.93,0.0,0.018600000000000002,0.0,1.0,0.018600000000000002,0
13,20220106,0.04,0.92,0.0,0.0368,0.0,1.0,0.0368,0
13,20220107,0.03,0.91,0.0,0.0273,0.0,1.0,0.0273,0
13,20220108,0.0,0.91,0.0,0.0,0.0,1.0,0.0,0
13,20220109,0.0,0.9,0.0,0.0,0.0,1.0,0.0,0
13,20220110,0.0,0.9,0.0,0.0,0.0,1.0,0.0,0
13,20220111,0.02,0.89,0.0,0.0178,0.0,1.0,0.0178,0
13,20220112,0.14,0.88,0.0,0.12320000000000002,0.0,1.0,0.12320000000000002,0
13,20220113,0.95,0.87,0.0,0.8265,0.0,1.0,0.8265,0
13,20220114,0.68,0.87,0.0,0.5916,0.0,1.0,0.5916,0
13,20220115,0.64,0.86,0.0,0.5504,0.0,1.0,0.5504,0
13,20220116,5.86,0.86,0.0,5.0396,0.0,1.0,5.0396,1
13,20220117,6.17,0.86,0.0,5.3062,0.0,1.0,5.3062,1
13,20220118,1.52,0.86,0.0,1.3072,0.0,1.0,1.3072,0
13,20220119,0.47,0.85,0.0,0.39949999999999997,0.0,1.0,0.39949999999999997,0
13,20220120,0.0,0.85,0.0,0.0,0.0,1.0,0.0,0
13,20220121,0.0,0.84,0.0,0.0,0.0,1.0,0.0,0
13,20220122,0.0,0.83,0.0,0.0,0.0,1.0,0.0,0
13,20220123,0.59,0.83,0.0,0.48969999999999997,0.0,1.0,0.48969999999999997,0
13,20220124,3.1,0.83,0.0,2.573,0.0,1.0,2.573,0
13,20220125,1.19,0.82,0.0,0.9757999999999999,0.0,1.0,0.9757999999999999,0
13,20220126,0.7,0.82,0.0,0.574,0.0,1.0,0.574,0
13,20220127,0.19,0.81,0.0,0.1539,0.0,1.0,0.1539,0
13,20220128,0.26,0.8,0.0,0.20800000000000002,0.0,1.0,0.20800000000000002,0
13,20220129,0.08,0.8,0.0,0.064,0.0,1.0,0.064,0
13,20220130,0.0,0.79,0.0,0.0,0.0,1.0,0.0,0
13,20220131,0.0,0.78,0.0,0.0,0.0,1.0,0.0,0
13,20220201,0.0,0.78,0.0,0.0,0.0,1.0,0.0,0
13,20220202,0.0,0.77,0.0,0.0,0.0,1.0,0.0,0
13,20220203,0.0,0.76,0.0,0.0,0.0,1.0,0.0,0
13,20220204,0.0,0.76,0.0,0.0,0.0,1.0,0.0,0
13,20220205,0.04,0.75,0.0,0.03,0.0,1.0,0.03,0
13,20220206,0.0,0.74,0.0,0.0,0.0,1.0,0.0,0
13,20220207,0.0,0.74,0.0,0.0,0.0,1.0,0.0,0
13,20220208,0.0,0.73,0.0,0.0,0.0,1.0,0.0,0
13,20220209,0.0,0.72,0.0,0.0,0.0,1.0,0.0,0
13,20220210,0.13,0.72,0.0,0.0936,0.0,1.0,0.0936,0
13,20220211,0.25,0.71,0.0,0.1775,0.0,1.0,0.1775,0
13,20220212,0.07,0.71,0.0,0.0497,0.0,1.0,0.0497,0
13,20220213,0.0,0.7,0.0,0.0,0.0,1.0,0.0,0
13,20220214,0.03,0.69,0.0,0.020699999999999996,0.0,1.0,0.020699999999999996,0
13,20220215,0.01,0.69,0.0,0.0069,0.0,1.0,0.0069,0
13,20220216,0.0,0.68,0.0,0.0,0.0,1.0,0.0,0
13,20220217,0.0,0.68,0.0,0.0,0.0,1.0,0.0,0
13,20220218,0.0,0.67,0.0,0.0,0.0,1.0,0.0,0
13,20220219,0.0,0.67,0.0,0.0,0.0,1.0,0.0,0
13,20220220,0.0,0.66,0.0,0.0,0.0,1.0,0.0,0
13,20220221,0.0,0.66,0.0,0.0,0.0,1.0,0.0,0
13,20220222,0.03,0.65,0.0,0.0195,0.0,1.0,0.0195,0
13,20220223,0.0,0.65,0.0,0.0,0.0,1.0,0.0,0
13,20220224,0.0,0.64,0.0,0.0,0.0,1.0,0.0,0
13,20220225,0.0,0.64,0.0,0.0,0.0,1.0,0.0,0
13,20220226,0.01,0.63,0.0,0.0063,0.0,1.0,0.0063,0
13,20220227,0.0,0.63,0.0,0.0,0.0,1.0,0.0,0
13,20220228,0.0,0.62,0.0,0.0,0.0,1.0,0.0,0
13,20220301,0.0,0.62,0.0,0.0,0.0,1.0,0.0,0
13,20220302,0.0,0.61,0.0,0.0,0.0,1.0,0.0,0
13,20220303,0.0,0.61,0.0,0.0,0.0,1.0,0.0,0
13,20220304,0.06,0.61,0.0,0.0366,0.0,1.0,0.0366,0
13,20220305,0.01,0.6,0.0,0.006,0.0,1.0,0.006,0
13,20220306,0.89,0.6,0.0,0.534,0.0,1.0,0.534,0
13,20220307,0.21,0.6,0.0,0.126,0.0,1.0,0.126,0
13,20220308,0.0,0.59,0.0,0.0,0.0,1.0,0.0,0
13,20220309,0.0,0.59,0.0,0.0,0.0,1.0,0.0,0
13,20220310,0.0,0.59,0.0,0.0,0.0,1.0,0.0,0
13,20220311,0.0,0.58,0.0,0.0,0.0,1.0,0.0,0
13,20220312,0.0,0.58,0.0,0.0,0.0,1.0,0.0,0
13,20220313,0.01,0.57,0.0,0.005699999999999999,0.0,1.0,0.005699999999999999,0
13,20220314,0.0,0.57,0.0,0.0,0.0,1.0,0.0,0
13,20220315,0.0,0.57,0.0,0.0,0.0,1.0,0.0,0
13,20220316,0.0,0.56,0.0,0.0,0.0,1.0,0.0,0
13,20220317,0.0,0.56,0.0,0.0,0.0,1.0,0.0,0
13,20220318,0.0,0.55,0.0,0.0,0.0,1.0,0.0,0
13,20220319,0.01,0.55,0.0,0.0055000000000000005,0.0,1.0,0.0055000000000000005,0
13,20220320,0.08,0.55,0.0,0.044000000000000004,0.0,1.0,0.044000000000000004,0
13,20220321,0.49,0.55,0.0,0.2695,0.0,1.0,0.2695,0
13,20220322,0.87,0.55,0.0,0.47850000000000004,0.0,1.0,0.47850000000000004,0
13,20220323,0.01,0.54,0.0,0.0054,0.0,1.0,0.0054,0
13,20220324,0.01,0.54,0.0,0.0054,0.0,1.0,0.0054,0
13,20220325,0.0,0.54,0.0,0.0,0.0,1.0,0.0,0
13,20220326,0.0,0.53,0.0,0.0,0.0,1.0,0.0,0
13,20220327,0.0,0.53,0.0,0.0,0.0,1.0,0.0,0
13,20220328,0.0,0.53,0.0,0.0,0.0,1.0,0.0,0
13,20220329,0.0,0.53,0.0,0.0,0.0,1.0,0.0,0
13,20220330,0.0,0.53,0.0,0.0,0.0,1.0,0.0,0
13,20220331,0.01,0.52,0.0,0.005200000000000001,0.0,1.0,0.005200000000000001,0
13,20220401,0.0,0.52,0.0,0.0,0.0,1.0,0.0,0
13,20220402,0.01,0.52,0.0,0.005200000000000001,0.0,1.0,0.005200000000000001,0
13,20220403,0.0,0.52,0.0,0.0,0.0,1.0,0.0,0
13,20220404,0.01,0.52,0.0,0.005200000000000001,0.0,1.0,0.005200000000000001,0
13,20220405,0.0,0.52,0.0,0.0,0.0,1.0,0.0,0
13,20220406,0.05,0.52,0.0,0.026000000000000002,0.0,1.0,0.026000000000000002,0
13,20220407,0.1,0.52,0.0,0.052000000000000005,0.0,1.0,0.052000000000000005,0
13,20220408,0.14,0.52,0.0,0.0728,0.0,1.0,0.0728,0
13,20220409,0.14,0.52,0.0,0.0728,0.0,1.0,0.0728,0
13,20220410,0.66,0.52,0.0,0.3432,0.0,1.0,0.3432,0
13,20220411,0.26,0.52,0.0,0.13520000000000001,0.0,1.0,0.13520000000000001,0
13,20220412,0.07,0.52,0.0,0.0364,0.0,1.0,0.0364,0
13,20220413,0.11,0.52,0.0,0.0572,0.0,1.0,0.0572,0
13,20220414,0.02,0.52,0.0,0.010400000000000001,0.0,1.0,0.010400000000000001,0
13,20220415,0.02,0.52,0.0,0.010400000000000001,0.0,1.0,0.010400000000000001,0
13,20220416,0.03,0.52,0.0,0.0156,0.0,1.0,0.0156,0
13,20220417,0.42,0.52,0.0,0.2184,0.0,1.0,0.2184,0
13,20220418,0.33,0.52,0.0,0.1716,0.0,1.0,0.1716,0
13,20220419,0.03,0.52,0.0,0.0156,0.0,1.0,0.0156,0
13,20220420,0.02,0.52,0.0,0.010400000000000001,0.0,1.0,0.010400000000000001,0
13,20220421,0.01,0.52,0.0,0.005200000000000001,0.0,1.0,0.005200000000000001,0
13,20220422,0.02,0.51,0.0,0.0102,0.0,1.0,0.0102,0
13,20220423,0.04,0.51,0.0,0.0204,0.0,1.0,0.0204,0
13,20220424,0.0,0.51,0.0,0.0,0.0,1.0,0.0,0
13,20220425,0.0,0.51,0.0,0.0,0.0,1.0,0.0,0
13,20220426,0.0,0.51,0.0,0.0,0.0,1.0,0.0,0
13,20220427,0.0,0.51,0.0,0.0,0.0,1.0,0.0,0
13,20220428,0.0,0.51,0.0,0.0,0.0,1.0,0.0,0
13,20220429,0.02,0.51,0.0,0.0102,0.0,1.0,0.0102,0
13,20220430,0.01,0.51,0.0,0.0051,0.0,1.0,0.0051,0
13,20220501,0.38,0.51,0.0,0.1938,0.0,1.0,0.1938,0
13,20220502,0.99,0.51,0.0,0.5049,0.0,1.0,0.5049,0
13,20220503,0.48,0.52,0.0,0.2496,0.0,1.0,0.2496,0
13,20220504,1.98,0.52,0.0,1.0296,0.0,1.0,1.0296,0
13,20220505,1.93,0.52,0.0,1.0036,0.0,1.0,1.0036,0
13,20220506,4.02,0.52,0.0,2.0904,0.0,1.0,2.0904,0
13,20220507,8.16,0.54,0.0,4.4064000000000005,0.0,1.0,4.4064000000000005,1
13,20220508,0.52,0.54,0.0,0.28080000000000005,0.0,1.0,0.28080000000000005,0
13,20220509,1.28,0.53,0.0,0.6784,0.0,1.0,0.6784,0
13,20220510,10.74,0.54,0.0,5.799600000000001,0.0,1.0,5.799600000000001,1
13,20220511,6.44,0.55,0.0,3.5420000000000007,0.0,1.0,3.5420000000000007,1
13,20220512,8.99,0.55,0.0,4.944500000000001,0.0,1.0,4.944500000000001,1
13,20220513,1.16,0.57,0.0,0.6611999999999999,0.0,1.0,0.6611999999999999,0
13,20220514,1.15,0.56,0.0,0.644,0.0,1.0,0.644,0
13,20220515,7.5,0.56,0.0,4.2,0.0,1.0,4.2,1
13,20220516,6.12,0.58,0.0,3.5496,0.0,1.0,3.5496,1
13,20220517,2.55,0.58,0.0,1.4789999999999999,0.0,1.0,1.4789999999999999,0
13,20220518,1.4,0.58,0.0,0.8119999999999999,0.0,1.0,0.8119999999999999,0
13,20220519,0.45,0.57,0.0,0.2565,0.0,1.0,0.2565,0
13,20220520,0.4,0.57,0.0,0.22799999999999998,0.0,1.0,0.22799999999999998,0
13,20220521,0.02,0.56,0.0,0.011200000000000002,0.0,1.0,0.011200000000000002,0
13,20220522,0.03,0.56,0.0,0.016800000000000002,0.0,1.0,0.016800000000000002,0
13,20220523,0.01,0.55,0.0,0.0055000000000000005,0.0,1.0,0.0055000000000000005,0
13,20220524,0.07,0.55,0.0,0.038500000000000006,0.0,1.0,0.038500000000000006,0
13,20220525,2.43,0.55,0.0,1.3365000000000002,0.0,1.0,1.3365000000000002,0
13,20220526,3.13,0.55,0.0,1.7215,0.0,1.0,1.7215,0
13,20220527,1.93,0.55,0.0,1.0615,0.0,1.0,1.0615,0
13,20220528,0.08,0.55,0.0,0.044000000000000004,0.0,1.0,0.044000000000000004,0
13,20220529,0.13,0.54,0.0,0.07020000000000001,0.0,1.0,0.07020000000000001,0
13,20220530,0.09,0.54,0.0,0.048600000000000004,0.0,1.0,0.048600000000000004,0
13,20220531,0.03,0.54,0.0,0.0162,0.0,1.0,0.0162,0
13,20220601,0.01,0.53,0.0,0.0053,0.0,1.0,0.0053,0
13,20220602,0.0,0.53,0.0,0.0,0.0,1.0,0.0,0
13,20220603,0.01,0.53,0.0,0.0053,0.0,1.0,0.0053,0
13,20220604,0.01,0.53,0.0,0.0053,0.0,1.0,0.0053,0
13,20220605,1.81,0.53,0.0,0.9593,0.0,1.0,0.9593,0
13,20220606,3.7,0.53,0.0,1.9610000000000003,0.0,1.0,1.9610000000000003,0
13,20220607,2.57,0.53,0.0,1.3621,0.0,1.0,1.3621,0
13,20220608,0.38,0.53,0.0,0.20140000000000002,0.0,1.0,0.20140000000000002,0
13,20220609,0.26,0.53,0.0,0.1378,0.0,1.0,0.1378,0
13,20220610,0.21,0.53,0.0,0.1113,0.0,1.0,0.1113,0
13,20220611,1.31,0.53,0.0,0.6943,0.0,1.0,0.6943,0
13,20220612,1.97,0.53,0.0,1.0441,0.0,1.0,1.0441,0
13,20220613,1.48,0.53,0.0,0.7844,0.0,1.0,0.7844,0
13,20220614,1.54,0.53,0.0,0.8162,0.0,1.0,0.8162,0
13,20220615,8.16,0.54,0.0,4.4064000000000005,0.0,1.0,4.4064000000000005,1
13,20220616,8.64,0.55,0.0,4.752000000000001,0.0,1.0,4.752000000000001,1
13,20220617,7.47,0.56,0.0,4.1832,0.0,1.0,4.1832,1
13,20220618,4.74,0.56,0.0,2.6544000000000003,0.0,1.0,2.6544000000000003,0
13,20220619,28.85,0.59,0.0,17.0215,0.0,1.0,17.0215,1
13,20220620,18.31,0.64,0.0,11.718399999999999,0.0,1.0,11.718399999999999,1
13,20220621,23.54,0.66,0.0,15.5364,0.0,1.0,15.5364,1
13,20220622,9.51,0.68,0.0,6.4668,0.0,1.0,6.4668,1
13,20220623,3.63,0.67,0.0,2.4321,0.0,1.0,2.4321,0
13,20220624,2.55,0.67,0.0,1.7085,0.0,1.0,1.7085,0
13,20220625,1.99,0.67,0.0,1.3333000000000002,0.0,1.0,1.3333000000000002,0
13,20220626,0.65,0.66,0.0,0.42900000000000005,0.0,1.0,0.42900000000000005,0
13,20220627,2.44,0.65,0.0,1.586,0.0,1.0,1.586,0
13,20220628,2.59,0.66,0.0,1.7094,0.0,1.0,1.7094,0
13,20220629,5.16,0.65,0.0,3.354,0.0,1.0,3.354,0
13,20220630,5.14,0.66,0.0,3.3924,0.0,1.0,3.3924,0
13,20220701,4.5,0.66,0.0,2.97,0.0,1.0,2.97,0
13,20220702,3.0,0.66,0.0,1.98,0.0,1.0,1.98,0
13,20220703,3.04,0.66,0.0,2.0064,0.0,1.0,2.0064,0
13,20220704,3.24,0.66,0.0,2.1384000000000003,0.0,1.0,2.1384000000000003,0
13,20220705,6.45,0.66,0.0,4.257000000000001,0.0,1.0,4.257000000000001,1
13,20220706,4.59,0.67,0.0,3.0753,0.0,1.0,3.0753,0
13,20220707,1.75,0.66,0.0,1.155,0.0,1.0,1.155,0
13,20220708,3.76,0.66,0.0,2.4816,0.0,1.0,2.4816,0
13,20220709,2.01,0.66,0.0,1.3266,0.0,1.0,1.3266,0
13,20220710,2.79,0.66,0.0,1.8414000000000001,0.0,1.0,1.8414000000000001,0
13,20220711,1.15,0.65,0.0,0.7474999999999999,0.0,1.0,0.7474999999999999,0
13,20220712,1.38,0.65,0.0,0.8969999999999999,0.0,1.0,0.8969999999999999,0
13,20220713,2.29,0.65,0.0,1.4885000000000002,0.0,1.0,1.4885000000000002,0
13,20220714,0.31,0.64,0.0,0.1984,0.0,1.0,0.1984,0
13,20220715,0.09,0.63,0.0,0.0567,0.0,1.0,0.0567,0
13,20220716,5.09,0.63,0.0,3.2067,0.0,1.0,3.2067,0
13,20220717,9.42,0.65,0.0,6.123,0.0,1.0,6.123,1
13,20220718,2.0,0.65,0.0,1.3,0.0,1.0,1.3,0
13,20220719,0.94,0.64,0.0,0.6016,0.0,1.0,0.6016,0
13,20220720,10.14,0.65,0.0,6.591,0.0,1.0,6.591,1
13,20220721,5.89,0.66,0.0,3.8874,0.0,1.0,3.8874,1
13,20220722,15.58,0.68,0.0,10.5944,0.0,1.0,10.5944,1
13,20220723,1.46,0.68,0.0,0.9928,0.0,1.0,0.9928,0
13,20220724,3.4,0.68,0.0,2.3120000000000003,0.0,1.0,2.3120000000000003,0
13,20220725,3.46,0.68,0.0,2.3528000000000002,0.0,1.0,2.3528000000000002,0
13,20220726,7.74,0.69,0.0,5.340599999999999,0.0,1.0,5.340599999999999,1
13,20220727,0.2,0.68,0.0,0.136,0.0,1.0,0.136,0
13,20220728,0.75,0.68,0.0,0.51,0.0,1.0,0.51,0
13,20220729,0.73,0.68,0.0,0.4964,0.0,1.0,0.4964,0
13,20220730,1.37,0.67,0.0,0.9179000000000002,0.0,1.0,0.9179000000000002,0
13,20220731,4.17,0.67,0.0,2.7939000000000003,0.0,1.0,2.7939000000000003,0
13,20220801,8.36,0.67,0.0,5.6011999999999995,0.0,1.0,5.6011999999999995,1
13,20220802,6.98,0.68,0.0,4.7464,0.0,1.0,4.7464,1
14,20210902,7.02,0.73,0.0,5.124599999999999,0.0,1.0,5.124599999999999,1
14,20210903,8.8,0.73,0.0,6.424,0.0,1.0,6.424,1
14,20210904,12.16,0.74,0.0,8.9984,0.0,1.0,8.9984,1
14,20210905,7.22,0.75,0.0,5.415,0.0,1.0,5.415,1
14,20210906,6.91,0.75,0.0,5.1825,0.0,1.0,5.1825,1
14,20210907,0.43,0.75,0.0,0.3225,0.0,1.0,0.3225,0
14,20210908,0.06,0.74,0.0,0.044399999999999995,0.0,1.0,0.044399999999999995,0
14,20210909,0.15,0.74,0.0,0.111,0.0,1.0,0.111,0
14,20210910,0.53,0.73,0.0,0.3869,0.0,1.0,0.3869,0
14,20210911,0.06,0.73,0.0,0.0438,0.0,1.0,0.0438,0
14,20210912,0.17,0.72,0.0,0.12240000000000001,0.0,1.0,0.12240000000000001,0
14,20210913,0.05,0.72,0.0,0.036,0.0,1.0,0.036,0
14,20210914,0.04,0.71,0.0,0.028399999999999998,0.0,1.0,0.028399999999999998,0
14,20210915,1.77,0.71,0.0,1.2567,0.0,1.0,1.2567,0
14,20210916,2.6,0.71,0.0,1.8459999999999999,0.0,1.0,1.8459999999999999,0
14,20210917,1.42,0.71,0.0,1.0082,0.0,1.0,1.0082,0
14,20210918,5.01,0.71,0.0,3.5570999999999997,0.0,1.0,3.5570999999999997,1
14,20210919,6.04,0.71,0.0,4.2884,0.0,1.0,4.2884,1
14,20210920,3.03,0.71,0.0,2.1512999999999995,0.0,1.0,2.1512999999999995,0
14,20210921,4.59,0.71,0.0,3.2588999999999997,0.0,1.0,3.2588999999999997,0
14,20210922,21.25,0.74,0.0,15.725,0.0,1.0,15.725,1
14,20210923,1.37,0.74,0.0,1.0138,0.0,1.0,1.0138,0
14,20210924,1.87,0.74,0.0,1.3838000000000001,0.0,1.0,1.3838000000000001,0
14,20210925,7.28,0.73,0.0,5.3144,0.0,1.0,5.3144,1
14,20210926,7.13,0.75,0.0,5.3475,0.0,1.0,5.3475,1
14,20210927,0.08,0.74,0.0,0.0592,0.0,1.0,0.0592,0
14,20210928,2.25,0.73,0.0,1.6425,0.0,1.0,1.6425,0
14,20210929,1.48,0.73,0.0,1.0804,0.0,1.0,1.0804,0
14,20210930,3.93,0.73,0.0,2.8689,0.0,1.0,2.8689,0
14,20211001,2.28,0.73,0.0,1.6643999999999999,0.0,1.0,1.6643999999999999,0
14,20211002,5.59,0.73,0.0,4.0807,0.0,1.0,4.0807,1
14,20211003,4.45,0.73,0.0,3.2485,0.0,1.0,3.2485,0
14,20211004,4.71,0.73,0.0,3.4383,0.0,1.0,3.4383,1
14,20211005,37.11,0.76,0.0,28.2036,0.0,1.0,28.2036,1
14,20211006,8.39,0.79,0.0,6.628100000000001,0.0,1.0,6.628100000000001,1
14,20211007,3.17,0.79,0.0,2.5043,0.0,1.0,2.5043,0
14,20211008,3.81,0.78,0.0,2.9718,0.0,1.0,2.9718,0
14,20211009,5.3,0.78,0.0,4.134,0.0,1.0,4.134,1
14,20211010,9.41,0.79,0.0,7.4339,0.0,1.0,7.4339,1
14,20211011,4.31,0.8,0.0,3.448,0.0,1.0,3.448,1
14,20211012,4.16,0.79,0.0,3.2864000000000004,0.0,1.0,3.2864000000000004,0
14,20211013,6.49,0.8,0.0,5.192,0.0,1.0,5.192,1
14,20211014,0.24,0.79,0.0,0.1896,0.0,1.0,0.1896,0
14,20211015,2.84,0.79,0.0,2.2436,0.0,1.0,2.2436,0
14,20211016,1.62,0.79,0.0,1.2798,0.0,1.0,1.2798,0
14,20211017,3.02,0.79,0.0,2.3858,0.0,1.0,2.3858,0
14,20211018,0.37,0.79,0.0,0.2923,0.0,1.0,0.2923,0
14,20211019,3.3,0.78,0.0,2.574,0.0,1.0,2.574,0
14,20211020,1.74,0.78,0.0,1.3572,0.0,1.0,1.3572,0
14,20211021,1.85,0.79,0.0,1.4615000000000002,0.0,1.0,1.4615000000000002,0
14,20211022,0.51,0.78,0.0,0.39780000000000004,0.0,1.0,0.39780000000000004,0
14,20211023,0.54,0.78,0.0,0.4212,0.0,1.0,0.4212,0
14,20211024,5.98,0.78,0.0,4.6644000000000005,0.0,1.0,4.6644000000000005,1
14,20211025,0.93,0.78,0.0,0.7254,0.0,1.0,0.7254,0
14,20211026,0.98,0.77,0.0,0.7546,0.0,1.0,0.7546,0
14,20211027,0.75,0.77,0.0,0.5775,0.0,1.0,0.5775,0
14,20211028,6.67,0.76,0.0,5.0692,0.0,1.0,5.0692,1
14,20211029,25.07,0.79,0.0,19.805300000000003,0.0,1.0,19.805300000000003,1
14,20211030,17.88,0.83,0.0,14.840399999999999,0.0,1.0,14.840399999999999,1
14,20211031,16.09,0.83,0.0,13.3547,0.0,1.0,13.3547,1
14,20211101,21.37,0.86,0.0,18.3782,0.0,1.0,18.3782,1
14,20211102,23.68,0.88,0.0,20.8384,0.0,1.0,20.8384,1
14,20211103,30.77,0.91,0.0,28.000700000000002,0.0,1.0,28.000700000000002,1
14,20211104,18.47,0.92,0.0,16.9924,0.0,1.0,16.9924,1
14,20211105,16.95,0.92,0.0,15.594,0.0,1.0,15.594,1
14,20211106,49.77,0.94,0.0,46.7838,0.0,1.0,46.7838,1
14,20211107,40.64,0.97,0.0,39.4208,0.0,1.0,39.4208,1
14,20211108,36.4,0.98,0.0,35.672,0.0,1.0,35.672,1
14,20211109,16.97,0.98,0.0,16.630599999999998,0.0,1.0,16.630599999999998,1
14,20211110,84.05,0.99,0.0,83.20949999999999,0.0,1.0,83.20949999999999,1
14,20211111,75.19,1.0,0.0,75.19,0.0,1.0,75.19,1
14,20211112,3.63,0.99,0.0,3.5936999999999997,0.0,1.0,3.5936999999999997,1
14,20211113,3.72,0.99,0.0,3.6828000000000003,0.0,1.0,3.6828000000000003,1
14,20211114,4.74,0.99,0.0,4.6926000000000005,0.0,1.0,4.6926000000000005,1
14,20211115,4.57,0.99,0.0,4.5243,0.0,1.0,4.5243,1
14,20211116,2.4,0.99,0.0,2.376,0.0,1.0,2.376,0
14,20211117,11.0,0.99,0.0,10.89,0.0,1.0,10.89,1
14,20211118,74.21,1.0,0.0,74.21,0.0,1.0,74.21,1
14,20211119,20.62,1.0,0.0,20.62,0.0,1.0,20.62,1
14,20211120,16.63,1.0,0.0,16.63,0.0,1.0,16.63,1
14,20211121,7.5,1.0,0.0,7.5,0.0,1.0,7.5,1
14,20211122,5.0,0.99,0.0,4.95,0.0,1.0,4.95,1
14,20211123,2.29,0.99,0.0,2.2671,0.0,1.0,2.2671,0
14,20211124,2.87,0.99,0.0,2.8413,0.0,1.0,2.8413,0
14,20211125,18.25,0.99,0.0,18.0675,0.0,1.0,18.0675,1
14,20211126,58.61,1.0,0.0,58.61,0.0,1.0,58.61,1
14,20211127,29.98,1.0,0.0,29.98,0.0,1.0,29.98,1
14,20211128,61.12,1.0,0.0,61.12,0.0,1.0,61.12,1
14,20211129,12.76,1.0,0.0,12.76,0.0,1.0,12.76,1
14,20211130,9.8,1.0,0.0,9.8,0.0,1.0,9.8,1
14,20211201,1.22,1.0,0.0,1.22,0.0,1.0,1.22,0
14,20211202,0.03,1.0,0.0,0.03,0.0,1.0,0.03,0
14,20211203,0.14,0.99,0.0,0.1386,0.0,1.0,0.1386,0
14,20211204,0.01,0.99,0.0,0.0099,0.0,1.0,0.0099,0
14,20211205,0.15,0.99,0.0,0.1485,0.0,1.0,0.1485,0
14,20211206,1.22,0.98,0.0,1.1956,0.0,1.0,1.1956,0
14,20211207,0.09,0.98,0.0,0.0882,0.0,1.0,0.0882,0
14,20211208,0.38,0.97,0.0,0.3686,0.0,1.0,0.3686,0
14,20211209,3.98,0.97,0.0,3.8606,0.0,1.0,3.8606,1
14,20211210,2.35,0.97,0.0,2.2795,0.0,1.0,2.2795,0
14,20211211,3.71,0.96,0.0,3.5616,0.0,1.0,3.5616,1
14,20211212,6.0,0.96,0.0,5.76,0.0,1.0,5.76,1
14,20211213,6.87,0.96,0.0,6.5952,0.0,1.0,6.5952,1
14,20211214,2.34,0.96,0.0,2.2464,0.0,1.0,2.2464,0
14,20211215,1.6,0.95,0.0,1.52,0.0,1.0,1.52,0
14,20211216,0.48,0.95,0.0,0.45599999999999996,0.0,1.0,0.45599999999999996,0
14,20211217,0.15,0.94,0.0,0.141,0.0,1.0,0.141,0
14,20211218,0.0,0.93,0.0,0.0,0.0,1.0,0.0,0
14,20211219,0.0,0.93,0.0,0.0,0.0,1.0,0.0,0
14,20211220,0.0,0.92,0.0,0.0,0.0,1.0,0.0,0
14,20211221,0.0,0.92,0.0,0.0,0.0,1.0,0.0,0
14,20211222,0.0,0.91,0.0,0.0,0.0,1.0,0.0,0
14,20211223,0.0,0.9,0.0,0.0,0.0,1.0,0.0,0
14,20211224,0.0,0.9,0.0,0.0,0.0,1.0,0.0,0
14,20211225,0.0,0.89,0.0,0.0,0.0,1.0,0.0,0
14,20211226,0.0,0.88,0.0,0.0,0.0,1.0,0.0,0
14,20211227,0.41,0.88,0.0,0.36079999999999995,0.0,1.0,0.36079999999999995,0
14,20211228,0.87,0.87,0.0,0.7569,0.0,1.0,0.7569,0
14,20211229,0.92,0.87,0.0,0.8004,0.0,1.0,0.8004,0
14,20211230,55.65,0.89,0.0,49.5285,0.0,1.0,49.5285,1
14,20211231,42.52,0.96,0.0,40.8192,0.0,1.0,40.8192,1
14,20220101,8.69,0.96,0.0,8.3424,0.0,1.0,8.3424,1
14,20220102,0.5,0.95,0.0,0.475,0.0,1.0,0.475,0
14,20220103,0.02,0.94,0.0,0.0188,0.0,1.0,0.0188,0
14,20220104,0.01,0.93,0.0,0.009300000000000001,0.0,1.0,0.009300000000000001,0
14,20220105,0.02,0.93,0.0,0.018600000000000002,0.0,1.0,0.018600000000000002,0
14,20220106,0.04,0.92,0.0,0.0368,0.0,1.0,0.0368,0
14,20220107,0.03,0.91,0.0,0.0273,0.0,1.0,0.0273,0
14,20220108,0.0,0.91,0.0,0.0,0.0,1.0,0.0,0
14,20220109,0.0,0.9,0.0,0.0,0.0,1.0,0.0,0
14,20220110,0.0,0.9,0.0,0.0,0.0,1.0,0.0,0
14,20220111,0.02,0.89,0.0,0.0178,0.0,1.0,0.0178,0
14,20220112,0.14,0.88,0.0,0.12320000000000002,0.0,1.0,0.12320000000000002,0
14,20220113,0.95,0.87,0.0,0.8265,0.0,1.0,0.8265,0
14,20220114,0.68,0.87,0.0,0.5916,0.0,1.0,0.5916,0
14,20220115,0.64,0.86,0.0,0.5504,0.0,1.0,0.5504,0
14,20220116,5.86,0.86,0.0,5.0396,0.0,1.0,5.0396,1
14,20220117,6.17,0.86,0.0,5.3062,0.0,1.0,5.3062,1
14,20220118,1.52,0.86,0.0,1.3072,0.0,1.0,1.3072,0
14,20220119,0.47,0.85,0.0,0.39949999999999997,0.0,1.0,0.39949999999999997,0
14,20220120,0.0,0.85,0.0,0.0,0.0,1.0,0.0,0
14,20220121,0.0,0.84,0.0,0.0,0.0,1.0,0.0,0
14,20220122,0.0,0.83,0.0,0.0,0.0,1.0,0.0,0
14,20220123,0.59,0.83,0.0,0.48969999999999997,0.0,1.0,0.48969999999999997,0
14,20220124,3.1,0.83,0.0,2.573,0.0,1.0,2.573,0
14,20220125,1.19,0.82,0.0,0.9757999999999999,0.0,1.0,0.9757999999999999,0
14,20220126,0.7,0.82,0.0,0.574,0.0,1.0,0.574,0
14,20220127,0.19,0.81,0.0,0.1539,0.0,1.0,0.1539,0
14,20220128,0.26,0.8,0.0,0.20800000000000002,0.0,1.0,0.20800000000000002,0
14,20220129,0.08,0.8,0.0,0.064,0.0,1.0,0.064,0
14,20220130,0.0,0.79,0.0,0.0,0.0,1.0,0.0,0
14,20220131,0.0,0.78,0.0,0.0,0.0,1.0,0.0,0
14,20220201,0.0,0.78,0.0,0.0,0.0,1.0,0.0,0
14,20220202,0.0,0.77,0.0,0.0,0.0,1.0,0.0,0
14,20220203,0.0,0.76,0.0,0.0,0.0,1.0,0.0,0
14,20220204,0.0,0.76,0.0,0.0,0.0,1.0,0.0,0
14,20220205,0.04,0.75,0.0,0.03,0.0,1.0,0.03,0
14,20220206,0.0,0.74,0.0,0.0,0.0,1.0,0.0,0
14,20220207,0.0,0.74,0.0,0.0,0.0,1.0,0.0,0
14,20220208,0.0,0.73,0.0,0.0,0.0,1.0,0.0,0
14,20220209,0.0,0.72,0.0,0.0,0.0,1.0,0.0,0
14,20220210,0.13,0.72,0.0,0.0936,0.0,1.0,0.0936,0
14,20220211,0.25,0.71,0.0,0.1775,0.0,1.0,0.1775,0
14,20220212,0.07,0.71,0.0,0.0497,0.0,1.0,0.0497,0
14,20220213,0.0,0.7,0.0,0.0,0.0,1.0,0.0,0
14,20220214,0.03,0.69,0.0,0.020699999999999996,0.0,1.0,0.020699999999999996,0
14,20220215,0.01,0.69,0.0,0.0069,0.0,1.0,0.0069,0
14,20220216,0.0,0.68,0.0,0.0,0.0,1.0,0.0,0
14,20220217,0.0,0.68,0.0,0.0,0.0,1.0,0.0,0
14,20220218,0.0,0.67,0.0,0.0,0.0,1.0,0.0,0
14,20220219,0.0,0.67,0.0,0.0,0.0,1.0,0.0,0
14,20220220,0.0,0.66,0.0,0.0,0.0,1.0,0.0,0
14,20220221,0.0,0.66,0.0,0.0,0.0,1.0,0.0,0
14,20220222,0.03,0.65,0.0,0.0195,0.0,1.0,0.0195,0
14,20220223,0.0,0.65,0.0,0.0,0.0,1.0,0.0,0
14,20220224,0.0,0.64,0.0,0.0,0.0,1.0,0.0,0
14,20220225,0.0,0.64,0.0,0.0,0.0,1.0,0.0,0
14,20220226,0.01,0.63,0.0,0.0063,0.0,1.0,0.0063,0
14,20220227,0.0,0.63,0.0,0.0,0.0,1.0,0.0,0
14,20220228,0.0,0.62,0.0,0.0,0.0,1.0,0.0,0
14,20220301,0.0,0.62,0.0,0.0,0.0,1.0,0.0,0
14,20220302,0.0,0.61,0.0,0.0,0.0,1.0,0.0,0
14,20220303,0.0,0.61,0.0,0.0,0.0,1.0,0.0,0
14,20220304,0.06,0.61,0.0,0.0366,0.0,1.0,0.0366,0
14,20220305,0.01,0.6,0.0,0.006,0.0,1.0,0.006,0
14,20220306,0.89,0.6,0.0,0.534,0.0,1.0,0.534,0
14,20220307,0.21,0.6,0.0,0.126,0.0,1.0,0.126,0
14,20220308,0.0,0.59,0.0,0.0,0.0,1.0,0.0,0
14,20220309,0.0,0.59,0.0,0.0,0.0,1.0,0.0,0
14,20220310,0.0,0.59,0.0,0.0,0.0,1.0,0.0,0
14,20220311,0.0,0.58,0.0,0.0,0.0,1.0,0.0,0
14,20220312,0.0,0.58,0.0,0.0,0.0,1.0,0.0,0
14,20220313,0.01,0.57,0.0,0.005699999999999999,0.0,1.0,0.005699999999999999,0
14,20220314,0.0,0.57,0.0,0.0,0.0,1.0,0.0,0
14,20220315,0.0,0.57,0.0,0.0,0.0,1.0,0.0,0
14,20220316,0.0,0.56,0.0,0.0,0.0,1.0,0.0,0
14,20220317,0.0,0.56,0.0,0.0,0.0,1.0,0.0,0
14,20220318,0.0,0.55,0.0,0.0,0.0,1.0,0.0,0
14,20220319,0.01,0.55,0.0,0.0055000000000000005,0.0,1.0,0.0055000000000000005,0
14,20220320,0.08,0.55,0.0,0.044000000000000004,0.0,1.0,0.044000000000000004,0
14,20220321,0.49,0.55,0.0,0.2695,0.0,1.0,0.2695,0
14,20220322,0.87,0.55,0.0,0.47850000000000004,0.0,1.0,0.47850000000000004,0
14,20220323,0.01,0.54,0.0,0.0054,0.0,1.0,0.0054,0
14,20220324,0.01,0.54,0.0,0.0054,0.0,1.0,0.0054,0
14,20220325,0.0,0.54,0.0,0.0,0.0,1.0,0.0,0
14,20220326,0.0,0.53,0.0,0.0,0.0,1.0,0.0,0
14,20220327,0.0,0.53,0.0,0.0,0.0,1.0,0.0,0
14,20220328,0.0,0.53,0.0,0.0,0.0,1.0,0.0,0
14,20220329,0.0,0.53,0.0,0.0,0.0,1.0,0.0,0
14,20220330,0.0,0.53,0.0,0.0,0.0,1.0,0.0,0
14,20220331,0.01,0.52,0.0,0.005200000000000001,0.0,1.0,0.005200000000000001,0
14,20220401,0.0,0.52,0.0,0.0,0.0,1.0,0.0,0
14,20220402,0.01,0.52,0.0,0.005200000000000001,0.0,1.0,0.005200000000000001,0
14,20220403,0.0,0.52,0.0,0.0,0.0,1.0,0.0,0
14,20220404,0.01,0.52,0.0,0.005200000000000001,0.0,1.0,0.005200000000000001,0
14,20220405,0.0,0.52,0.0,0.0,0.0,1.0,0.0,0
14,20220406,0.05,0.52,0.0,0.026000000000000002,0.0,1.0,0.026000000000000002,0
14,20220407,0.1,0.52,0.0,0.052000000000000005,0.0,1.0,0.052000000000000005,0
14,20220408,0.14,0.52,0.0,0.0728,0.0,1.0,0.0728,0
14,20220409,0.14,0.52,0.0,0.0728,0.0,1.0,0.0728,0
14,20220410,0.66,0.52,0.0,0.3432,0.0,1.0,0.3432,0
14,20220411,0.26,0.52,0.0,0.13520000000000001,0.0,1.0,0.13520000000000001,0
14,20220412,0.07,0.52,0.0,0.0364,0.0,1.0,0.0364,0
14,20220413,0.11,0.52,0.0,0.0572,0.0,1.0,0.0572,0
14,20220414,0.02,0.52,0.0,0.010400000000000001,0.0,1.0,0.010400000000000001,0
14,20220415,0.02,0.52,0.0,0.010400000000000001,0.0,1.0,0.010400000000000001,0
14,20220416,0.03,0.52,0.0,0.0156,0.0,1.0,0.0156,0
14,20220417,0.42,0.52,0.0,0.2184,0.0,1.0,0.2184,0
14,20220418,0.33,0.52,0.0,0.1716,0.0,1.0,0.1716,0
14,20220419,0.03,0.52,0.0,0.0156,0.0,1.0,0.0156,0
14,20220420,0.02,0.52,0.0,0.010400000000000001,0.0,1.0,0.010400000000000001,0
14,20220421,0.01,0.52,0.0,0.005200000000000001,0.0,1.0,0.005200000000000001,0
14,20220422,0.02,0.51,0.0,0.0102,0.0,1.0,0.0102,0
14,20220423,0.04,0.51,0.0,0.0204,0.0,1.0,0.0204,0
14,20220424,0.0,0.51,0.0,0.0,0.0,1.0,0.0,0
14,20220425,0.0,0.51,0.0,0.0,0.0,1.0,0.0,0
14,20220426,0.0,0.51,0.0,0.0,0.0,1.0,0.0,0
14,20220427,0.0,0.51,0.0,0.0,0.0,1.0,0.0,0
14,20220428,0.0,0.51,0.0,0.0,0.0,1.0,0.0,0
14,20220429,0.02,0.51,0.0,0.0102,0.0,1.0,0.0102,0
14,20220430,0.01,0.51,0.0,0.0051,0.0,1.0,0.0051,0
14,20220501,0.38,0.51,0.0,0.1938,0.0,1.0,0.1938,0
14,20220502,0.99,0.51,0.0,0.5049,0.0,1.0,0.5049,0
14,20220503,0.48,0.52,0.0,0.2496,0.0,1.0,0.2496,0
14,20220504,1.98,0.52,0.0,1.0296,0.0,1.0,1.0296,0
14,20220505,1.93,0.52,0.0,1.0036,0.0,1.0,1.0036,0
14,20220506,4.02,0.52,0.0,2.0904,0.0,1.0,2.0904,0
14,20220507,8.16,0.54,0.0,4.4064000000000005,0.0,1.0,4.4064000000000005,1
14,20220508,0.52,0.54,0.0,0.28080000000000005,0.0,1.0,0.28080000000000005,0
14,20220509,1.28,0.53,0.0,0.6784,0.0,1.0,0.6784,0
14,20220510,10.74,0.54,0.0,5.799600000000001,0.0,1.0,5.799600000000001,1
14,20220511,6.44,0.55,0.0,3.5420000000000007,0.0,1.0,3.5420000000000007,1
14,20220512,8.99,0.55,0.0,4.944500000000001,0.0,1.0,4.944500000000001,1
14,20220513,1.16,0.57,0.0,0.6611999999999999,0.0,1.0,0.6611999999999999,0
14,20220514,1.15,0.56,0.0,0.644,0.0,1.0,0.644,0
14,20220515,7.5,0.56,0.0,4.2,0.0,1.0,4.2,1
14,20220516,6.12,0.58,0.0,3.5496,0.0,1.0,3.5496,1
14,20220517,2.55,0.58,0.0,1.4789999999999999,0.0,1.0,1.4789999999999999,0
14,20220518,1.4,0.58,0.0,0.8119999999999999,0.0,1.0,0.8119999999999999,0
14,20220519,0.45,0.57,0.0,0.2565,0.0,1.0,0.2565,0
14,20220520,0.4,0.57,0.0,0.22799999999999998,0.0,1.0,0.22799999999999998,0
14,20220521,0.02,0.56,0.0,0.011200000000000002,0.0,1.0,0.011200000000000002,0
14,20220522,0.03,0.56,0.0,0.016800000000000002,0.0,1.0,0.016800000000000002,0
14,20220523,0.01,0.55,0.0,0.0055000000000000005,0.0,1.0,0.0055000000000000005,0
14,20220524,0.07,0.55,0.0,0.038500000000000006,0.0,1.0,0.038500000000000006,0
14,20220525,2.43,0.55,0.0,1.3365000000000002,0.0,1.0,1.3365000000000002,0
14,20220526,3.13,0.55,0.0,1.7215,0.0,1.0,1.7215,0
14,20220527,1.93,0.55,0.0,1.0615,0.0,1.0,1.0615,0
14,20220528,0.08,0.55,0.0,0.044000000000000004,0.0,1.0,0.044000000000000004,0
14,20220529,0.13,0.54,0.0,0.07020000000000001,0.0,1.0,0.07020000000000001,0
14,20220530,0.09,0.54,0.0,0.048600000000000004,0.0,1.0,0.048600000000000004,0
14,20220531,0.03,0.54,0.0,0.0162,0.0,1.0,0.0162,0
14,20220601,0.01,0.53,0.0,0.0053,0.0,1.0,0.0053,0
14,20220602,0.0,0.53,0.0,0.0,0.0,1.0,0.0,0
14,20220603,0.01,0.53,0.0,0.0053,0.0,1.0,0.0053,0
14,20220604,0.01,0.53,0.0,0.0053,0.0,1.0,0.0053,0
14,20220605,1.81,0.53,0.0,0.9593,0.0,1.0,0.9593,0
14,20220606,3.7,0.53,0.0,1.9610000000000003,0.0,1.0,1.9610000000000003,0
14,20220607,2.57,0.53,0.0,1.3621,0.0,1.0,1.3621,0
14,20220608,0.38,0.53,0.0,0.20140000000000002,0.0,1.0,0.20140000000000002,0
14,20220609,0.26,0.53,0.0,0.1378,0.0,1.0,0.1378,0
14,20220610,0.21,0.53,0.0,0.1113,0.0,1.0,0.1113,0
14,20220611,1.31,0.53,0.0,0.6943,0.0,1.0,0.6943,0
14,20220612,1.97,0.53,0.0,1.0441,0.0,1.0,1.0441,0
14,20220613,1.48,0.53,0.0,0.7844,0.0,1.0,0.7844,0
14,20220614,1.54,0.53,0.0,0.8162,0.0,1.0,0.8162,0
14,20220615,8.16,0.54,0.0,4.4064000000000005,0.0,1.0,4.4064000000000005,1
14,20220616,8.64,0.55,0.0,4.752000000000001,0.0,1.0,4.752000000000001,1
14,20220617,7.47,0.56,0.0,4.1832,0.0,1.0,4.1832,1
14,20220618,4.74,0.56,0.0,2.6544000000000003,0.0,1.0,2.6544000000000003,0
14,20220619,28.85,0.59,0.0,17.0215,0.0,1.0,17.0215,1
14,20220620,18.31,0.64,0.0,11.718399999999999,0.0,1.0,11.718399999999999,1
14,20220621,23.54,0.66,0.0,15.5364,0.0,1.0,15.5364,1
14,20220622,9.51,0.68,0.0,6.4668,0.0,1.0,6.4668,1
14,20220623,3.63,0.67,0.0,2.4321,0.0,1.0,2.4321,0
14,20220624,2.55,0.67,0.0,1.7085,0.0,1.0,1.7085,0
14,20220625,1.99,0.67,0.0,1.3333000000000002,0.0,1.0,1.3333000000000002,0
14,20220626,0.65,0.66,0.0,0.42900000000000005,0.0,1.0,0.42900000000000005,0
14,20220627,2.44,0.65,0.0,1.586,0.0,1.0,1.586,0
14,20220628,2.59,0.66,0.0,1.7094,0.0,1.0,1.7094,0
14,20220629,5.16,0.65,0.0,3.354,0.0,1.0,3.354,0
14,20220630,5.14,0.66,0.0,3.3924,0.0,1.0,3.3924,0
14,20220701,4.5,0.66,0.0,2.97,0.0,1.0,2.97,0
14,20220702,3.0,0.66,0.0,1.98,0.0,1.0,1.98,0
14,20220703,3.04,0.66,0.0,2.0064,0.0,1.0,2.0064,0
14,20220704,3.24,0.66,0.0,2.1384000000000003,0.0,1.0,2.1384000000000003,0
14,20220705,6.45,0.66,0.0,4.257000000000001,0.0,1.0,4.257000000000001,1
14,20220706,4.59,0.67,0.0,3.0753,0.0,1.0,3.0753,0
14,20220707,1.75,0.66,0.0,1.155,0.0,1.0,1.155,0
14,20220708,3.76,0.66,0.0,2.4816,0.0,1.0,2.4816,0
14,20220709,2.01,0.66,0.0,1.3266,0.0,1.0,1.3266,0
14,20220710,2.79,0.66,0.0,1.8414000000000001,0.0,1.0,1.8414000000000001,0
14,20220711,1.15,0.65,0.0,0.7474999999999999,0.0,1.0,0.7474999999999999,0
14,20220712,1.38,0.65,0.0,0.8969999999999999,0.0,1.0,0.8969999999999999,0
14,20220713,2.29,0.65,0.0,1.4885000000000002,0.0,1.0,1.4885000000000002,0
14,20220714,0.31,0.64,0.0,0.1984,0.0,1.0,0.1984,0
14,20220715,0.09,0.63,0.0,0.0567,0.0,1.0,0.0567,0
14,20220716,5.09,0.63,0.0,3.2067,0.0,1.0,3.2067,0
14,20220717,9.42,0.65,0.0,6.123,0.0,1.0,6.123,1
14,20220718,2.0,0.65,0.0,1.3,0.0,1.0,1.3,0
14,20220719,0.94,0.64,0.0,0.6016,0.0,1.0,0.6016,0
14,20220720,10.14,0.65,0.0,6.591,0.0,1.0,6.591,1
14,20220721,5.89,0.66,0.0,3.8874,0.0,1.0,3.8874,1
14,20220722,15.58,0.68,0.0,10.5944,0.0,1.0,10.5944,1
14,20220723,1.46,0.68,0.0,0.9928,0.0,1.0,0.9928,0
14,20220724,3.4,0.68,0.0,2.3120000000000003,0.0,1.0,2.3120000000000003,0
14,20220725,3.46,0.68,0.0,2.3528000000000002,0.0,1.0,2.3528000000000002,0
14,20220726,7.74,0.69,0.0,5.340599999999999,0.0,1.0,5.340599999999999,1
14,20220727,0.2,0.68,0.0,0.136,0.0,1.0,0.136,0
14,20220728,0.75,0.68,0.0,0.51,0.0,1.0,0.51,0
14,20220729,0.73,0.68,0.0,0.4964,0.0,1.0,0.4964,0
14,20220730,1.37,0.67,0.0,0.9179000000000002,0.0,1.0,0.9179000000000002,0
14,20220731,4.17,0.67,0.0,2.7939000000000003,0.0,1.0,2.7939000000000003,0
14,20220801,8.36,0.67,0.0,5.6011999999999995,0.0,1.0,5.6011999999999995,1
14,20220802,6.98,0.68,0.0,4.7464,0.0,1.0,4.7464,1
15,20210902,7.02,0.73,0.0,5.124599999999999,0.0,1.0,5.124599999999999,1
15,20210903,8.8,0.73,0.0,6.424,0.0,1.0,6.424,1
15,20210904,12.16,0.74,0.0,8.9984,0.0,1.0,8.9984,1
15,20210905,7.22,0.75,0.0,5.415,0.0,1.0,5.415,1
15,20210906,6.91,0.75,0.0,5.1825,0.0,1.0,5.1825,1
15,20210907,0.43,0.75,0.0,0.3225,0.0,1.0,0.3225,0
15,20210908,0.06,0.74,0.0,0.044399999999999995,0.0,1.0,0.044399999999999995,0
15,20210909,0.15,0.74,0.0,0.111,0.0,1.0,0.111,0
15,20210910,0.53,0.73,0.0,0.3869,0.0,1.0,0.3869,0
15,20210911,0.06,0.73,0.0,0.0438,0.0,1.0,0.0438,0
15,20210912,0.17,0.72,0.0,0.12240000000000001,0.0,1.0,0.12240000000000001,0
15,20210913,0.05,0.72,0.0,0.036,0.0,1.0,0.036,0
15,20210914,0.04,0.71,0.0,0.028399999999999998,0.0,1.0,0.028399999999999998,0
15,20210915,1.77,0.71,0.0,1.2567,0.0,1.0,1.2567,0
15,20210916,2.6,0.71,0.0,1.8459999999999999,0.0,1.0,1.8459999999999999,0
15,20210917,1.42,0.71,0.0,1.0082,0.0,1.0,1.0082,0
15,20210918,5.01,0.71,0.0,3.5570999999999997,0.0,1.0,3.5570999999999997,1
15,20210919,6.04,0.71,0.0,4.2884,0.0,1.0,4.2884,1
15,20210920,3.03,0.71,0.0,2.1512999999999995,0.0,1.0,2.1512999999999995,0
15,20210921,4.59,0.71,0.0,3.2588999999999997,0.0,1.0,3.2588999999999997,0
15,20210922,21.25,0.74,0.0,15.725,0.0,1.0,15.725,1
15,20210923,1.37,0.74,0.0,1.0138,0.0,1.0,1.0138,0
15,20210924,1.87,0.74,0.0,1.3838000000000001,0.0,1.0,1.3838000000000001,0
15,20210925,7.28,0.73,0.0,5.3144,0.0,1.0,5.3144,1
15,20210926,7.13,0.75,0.0,5.3475,0.0,1.0,5.3475,1
15,20210927,0.08,0.74,0.0,0.0592,0.0,1.0,0.0592,0
15,20210928,2.25,0.73,0.0,1.6425,0.0,1.0,1.6425,0
15,20210929,1.48,0.73,0.0,1.0804,0.0,1.0,1.0804,0
15,20210930,3.93,0.73,0.0,2.8689,0.0,1.0,2.8689,0
15,20211001,2.28,0.73,0.0,1.6643999999999999,0.0,1.0,1.6643999999999999,0
15,20211002,5.59,0.73,0.0,4.0807,0.0,1.0,4.0807,1
15,20211003,4.45,0.73,0.0,3.2485,0.0,1.0,3.2485,0
15,20211004,4.71,0.73,0.0,3.4383,0.0,1.0,3.4383,1
15,20211005,37.11,0.76,0.0,28.2036,0.0,1.0,28.2036,1
15,20211006,8.39,0.79,0.0,6.628100000000001,0.0,1.0,6.628100000000001,1
15,20211007,3.17,0.79,0.0,2.5043,0.0,1.0,2.5043,0
15,20211008,3.81,0.78,0.0,2.9718,0.0,1.0,2.9718,0
15,20211009,5.3,0.78,0.0,4.134,0.0,1.0,4.134,1
15,20211010,9.41,0.79,0.0,7.4339,0.0,1.0,7.4339,1
15,20211011,4.31,0.8,0.0,3.448,0.0,1.0,3.448,1
15,20211012,4.16,0.79,0.0,3.2864000000000004,0.0,1.0,3.2864000000000004,0
15,20211013,6.49,0.8,0.0,5.192,0.0,1.0,5.192,1
15,20211014,0.24,0.79,0.0,0.1896,0.0,1.0,0.1896,0
15,20211015,2.84,0.79,0.0,2.2436,0.0,1.0,2.2436,0
15,20211016,1.62,0.79,0.0,1.2798,0.0,1.0,1.2798,0
15,20211017,3.02,0.79,0.0,2.3858,0.0,1.0,2.3858,0
15,20211018,0.37,0.79,0.0,0.2923,0.0,1.0,0.2923,0
15,20211019,3.3,0.78,0.0,2.574,0.0,1.0,2.574,0
15,20211020,1.74,0.78,0.0,1.3572,0.0,1.0,1.3572,0
15,20211021,1.85,0.79,0.0,1.4615000000000002,0.0,1.0,1.4615000000000002,0
15,20211022,0.51,0.78,0.0,0.39780000000000004,0.0,1.0,0.39780000000000004,0
15,20211023,0.54,0.78,0.0,0.4212,0.0,1.0,0.4212,0
15,20211024,5.98,0.78,0.0,4.6644000000000005,0.0,1.0,4.6644000000000005,1
15,20211025,0.93,0.78,0.0,0.7254,0.0,1.0,0.7254,0
15,20211026,0.98,0.77,0.0,0.7546,0.0,1.0,0.7546,0
15,20211027,0.75,0.77,0.0,0.5775,0.0,1.0,0.5775,0
15,20211028,6.67,0.76,0.0,5.0692,0.0,1.0,5.0692,1
15,20211029,25.07,0.79,0.0,19.805300000000003,0.0,1.0,19.805300000000003,1
15,20211030,17.88,0.83,0.0,14.840399999999999,0.0,1.0,14.840399999999999,1
15,20211031,16.09,0.83,0.0,13.3547,0.0,1.0,13.3547,1
15,20211101,21.37,0.86,0.0,18.3782,0.0,1.0,18.3782,1
15,20211102,23.68,0.88,0.0,20.8384,0.0,1.0,20.8384,1
15,20211103,30.77,0.91,0.0,28.000700000000002,0.0,1.0,28.000700000000002,1
15,20211104,18.47,0.92,0.0,16.9924,0.0,1.0,16.9924,1
15,20211105,16.95,0.92,0.0,15.594,0.0,1.0,15.594,1
15,20211106,49.77,0.94,0.0,46.7838,0.0,1.0,46.7838,1
15,20211107,40.64,0.97,0.0,39.4208,0.0,1.0,39.4208,1
15,20211108,36.4,0.98,0.0,35.672,0.0,1.0,35.672,1
15,20211109,16.97,0.98,0.0,16.630599999999998,0.0,1.0,16.630599999999998,1
15,20211110,84.05,0.99,0.0,83.20949999999999,0.0,1.0,83.20949999999999,1
15,20211111,75.19,1.0,0.0,75.19,0.0,1.0,75.19,1
15,20211112,3.63,0.99,0.0,3.5936999999999997,0.0,1.0,3.5936999999999997,1
15,20211113,3.72,0.99,0.0,3.6828000000000003,0.0,1.0,3.6828000000000003,1
15,20211114,4.74,0.99,0.0,4.6926000000000005,0.0,1.0,4.6926000000000005,1
15,20211115,4.57,0.99,0.0,4.5243,0.0,1.0,4.5243,1
15,20211116,2.4,0.99,0.0,2.376,0.0,1.0,2.376,0
15,20211117,11.0,0.99,0.0,10.89,0.0,1.0,10.89,1
15,20211118,74.21,1.0,0.0,74.21,0.0,1.0,74.21,1
15,20211119,20.62,1.0,0.0,20.62,0.0,1.0,20.62,1
15,20211120,16.63,1.0,0.0,16.63,0.0,1.0,16.63,1
15,20211121,7.5,1.0,0.0,7.5,0.0,1.0,7.5,1
15,20211122,5.0,0.99,0.0,4.95,0.0,1.0,4.95,1
15,20211123,2.29,0.99,0.0,2.2671,0.0,1.0,2.2671,0
15,20211124,2.87,0.99,0.0,2.8413,0.0,1.0,2.8413,0
15,20211125,18.25,0.99,0.0,18.0675,0.0,1.0,18.0675,1
15,20211126,58.61,1.0,0.0,58.61,0.0,1.0,58.61,1
15,20211127,29.98,1.0,0.0,29.98,0.0,1.0,29.98,1
15,20211128,61.12,1.0,0.0,61.12,0.0,1.0,61.12,1
15,20211129,12.76,1.0,0.0,12.76,0.0,1.0,12.76,1
15,20211130,9.8,1.0,0.0,9.8,0.0,1.0,9.8,1
15,20211201,1.22,1.0,0.0,1.22,0.0,1.0,1.22,0
15,20211202,0.03,1.0,0.0,0.03,0.0,1.0,0.03,0
15,20211203,0.14,0.99,0.0,0.1386,0.0,1.0,0.1386,0
15,20211204,0.01,0.99,0.0,0.0099,0.0,1.0,0.0099,0
15,20211205,0.15,0.99,0.0,0.1485,0.0,1.0,0.1485,0
15,20211206,1.22,0.98,0.0,1.1956,0.0,1.0,1.1956,0
15,20211207,0.09,0.98,0.0,0.0882,0.0,1.0,0.0882,0
15,20211208,0.38,0.97,0.0,0.3686,0.0,1.0,0.3686,0
15,20211209,3.98,0.97,0.0,3.8606,0.0,1.0,3.8606,1
15,20211210,2.35,0.97,0.0,2.2795,0.0,1.0,2.2795,0
15,20211211,3.71,0.96,0.0,3.5616,0.0,1.0,3.5616,1
15,20211212,6.0,0.96,0.0,5.76,0.0,1.0,5.76,1
15,20211213,6.87,0.96,0.0,6.5952,0.0,1.0,6.5952,1
15,20211214,2.34,0.96,0.0,2.2464,0.0,1.0,2.2464,0
15,20211215,1.6,0.95,0.0,1.52,0.0,1.0,1.52,0
15,20211216,0.48,0.95,0.0,0.45599999999999996,0.0,1.0,0.45599999999999996,0
15,20211217,0.15,0.94,0.0,0.141,0.0,1.0,0.141,0
15,20211218,0.0,0.93,0.0,0.0,0.0,1.0,0.0,0
15,20211219,0.0,0.93,0.0,0.0,0.0,1.0,0.0,0
15,20211220,0.0,0.92,0.0,0.0,0.0,1.0,0.0,0
15,20211221,0.0,0.92,0.0,0.0,0.0,1.0,0.0,0
15,20211222,0.0,0.91,0.0,0.0,0.0,1.0,0.0,0
15,20211223,0.0,0.9,0.0,0.0,0.0,1.0,0.0,0
15,20211224,0.0,0.9,0.0,0.0,0.0,1.0,0.0,0
15,20211225,0.0,0.89,0.0,0.0,0.0,1.0,0.0,0
15,20211226,0.0,0.88,0.0,0.0,0.0,1.0,0.0,0
15,20211227,0.41,0.88,0.0,0.36079999999999995,0.0,1.0,0.36079999999999995,0
15,20211228,0.87,0.87,0.0,0.7569,0.0,1.0,0.7569,0
15,20211229,0.92,0.87,0.0,0.8004,0.0,1.0,0.8004,0
15,20211230,55.65,0.89,0.0,49.5285,0.0,1.0,49.5285,1
15,20211231,42.52,0.96,0.0,40.8192,0.0,1.0,40.8192,1
15,20220101,8.69,0.96,0.0,8.3424,0.0,1.0,8.3424,1
15,20220102,0.5,0.95,0.0,0.475,0.0,1.0,0.475,0
15,20220103,0.02,0.94,0.0,0.0188,0.0,1.0,0.0188,0
15,20220104,0.01,0.93,0.0,0.009300000000000001,0.0,1.0,0.009300000000000001,0
15,20220105,0.02,0.93,0.0,0.018600000000000002,0.0,1.0,0.018600000000000002,0
15,20220106,0.04,0.92,0.0,0.0368,0.0,1.0,0.0368,0
15,20220107,0.03,0.91,0.0,0.0273,0.0,1.0,0.0273,0
15,20220108,0.0,0.91,0.0,0.0,0.0,1.0,0.0,0
15,20220109,0.0,0.9,0.0,0.0,0.0,1.0,0.0,0
15,20220110,0.0,0.9,0.0,0.0,0.0,1.0,0.0,0
15,20220111,0.02,0.89,0.0,0.0178,0.0,1.0,0.0178,0
15,20220112,0.14,0.88,0.0,0.12320000000000002,0.0,1.0,0.12320000000000002,0
15,20220113,0.95,0.87,0.0,0.8265,0.0,1.0,0.8265,0
15,20220114,0.68,0.87,0.0,0.5916,0.0,1.0,0.5916,0
15,20220115,0.64,0.86,0.0,0.5504,0.0,1.0,0.5504,0
15,20220116,5.86,0.86,0.0,5.0396,0.0,1.0,5.0396,1
15,20220117,6.17,0.86,0.0,5.3062,0.0,1.0,5.3062,1
15,20220118,1.52,0.86,0.0,1.3072,0.0,1.0,1.3072,0
15,20220119,0.47,0.85,0.0,0.39949999999999997,0.0,1.0,0.39949999999999997,0
15,20220120,0.0,0.85,0.0,0.0,0.0,1.0,0.0,0
15,20220121,0.0,0.84,0.0,0.0,0.0,1.0,0.0,0
15,20220122,0.0,0.83,0.0,0.0,0.0,1.0,0.0,0
15,20220123,0.59,0.83,0.0,0.48969999999999997,0.0,1.0,0.48969999999999997,0
15,20220124,3.1,0.83,0.0,2.573,0.0,1.0,2.573,0
15,20220125,1.19,0.82,0.0,0.9757999999999999,0.0,1.0,0.9757999999999999,0
15,20220126,0.7,0.82,0.0,0.574,0.0,1.0,0.574,0
15,20220127,0.19,0.81,0.0,0.1539,0.0,1.0,0.1539,0
15,20220128,0.26,0.8,0.0,0.20800000000000002,0.0,1.0,0.20800000000000002,0
15,20220129,0.08,0.8,0.0,0.064,0.0,1.0,0.064,0
15,20220130,0.0,0.79,0.0,0.0,0.0,1.0,0.0,0
15,20220131,0.0,0.78,0.0,0.0,0.0,1.0,0.0,0
15,20220201,0.0,0.78,0.0,0.0,0.0,1.0,0.0,0
15,20220202,0.0,0.77,0.0,0.0,0.0,1.0,0.0,0
15,20220203,0.0,0.76,0.0,0.0,0.0,1.0,0.0,0
15,20220204,0.0,0.76,0.0,0.0,0.0,1.0,0.0,0
15,20220205,0.04,0.75,0.0,0.03,0.0,1.0,0.03,0
15,20220206,0.0,0.74,0.0,0.0,0.0,1.0,0.0,0
15,20220207,0.0,0.74,0.0,0.0,0.0,1.0,0.0,0
15,20220208,0.0,0.73,0.0,0.0,0.0,1.0,0.0,0
15,20220209,0.0,0.72,0.0,0.0,0.0,1.0,0.0,0
15,20220210,0.13,0.72,0.0,0.0936,0.0,1.0,0.0936,0
15,20220211,0.25,0.71,0.0,0.1775,0.0,1.0,0.1775,0
15,20220212,0.07,0.71,0.0,0.0497,0.0,1.0,0.0497,0
15,20220213,0.0,0.7,0.0,0.0,0.0,1.0,0.0,0
15,20220214,0.03,0.69,0.0,0.020699999999999996,0.0,1.0,0.020699999999999996,0
15,20220215,0.01,0.69,0.0,0.0069,0.0,1.0,0.0069,0
15,20220216,0.0,0.68,0.0,0.0,0.0,1.0,0.0,0
15,20220217,0.0,0.68,0.0,0.0,0.0,1.0,0.0,0
15,20220218,0.0,0.67,0.0,0.0,0.0,1.0,0.0,0
15,20220219,0.0,0.67,0.0,0.0,0.0,1.0,0.0,0
15,20220220,0.0,0.66,0.0,0.0,0.0,1.0,0.0,0
15,20220221,0.0,0.66,0.0,0.0,0.0,1.0,0.0,0
15,20220222,0.03,0.65,0.0,0.0195,0.0,1.0,0.0195,0
15,20220223,0.0,0.65,0.0,0.0,0.0,1.0,0.0,0
15,20220224,0.0,0.64,0.0,0.0,0.0,1.0,0.0,0
15,20220225,0.0,0.64,0.0,0.0,0.0,1.0,0.0,0
15,20220226,0.01,0.63,0.0,0.0063,0.0,1.0,0.0063,0
15,20220227,0.0,0.63,0.0,0.0,0.0,1.0,0.0,0
15,20220228,0.0,0.62,0.0,0.0,0.0,1.0,0.0,0
15,20220301,0.0,0.62,0.0,0.0,0.0,1.0,0.0,0
15,20220302,0.0,0.61,0.0,0.0,0.0,1.0,0.0,0
15,20220303,0.0,0.61,0.0,0.0,0.0,1.0,0.0,0
15,20220304,0.06,0.61,0.0,0.0366,0.0,1.0,0.0366,0
15,20220305,0.01,0.6,0.0,0.006,0.0,1.0,0.006,0
15,20220306,0.89,0.6,0.0,0.534,0.0,1.0,0.534,0
15,20220307,0.21,0.6,0.0,0.126,0.0,1.0,0.126,0
15,20220308,0.0,0.59,0.0,0.0,0.0,1.0,0.0,0
15,20220309,0.0,0.59,0.0,0.0,0.0,1.0,0.0,0
15,20220310,0.0,0.59,0.0,0.0,0.0,1.0,0.0,0
15,20220311,0.0,0.58,0.0,0.0,0.0,1.0,0.0,0
15,20220312,0.0,0.58,0.0,0.0,0.0,1.0,0.0,0
15,20220313,0.01,0.57,0.0,0.005699999999999999,0.0,1.0,0.005699999999999999,0
15,20220314,0.0,0.57,0.0,0.0,0.0,1.0,0.0,0
15,20220315,0.0,0.57,0.0,0.0,0.0,1.0,0.0,0
15,20220316,0.0,0.56,0.0,0.0,0.0,1.0,0.0,0
15,20220317,0.0,0.56,0.0,0.0,0.0,1.0,0.0,0
15,20220318,0.0,0.55,0.0,0.0,0.0,1.0,0.0,0
15,20220319,0.01,0.55,0.0,0.0055000000000000005,0.0,1.0,0.0055000000000000005,0
15,20220320,0.08,0.55,0.0,0.044000000000000004,0.0,1.0,0.044000000000000004,0
15,20220321,0.49,0.55,0.0,0.2695,0.0,1.0,0.2695,0
15,20220322,0.87,0.55,0.0,0.47850000000000004,0.0,1.0,0.47850000000000004,0
15,20220323,0.01,0.54,0.0,0.0054,0.0,1.0,0.0054,0
15,20220324,0.01,0.54,0.0,0.0054,0.0,1.0,0.0054,0
15,20220325,0.0,0.54,0.0,0.0,0.0,1.0,0.0,0
15,20220326,0.0,0.53,0.0,0.0,0.0,1.0,0.0,0
15,20220327,0.0,0.53,0.0,0.0,0.0,1.0,0.0,0
15,20220328,0.0,0.53,0.0,0.0,0.0,1.0,0.0,0
15,20220329,0.0,0.53,0.0,0.0,0.0,1.0,0.0,0
15,20220330,0.0,0.53,0.0,0.0,0.0,1.0,0.0,0
15,20220331,0.01,0.52,0.0,0.005200000000000001,0.0,1.0,0.005200000000000001,0
15,20220401,0.0,0.52,0.0,0.0,0.0,1.0,0.0,0
15,20220402,0.01,0.52,0.0,0.005200000000000001,0.0,1.0,0.005200000000000001,0
15,20220403,0.0,0.52,0.0,0.0,0.0,1.0,0.0,0
15,20220404,0.01,0.52,0.0,0.005200000000000001,0.0,1.0,0.005200000000000001,0
15,20220405,0.0,0.52,0.0,0.0,0.0,1.0,0.0,0
15,20220406,0.05,0.52,0.0,0.026000000000000002,0.0,1.0,0.026000000000000002,0
15,20220407,0.1,0.52,0.0,0.052000000000000005,0.0,1.0,0.052000000000000005,0
15,20220408,0.14,0.52,0.0,0.0728,0.0,1.0,0.0728,0
15,20220409,0.14,0.52,0.0,0.0728,0.0,1.0,0.0728,0
15,20220410,0.66,0.52,0.0,0.3432,0.0,1.0,0.3432,0
15,20220411,0.26,0.52,0.0,0.13520000000000001,0.0,1.0,0.13520000000000001,0
15,20220412,0.07,0.52,0.0,0.0364,0.0,1.0,0.0364,0
15,20220413,0.11,0.52,0.0,0.0572,0.0,1.0,0.0572,0
15,20220414,0.02,0.52,0.0,0.010400000000000001,0.0,1.0,0.010400000000000001,0
15,20220415,0.02,0.52,0.0,0.010400000000000001,0.0,1.0,0.010400000000000001,0
15,20220416,0.03,0.52,0.0,0.0156,0.0,1.0,0.0156,0
15,20220417,0.42,0.52,0.0,0.2184,0.0,1.0,0.2184,0
15,20220418,0.33,0.52,0.0,0.1716,0.0,1.0,0.1716,0
15,20220419,0.03,0.52,0.0,0.0156,0.0,1.0,0.0156,0
15,20220420,0.02,0.52,0.0,0.010400000000000001,0.0,1.0,0.010400000000000001,0
15,20220421,0.01,0.52,0.0,0.005200000000000001,0.0,1.0,0.005200000000000001,0
15,20220422,0.02,0.51,0.0,0.0102,0.0,1.0,0.0102,0
15,20220423,0.04,0.51,0.0,0.0204,0.0,1.0,0.0204,0
15,20220424,0.0,0.51,0.0,0.0,0.0,1.0,0.0,0
15,20220425,0.0,0.51,0.0,0.0,0.0,1.0,0.0,0
15,20220426,0.0,0.51,0.0,0.0,0.0,1.0,0.0,0
15,20220427,0.0,0.51,0.0,0.0,0.0,1.0,0.0,0
15,20220428,0.0,0.51,0.0,0.0,0.0,1.0,0.0,0
15,20220429,0.02,0.51,0.0,0.0102,0.0,1.0,0.0102,0
15,20220430,0.01,0.51,0.0,0.0051,0.0,1.0,0.0051,0
15,20220501,0.38,0.51,0.0,0.1938,0.0,1.0,0.1938,0
15,20220502,0.99,0.51,0.0,0.5049,0.0,1.0,0.5049,0
15,20220503,0.48,0.52,0.0,0.2496,0.0,1.0,0.2496,0
15,20220504,1.98,0.52,0.0,1.0296,0.0,1.0,1.0296,0
15,20220505,1.93,0.52,0.0,1.0036,0.0,1.0,1.0036,0
15,20220506,4.02,0.52,0.0,2.0904,0.0,1.0,2.0904,0
15,20220507,8.16,0.54,0.0,4.4064000000000005,0.0,1.0,4.4064000000000005,1
15,20220508,0.52,0.54,0.0,0.28080000000000005,0.0,1.0,0.28080000000000005,0
15,20220509,1.28,0.53,0.0,0.6784,0.0,1.0,0.6784,0
15,20220510,10.74,0.54,0.0,5.799600000000001,0.0,1.0,5.799600000000001,1
15,20220511,6.44,0.55,0.0,3.5420000000000007,0.0,1.0,3.5420000000000007,1
15,20220512,8.99,0.55,0.0,4.944500000000001,0.0,1.0,4.944500000000001,1
15,20220513,1.16,0.57,0.0,0.6611999999999999,0.0,1.0,0.6611999999999999,0
15,20220514,1.15,0.56,0.0,0.644,0.0,1.0,0.644,0
15,20220515,7.5,0.56,0.0,4.2,0.0,1.0,4.2,1
15,20220516,6.12,0.58,0.0,3.5496,0.0,1.0,3.5496,1
15,20220517,2.55,0.58,0.0,1.4789999999999999,0.0,1.0,1.4789999999999999,0
15,20220518,1.4,0.58,0.0,0.8119999999999999,0.0,1.0,0.8119999999999999,0
15,20220519,0.45,0.57,0.0,0.2565,0.0,1.0,0.2565,0
15,20220520,0.4,0.57,0.0,0.22799999999999998,0.0,1.0,0.22799999999999998,0
15,20220521,0.02,0.56,0.0,0.011200000000000002,0.0,1.0,0.011200000000000002,0
15,20220522,0.03,0.56,0.0,0.016800000000000002,0.0,1.0,0.016800000000000002,0
15,20220523,0.01,0.55,0.0,0.0055000000000000005,0.0,1.0,0.0055000000000000005,0
15,20220524,0.07,0.55,0.0,0.038500000000000006,0.0,1.0,0.038500000000000006,0
15,20220525,2.43,0.55,0.0,1.3365000000000002,0.0,1.0,1.3365000000000002,0
15,20220526,3.13,0.55,0.0,1.7215,0.0,1.0,1.7215,0
15,20220527,1.93,0.55,0.0,1.0615,0.0,1.0,1.0615,0
15,20220528,0.08,0.55,0.0,0.044000000000000004,0.0,1.0,0.044000000000000004,0
15,20220529,0.13,0.54,0.0,0.07020000000000001,0.0,1.0,0.07020000000000001,0
15,20220530,0.09,0.54,0.0,0.048600000000000004,0.0,1.0,0.048600000000000004,0
15,20220531,0.03,0.54,0.0,0.0162,0.0,1.0,0.0162,0
15,20220601,0.01,0.53,0.0,0.0053,0.0,1.0,0.0053,0
15,20220602,0.0,0.53,0.0,0.0,0.0,1.0,0.0,0
15,20220603,0.01,0.53,0.0,0.0053,0.0,1.0,0.0053,0
15,20220604,0.01,0.53,0.0,0.0053,0.0,1.0,0.0053,0
15,20220605,1.81,0.53,0.0,0.9593,0.0,1.0,0.9593,0
15,20220606,3.7,0.53,0.0,1.9610000000000003,0.0,1.0,1.9610000000000003,0
15,20220607,2.57,0.53,0.0,1.3621,0.0,1.0,1.3621,0
15,20220608,0.38,0.53,0.0,0.20140000000000002,0.0,1.0,0.20140000000000002,0
15,20220609,0.26,0.53,0.0,0.1378,0.0,1.0,0.1378,0
15,20220610,0.21,0.53,0.0,0.1113,0.0,1.0,0.1113,0
15,20220611,1.31,0.53,0.0,0.6943,0.0,1.0,0.6943,0
15,20220612,1.97,0.53,0.0,1.0441,0.0,1.0,1.0441,0
15,20220613,1.48,0.53,0.0,0.7844,0.0,1.0,0.7844,0
15,20220614,1.54,0.53,0.0,0.8162,0.0,1.0,0.8162,0
15,20220615,8.16,0.54,0.0,4.4064000000000005,0.0,1.0,4.4064000000000005,1
15,20220616,8.64,0.55,0.0,4.752000000000001,0.0,1.0,4.752000000000001,1
15,20220617,7.47,0.56,0.0,4.1832,0.0,1.0,4.1832,1
15,20220618,4.74,0.56,0.0,2.6544000000000003,0.0,1.0,2.6544000000000003,0
15,20220619,28.85,0.59,0.0,17.0215,0.0,1.0,17.0215,1
15,20220620,18.31,0.64,0.0,11.718399999999999,0.0,1.0,11.718399999999999,1
15,20220621,23.54,0.66,0.0,15.5364,0.0,1.0,15.5364,1
15,20220622,9.51,0.68,0.0,6.4668,0.0,1.0,6.4668,1
15,20220623,3.63,0.67,0.0,2.4321,0.0,1.0,2.4321,0
15,20220624,2.55,0.67,0.0,1.7085,0.0,1.0,1.7085,0
15,20220625,1.99,0.67,0.0,1.3333000000000002,0.0,1.0,1.3333000000000002,0
15,20220626,0.65,0.66,0.0,0.42900000000000005,0.0,1.0,0.42900000000000005,0
15,20220627,2.44,0.65,0.0,1.586,0.0,1.0,1.586,0
15,20220628,2.59,0.66,0.0,1.7094,0.0,1.0,1.7094,0
15,20220629,5.16,0.65,0.0,3.354,0.0,1.0,3.354,0
15,20220630,5.14,0.66,0.0,3.3924,0.0,1.0,3.3924,0
15,20220701,4.5,0.66,0.0,2.97,0.0,1.0,2.97,0
15,20220702,3.0,0.66,0.0,1.98,0.0,1.0,1.98,0
15,20220703,3.04,0.66,0.0,2.0064,0.0,1.0,2.0064,0
15,20220704,3.24,0.66,0.0,2.1384000000000003,0.0,1.0,2.1384000000000003,0
15,20220705,6.45,0.66,0.0,4.257000000000001,0.0,1.0,4.257000000000001,1
15,20220706,4.59,0.67,0.0,3.0753,0.0,1.0,3.0753,0
15,20220707,1.75,0.66,0.0,1.155,0.0,1.0,1.155,0
15,20220708,3.76,0.66,0.0,2.4816,0.0,1.0,2.4816,0
15,20220709,2.01,0.66,0.0,1.3266,0.0,1.0,1.3266,0
15,20220710,2.79,0.66,0.0,1.8414000000000001,0.0,1.0,1.8414000000000001,0
15,20220711,1.15,0.65,0.0,0.7474999999999999,0.0,1.0,0.7474999999999999,0
15,20220712,1.38,0.65,0.0,0.8969999999999999,0.0,1.0,0.8969999999999999,0
15,20220713,2.29,0.65,0.0,1.4885000000000002,0.0,1.0,1.4885000000000002,0
15,20220714,0.31,0.64,0.0,0.1984,0.0,1.0,0.1984,0
15,20220715,0.09,0.63,0.0,0.0567,0.0,1.0,0.0567,0
15,20220716,5.09,0.63,0.0,3.2067,0.0,1.0,3.2067,0
15,20220717,9.42,0.65,0.0,6.123,0.0,1.0,6.123,1
15,20220718,2.0,0.65,0.0,1.3,0.0,1.0,1.3,0
15,20220719,0.94,0.64,0.0,0.6016,0.0,1.0,0.6016,0
15,20220720,10.14,0.65,0.0,6.591,0.0,1.0,6.591,1
15,20220721,5.89,0.66,0.0,3.8874,0.0,1.0,3.8874,1
15,20220722,15.58,0.68,0.0,10.5944,0.0,1.0,10.5944,1
15,20220723,1.46,0.68,0.0,0.9928,0.0,1.0,0.9928,0
15,20220724,3.4,0.68,0.0,2.3120000000000003,0.0,1.0,2.3120000000000003,0
15,20220725,3.46,0.68,0.0,2.3528000000000002,0.0,1.0,2.3528000000000002,0
15,20220726,7.74,0.69,0.0,5.340599999999999,0.0,1.0,5.340599999999999,1
15,20220727,0.2,0.68,0.0,0.136,0.0,1.0,0.136,0
15,20220728,0.75,0.68,0.0,0.51,0.0,1.0,0.51,0
15,20220729,0.73,0.68,0.0,0.4964,0.0,1.0,0.4964,0
15,20220730,1.37,0.67,0.0,0.9179000000000002,0.0,1.0,0.9179000000000002,0
15,20220731,4.17,0.67,0.0,2.7939000000000003,0.0,1.0,2.7939000000000003,0
15,20220801,8.36,0.67,0.0,5.6011999999999995,0.0,1.0,5.6011999999999995,1
15,20220802,6.98,0.68,0.0,4.7464,0.0,1.0,4.7464,1
16,20210902,7.02,0.73,,5.124599999999999,,,,0
16,20210903,8.8,0.73,,6.424,,,,0
16,20210904,12.16,0.74,,8.9984,,,,0
16,20210905,7.22,0.75,,5.415,,,,0
16,20210906,6.91,0.75,,5.1825,,,,0
16,20210907,0.43,0.75,,0.3225,,,,0
16,20210908,0.06,0.74,,0.044399999999999995,,,,0
16,20210909,0.15,0.74,,0.111,,,,0
16,20210910,0.53,0.73,,0.3869,,,,0
16,20210911,0.06,0.73,,0.0438,,,,0
16,20210912,0.17,0.72,,0.12240000000000001,,,,0
16,20210913,0.05,0.72,,0.036,,,,0
16,20210914,0.04,0.71,,0.028399999999999998,,,,0
16,20210915,1.77,0.71,,1.2567,,,,0
16,20210916,2.6,0.71,,1.8459999999999999,,,,0
16,20210917,1.42,0.71,,1.0082,,,,0
16,20210918,5.01,0.71,,3.5570999999999997,,,,0
16,20210919,6.04,0.71,,4.2884,,,,0
16,20210920,3.03,0.71,,2.1512999999999995,,,,0
16,20210921,4.59,0.71,,3.2588999999999997,,,,0
16,20210922,21.25,0.74,,15.725,,,,0
16,20210923,1.37,0.74,,1.0138,,,,0
16,20210924,1.87,0.74,,1.3838000000000001,,,,0
16,20210925,7.28,0.73,,5.3144,,,,0
16,20210926,7.13,0.75,,5.3475,,,,0
16,20210927,0.08,0.74,,0.0592,,,,0
16,20210928,2.25,0.73,,1.6425,,,,0
16,20210929,1.48,0.73,,1.0804,,,,0
16,20210930,3.93,0.73,,2.8689,,,,0
16,20211001,2.28,0.73,,1.6643999999999999,,,,0
16,20211002,5.59,0.73,,4.0807,,,,0
16,20211003,4.45,0.73,,3.2485,,,,0
16,20211004,4.71,0.73,,3.4383,,,,0
16,20211005,37.11,0.76,,28.2036,,,,0
16,20211006,8.39,0.79,,6.628100000000001,,,,0
16,20211007,3.17,0.79,,2.5043,,,,0
16,20211008,3.81,0.78,,2.9718,,,,0
16,20211009,5.3,0.78,,4.134,,,,0
16,20211010,9.41,0.79,,7.4339,,,,0
16,20211011,4.31,0.8,,3.448,,,,0
16,20211012,4.16,0.79,,3.2864000000000004,,,,0
16,20211013,6.49,0.8,,5.192,,,,0
16,20211014,0.24,0.79,,0.1896,,,,0
16,20211015,2.84,0.79,,2.2436,,,,0
16,20211016,1.62,0.79,,1.2798,,,,0
16,20211017,3.02,0.79,,2.3858,,,,0
16,20211018,0.37,0.79,,0.2923,,,,0
16,20211019,3.3,0.78,,2.574,,,,0
16,20211020,1.74,0.78,,1.3572,,,,0
16,20211021,1.85,0.79,,1.4615000000000002,,,,0
16,20211022,0.51,0.78,,0.39780000000000004,,,,0
16,20211023,0.54,0.78,,0.4212,,,,0
16,20211024,5.98,0.78,,4.6644000000000005,,,,0
16,20211025,0.93,0.78,,0.7254,,,,0
16,20211026,0.98,0.77,,0.7546,,,,0
16,20211027,0.75,0.77,,0.5775,,,,0
16,20211028,6.67,0.76,,5.0692,,,,0
16,20211029,25.07,0.79,,19.805300000000003,,,,0
16,20211030,17.88,0.83,,14.840399999999999,,,,0
16,20211031,16.09,0.83,,13.3547,,,,0
16,20211101,21.37,0.86,,18.3782,,,,0
16,20211102,23.68,0.88,,20.8384,,,,0
16,20211103,30.77,0.91,,28.000700000000002,,,,0
16,20211104,18.47,0.92,,16.9924,,,,0
16,20211105,16.95,0.92,,15.594,,,,0
16,20211106,49.77,0.94,,46.7838,,,,0
16,20211107,40.64,0.97,,39.4208,,,,0
16,20211108,36.4,0.98,,35.672,,,,0
16,20211109,16.97,0.98,,16.630599999999998,,,,0
16,20211110,84.05,0.99,,83.20949999999999,,,,0
16,20211111,75.19,1.0,,75.19,,,,0
16,20211112,3.63,0.99,,3.5936999999999997,,,,0
16,20211113,3.72,0.99,,3.6828000000000003,,,,0
16,20211114,4.74,0.99,,4.6926000000000005,,,,0
16,20211115,4.57,0.99,,4.5243,,,,0
16,20211116,2.4,0.99,,2.376,,,,0
16,20211117,11.0,0.99,,10.89,,,,0
16,20211118,74.21,1.0,,74.21,,,,0
16,20211119,20.62,1.0,,20.62,,,,0
16,20211120,16.63,1.0,,16.63,,,,0
16,20211121,7.5,1.0,,7.5,,,,0
16,20211122,5.0,0.99,,4.95,,,,0
16,20211123,2.29,0.99,,2.2671,,,,0
16,20211124,2.87,0.99,,2.8413,,,,0
16,20211125,18.25,0.99,,18.0675,,,,0
16,20211126,58.61,1.0,,58.61,,,,0
16,20211127,29.98,1.0,,29.98,,,,0
16,20211128,61.12,1.0,,61.12,,,,0
16,20211129,12.76,1.0,,12.76,,,,0
16,20211130,9.8,1.0,,9.8,,,,0
16,20211201,1.22,1.0,,1.22,,,,0
16,20211202,0.03,1.0,,0.03,,,,0
16,20211203,0.14,0.99,,0.1386,,,,0
16,20211204,0.01,0.99,,0.0099,,,,0
16,20211205,0.15,0.99,,0.1485,,,,0
16,20211206,1.22,0.98,,1.1956,,,,0
16,20211207,0.09,0.98,,0.0882,,,,0
16,20211208,0.38,0.97,,0.3686,,,,0
16,20211209,3.98,0.97,,3.8606,,,,0
16,20211210,2.35,0.97,,2.2795,,,,0
16,20211211,3.71,0.96,,3.5616,,,,0
16,20211212,6.0,0.96,,5.76,,,,0
16,20211213,6.87,0.96,,6.5952,,,,0
16,20211214,2.34,0.96,,2.2464,,,,0
16,20211215,1.6,0.95,,1.52,,,,0
16,20211216,0.48,0.95,,0.45599999999999996,,,,0
16,20211217,0.15,0.94,,0.141,,,,0
16,20211218,0.0,0.93,,0.0,,,,0
16,20211219,0.0,0.93,,0.0,,,,0
16,20211220,0.0,0.92,,0.0,,,,0
16,20211221,0.0,0.92,,0.0,,,,0
16,20211222,0.0,0.91,,0.0,,,,0
16,20211223,0.0,0.9,,0.0,,,,0
16,20211224,0.0,0.9,,0.0,,,,0
16,20211225,0.0,0.89,,0.0,,,,0
16,20211226,0.0,0.88,,0.0,,,,0
16,20211227,0.41,0.88,,0.36079999999999995,,,,0
16,20211228,0.87,0.87,,0.7569,,,,0
16,20211229,0.92,0.87,,0.8004,,,,0
16,20211230,55.65,0.89,,49.5285,,,,0
16,20211231,42.52,0.96,,40.8192,,,,0
16,20220101,8.69,0.96,,8.3424,,,,0
16,20220102,0.5,0.95,,0.475,,,,0
16,20220103,0.02,0.94,,0.0188,,,,0
16,20220104,0.01,0.93,,0.009300000000000001,,,,0
16,20220105,0.02,0.93,,0.018600000000000002,,,,0
16,20220106,0.04,0.92,,0.0368,,,,0
16,20220107,0.03,0.91,,0.0273,,,,0
16,20220108,0.0,0.91,,0.0,,,,0
16,20220109,0.0,0.9,,0.0,,,,0
16,20220110,0.0,0.9,,0.0,,,,0
16,20220111,0.02,0.89,,0.0178,,,,0
16,20220112,0.14,0.88,,0.12320000000000002,,,,0
16,20220113,0.95,0.87,,0.8265,,,,0
16,20220114,0.68,0.87,,0.5916,,,,0
16,20220115,0.64,0.86,,0.5504,,,,0
16,20220116,5.86,0.86,,5.0396,,,,0
16,20220117,6.17,0.86,,5.3062,,,,0
16,20220118,1.52,0.86,,1.3072,,,,0
16,20220119,0.47,0.85,,0.39949999999999997,,,,0
16,20220120,0.0,0.85,,0.0,,,,0
16,20220121,0.0,0.84,,0.0,,,,0
16,20220122,0.0,0.83,,0.0,,,,0
16,20220123,0.59,0.83,,0.48969999999999997,,,,0
16,20220124,3.1,0.83,,2.573,,,,0
16,20220125,1.19,0.82,,0.9757999999999999,,,,0
16,20220126,0.7,0.82,,0.574,,,,0
16,20220127,0.19,0.81,,0.1539,,,,0
16,20220128,0.26,0.8,,0.20800000000000002,,,,0
16,20220129,0.08,0.8,,0.064,,,,0
16,20220130,0.0,0.79,,0.0,,,,0
16,20220131,0.0,0.78,,0.0,,,,0
16,20220201,0.0,0.78,,0.0,,,,0
16,20220202,0.0,0.77,,0.0,,,,0
16,20220203,0.0,0.76,,0.0,,,,0
16,20220204,0.0,0.76,,0.0,,,,0
16,20220205,0.04,0.75,,0.03,,,,0
16,20220206,0.0,0.74,,0.0,,,,0
16,20220207,0.0,0.74,,0.0,,,,0
16,20220208,0.0,0.73,,0.0,,,,0
16,20220209,0.0,0.72,,0.0,,,,0
16,20220210,0.13,0.72,,0.0936,,,,0
16,20220211,0.25,0.71,,0.1775,,,,0
16,20220212,0.07,0.71,,0.0497,,,,0
16,20220213,0.0,0.7,,0.0,,,,0
16,20220214,0.03,0.69,,0.020699999999999996,,,,0
16,20220215,0.01,0.69,,0.0069,,,,0
16,20220216,0.0,0.68,,0.0,,,,0
16,20220217,0.0,0.68,,0.0,,,,0
16,20220218,0.0,0.67,,0.0,,,,0
16,20220219,0.0,0.67,,0.0,,,,0
16,20220220,0.0,0.66,,0.0,,,,0
16,20220221,0.0,0.66,,0.0,,,,0
16,20220222,0.03,0.65,,0.0195,,,,0
16,20220223,0.0,0.65,,0.0,,,,0
16,20220224,0.0,0.64,,0.0,,,,0
16,20220225,0.0,0.64,,0.0,,,,0
16,20220226,0.01,0.63,,0.0063,,,,0
16,20220227,0.0,0.63,,0.0,,,,0
16,20220228,0.0,0.62,,0.0,,,,0
16,20220301,0.0,0.62,,0.0,,,,0
16,20220302,0.0,0.61,,0.0,,,,0
16,20220303,0.0,0.61,,0.0,,,,0
16,20220304,0.06,0.61,,0.0366,,,,0
16,20220305,0.01,0.6,,0.006,,,,0
16,20220306,0.89,0.6,,0.534,,,,0
16,20220307,0.21,0.6,,0.126,,,,0
16,20220308,0.0,0.59,,0.0,,,,0
16,20220309,0.0,0.59,,0.0,,,,0
16,20220310,0.0,0.59,,0.0,,,,0
16,20220311,0.0,0.58,,0.0,,,,0
16,20220312,0.0,0.58,,0.0,,,,0
16,20220313,0.01,0.57,,0.005699999999999999,,,,0
16,20220314,0.0,0.57,,0.0,,,,0
16,20220315,0.0,0.57,,0.0,,,,0
16,20220316,0.0,0.56,,0.0,,,,0
16,20220317,0.0,0.56,,0.0,,,,0
16,20220318,0.0,0.55,,0.0,,,,0
16,20220319,0.01,0.55,,0.0055000000000000005,,,,0
16,20220320,0.08,0.55,,0.044000000000000004,,,,0
16,20220321,0.49,0.55,,0.2695,,,,0
16,20220322,0.87,0.55,,0.47850000000000004,,,,0
16,20220323,0.01,0.54,,0.0054,,,,0
16,20220324,0.01,0.54,,0.0054,,,,0
16,20220325,0.0,0.54,,0.0,,,,0
16,20220326,0.0,0.53,,0.0,,,,0
16,20220327,0.0,0.53,,0.0,,,,0
16,20220328,0.0,0.53,,0.0,,,,0
16,20220329,0.0,0.53,,0.0,,,,0
16,20220330,0.0,0.53,,0.0,,,,0
16,20220331,0.01,0.52,,0.005200000000000001,,,,0
16,20220401,0.0,0.52,,0.0,,,,0
16,20220402,0.01,0.52,,0.005200000000000001,,,,0
16,20220403,0.0,0.52,,0.0,,,,0
16,20220404,0.01,0.52,,0.005200000000000001,,,,0
16,20220405,0.0,0.52,,0.0,,,,0
16,20220406,0.05,0.52,,0.026000000000000002,,,,0
16,20220407,0.1,0.52,,0.052000000000000005,,,,0
16,20220408,0.14,0.52,,0.0728,,,,0
16,20220409,0.14,0.52,,0.0728,,,,0
16,20220410,0.66,0.52,,0.3432,,,,0
16,20220411,0.26,0.52,,0.13520000000000001,,,,0
16,20220412,0.07,0.52,,0.0364,,,,0
16,20220413,0.11,0.52,,0.0572,,,,0
16,20220414,0.02,0.52,,0.010400000000000001,,,,0
16,20220415,0.02,0.52,,0.010400000000000001,,,,0
16,20220416,0.03,0.52,,0.0156,,,,0
16,20220417,0.42,0.52,,0.2184,,,,0
16,20220418,0.33,0.52,,0.1716,,,,0
16,20220419,0.03,0.52,,0.0156,,,,0
16,20220420,0.02,0.52,,0.010400000000000001,,,,0
16,20220421,0.01,0.52,,0.005200000000000001,,,,0
16,20220422,0.02,0.51,,0.0102,,,,0
16,20220423,0.04,0.51,,0.0204,,,,0
16,20220424,0.0,0.51,,0.0,,,,0
16,20220425,0.0,0.51,,0.0,,,,0
16,20220426,0.0,0.51,,0.0,,,,0
16,20220427,0.0,0.51,,0.0,,,,0
16,20220428,0.0,0.51,,0.0,,,,0
16,20220429,0.02,0.51,,0.0102,,,,0
16,20220430,0.01,0.51,,0.0051,,,,0
16,20220501,0.38,0.51,,0.1938,,,,0
16,20220502,0.99,0.51,,0.5049,,,,0
16,20220503,0.48,0.52,,0.2496,,,,0
16,20220504,1.98,0.52,,1.0296,,,,0
16,20220505,1.93,0.52,,1.0036,,,,0
16,20220506,4.02,0.52,,2.0904,,,,0
16,20220507,8.16,0.54,,4.4064000000000005,,,,0
16,20220508,0.52,0.54,,0.28080000000000005,,,,0
16,20220509,1.28,0.53,,0.6784,,,,0
16,20220510,10.74,0.54,,5.799600000000001,,,,0
16,20220511,6.44,0.55,,3.5420000000000007,,,,0
16,20220512,8.99,0.55,,4.944500000000001,,,,0
16,20220513,1.16,0.57,,0.6611999999999999,,,,0
16,20220514,1.15,0.56,,0.644,,,,0
16,20220515,7.5,0.56,,4.2,,,,0
16,20220516,6.12,0.58,,3.5496,,,,0
16,20220517,2.55,0.58,,1.4789999999999999,,,,0
16,20220518,1.4,0.58,,0.8119999999999999,,,,0
16,20220519,0.45,0.57,,0.2565,,,,0
16,20220520,0.4,0.57,,0.22799999999999998,,,,0
16,20220521,0.02,0.56,,0.011200000000000002,,,,0
16,20220522,0.03,0.56,,0.016800000000000002,,,,0
16,20220523,0.01,0.55,,0.0055000000000000005,,,,0
16,20220524,0.07,0.55,,0.038500000000000006,,,,0
16,20220525,2.43,0.55,,1.3365000000000002,,,,0
16,20220526,3.13,0.55,,1.7215,,,,0
16,20220527,1.93,0.55,,1.0615,,,,0
16,20220528,0.08,0.55,,0.044000000000000004,,,,0
16,20220529,0.13,0.54,,0.07020000000000001,,,,0
16,20220530,0.09,0.54,,0.048600000000000004,,,,0
16,20220531,0.03,0.54,,0.0162,,,,0
16,20220601,0.01,0.53,,0.0053,,,,0
16,20220602,0.0,0.53,,0.0,,,,0
16,20220603,0.01,0.53,,0.0053,,,,0
16,20220604,0.01,0.53,,0.0053,,,,0
16,20220605,1.81,0.53,,0.9593,,,,0
16,20220606,3.7,0.53,,1.9610000000000003,,,,0
16,20220607,2.57,0.53,,1.3621,,,,0
16,20220608,0.38,0.53,,0.20140000000000002,,,,0
16,20220609,0.26,0.53,,0.1378,,,,0
16,20220610,0.21,0.53,,0.1113,,,,0
16,20220611,1.31,0.53,,0.6943,,,,0
16,20220612,1.97,0.53,,1.0441,,,,0
16,20220613,1.48,0.53,,0.7844,,,,0
16,20220614,1.54,0.53,,0.8162,,,,0
16,20220615,8.16,0.54,,4.4064000000000005,,,,0
16,20220616,8.64,0.55,,4.752000000000001,,,,0
16,20220617,7.47,0.56,,4.1832,,,,0
16,20220618,4.74,0.56,,2.6544000000000003,,,,0
16,20220619,28.85,0.59,,17.0215,,,,0
16,20220620,18.31,0.64,,11.718399999999999,,,,0
16,20220621,23.54,0.66,,15.5364,,,,0
16,20220622,9.51,0.68,,6.4668,,,,0
16,20220623,3.63,0.67,,2.4321,,,,0
16,20220624,2.55,0.67,,1.7085,,,,0
16,20220625,1.99,0.67,,1.3333000000000002,,,,0
16,20220626,0.65,0.66,,0.42900000000000005,,,,0
16,20220627,2.44,0.65,,1.586,,,,0
16,20220628,2.59,0.66,,1.7094,,,,0
16,20220629,5.16,0.65,,3.354,,,,0
16,20220630,5.14,0.66,,3.3924,,,,0
16,20220701,4.5,0.66,,2.97,,,,0
16,20220702,3.0,0.66,,1.98,,,,0
16,20220703,3.04,0.66,,2.0064,,,,0
16,20220704,3.24,0.66,,2.1384000000000003,,,,0
16,20220705,6.45,0.66,,4.257000000000001,,,,0
16,20220706,4.59,0.67,,3.0753,,,,0
16,20220707,1.75,0.66,,1.155,,,,0
16,20220708,3.76,0.66,,2.4816,,,,0
16,20220709,2.01,0.66,,1.3266,,,,0
16,20220710,2.79,0.66,,1.8414000000000001,,,,0
16,20220711,1.15,0.65,,0.7474999999999999,,,,0
16,20220712,1.38,0.65,,0.8969999999999999,,,,0
16,20220713,2.29,0.65,,1.4885000000000002,,,,0
16,20220714,0.31,0.64,,0.1984,,,,0
16,20220715,0.09,0.63,,0.0567,,,,0
16,20220716,5.09,0.63,,3.2067,,,,0
16,20220717,9.42,0.65,,6.123,,,,0
16,20220718,2.0,0.65,,1.3,,,,0
16,20220719,0.94,0.64,,0.6016,,,,0
16,20220720,10.14,0.65,,6.591,,,,0
16,20220721,5.89,0.66,,3.8874,,,,0
16,20220722,15.58,0.68,,10.5944,,,,0
16,20220723,1.46,0.68,,0.9928,,,,0
16,20220724,3.4,0.68,,2.3120000000000003,,,,0
16,20220725,3.46,0.68,,2.3528000000000002,,,,0
16,20220726,7.74,0.69,,5.340599999999999,,,,0
16,20220727,0.2,0.68,,0.136,,,,0
16,20220728,0.75,0.68,,0.51,,,,0
16,20220729,0.73,0.68,,0.4964,,,,0
16,20220730,1.37,0.67,,0.9179000000000002,,,,0
16,20220731,4.17,0.67,,2.7939000000000003,,,,0
16,20220801,8.36,0.67,,5.6011999999999995,,,,0
16,20220802,6.98,0.68,,4.7464,,,,0
