system:index,date,rainfall_mm,.geo,flood
20180101,01-01-2018,6.759258313,"{""type"":""MultiPoint"",""coordinates"":[]}",
20180102,02-01-2018,0,"{""type"":""MultiPoint"",""coordinates"":[]}",
20180103,03-01-2018,0,"{""type"":""MultiPoint"",""coordinates"":[]}",
20180104,04-01-2018,0,"{""type"":""MultiPoint"",""coordinates"":[]}",
20180105,05-01-2018,0,"{""type"":""MultiPoint"",""coordinates"":[]}",
20180106,06-01-2018,0,"{""type"":""MultiPoint"",""coordinates"":[]}",
20180107,07-01-2018,0,"{""type"":""MultiPoint"",""coordinates"":[]}",
20180108,08-01-2018,0,"{""type"":""MultiPoint"",""coordinates"":[]}",
20180109,09-01-2018,1.570931595,"{""type"":""MultiPoint"",""coordinates"":[]}",
20180110,10-01-2018,0.32016327,"{""type"":""MultiPoint"",""coordinates"":[]}",
20180111,11-01-2018,0.495725611,"{""type"":""MultiPoint"",""coordinates"":[]}",
20180112,12-01-2018,0,"{""type"":""MultiPoint"",""coordinates"":[]}",
20180113,13-01-2018,0,"{""type"":""MultiPoint"",""coordinates"":[]}",
20180114,14-01-2018,0,"{""type"":""MultiPoint"",""coordinates"":[]}",
20180115,15-01-2018,0,"{""type"":""MultiPoint"",""coordinates"":[]}",
20180116,16-01-2018,0,"{""type"":""MultiPoint"",""coordinates"":[]}",
20180117,17-01-2018,0,"{""type"":""MultiPoint"",""coordinates"":[]}",
20180118,18-01-2018,0,"{""type"":""MultiPoint"",""coordinates"":[]}",
20180119,19-01-2018,0,"{""type"":""MultiPoint"",""coordinates"":[]}",
20180120,20-01-2018,0,"{""type"":""MultiPoint"",""coordinates"":[]}",
20180121,21-01-2018,0,"{""type"":""MultiPoint"",""coordinates"":[]}",
20180122,22-01-2018,0,"{""type"":""MultiPoint"",""coordinates"":[]}",
20180123,23-01-2018,0,"{""type"":""MultiPoint"",""coordinates"":[]}",
20180124,24-01-2018,0,"{""type"":""MultiPoint"",""coordinates"":[]}",
20180125,25-01-2018,0,"{""type"":""MultiPoint"",""coordinates"":[]}",
20180126,26-01-2018,0.367159199,"{""type"":""MultiPoint"",""coordinates"":[]}",
20180127,27-01-2018,0,"{""type"":""MultiPoint"",""coordinates"":[]}",
20180128,28-01-2018,0,"{""type"":""MultiPoint"",""coordinates"":[]}",
20180129,29-01-2018,0,"{""type"":""MultiPoint"",""coordinates"":[]}",
20180130,30-01-2018,0,"{""type"":""MultiPoint"",""coordinates"":[]}",
20180131,31-01-2018,0,"{""type"":""MultiPoint"",""coordinates"":[]}",
20180201,01-02-2018,0,"{""type"":""MultiPoint"",""coordinates"":[]}",
20180202,02-02-2018,0,"{""type"":""MultiPoint"",""coordinates"":[]}",
20180203,03-02-2018,0,"{""type"":""MultiPoint"",""coordinates"":[]}",
20180204,04-02-2018,0,"{""type"":""MultiPoint"",""coordinates"":[]}",
20180205,05-02-2018,0,"{""type"":""MultiPoint"",""coordinates"":[]}",
20180206,06-02-2018,0,"{""type"":""MultiPoint"",""coordinates"":[]}",
20180207,07-02-2018,4.578734848,"{""type"":""MultiPoint"",""coordinates"":[]}",
20180208,08-02-2018,0,"{""type"":""MultiPoint"",""coordinates"":[]}",
20180209,09-02-2018,0,"{""type"":""MultiPoint"",""coordinates"":[]}",
20180210,10-02-2018,0,"{""type"":""MultiPoint"",""coordinates"":[]}",
20180211,11-02-2018,0,"{""type"":""MultiPoint"",""coordinates"":[]}",
20180212,12-02-2018,0,"{""type"":""MultiPoint"",""coordinates"":[]}",
20180213,13-02-2018,0.826261575,"{""type"":""MultiPoint"",""coordinates"":[]}",
20180214,14-02-2018,0,"{""type"":""MultiPoint"",""coordinates"":[]}",
20180215,15-02-2018,0.743921754,"{""type"":""MultiPoint"",""coordinates"":[]}",
20180216,16-02-2018,0,"{""type"":""MultiPoint"",""coordinates"":[]}",
20180217,17-02-2018,0,"{""type"":""MultiPoint"",""coordinates"":[]}",
20180218,18-02-2018,0,"{""type"":""MultiPoint"",""coordinates"":[]}",
20180219,19-02-2018,0,"{""type"":""MultiPoint"",""coordinates"":[]}",
20180220,20-02-2018,0,"{""type"":""MultiPoint"",""coordinates"":[]}",
20180221,21-02-2018,0,"{""type"":""MultiPoint"",""coordinates"":[]}",
20180222,22-02-2018,0,"{""type"":""MultiPoint"",""coordinates"":[]}",
20180223,23-02-2018,0,"{""type"":""MultiPoint"",""coordinates"":[]}",
20180224,24-02-2018,0,"{""type"":""MultiPoint"",""coordinates"":[]}",
20180225,25-02-2018,0,"{""type"":""MultiPoint"",""coordinates"":[]}",
20180226,26-02-2018,0,"{""type"":""MultiPoint"",""coordinates"":[]}",
20180227,27-02-2018,0,"{""type"":""MultiPoint"",""coordinates"":[]}",
20180228,28-02-2018,0,"{""type"":""MultiPoint"",""coordinates"":[]}",
20180301,01-03-2018,0,"{""type"":""MultiPoint"",""coordinates"":[]}",
20180302,02-03-2018,0,"{""type"":""MultiPoint"",""coordinates"":[]}",
20180303,03-03-2018,0,"{""type"":""MultiPoint"",""coordinates"":[]}",
20180304,04-03-2018,0,"{""type"":""MultiPoint"",""coordinates"":[]}",
20180305,05-03-2018,0,"{""type"":""MultiPoint"",""coordinates"":[]}",
20180306,06-03-2018,0,"{""type"":""MultiPoint"",""coordinates"":[]}",
20180307,07-03-2018,0,"{""type"":""MultiPoint"",""coordinates"":[]}",
20180308,08-03-2018,0,"{""type"":""MultiPoint"",""coordinates"":[]}",
20180309,09-03-2018,0,"{""type"":""MultiPoint"",""coordinates"":[]}",
20180310,10-03-2018,0,"{""type"":""MultiPoint"",""coordinates"":[]}",
20180311,11-03-2018,0,"{""type"":""MultiPoint"",""coordinates"":[]}",
20180312,12-03-2018,0,"{""type"":""MultiPoint"",""coordinates"":[]}",
20180313,13-03-2018,0,"{""type"":""MultiPoint"",""coordinates"":[]}",
20180314,14-03-2018,0,"{""type"":""MultiPoint"",""coordinates"":[]}",
20180315,15-03-2018,0,"{""type"":""MultiPoint"",""coordinates"":[]}",
20180316,16-03-2018,5.744320879,"{""type"":""MultiPoint"",""coordinates"":[]}",
20180317,17-03-2018,3.237333972,"{""type"":""MultiPoint"",""coordinates"":[]}",
20180318,18-03-2018,0,"{""type"":""MultiPoint"",""coordinates"":[]}",
20180319,19-03-2018,0,"{""type"":""MultiPoint"",""coordinates"":[]}",
20180320,20-03-2018,0,"{""type"":""MultiPoint"",""coordinates"":[]}",
20180321,21-03-2018,0,"{""type"":""MultiPoint"",""coordinates"":[]}",
20180322,22-03-2018,0,"{""type"":""MultiPoint"",""coordinates"":[]}",
20180323,23-03-2018,0,"{""type"":""MultiPoint"",""coordinates"":[]}",
20180324,24-03-2018,0,"{""type"":""MultiPoint"",""coordinates"":[]}",
20180325,25-03-2018,0,"{""type"":""MultiPoint"",""coordinates"":[]}",
20180326,26-03-2018,0,"{""type"":""MultiPoint"",""coordinates"":[]}",
20180327,27-03-2018,0,"{""type"":""MultiPoint"",""coordinates"":[]}",
20180328,28-03-2018,0,"{""type"":""MultiPoint"",""coordinates"":[]}",
20180329,29-03-2018,0,"{""type"":""MultiPoint"",""coordinates"":[]}",
20180330,30-03-2018,2.557372123,"{""type"":""MultiPoint"",""coordinates"":[]}",
20180331,31-03-2018,1.532059293,"{""type"":""MultiPoint"",""coordinates"":[]}",
20180401,01-04-2018,0,"{""type"":""MultiPoint"",""coordinates"":[]}",
20180402,02-04-2018,0,"{""type"":""MultiPoint"",""coordinates"":[]}",
20180403,03-04-2018,0,"{""type"":""MultiPoint"",""coordinates"":[]}",
20180404,04-04-2018,0,"{""type"":""MultiPoint"",""coordinates"":[]}",
20180405,05-04-2018,0,"{""type"":""MultiPoint"",""coordinates"":[]}",
20180406,06-04-2018,0,"{""type"":""MultiPoint"",""coordinates"":[]}",
20180407,07-04-2018,0,"{""type"":""MultiPoint"",""coordinates"":[]}",
20180408,08-04-2018,0,"{""type"":""MultiPoint"",""coordinates"":[]}",
20180409,09-04-2018,0,"{""type"":""MultiPoint"",""coordinates"":[]}",
20180410,10-04-2018,0,"{""type"":""MultiPoint"",""coordinates"":[]}",
20180411,11-04-2018,0,"{""type"":""MultiPoint"",""coordinates"":[]}",
20180412,12-04-2018,0,"{""type"":""MultiPoint"",""coordinates"":[]}",
20180413,13-04-2018,0,"{""type"":""MultiPoint"",""coordinates"":[]}",
20180414,14-04-2018,0,"{""type"":""MultiPoint"",""coordinates"":[]}",
20180415,15-04-2018,0,"{""type"":""MultiPoint"",""coordinates"":[]}",
20180416,16-04-2018,0,"{""type"":""MultiPoint"",""coordinates"":[]}",
20180417,17-04-2018,0,"{""type"":""MultiPoint"",""coordinates"":[]}",
20180418,18-04-2018,0,"{""type"":""MultiPoint"",""coordinates"":[]}",
20180419,19-04-2018,3.141604473,"{""type"":""MultiPoint"",""coordinates"":[]}",
20180420,20-04-2018,0,"{""type"":""MultiPoint"",""coordinates"":[]}",
20180421,21-04-2018,0,"{""type"":""MultiPoint"",""coordinates"":[]}",
20180422,22-04-2018,0,"{""type"":""MultiPoint"",""coordinates"":[]}",
20180423,23-04-2018,0,"{""type"":""MultiPoint"",""coordinates"":[]}",
20180424,24-04-2018,0,"{""type"":""MultiPoint"",""coordinates"":[]}",
20180425,25-04-2018,0,"{""type"":""MultiPoint"",""coordinates"":[]}",
20180426,26-04-2018,0,"{""type"":""MultiPoint"",""coordinates"":[]}",
20180427,27-04-2018,0,"{""type"":""MultiPoint"",""coordinates"":[]}",
20180428,28-04-2018,0,"{""type"":""MultiPoint"",""coordinates"":[]}",
20180429,29-04-2018,0,"{""type"":""MultiPoint"",""coordinates"":[]}",
20180430,30-04-2018,0,"{""type"":""MultiPoint"",""coordinates"":[]}",
20180501,01-05-2018,2.948907709,"{""type"":""MultiPoint"",""coordinates"":[]}",
20180502,02-05-2018,1.501445492,"{""type"":""MultiPoint"",""coordinates"":[]}",
20180503,03-05-2018,1.362433343,"{""type"":""MultiPoint"",""coordinates"":[]}",
20180504,04-05-2018,0,"{""type"":""MultiPoint"",""coordinates"":[]}",
20180505,05-05-2018,0,"{""type"":""MultiPoint"",""coordinates"":[]}",
20180506,06-05-2018,0,"{""type"":""MultiPoint"",""coordinates"":[]}",
20180507,07-05-2018,0,"{""type"":""MultiPoint"",""coordinates"":[]}",
20180508,08-05-2018,2.885135197,"{""type"":""MultiPoint"",""coordinates"":[]}",
20180509,09-05-2018,0,"{""type"":""MultiPoint"",""coordinates"":[]}",
20180510,10-05-2018,0,"{""type"":""MultiPoint"",""coordinates"":[]}",
20180511,11-05-2018,0,"{""type"":""MultiPoint"",""coordinates"":[]}",
20180512,12-05-2018,0,"{""type"":""MultiPoint"",""coordinates"":[]}",
20180513,13-05-2018,0,"{""type"":""MultiPoint"",""coordinates"":[]}",
20180514,14-05-2018,0,"{""type"":""MultiPoint"",""coordinates"":[]}",
20180515,15-05-2018,0,"{""type"":""MultiPoint"",""coordinates"":[]}",
20180516,16-05-2018,0,"{""type"":""MultiPoint"",""coordinates"":[]}",
20180517,17-05-2018,0,"{""type"":""MultiPoint"",""coordinates"":[]}",
20180518,18-05-2018,0.141161725,"{""type"":""MultiPoint"",""coordinates"":[]}",
20180519,19-05-2018,0,"{""type"":""MultiPoint"",""coordinates"":[]}",
20180520,20-05-2018,0,"{""type"":""MultiPoint"",""coordinates"":[]}",
20180521,21-05-2018,1.49014385,"{""type"":""MultiPoint"",""coordinates"":[]}",
20180522,22-05-2018,0,"{""type"":""MultiPoint"",""coordinates"":[]}",
20180523,23-05-2018,0.147787226,"{""type"":""MultiPoint"",""coordinates"":[]}",
20180524,24-05-2018,1.914537762,"{""type"":""MultiPoint"",""coordinates"":[]}",
20180525,25-05-2018,1.095842353,"{""type"":""MultiPoint"",""coordinates"":[]}",
20180526,26-05-2018,0,"{""type"":""MultiPoint"",""coordinates"":[]}",
20180527,27-05-2018,0,"{""type"":""MultiPoint"",""coordinates"":[]}",
20180528,28-05-2018,0,"{""type"":""MultiPoint"",""coordinates"":[]}",
20180529,29-05-2018,0,"{""type"":""MultiPoint"",""coordinates"":[]}",
20180530,30-05-2018,0,"{""type"":""MultiPoint"",""coordinates"":[]}",
20180531,31-05-2018,0,"{""type"":""MultiPoint"",""coordinates"":[]}",
20180601,01-06-2018,0,"{""type"":""MultiPoint"",""coordinates"":[]}",
20180602,02-06-2018,4.230708852,"{""type"":""MultiPoint"",""coordinates"":[]}",
20180603,03-06-2018,0,"{""type"":""MultiPoint"",""coordinates"":[]}",
20180604,04-06-2018,0,"{""type"":""MultiPoint"",""coordinates"":[]}",
20180605,05-06-2018,0.741101794,"{""type"":""MultiPoint"",""coordinates"":[]}",
20180606,06-06-2018,15.0931587,"{""type"":""MultiPoint"",""coordinates"":[]}",
20180607,07-06-2018,14.23398041,"{""type"":""MultiPoint"",""coordinates"":[]}",
20180608,08-06-2018,0,"{""type"":""MultiPoint"",""coordinates"":[]}",
20180609,09-06-2018,0,"{""type"":""MultiPoint"",""coordinates"":[]}",
20180610,10-06-2018,0,"{""type"":""MultiPoint"",""coordinates"":[]}",
20180611,11-06-2018,3.044697292,"{""type"":""MultiPoint"",""coordinates"":[]}",
20180612,12-06-2018,4.281995777,"{""type"":""MultiPoint"",""coordinates"":[]}",
20180613,13-06-2018,2.433113473,"{""type"":""MultiPoint"",""coordinates"":[]}",
20180614,14-06-2018,0,"{""type"":""MultiPoint"",""coordinates"":[]}",
20180615,15-06-2018,4.268994525,"{""type"":""MultiPoint"",""coordinates"":[]}",
20180616,16-06-2018,6.572888036,"{""type"":""MultiPoint"",""coordinates"":[]}",
20180617,17-06-2018,9.881382466,"{""type"":""MultiPoint"",""coordinates"":[]}",
20180618,18-06-2018,0,"{""type"":""MultiPoint"",""coordinates"":[]}",
20180619,19-06-2018,0,"{""type"":""MultiPoint"",""coordinates"":[]}",
20180620,20-06-2018,0,"{""type"":""MultiPoint"",""coordinates"":[]}",
20180621,21-06-2018,0,"{""type"":""MultiPoint"",""coordinates"":[]}",
20180622,22-06-2018,2.448800282,"{""type"":""MultiPoint"",""coordinates"":[]}",
20180623,23-06-2018,0,"{""type"":""MultiPoint"",""coordinates"":[]}",
20180624,24-06-2018,9.206183998,"{""type"":""MultiPoint"",""coordinates"":[]}",
20180625,25-06-2018,5.46013108,"{""type"":""MultiPoint"",""coordinates"":[]}",
20180626,26-06-2018,4.897645238,"{""type"":""MultiPoint"",""coordinates"":[]}",
20180627,27-06-2018,8.564947999,"{""type"":""MultiPoint"",""coordinates"":[]}",
20180628,28-06-2018,6.768363771,"{""type"":""MultiPoint"",""coordinates"":[]}",
20180629,29-06-2018,4.134685633,"{""type"":""MultiPoint"",""coordinates"":[]}",
20180630,30-06-2018,3.722649446,"{""type"":""MultiPoint"",""coordinates"":[]}",
20180701,01-07-2018,7.564690856,"{""type"":""MultiPoint"",""coordinates"":[]}",
20180702,02-07-2018,1.387596096,"{""type"":""MultiPoint"",""coordinates"":[]}",
20180703,03-07-2018,3.709761309,"{""type"":""MultiPoint"",""coordinates"":[]}",
20180704,04-07-2018,7.965957133,"{""type"":""MultiPoint"",""coordinates"":[]}",
20180705,05-07-2018,0,"{""type"":""MultiPoint"",""coordinates"":[]}",
20180706,06-07-2018,5.756734413,"{""type"":""MultiPoint"",""coordinates"":[]}",
20180707,07-07-2018,7.150064804,"{""type"":""MultiPoint"",""coordinates"":[]}",
20180708,08-07-2018,7.238523265,"{""type"":""MultiPoint"",""coordinates"":[]}",
20180709,09-07-2018,9.89569389,"{""type"":""MultiPoint"",""coordinates"":[]}",
20180710,10-07-2018,6.905111163,"{""type"":""MultiPoint"",""coordinates"":[]}",
20180711,11-07-2018,10.25042088,"{""type"":""MultiPoint"",""coordinates"":[]}",
20180712,12-07-2018,9.899114185,"{""type"":""MultiPoint"",""coordinates"":[]}",
20180713,13-07-2018,5.833309412,"{""type"":""MultiPoint"",""coordinates"":[]}",
20180714,14-07-2018,5.964625603,"{""type"":""MultiPoint"",""coordinates"":[]}",
20180715,15-07-2018,5.964625603,"{""type"":""MultiPoint"",""coordinates"":[]}",
20180716,16-07-2018,0,"{""type"":""MultiPoint"",""coordinates"":[]}",
20180717,17-07-2018,0,"{""type"":""MultiPoint"",""coordinates"":[]}",
20180718,18-07-2018,0,"{""type"":""MultiPoint"",""coordinates"":[]}",
20180719,19-07-2018,0,"{""type"":""MultiPoint"",""coordinates"":[]}",
20180720,20-07-2018,5.15017412,"{""type"":""MultiPoint"",""coordinates"":[]}",
20180721,21-07-2018,12.99519456,"{""type"":""MultiPoint"",""coordinates"":[]}",
20180722,22-07-2018,0,"{""type"":""MultiPoint"",""coordinates"":[]}",
20180723,23-07-2018,0,"{""type"":""MultiPoint"",""coordinates"":[]}",
20180724,24-07-2018,0,"{""type"":""MultiPoint"",""coordinates"":[]}",
20180725,25-07-2018,0,"{""type"":""MultiPoint"",""coordinates"":[]}",
20180726,26-07-2018,4.911930372,"{""type"":""MultiPoint"",""coordinates"":[]}",
20180727,27-07-2018,4.180039221,"{""type"":""MultiPoint"",""coordinates"":[]}",
20180728,28-07-2018,0.057789824,"{""type"":""MultiPoint"",""coordinates"":[]}",
20180729,29-07-2018,3.487236128,"{""type"":""MultiPoint"",""coordinates"":[]}",
20180730,30-07-2018,1.586774821,"{""type"":""MultiPoint"",""coordinates"":[]}",
20180731,31-07-2018,3.234893585,"{""type"":""MultiPoint"",""coordinates"":[]}",
20180801,01-08-2018,0,"{""type"":""MultiPoint"",""coordinates"":[]}",
20180802,02-08-2018,7.605357714,"{""type"":""MultiPoint"",""coordinates"":[]}",
20180803,03-08-2018,8.442647306,"{""type"":""MultiPoint"",""coordinates"":[]}",
20180804,04-08-2018,6.018340998,"{""type"":""MultiPoint"",""coordinates"":[]}",
20180805,05-08-2018,0,"{""type"":""MultiPoint"",""coordinates"":[]}",
20180806,06-08-2018,0.294119166,"{""type"":""MultiPoint"",""coordinates"":[]}",
20180807,07-08-2018,6.529695263,"{""type"":""MultiPoint"",""coordinates"":[]}",
20180808,08-08-2018,0.294119166,"{""type"":""MultiPoint"",""coordinates"":[]}",
20180809,09-08-2018,2.326097636,"{""type"":""MultiPoint"",""coordinates"":[]}",
20180810,10-08-2018,11.29309683,"{""type"":""MultiPoint"",""coordinates"":[]}",
20180811,11-08-2018,17.12317947,"{""type"":""MultiPoint"",""coordinates"":[]}",
20180812,12-08-2018,0,"{""type"":""MultiPoint"",""coordinates"":[]}",
20180813,13-08-2018,5.296704741,"{""type"":""MultiPoint"",""coordinates"":[]}",
20180814,14-08-2018,13.19625819,"{""type"":""MultiPoint"",""coordinates"":[]}",
20180815,15-08-2018,11.993953,"{""type"":""MultiPoint"",""coordinates"":[]}",
20180816,16-08-2018,5.508881262,"{""type"":""MultiPoint"",""coordinates"":[]}",
20180817,17-08-2018,8.227116106,"{""type"":""MultiPoint"",""coordinates"":[]}",
20180818,18-08-2018,0.381451226,"{""type"":""MultiPoint"",""coordinates"":[]}",
20180819,19-08-2018,0.120231937,"{""type"":""MultiPoint"",""coordinates"":[]}",
20180820,20-08-2018,0.104014502,"{""type"":""MultiPoint"",""coordinates"":[]}",
20180821,21-08-2018,0,"{""type"":""MultiPoint"",""coordinates"":[]}",
20180822,22-08-2018,0,"{""type"":""MultiPoint"",""coordinates"":[]}",
20180823,23-08-2018,0,"{""type"":""MultiPoint"",""coordinates"":[]}",
20180824,24-08-2018,10.20480743,"{""type"":""MultiPoint"",""coordinates"":[]}",
20180825,25-08-2018,7.185642869,"{""type"":""MultiPoint"",""coordinates"":[]}",
20180826,26-08-2018,6.105090435,"{""type"":""MultiPoint"",""coordinates"":[]}",
20180827,27-08-2018,29.85344262,"{""type"":""MultiPoint"",""coordinates"":[]}",
20180828,28-08-2018,13.27695193,"{""type"":""MultiPoint"",""coordinates"":[]}",
20180829,29-08-2018,7.290487321,"{""type"":""MultiPoint"",""coordinates"":[]}",
20180830,30-08-2018,2.079576974,"{""type"":""MultiPoint"",""coordinates"":[]}",
20180831,31-08-2018,10.4762209,"{""type"":""MultiPoint"",""coordinates"":[]}",
20180901,01-09-2018,11.73890776,"{""type"":""MultiPoint"",""coordinates"":[]}",
20180902,02-09-2018,0,"{""type"":""MultiPoint"",""coordinates"":[]}",
20180903,03-09-2018,0,"{""type"":""MultiPoint"",""coordinates"":[]}",
20180904,04-09-2018,0,"{""type"":""MultiPoint"",""coordinates"":[]}",
20180905,05-09-2018,0,"{""type"":""MultiPoint"",""coordinates"":[]}",
20180906,06-09-2018,0,"{""type"":""MultiPoint"",""coordinates"":[]}",
20180907,07-09-2018,0,"{""type"":""MultiPoint"",""coordinates"":[]}",
20180908,08-09-2018,0,"{""type"":""MultiPoint"",""coordinates"":[]}",
20180909,09-09-2018,0,"{""type"":""MultiPoint"",""coordinates"":[]}",
20180910,10-09-2018,0,"{""type"":""MultiPoint"",""coordinates"":[]}",
20180911,11-09-2018,0,"{""type"":""MultiPoint"",""coordinates"":[]}",
20180912,12-09-2018,0,"{""type"":""MultiPoint"",""coordinates"":[]}",
20180913,13-09-2018,7.471993749,"{""type"":""MultiPoint"",""coordinates"":[]}",
20180914,14-09-2018,0,"{""type"":""MultiPoint"",""coordinates"":[]}",
20180915,15-09-2018,0,"{""type"":""MultiPoint"",""coordinates"":[]}",
20180916,16-09-2018,7.122809242,"{""type"":""MultiPoint"",""coordinates"":[]}",
20180917,17-09-2018,14.4624316,"{""type"":""MultiPoint"",""coordinates"":[]}",
20180918,18-09-2018,21.44187652,"{""type"":""MultiPoint"",""coordinates"":[]}",
20180919,19-09-2018,28.58723806,"{""type"":""MultiPoint"",""coordinates"":[]}",
20180920,20-09-2018,26.49873348,"{""type"":""MultiPoint"",""coordinates"":[]}",
20180921,21-09-2018,0,"{""type"":""MultiPoint"",""coordinates"":[]}",
20180922,22-09-2018,0,"{""type"":""MultiPoint"",""coordinates"":[]}",
20180923,23-09-2018,0,"{""type"":""MultiPoint"",""coordinates"":[]}",
20180924,24-09-2018,0,"{""type"":""MultiPoint"",""coordinates"":[]}",
20180925,25-09-2018,0,"{""type"":""MultiPoint"",""coordinates"":[]}",
20180926,26-09-2018,0,"{""type"":""MultiPoint"",""coordinates"":[]}",
20180927,27-09-2018,0,"{""type"":""MultiPoint"",""coordinates"":[]}",
20180928,28-09-2018,0,"{""type"":""MultiPoint"",""coordinates"":[]}",
20180929,29-09-2018,0,"{""type"":""MultiPoint"",""coordinates"":[]}",
20180930,30-09-2018,0,"{""type"":""MultiPoint"",""coordinates"":[]}",
20181001,01-10-2018,0,"{""type"":""MultiPoint"",""coordinates"":[]}",
20181002,02-10-2018,0,"{""type"":""MultiPoint"",""coordinates"":[]}",
20181003,03-10-2018,18.8873472,"{""type"":""MultiPoint"",""coordinates"":[]}",
20181004,04-10-2018,67.48779682,"{""type"":""MultiPoint"",""coordinates"":[]}",
20181005,05-10-2018,37.72308157,"{""type"":""MultiPoint"",""coordinates"":[]}",
20181006,06-10-2018,0,"{""type"":""MultiPoint"",""coordinates"":[]}",
20181007,07-10-2018,1.531079051,"{""type"":""MultiPoint"",""coordinates"":[]}",
20181008,08-10-2018,1.240361333,"{""type"":""MultiPoint"",""coordinates"":[]}",
20181009,09-10-2018,9.586447329,"{""type"":""MultiPoint"",""coordinates"":[]}",
20181010,10-10-2018,0,"{""type"":""MultiPoint"",""coordinates"":[]}",
20181011,11-10-2018,0,"{""type"":""MultiPoint"",""coordinates"":[]}",
20181012,12-10-2018,0,"{""type"":""MultiPoint"",""coordinates"":[]}",
20181013,13-10-2018,0,"{""type"":""MultiPoint"",""coordinates"":[]}",
20181014,14-10-2018,0,"{""type"":""MultiPoint"",""coordinates"":[]}",
20181015,15-10-2018,0.406189187,"{""type"":""MultiPoint"",""coordinates"":[]}",
20181016,16-10-2018,0,"{""type"":""MultiPoint"",""coordinates"":[]}",
20181017,17-10-2018,4.498257754,"{""type"":""MultiPoint"",""coordinates"":[]}",
20181018,18-10-2018,3.140648879,"{""type"":""MultiPoint"",""coordinates"":[]}",
20181019,19-10-2018,3.480474245,"{""type"":""MultiPoint"",""coordinates"":[]}",
20181020,20-10-2018,2.649432285,"{""type"":""MultiPoint"",""coordinates"":[]}",
20181021,21-10-2018,17.03003754,"{""type"":""MultiPoint"",""coordinates"":[]}",
20181022,22-10-2018,0,"{""type"":""MultiPoint"",""coordinates"":[]}",
20181023,23-10-2018,0,"{""type"":""MultiPoint"",""coordinates"":[]}",
20181024,24-10-2018,0,"{""type"":""MultiPoint"",""coordinates"":[]}",
20181025,25-10-2018,0,"{""type"":""MultiPoint"",""coordinates"":[]}",
20181026,26-10-2018,0,"{""type"":""MultiPoint"",""coordinates"":[]}",
20181027,27-10-2018,0,"{""type"":""MultiPoint"",""coordinates"":[]}",
20181028,28-10-2018,2.754065773,"{""type"":""MultiPoint"",""coordinates"":[]}",
20181029,29-10-2018,8.019016679,"{""type"":""MultiPoint"",""coordinates"":[]}",
20181030,30-10-2018,17.65095338,"{""type"":""MultiPoint"",""coordinates"":[]}",
20181031,31-10-2018,14.992493,"{""type"":""MultiPoint"",""coordinates"":[]}",
20181101,01-11-2018,26.90781734,"{""type"":""MultiPoint"",""coordinates"":[]}",
20181102,02-11-2018,0,"{""type"":""MultiPoint"",""coordinates"":[]}",
20181103,03-11-2018,1.414675478,"{""type"":""MultiPoint"",""coordinates"":[]}",
20181104,04-11-2018,0,"{""type"":""MultiPoint"",""coordinates"":[]}",
20181105,05-11-2018,0,"{""type"":""MultiPoint"",""coordinates"":[]}",
20181106,06-11-2018,4.574401451,"{""type"":""MultiPoint"",""coordinates"":[]}",
20181107,07-11-2018,14.01867177,"{""type"":""MultiPoint"",""coordinates"":[]}",
20181108,08-11-2018,0.712201011,"{""type"":""MultiPoint"",""coordinates"":[]}",
20181109,09-11-2018,0,"{""type"":""MultiPoint"",""coordinates"":[]}",
20181110,10-11-2018,0,"{""type"":""MultiPoint"",""coordinates"":[]}",
20181111,11-11-2018,0,"{""type"":""MultiPoint"",""coordinates"":[]}",
20181112,12-11-2018,3.632913355,"{""type"":""MultiPoint"",""coordinates"":[]}",
20181113,13-11-2018,0,"{""type"":""MultiPoint"",""coordinates"":[]}",
20181114,14-11-2018,11.69890511,"{""type"":""MultiPoint"",""coordinates"":[]}",
20181115,15-11-2018,2.584921612,"{""type"":""MultiPoint"",""coordinates"":[]}",
20181116,16-11-2018,15.74130693,"{""type"":""MultiPoint"",""coordinates"":[]}",
20181117,17-11-2018,0,"{""type"":""MultiPoint"",""coordinates"":[]}",
20181118,18-11-2018,0,"{""type"":""MultiPoint"",""coordinates"":[]}",
20181119,19-11-2018,4.557221986,"{""type"":""MultiPoint"",""coordinates"":[]}",
20181120,20-11-2018,56.8250009,"{""type"":""MultiPoint"",""coordinates"":[]}",
20181121,21-11-2018,124.7859789,"{""type"":""MultiPoint"",""coordinates"":[]}",
20181122,22-11-2018,55.23993858,"{""type"":""MultiPoint"",""coordinates"":[]}",
20181123,23-11-2018,0,"{""type"":""MultiPoint"",""coordinates"":[]}",
20181124,24-11-2018,0,"{""type"":""MultiPoint"",""coordinates"":[]}",
20181125,25-11-2018,0,"{""type"":""MultiPoint"",""coordinates"":[]}",
20181126,26-11-2018,0,"{""type"":""MultiPoint"",""coordinates"":[]}",
20181127,27-11-2018,0,"{""type"":""MultiPoint"",""coordinates"":[]}",
20181128,28-11-2018,0,"{""type"":""MultiPoint"",""coordinates"":[]}",
20181129,29-11-2018,0,"{""type"":""MultiPoint"",""coordinates"":[]}",
20181130,30-11-2018,0,"{""type"":""MultiPoint"",""coordinates"":[]}",
20181201,01-12-2018,0,"{""type"":""MultiPoint"",""coordinates"":[]}",
20181202,02-12-2018,0,"{""type"":""MultiPoint"",""coordinates"":[]}",
20181203,03-12-2018,0,"{""type"":""MultiPoint"",""coordinates"":[]}",
20181204,04-12-2018,32.17145285,"{""type"":""MultiPoint"",""coordinates"":[]}",
20181205,05-12-2018,8.69313913,"{""type"":""MultiPoint"",""coordinates"":[]}",
20181206,06-12-2018,0,"{""type"":""MultiPoint"",""coordinates"":[]}",
20181207,07-12-2018,0,"{""type"":""MultiPoint"",""coordinates"":[]}",
20181208,08-12-2018,0,"{""type"":""MultiPoint"",""coordinates"":[]}",
20181209,09-12-2018,0,"{""type"":""MultiPoint"",""coordinates"":[]}",
20181210,10-12-2018,8.255374446,"{""type"":""MultiPoint"",""coordinates"":[]}",
20181211,11-12-2018,0,"{""type"":""MultiPoint"",""coordinates"":[]}",
20181212,12-12-2018,0,"{""type"":""MultiPoint"",""coordinates"":[]}",
20181213,13-12-2018,17.35335244,"{""type"":""MultiPoint"",""coordinates"":[]}",
20181214,14-12-2018,0,"{""type"":""MultiPoint"",""coordinates"":[]}",
20181215,15-12-2018,12.81078014,"{""type"":""MultiPoint"",""coordinates"":[]}",
20181216,16-12-2018,67.85659482,"{""type"":""MultiPoint"",""coordinates"":[]}",
20181217,17-12-2018,0.551800888,"{""type"":""MultiPoint"",""coordinates"":[]}",
20181218,18-12-2018,0,"{""type"":""MultiPoint"",""coordinates"":[]}",
20181219,19-12-2018,0,"{""type"":""MultiPoint"",""coordinates"":[]}",
20181220,20-12-2018,0,"{""type"":""MultiPoint"",""coordinates"":[]}",
20181221,21-12-2018,1.39135283,"{""type"":""MultiPoint"",""coordinates"":[]}",
20181222,22-12-2018,6.127899172,"{""type"":""MultiPoint"",""coordinates"":[]}",
20181223,23-12-2018,3.412711465,"{""type"":""MultiPoint"",""coordinates"":[]}",
20181224,24-12-2018,0,"{""type"":""MultiPoint"",""coordinates"":[]}",
20181225,25-12-2018,1.24E-06,"{""type"":""MultiPoint"",""coordinates"":[]}",
20181226,26-12-2018,0,"{""type"":""MultiPoint"",""coordinates"":[]}",
20181227,27-12-2018,0,"{""type"":""MultiPoint"",""coordinates"":[]}",
20181228,28-12-2018,0,"{""type"":""MultiPoint"",""coordinates"":[]}",
20181229,29-12-2018,0,"{""type"":""MultiPoint"",""coordinates"":[]}",
20181230,30-12-2018,0,"{""type"":""MultiPoint"",""coordinates"":[]}",
20181231,31-12-2018,0,"{""type"":""MultiPoint"",""coordinates"":[]}",
20190101,01-01-2019,0,"{""type"":""MultiPoint"",""coordinates"":[]}",
20190102,02-01-2019,0,"{""type"":""MultiPoint"",""coordinates"":[]}",
20190103,03-01-2019,3.665555353,"{""type"":""MultiPoint"",""coordinates"":[]}",
20190104,04-01-2019,0,"{""type"":""MultiPoint"",""coordinates"":[]}",
20190105,05-01-2019,0,"{""type"":""MultiPoint"",""coordinates"":[]}",
20190106,06-01-2019,0,"{""type"":""MultiPoint"",""coordinates"":[]}",
20190107,07-01-2019,1.362870494,"{""type"":""MultiPoint"",""coordinates"":[]}",
20190108,08-01-2019,0,"{""type"":""MultiPoint"",""coordinates"":[]}",
20190109,09-01-2019,0,"{""type"":""MultiPoint"",""coordinates"":[]}",
20190110,10-01-2019,0,"{""type"":""MultiPoint"",""coordinates"":[]}",
20190111,11-01-2019,0,"{""type"":""MultiPoint"",""coordinates"":[]}",
20190112,12-01-2019,0.077447784,"{""type"":""MultiPoint"",""coordinates"":[]}",
20190113,13-01-2019,0.091704295,"{""type"":""MultiPoint"",""coordinates"":[]}",
20190114,14-01-2019,1.516487807,"{""type"":""MultiPoint"",""coordinates"":[]}",
20190115,15-01-2019,0,"{""type"":""MultiPoint"",""coordinates"":[]}",
20190116,16-01-2019,0,"{""type"":""MultiPoint"",""coordinates"":[]}",
20190117,17-01-2019,0,"{""type"":""MultiPoint"",""coordinates"":[]}",
20190118,18-01-2019,0,"{""type"":""MultiPoint"",""coordinates"":[]}",
20190119,19-01-2019,0,"{""type"":""MultiPoint"",""coordinates"":[]}",
20190120,20-01-2019,0,"{""type"":""MultiPoint"",""coordinates"":[]}",
20190121,21-01-2019,0.160112736,"{""type"":""MultiPoint"",""coordinates"":[]}",
20190122,22-01-2019,0,"{""type"":""MultiPoint"",""coordinates"":[]}",
20190123,23-01-2019,0,"{""type"":""MultiPoint"",""coordinates"":[]}",
20190124,24-01-2019,0,"{""type"":""MultiPoint"",""coordinates"":[]}",
20190125,25-01-2019,0,"{""type"":""MultiPoint"",""coordinates"":[]}",
20190126,26-01-2019,0,"{""type"":""MultiPoint"",""coordinates"":[]}",
20190127,27-01-2019,0,"{""type"":""MultiPoint"",""coordinates"":[]}",
20190128,28-01-2019,0,"{""type"":""MultiPoint"",""coordinates"":[]}",
20190129,29-01-2019,0,"{""type"":""MultiPoint"",""coordinates"":[]}",
20190130,30-01-2019,0,"{""type"":""MultiPoint"",""coordinates"":[]}",
20190131,31-01-2019,0,"{""type"":""MultiPoint"",""coordinates"":[]}",
20190201,01-02-2019,0,"{""type"":""MultiPoint"",""coordinates"":[]}",
20190202,02-02-2019,0,"{""type"":""MultiPoint"",""coordinates"":[]}",
20190203,03-02-2019,0,"{""type"":""MultiPoint"",""coordinates"":[]}",
20190204,04-02-2019,0,"{""type"":""MultiPoint"",""coordinates"":[]}",
20190205,05-02-2019,0,"{""type"":""MultiPoint"",""coordinates"":[]}",
20190206,06-02-2019,0,"{""type"":""MultiPoint"",""coordinates"":[]}",
20190207,07-02-2019,0,"{""type"":""MultiPoint"",""coordinates"":[]}",
20190208,08-02-2019,0,"{""type"":""MultiPoint"",""coordinates"":[]}",
20190209,09-02-2019,0,"{""type"":""MultiPoint"",""coordinates"":[]}",
20190210,10-02-2019,0,"{""type"":""MultiPoint"",""coordinates"":[]}",
20190211,11-02-2019,0,"{""type"":""MultiPoint"",""coordinates"":[]}",
20190212,12-02-2019,0,"{""type"":""MultiPoint"",""coordinates"":[]}",
20190213,13-02-2019,0,"{""type"":""MultiPoint"",""coordinates"":[]}",
20190214,14-02-2019,0,"{""type"":""MultiPoint"",""coordinates"":[]}",
20190215,15-02-2019,0,"{""type"":""MultiPoint"",""coordinates"":[]}",
20190216,16-02-2019,0,"{""type"":""MultiPoint"",""coordinates"":[]}",
20190217,17-02-2019,0,"{""type"":""MultiPoint"",""coordinates"":[]}",
20190218,18-02-2019,7.089049396,"{""type"":""MultiPoint"",""coordinates"":[]}",
20190219,19-02-2019,0,"{""type"":""MultiPoint"",""coordinates"":[]}",
20190220,20-02-2019,0,"{""type"":""MultiPoint"",""coordinates"":[]}",
20190221,21-02-2019,0,"{""type"":""MultiPoint"",""coordinates"":[]}",
20190222,22-02-2019,0,"{""type"":""MultiPoint"",""coordinates"":[]}",
20190223,23-02-2019,0,"{""type"":""MultiPoint"",""coordinates"":[]}",
20190224,24-02-2019,0,"{""type"":""MultiPoint"",""coordinates"":[]}",
20190225,25-02-2019,0,"{""type"":""MultiPoint"",""coordinates"":[]}",
20190226,26-02-2019,0,"{""type"":""MultiPoint"",""coordinates"":[]}",
20190227,27-02-2019,0,"{""type"":""MultiPoint"",""coordinates"":[]}",
20190228,28-02-2019,0,"{""type"":""MultiPoint"",""coordinates"":[]}",
20190301,01-03-2019,0,"{""type"":""MultiPoint"",""coordinates"":[]}",
20190302,02-03-2019,0,"{""type"":""MultiPoint"",""coordinates"":[]}",
20190303,03-03-2019,0,"{""type"":""MultiPoint"",""coordinates"":[]}",
20190304,04-03-2019,0,"{""type"":""MultiPoint"",""coordinates"":[]}",
20190305,05-03-2019,0,"{""type"":""MultiPoint"",""coordinates"":[]}",
20190306,06-03-2019,0,"{""type"":""MultiPoint"",""coordinates"":[]}",
20190307,07-03-2019,0,"{""type"":""MultiPoint"",""coordinates"":[]}",
20190308,08-03-2019,0,"{""type"":""MultiPoint"",""coordinates"":[]}",
20190309,09-03-2019,0,"{""type"":""MultiPoint"",""coordinates"":[]}",
20190310,10-03-2019,0,"{""type"":""MultiPoint"",""coordinates"":[]}",
20190311,11-03-2019,0,"{""type"":""MultiPoint"",""coordinates"":[]}",
20190312,12-03-2019,0,"{""type"":""MultiPoint"",""coordinates"":[]}",
20190313,13-03-2019,0,"{""type"":""MultiPoint"",""coordinates"":[]}",
20190314,14-03-2019,0,"{""type"":""MultiPoint"",""coordinates"":[]}",
20190315,15-03-2019,0,"{""type"":""MultiPoint"",""coordinates"":[]}",
20190316,16-03-2019,0,"{""type"":""MultiPoint"",""coordinates"":[]}",
20190317,17-03-2019,0,"{""type"":""MultiPoint"",""coordinates"":[]}",
20190318,18-03-2019,0,"{""type"":""MultiPoint"",""coordinates"":[]}",
20190319,19-03-2019,0,"{""type"":""MultiPoint"",""coordinates"":[]}",
20190320,20-03-2019,0,"{""type"":""MultiPoint"",""coordinates"":[]}",
20190321,21-03-2019,0,"{""type"":""MultiPoint"",""coordinates"":[]}",
20190322,22-03-2019,0,"{""type"":""MultiPoint"",""coordinates"":[]}",
20190323,23-03-2019,0,"{""type"":""MultiPoint"",""coordinates"":[]}",
20190324,24-03-2019,0,"{""type"":""MultiPoint"",""coordinates"":[]}",
20190325,25-03-2019,0,"{""type"":""MultiPoint"",""coordinates"":[]}",
20190326,26-03-2019,0,"{""type"":""MultiPoint"",""coordinates"":[]}",
20190327,27-03-2019,0,"{""type"":""MultiPoint"",""coordinates"":[]}",
20190328,28-03-2019,0,"{""type"":""MultiPoint"",""coordinates"":[]}",
20190329,29-03-2019,0,"{""type"":""MultiPoint"",""coordinates"":[]}",
20190330,30-03-2019,0,"{""type"":""MultiPoint"",""coordinates"":[]}",
20190331,31-03-2019,0,"{""type"":""MultiPoint"",""coordinates"":[]}",
20190401,01-04-2019,0,"{""type"":""MultiPoint"",""coordinates"":[]}",
20190402,02-04-2019,0,"{""type"":""MultiPoint"",""coordinates"":[]}",
20190403,03-04-2019,0,"{""type"":""MultiPoint"",""coordinates"":[]}",
20190404,04-04-2019,0,"{""type"":""MultiPoint"",""coordinates"":[]}",
20190405,05-04-2019,0,"{""type"":""MultiPoint"",""coordinates"":[]}",
20190406,06-04-2019,0,"{""type"":""MultiPoint"",""coordinates"":[]}",
20190407,07-04-2019,0,"{""type"":""MultiPoint"",""coordinates"":[]}",
20190408,08-04-2019,0,"{""type"":""MultiPoint"",""coordinates"":[]}",
20190409,09-04-2019,0,"{""type"":""MultiPoint"",""coordinates"":[]}",
20190410,10-04-2019,0,"{""type"":""MultiPoint"",""coordinates"":[]}",
20190411,11-04-2019,0,"{""type"":""MultiPoint"",""coordinates"":[]}",
20190412,12-04-2019,0,"{""type"":""MultiPoint"",""coordinates"":[]}",
20190413,13-04-2019,0,"{""type"":""MultiPoint"",""coordinates"":[]}",
20190414,14-04-2019,0,"{""type"":""MultiPoint"",""coordinates"":[]}",
20190415,15-04-2019,0,"{""type"":""MultiPoint"",""coordinates"":[]}",
20190416,16-04-2019,0,"{""type"":""MultiPoint"",""coordinates"":[]}",
20190417,17-04-2019,0,"{""type"":""MultiPoint"",""coordinates"":[]}",
20190418,18-04-2019,0,"{""type"":""MultiPoint"",""coordinates"":[]}",
20190419,19-04-2019,0,"{""type"":""MultiPoint"",""coordinates"":[]}",
20190420,20-04-2019,0,"{""type"":""MultiPoint"",""coordinates"":[]}",
20190421,21-04-2019,0.007796707,"{""type"":""MultiPoint"",""coordinates"":[]}",
20190422,22-04-2019,0.283646237,"{""type"":""MultiPoint"",""coordinates"":[]}",
20190423,23-04-2019,0.001034683,"{""type"":""MultiPoint"",""coordinates"":[]}",
20190424,24-04-2019,2.36E-07,"{""type"":""MultiPoint"",""coordinates"":[]}",
20190425,25-04-2019,0,"{""type"":""MultiPoint"",""coordinates"":[]}",
20190426,26-04-2019,0,"{""type"":""MultiPoint"",""coordinates"":[]}",
20190427,27-04-2019,0.519770562,"{""type"":""MultiPoint"",""coordinates"":[]}",
20190428,28-04-2019,3.088360797,"{""type"":""MultiPoint"",""coordinates"":[]}",
20190429,29-04-2019,1.233232177,"{""type"":""MultiPoint"",""coordinates"":[]}",
20190430,30-04-2019,1.924787194,"{""type"":""MultiPoint"",""coordinates"":[]}",
20190501,01-05-2019,6.776261635,"{""type"":""MultiPoint"",""coordinates"":[]}",
20190502,02-05-2019,3.150463499,"{""type"":""MultiPoint"",""coordinates"":[]}",
20190503,03-05-2019,0,"{""type"":""MultiPoint"",""coordinates"":[]}",
20190504,04-05-2019,0,"{""type"":""MultiPoint"",""coordinates"":[]}",
20190505,05-05-2019,0,"{""type"":""MultiPoint"",""coordinates"":[]}",
20190506,06-05-2019,0,"{""type"":""MultiPoint"",""coordinates"":[]}",
20190507,07-05-2019,0.098470515,"{""type"":""MultiPoint"",""coordinates"":[]}",
20190508,08-05-2019,0,"{""type"":""MultiPoint"",""coordinates"":[]}",
20190509,09-05-2019,0,"{""type"":""MultiPoint"",""coordinates"":[]}",
20190510,10-05-2019,0,"{""type"":""MultiPoint"",""coordinates"":[]}",
20190511,11-05-2019,0,"{""type"":""MultiPoint"",""coordinates"":[]}",
20190512,12-05-2019,0,"{""type"":""MultiPoint"",""coordinates"":[]}",
20190513,13-05-2019,0,"{""type"":""MultiPoint"",""coordinates"":[]}",
20190514,14-05-2019,0,"{""type"":""MultiPoint"",""coordinates"":[]}",
20190515,15-05-2019,0,"{""type"":""MultiPoint"",""coordinates"":[]}",
20190516,16-05-2019,0,"{""type"":""MultiPoint"",""coordinates"":[]}",
20190517,17-05-2019,1.126148254,"{""type"":""MultiPoint"",""coordinates"":[]}",
20190518,18-05-2019,0,"{""type"":""MultiPoint"",""coordinates"":[]}",
20190519,19-05-2019,0,"{""type"":""MultiPoint"",""coordinates"":[]}",
20190520,20-05-2019,0,"{""type"":""MultiPoint"",""coordinates"":[]}",
20190521,21-05-2019,0,"{""type"":""MultiPoint"",""coordinates"":[]}",
20190522,22-05-2019,0,"{""type"":""MultiPoint"",""coordinates"":[]}",
20190523,23-05-2019,0,"{""type"":""MultiPoint"",""coordinates"":[]}",
20190524,24-05-2019,0,"{""type"":""MultiPoint"",""coordinates"":[]}",
20190525,25-05-2019,0,"{""type"":""MultiPoint"",""coordinates"":[]}",
20190526,26-05-2019,0,"{""type"":""MultiPoint"",""coordinates"":[]}",
20190527,27-05-2019,0,"{""type"":""MultiPoint"",""coordinates"":[]}",
20190528,28-05-2019,0,"{""type"":""MultiPoint"",""coordinates"":[]}",
20190529,29-05-2019,0,"{""type"":""MultiPoint"",""coordinates"":[]}",
20190530,30-05-2019,0.954451441,"{""type"":""MultiPoint"",""coordinates"":[]}",
20190531,31-05-2019,0,"{""type"":""MultiPoint"",""coordinates"":[]}",
20190601,01-06-2019,0,"{""type"":""MultiPoint"",""coordinates"":[]}",
20190602,02-06-2019,0,"{""type"":""MultiPoint"",""coordinates"":[]}",
20190603,03-06-2019,0,"{""type"":""MultiPoint"",""coordinates"":[]}",
20190604,04-06-2019,0,"{""type"":""MultiPoint"",""coordinates"":[]}",
20190605,05-06-2019,0,"{""type"":""MultiPoint"",""coordinates"":[]}",
20190606,06-06-2019,0,"{""type"":""MultiPoint"",""coordinates"":[]}",
20190607,07-06-2019,0,"{""type"":""MultiPoint"",""coordinates"":[]}",
20190608,08-06-2019,0,"{""type"":""MultiPoint"",""coordinates"":[]}",
20190609,09-06-2019,0,"{""type"":""MultiPoint"",""coordinates"":[]}",
20190610,10-06-2019,0,"{""type"":""MultiPoint"",""coordinates"":[]}",
20190611,11-06-2019,3.439550484,"{""type"":""MultiPoint"",""coordinates"":[]}",
20190612,12-06-2019,0.018651642,"{""type"":""MultiPoint"",""coordinates"":[]}",
20190613,13-06-2019,1.034267568,"{""type"":""MultiPoint"",""coordinates"":[]}",
20190614,14-06-2019,0.458453264,"{""type"":""MultiPoint"",""coordinates"":[]}",
20190615,15-06-2019,1.471051962,"{""type"":""MultiPoint"",""coordinates"":[]}",
20190616,16-06-2019,0,"{""type"":""MultiPoint"",""coordinates"":[]}",
20190617,17-06-2019,0.638103045,"{""type"":""MultiPoint"",""coordinates"":[]}",
20190618,18-06-2019,0,"{""type"":""MultiPoint"",""coordinates"":[]}",
20190619,19-06-2019,6.852183986,"{""type"":""MultiPoint"",""coordinates"":[]}",
20190620,20-06-2019,0.359170737,"{""type"":""MultiPoint"",""coordinates"":[]}",
20190621,21-06-2019,10.7190048,"{""type"":""MultiPoint"",""coordinates"":[]}",
20190622,22-06-2019,3.074896749,"{""type"":""MultiPoint"",""coordinates"":[]}",
20190623,23-06-2019,0,"{""type"":""MultiPoint"",""coordinates"":[]}",
20190624,24-06-2019,5.496540461,"{""type"":""MultiPoint"",""coordinates"":[]}",
20190625,25-06-2019,12.17477941,"{""type"":""MultiPoint"",""coordinates"":[]}",
20190626,26-06-2019,8.22257175,"{""type"":""MultiPoint"",""coordinates"":[]}",
20190627,27-06-2019,0,"{""type"":""MultiPoint"",""coordinates"":[]}",
20190628,28-06-2019,0.187132393,"{""type"":""MultiPoint"",""coordinates"":[]}",
20190629,29-06-2019,0,"{""type"":""MultiPoint"",""coordinates"":[]}",
20190630,30-06-2019,0.521860353,"{""type"":""MultiPoint"",""coordinates"":[]}",
20190701,01-07-2019,4.355455098,"{""type"":""MultiPoint"",""coordinates"":[]}",
20190702,02-07-2019,8.792169682,"{""type"":""MultiPoint"",""coordinates"":[]}",
20190703,03-07-2019,0,"{""type"":""MultiPoint"",""coordinates"":[]}",
20190704,04-07-2019,0,"{""type"":""MultiPoint"",""coordinates"":[]}",
20190705,05-07-2019,7.131494069,"{""type"":""MultiPoint"",""coordinates"":[]}",
20190706,06-07-2019,3.515388955,"{""type"":""MultiPoint"",""coordinates"":[]}",
20190707,07-07-2019,0,"{""type"":""MultiPoint"",""coordinates"":[]}",
20190708,08-07-2019,0,"{""type"":""MultiPoint"",""coordinates"":[]}",
20190709,09-07-2019,3.849021752,"{""type"":""MultiPoint"",""coordinates"":[]}",
20190710,10-07-2019,1.924510876,"{""type"":""MultiPoint"",""coordinates"":[]}",
20190711,11-07-2019,0,"{""type"":""MultiPoint"",""coordinates"":[]}",
20190712,12-07-2019,0,"{""type"":""MultiPoint"",""coordinates"":[]}",
20190713,13-07-2019,0,"{""type"":""MultiPoint"",""coordinates"":[]}",
20190714,14-07-2019,0,"{""type"":""MultiPoint"",""coordinates"":[]}",
20190715,15-07-2019,18.01579683,"{""type"":""MultiPoint"",""coordinates"":[]}",
20190716,16-07-2019,0,"{""type"":""MultiPoint"",""coordinates"":[]}",
20190717,17-07-2019,22.2214695,"{""type"":""MultiPoint"",""coordinates"":[]}",
20190718,18-07-2019,1.659323259,"{""type"":""MultiPoint"",""coordinates"":[]}",
20190719,19-07-2019,18.41698729,"{""type"":""MultiPoint"",""coordinates"":[]}",
20190720,20-07-2019,0,"{""type"":""MultiPoint"",""coordinates"":[]}",
20190721,21-07-2019,10.44907063,"{""type"":""MultiPoint"",""coordinates"":[]}",
20190722,22-07-2019,15.31559505,"{""type"":""MultiPoint"",""coordinates"":[]}",
20190723,23-07-2019,6.626831838,"{""type"":""MultiPoint"",""coordinates"":[]}",
20190724,24-07-2019,0,"{""type"":""MultiPoint"",""coordinates"":[]}",
20190725,25-07-2019,1.772253826,"{""type"":""MultiPoint"",""coordinates"":[]}",
20190726,26-07-2019,21.32901347,"{""type"":""MultiPoint"",""coordinates"":[]}",
20190727,27-07-2019,4.789233334,"{""type"":""MultiPoint"",""coordinates"":[]}",
20190728,28-07-2019,4.507537321,"{""type"":""MultiPoint"",""coordinates"":[]}",
20190729,29-07-2019,3.291720556,"{""type"":""MultiPoint"",""coordinates"":[]}",
20190730,30-07-2019,10.19511806,"{""type"":""MultiPoint"",""coordinates"":[]}",
20190731,31-07-2019,0,"{""type"":""MultiPoint"",""coordinates"":[]}",
20190801,01-08-2019,7.542697317,"{""type"":""MultiPoint"",""coordinates"":[]}",
20190802,02-08-2019,2.351416666,"{""type"":""MultiPoint"",""coordinates"":[]}",
20190803,03-08-2019,0,"{""type"":""MultiPoint"",""coordinates"":[]}",
20190804,04-08-2019,1.906547694,"{""type"":""MultiPoint"",""coordinates"":[]}",
20190805,05-08-2019,0.027931128,"{""type"":""MultiPoint"",""coordinates"":[]}",
20190806,06-08-2019,0.724635626,"{""type"":""MultiPoint"",""coordinates"":[]}",
20190807,07-08-2019,1.305411061,"{""type"":""MultiPoint"",""coordinates"":[]}",
20190808,08-08-2019,0,"{""type"":""MultiPoint"",""coordinates"":[]}",
20190809,09-08-2019,0,"{""type"":""MultiPoint"",""coordinates"":[]}",
20190810,10-08-2019,0.015282328,"{""type"":""MultiPoint"",""coordinates"":[]}",
20190811,11-08-2019,0,"{""type"":""MultiPoint"",""coordinates"":[]}",
20190812,12-08-2019,0.589587381,"{""type"":""MultiPoint"",""coordinates"":[]}",
20190813,13-08-2019,1.383673032,"{""type"":""MultiPoint"",""coordinates"":[]}",
20190814,14-08-2019,7.206990809,"{""type"":""MultiPoint"",""coordinates"":[]}",
20190815,15-08-2019,0,"{""type"":""MultiPoint"",""coordinates"":[]}",
20190816,16-08-2019,10.61545865,"{""type"":""MultiPoint"",""coordinates"":[]}",
20190817,17-08-2019,24.56702845,"{""type"":""MultiPoint"",""coordinates"":[]}",
20190818,18-08-2019,17.1076365,"{""type"":""MultiPoint"",""coordinates"":[]}",
20190819,19-08-2019,0.266068858,"{""type"":""MultiPoint"",""coordinates"":[]}",
20190820,20-08-2019,10.44669594,"{""type"":""MultiPoint"",""coordinates"":[]}",
20190821,21-08-2019,3.872739212,"{""type"":""MultiPoint"",""coordinates"":[]}",
20190822,22-08-2019,8.17239753,"{""type"":""MultiPoint"",""coordinates"":[]}",
20190823,23-08-2019,0.785479865,"{""type"":""MultiPoint"",""coordinates"":[]}",
20190824,24-08-2019,5.504595842,"{""type"":""MultiPoint"",""coordinates"":[]}",
20190825,25-08-2019,0,"{""type"":""MultiPoint"",""coordinates"":[]}",
20190826,26-08-2019,0,"{""type"":""MultiPoint"",""coordinates"":[]}",
20190827,27-08-2019,0,"{""type"":""MultiPoint"",""coordinates"":[]}",
20190828,28-08-2019,3.573404943,"{""type"":""MultiPoint"",""coordinates"":[]}",
20190829,29-08-2019,0,"{""type"":""MultiPoint"",""coordinates"":[]}",
20190830,30-08-2019,5.337350893,"{""type"":""MultiPoint"",""coordinates"":[]}",
20190831,31-08-2019,11.39156071,"{""type"":""MultiPoint"",""coordinates"":[]}",
20190901,01-09-2019,9.737608445,"{""type"":""MultiPoint"",""coordinates"":[]}",
20190902,02-09-2019,12.43292507,"{""type"":""MultiPoint"",""coordinates"":[]}",
20190903,03-09-2019,10.35843002,"{""type"":""MultiPoint"",""coordinates"":[]}",
20190904,04-09-2019,9.022107703,"{""type"":""MultiPoint"",""coordinates"":[]}",
20190905,05-09-2019,0.125296253,"{""type"":""MultiPoint"",""coordinates"":[]}",
20190906,06-09-2019,6.495298427,"{""type"":""MultiPoint"",""coordinates"":[]}",
20190907,07-09-2019,0,"{""type"":""MultiPoint"",""coordinates"":[]}",
20190908,08-09-2019,0,"{""type"":""MultiPoint"",""coordinates"":[]}",
20190909,09-09-2019,3.331446617,"{""type"":""MultiPoint"",""coordinates"":[]}",
20190910,10-09-2019,0,"{""type"":""MultiPoint"",""coordinates"":[]}",
20190911,11-09-2019,21.42870444,"{""type"":""MultiPoint"",""coordinates"":[]}",
20190912,12-09-2019,1.226961636,"{""type"":""MultiPoint"",""coordinates"":[]}",
20190913,13-09-2019,0,"{""type"":""MultiPoint"",""coordinates"":[]}",
20190914,14-09-2019,0,"{""type"":""MultiPoint"",""coordinates"":[]}",
20190915,15-09-2019,1.676188881,"{""type"":""MultiPoint"",""coordinates"":[]}",
20190916,16-09-2019,0,"{""type"":""MultiPoint"",""coordinates"":[]}",
20190917,17-09-2019,25.39484469,"{""type"":""MultiPoint"",""coordinates"":[]}",
20190918,18-09-2019,18.52833265,"{""type"":""MultiPoint"",""coordinates"":[]}",
20190919,19-09-2019,22.38648841,"{""type"":""MultiPoint"",""coordinates"":[]}",
20190920,20-09-2019,8.855162704,"{""type"":""MultiPoint"",""coordinates"":[]}",
20190921,21-09-2019,0,"{""type"":""MultiPoint"",""coordinates"":[]}",
20190922,22-09-2019,6.510970812,"{""type"":""MultiPoint"",""coordinates"":[]}",
20190923,23-09-2019,6.455347762,"{""type"":""MultiPoint"",""coordinates"":[]}",
20190924,24-09-2019,16.63447187,"{""type"":""MultiPoint"",""coordinates"":[]}",
20190925,25-09-2019,11.48741513,"{""type"":""MultiPoint"",""coordinates"":[]}",
20190926,26-09-2019,0,"{""type"":""MultiPoint"",""coordinates"":[]}",
20190927,27-09-2019,0,"{""type"":""MultiPoint"",""coordinates"":[]}",
20190928,28-09-2019,0,"{""type"":""MultiPoint"",""coordinates"":[]}",
20190929,29-09-2019,0,"{""type"":""MultiPoint"",""coordinates"":[]}",
20190930,30-09-2019,0,"{""type"":""MultiPoint"",""coordinates"":[]}",
20191001,01-10-2019,0,"{""type"":""MultiPoint"",""coordinates"":[]}",
20191002,02-10-2019,0,"{""type"":""MultiPoint"",""coordinates"":[]}",
20191003,03-10-2019,0,"{""type"":""MultiPoint"",""coordinates"":[]}",
20191004,04-10-2019,0,"{""type"":""MultiPoint"",""coordinates"":[]}",
20191005,05-10-2019,0,"{""type"":""MultiPoint"",""coordinates"":[]}",
20191006,06-10-2019,0,"{""type"":""MultiPoint"",""coordinates"":[]}",
20191007,07-10-2019,0,"{""type"":""MultiPoint"",""coordinates"":[]}",
20191008,08-10-2019,0,"{""type"":""MultiPoint"",""coordinates"":[]}",
20191009,09-10-2019,0,"{""type"":""MultiPoint"",""coordinates"":[]}",
20191010,10-10-2019,0.017518854,"{""type"":""MultiPoint"",""coordinates"":[]}",
20191011,11-10-2019,0,"{""type"":""MultiPoint"",""coordinates"":[]}",
20191012,12-10-2019,0,"{""type"":""MultiPoint"",""coordinates"":[]}",
20191013,13-10-2019,0,"{""type"":""MultiPoint"",""coordinates"":[]}",
20191014,14-10-2019,2.046775303,"{""type"":""MultiPoint"",""coordinates"":[]}",
20191015,15-10-2019,7.181561858,"{""type"":""MultiPoint"",""coordinates"":[]}",
20191016,16-10-2019,20.35394145,"{""type"":""MultiPoint"",""coordinates"":[]}",
20191017,17-10-2019,26.09868752,"{""type"":""MultiPoint"",""coordinates"":[]}",
20191018,18-10-2019,8.215059484,"{""type"":""MultiPoint"",""coordinates"":[]}",
20191019,19-10-2019,23.13517481,"{""type"":""MultiPoint"",""coordinates"":[]}",
20191020,20-10-2019,1.207856248,"{""type"":""MultiPoint"",""coordinates"":[]}",
20191021,21-10-2019,47.20518874,"{""type"":""MultiPoint"",""coordinates"":[]}",
20191022,22-10-2019,17.13107476,"{""type"":""MultiPoint"",""coordinates"":[]}",
20191023,23-10-2019,7.410192819,"{""type"":""MultiPoint"",""coordinates"":[]}",
20191024,24-10-2019,12.75298148,"{""type"":""MultiPoint"",""coordinates"":[]}",
20191025,25-10-2019,7.410192819,"{""type"":""MultiPoint"",""coordinates"":[]}",
20191026,26-10-2019,11.05716582,"{""type"":""MultiPoint"",""coordinates"":[]}",
20191027,27-10-2019,0,"{""type"":""MultiPoint"",""coordinates"":[]}",
20191028,28-10-2019,1.732361867,"{""type"":""MultiPoint"",""coordinates"":[]}",
20191029,29-10-2019,39.85722143,"{""type"":""MultiPoint"",""coordinates"":[]}",
20191030,30-10-2019,32.66680159,"{""type"":""MultiPoint"",""coordinates"":[]}",
20191031,31-10-2019,18.11216322,"{""type"":""MultiPoint"",""coordinates"":[]}",
20191101,01-11-2019,0,"{""type"":""MultiPoint"",""coordinates"":[]}",
20191102,02-11-2019,0,"{""type"":""MultiPoint"",""coordinates"":[]}",
20191103,03-11-2019,0,"{""type"":""MultiPoint"",""coordinates"":[]}",
20191104,04-11-2019,0,"{""type"":""MultiPoint"",""coordinates"":[]}",
20191105,05-11-2019,0,"{""type"":""MultiPoint"",""coordinates"":[]}",
20191106,06-11-2019,0,"{""type"":""MultiPoint"",""coordinates"":[]}",
20191107,07-11-2019,0,"{""type"":""MultiPoint"",""coordinates"":[]}",
20191108,08-11-2019,0,"{""type"":""MultiPoint"",""coordinates"":[]}",
20191109,09-11-2019,4.198981646,"{""type"":""MultiPoint"",""coordinates"":[]}",
20191110,10-11-2019,0,"{""type"":""MultiPoint"",""coordinates"":[]}",
20191111,11-11-2019,0.177309378,"{""type"":""MultiPoint"",""coordinates"":[]}",
20191112,12-11-2019,0.635249454,"{""type"":""MultiPoint"",""coordinates"":[]}",
20191113,13-11-2019,2.835191376,"{""type"":""MultiPoint"",""coordinates"":[]}",
20191114,14-11-2019,15.18025841,"{""type"":""MultiPoint"",""coordinates"":[]}",
20191115,15-11-2019,5.988481447,"{""type"":""MultiPoint"",""coordinates"":[]}",
20191116,16-11-2019,0,"{""type"":""MultiPoint"",""coordinates"":[]}",
20191117,17-11-2019,0,"{""type"":""MultiPoint"",""coordinates"":[]}",
20191118,18-11-2019,0,"{""type"":""MultiPoint"",""coordinates"":[]}",
20191119,19-11-2019,64.36961729,"{""type"":""MultiPoint"",""coordinates"":[]}",
20191120,20-11-2019,11.64167352,"{""type"":""MultiPoint"",""coordinates"":[]}",
20191121,21-11-2019,0,"{""type"":""MultiPoint"",""coordinates"":[]}",
20191122,22-11-2019,7.806796046,"{""type"":""MultiPoint"",""coordinates"":[]}",
20191123,23-11-2019,0.577779079,"{""type"":""MultiPoint"",""coordinates"":[]}",
20191124,24-11-2019,0,"{""type"":""MultiPoint"",""coordinates"":[]}",
20191125,25-11-2019,0,"{""type"":""MultiPoint"",""coordinates"":[]}",
20191126,26-11-2019,0,"{""type"":""MultiPoint"",""coordinates"":[]}",
20191127,27-11-2019,0,"{""type"":""MultiPoint"",""coordinates"":[]}",
20191128,28-11-2019,1.561388971,"{""type"":""MultiPoint"",""coordinates"":[]}",
20191129,29-11-2019,0,"{""type"":""MultiPoint"",""coordinates"":[]}",
20191130,30-11-2019,78.68926781,"{""type"":""MultiPoint"",""coordinates"":[]}",
20191201,01-12-2019,171.3137479,"{""type"":""MultiPoint"",""coordinates"":[]}",
20191202,02-12-2019,0.756351723,"{""type"":""MultiPoint"",""coordinates"":[]}",
20191203,03-12-2019,0,"{""type"":""MultiPoint"",""coordinates"":[]}",
20191204,04-12-2019,0,"{""type"":""MultiPoint"",""coordinates"":[]}",
20191205,05-12-2019,0,"{""type"":""MultiPoint"",""coordinates"":[]}",
20191206,06-12-2019,1.809593494,"{""type"":""MultiPoint"",""coordinates"":[]}",
20191207,07-12-2019,0,"{""type"":""MultiPoint"",""coordinates"":[]}",
20191208,08-12-2019,0,"{""type"":""MultiPoint"",""coordinates"":[]}",
20191209,09-12-2019,0,"{""type"":""MultiPoint"",""coordinates"":[]}",
20191210,10-12-2019,0,"{""type"":""MultiPoint"",""coordinates"":[]}",
20191211,11-12-2019,0,"{""type"":""MultiPoint"",""coordinates"":[]}",
20191212,12-12-2019,0,"{""type"":""MultiPoint"",""coordinates"":[]}",
20191213,13-12-2019,0,"{""type"":""MultiPoint"",""coordinates"":[]}",
20191214,14-12-2019,0,"{""type"":""MultiPoint"",""coordinates"":[]}",
20191215,15-12-2019,0,"{""type"":""MultiPoint"",""coordinates"":[]}",
20191216,16-12-2019,0,"{""type"":""MultiPoint"",""coordinates"":[]}",
20191217,17-12-2019,0,"{""type"":""MultiPoint"",""coordinates"":[]}",
20191218,18-12-2019,0,"{""type"":""MultiPoint"",""coordinates"":[]}",
20191219,19-12-2019,0,"{""type"":""MultiPoint"",""coordinates"":[]}",
20191220,20-12-2019,0,"{""type"":""MultiPoint"",""coordinates"":[]}",
20191221,21-12-2019,0,"{""type"":""MultiPoint"",""coordinates"":[]}",
20191222,22-12-2019,0,"{""type"":""MultiPoint"",""coordinates"":[]}",
20191223,23-12-2019,0,"{""type"":""MultiPoint"",""coordinates"":[]}",
20191224,24-12-2019,0,"{""type"":""MultiPoint"",""coordinates"":[]}",
20191225,25-12-2019,0,"{""type"":""MultiPoint"",""coordinates"":[]}",
20191226,26-12-2019,0,"{""type"":""MultiPoint"",""coordinates"":[]}",
20191227,27-12-2019,0,"{""type"":""MultiPoint"",""coordinates"":[]}",
20191228,28-12-2019,0,"{""type"":""MultiPoint"",""coordinates"":[]}",
20191229,29-12-2019,0,"{""type"":""MultiPoint"",""coordinates"":[]}",
20191230,30-12-2019,0,"{""type"":""MultiPoint"",""coordinates"":[]}",
20191231,31-12-2019,0,"{""type"":""MultiPoint"",""coordinates"":[]}",
20200101,01-01-2020,10.29066728,"{""type"":""MultiPoint"",""coordinates"":[]}",
20200102,02-01-2020,6.05998371,"{""type"":""MultiPoint"",""coordinates"":[]}",
20200103,03-01-2020,0,"{""type"":""MultiPoint"",""coordinates"":[]}",
20200104,04-01-2020,0,"{""type"":""MultiPoint"",""coordinates"":[]}",
20200105,05-01-2020,1.894295515,"{""type"":""MultiPoint"",""coordinates"":[]}",
20200106,06-01-2020,7.895401975,"{""type"":""MultiPoint"",""coordinates"":[]}",
20200107,07-01-2020,0,"{""type"":""MultiPoint"",""coordinates"":[]}",
20200108,08-01-2020,0,"{""type"":""MultiPoint"",""coordinates"":[]}",
20200109,09-01-2020,0,"{""type"":""MultiPoint"",""coordinates"":[]}",
20200110,10-01-2020,0,"{""type"":""MultiPoint"",""coordinates"":[]}",
20200111,11-01-2020,0.430650639,"{""type"":""MultiPoint"",""coordinates"":[]}",
20200112,12-01-2020,0.725581105,"{""type"":""MultiPoint"",""coordinates"":[]}",
20200113,13-01-2020,0,"{""type"":""MultiPoint"",""coordinates"":[]}",
20200114,14-01-2020,0,"{""type"":""MultiPoint"",""coordinates"":[]}",
20200115,15-01-2020,0,"{""type"":""MultiPoint"",""coordinates"":[]}",
20200116,16-01-2020,0,"{""type"":""MultiPoint"",""coordinates"":[]}",
20200117,17-01-2020,0,"{""type"":""MultiPoint"",""coordinates"":[]}",
20200118,18-01-2020,0.698081768,"{""type"":""MultiPoint"",""coordinates"":[]}",
20200119,19-01-2020,0,"{""type"":""MultiPoint"",""coordinates"":[]}",
20200120,20-01-2020,0,"{""type"":""MultiPoint"",""coordinates"":[]}",
20200121,21-01-2020,0,"{""type"":""MultiPoint"",""coordinates"":[]}",
20200122,22-01-2020,0.96287493,"{""type"":""MultiPoint"",""coordinates"":[]}",
20200123,23-01-2020,0,"{""type"":""MultiPoint"",""coordinates"":[]}",
20200124,24-01-2020,0,"{""type"":""MultiPoint"",""coordinates"":[]}",
20200125,25-01-2020,0,"{""type"":""MultiPoint"",""coordinates"":[]}",
20200126,26-01-2020,0,"{""type"":""MultiPoint"",""coordinates"":[]}",
20200127,27-01-2020,0,"{""type"":""MultiPoint"",""coordinates"":[]}",
20200128,28-01-2020,0,"{""type"":""MultiPoint"",""coordinates"":[]}",
20200129,29-01-2020,0,"{""type"":""MultiPoint"",""coordinates"":[]}",
20200130,30-01-2020,0,"{""type"":""MultiPoint"",""coordinates"":[]}",
20200131,31-01-2020,0.56909149,"{""type"":""MultiPoint"",""coordinates"":[]}",
20200201,01-02-2020,0,"{""type"":""MultiPoint"",""coordinates"":[]}",
20200202,02-02-2020,0,"{""type"":""MultiPoint"",""coordinates"":[]}",
20200203,03-02-2020,0,"{""type"":""MultiPoint"",""coordinates"":[]}",
20200204,04-02-2020,0,"{""type"":""MultiPoint"",""coordinates"":[]}",
20200205,05-02-2020,0,"{""type"":""MultiPoint"",""coordinates"":[]}",
20200206,06-02-2020,0,"{""type"":""MultiPoint"",""coordinates"":[]}",
20200207,07-02-2020,0,"{""type"":""MultiPoint"",""coordinates"":[]}",
20200208,08-02-2020,0,"{""type"":""MultiPoint"",""coordinates"":[]}",
20200209,09-02-2020,0,"{""type"":""MultiPoint"",""coordinates"":[]}",
20200210,10-02-2020,0,"{""type"":""MultiPoint"",""coordinates"":[]}",
20200211,11-02-2020,0,"{""type"":""MultiPoint"",""coordinates"":[]}",
20200212,12-02-2020,0,"{""type"":""MultiPoint"",""coordinates"":[]}",
20200213,13-02-2020,0,"{""type"":""MultiPoint"",""coordinates"":[]}",
20200214,14-02-2020,0,"{""type"":""MultiPoint"",""coordinates"":[]}",
20200215,15-02-2020,0,"{""type"":""MultiPoint"",""coordinates"":[]}",
20200216,16-02-2020,0,"{""type"":""MultiPoint"",""coordinates"":[]}",
20200217,17-02-2020,0,"{""type"":""MultiPoint"",""coordinates"":[]}",
20200218,18-02-2020,0,"{""type"":""MultiPoint"",""coordinates"":[]}",
20200219,19-02-2020,0,"{""type"":""MultiPoint"",""coordinates"":[]}",
20200220,20-02-2020,0,"{""type"":""MultiPoint"",""coordinates"":[]}",
20200221,21-02-2020,0,"{""type"":""MultiPoint"",""coordinates"":[]}",
20200222,22-02-2020,0,"{""type"":""MultiPoint"",""coordinates"":[]}",
20200223,23-02-2020,0,"{""type"":""MultiPoint"",""coordinates"":[]}",
20200224,24-02-2020,0,"{""type"":""MultiPoint"",""coordinates"":[]}",
20200225,25-02-2020,0,"{""type"":""MultiPoint"",""coordinates"":[]}",
20200226,26-02-2020,0,"{""type"":""MultiPoint"",""coordinates"":[]}",
20200227,27-02-2020,0,"{""type"":""MultiPoint"",""coordinates"":[]}",
20200228,28-02-2020,0,"{""type"":""MultiPoint"",""coordinates"":[]}",
20200229,29-02-2020,0,"{""type"":""MultiPoint"",""coordinates"":[]}",
20200301,01-03-2020,0,"{""type"":""MultiPoint"",""coordinates"":[]}",
20200302,02-03-2020,0,"{""type"":""MultiPoint"",""coordinates"":[]}",
20200303,03-03-2020,0,"{""type"":""MultiPoint"",""coordinates"":[]}",
20200304,04-03-2020,0,"{""type"":""MultiPoint"",""coordinates"":[]}",
20200305,05-03-2020,0,"{""type"":""MultiPoint"",""coordinates"":[]}",
20200306,06-03-2020,0,"{""type"":""MultiPoint"",""coordinates"":[]}",
20200307,07-03-2020,0,"{""type"":""MultiPoint"",""coordinates"":[]}",
20200308,08-03-2020,0,"{""type"":""MultiPoint"",""coordinates"":[]}",
20200309,09-03-2020,0,"{""type"":""MultiPoint"",""coordinates"":[]}",
20200310,10-03-2020,0,"{""type"":""MultiPoint"",""coordinates"":[]}",
20200311,11-03-2020,0,"{""type"":""MultiPoint"",""coordinates"":[]}",
20200312,12-03-2020,0,"{""type"":""MultiPoint"",""coordinates"":[]}",
20200313,13-03-2020,0,"{""type"":""MultiPoint"",""coordinates"":[]}",
20200314,14-03-2020,0,"{""type"":""MultiPoint"",""coordinates"":[]}",
20200315,15-03-2020,0,"{""type"":""MultiPoint"",""coordinates"":[]}",
20200316,16-03-2020,0,"{""type"":""MultiPoint"",""coordinates"":[]}",
20200317,17-03-2020,0,"{""type"":""MultiPoint"",""coordinates"":[]}",
20200318,18-03-2020,0,"{""type"":""MultiPoint"",""coordinates"":[]}",
20200319,19-03-2020,0,"{""type"":""MultiPoint"",""coordinates"":[]}",
20200320,20-03-2020,0,"{""type"":""MultiPoint"",""coordinates"":[]}",
20200321,21-03-2020,0,"{""type"":""MultiPoint"",""coordinates"":[]}",
20200322,22-03-2020,0,"{""type"":""MultiPoint"",""coordinates"":[]}",
20200323,23-03-2020,0,"{""type"":""MultiPoint"",""coordinates"":[]}",
20200324,24-03-2020,0,"{""type"":""MultiPoint"",""coordinates"":[]}",
20200325,25-03-2020,0,"{""type"":""MultiPoint"",""coordinates"":[]}",
20200326,26-03-2020,0,"{""type"":""MultiPoint"",""coordinates"":[]}",
20200327,27-03-2020,0,"{""type"":""MultiPoint"",""coordinates"":[]}",
20200328,28-03-2020,0,"{""type"":""MultiPoint"",""coordinates"":[]}",
20200329,29-03-2020,0,"{""type"":""MultiPoint"",""coordinates"":[]}",
20200330,30-03-2020,0,"{""type"":""MultiPoint"",""coordinates"":[]}",
20200331,31-03-2020,0,"{""type"":""MultiPoint"",""coordinates"":[]}",
20200401,01-04-2020,0,"{""type"":""MultiPoint"",""coordinates"":[]}",
20200402,02-04-2020,0,"{""type"":""MultiPoint"",""coordinates"":[]}",
20200403,03-04-2020,0,"{""type"":""MultiPoint"",""coordinates"":[]}",
20200404,04-04-2020,0,"{""type"":""MultiPoint"",""coordinates"":[]}",
20200405,05-04-2020,0,"{""type"":""MultiPoint"",""coordinates"":[]}",
20200406,06-04-2020,0.224327217,"{""type"":""MultiPoint"",""coordinates"":[]}",
20200407,07-04-2020,0.148401149,"{""type"":""MultiPoint"",""coordinates"":[]}",
20200408,08-04-2020,0,"{""type"":""MultiPoint"",""coordinates"":[]}",
20200409,09-04-2020,6.259419496,"{""type"":""MultiPoint"",""coordinates"":[]}",
20200410,10-04-2020,0,"{""type"":""MultiPoint"",""coordinates"":[]}",
20200411,11-04-2020,0,"{""type"":""MultiPoint"",""coordinates"":[]}",
20200412,12-04-2020,0,"{""type"":""MultiPoint"",""coordinates"":[]}",
20200413,13-04-2020,0,"{""type"":""MultiPoint"",""coordinates"":[]}",
20200414,14-04-2020,0,"{""type"":""MultiPoint"",""coordinates"":[]}",
20200415,15-04-2020,0,"{""type"":""MultiPoint"",""coordinates"":[]}",
20200416,16-04-2020,0,"{""type"":""MultiPoint"",""coordinates"":[]}",
20200417,17-04-2020,0,"{""type"":""MultiPoint"",""coordinates"":[]}",
20200418,18-04-2020,0,"{""type"":""MultiPoint"",""coordinates"":[]}",
20200419,19-04-2020,0,"{""type"":""MultiPoint"",""coordinates"":[]}",
20200420,20-04-2020,0,"{""type"":""MultiPoint"",""coordinates"":[]}",
20200421,21-04-2020,0,"{""type"":""MultiPoint"",""coordinates"":[]}",
20200422,22-04-2020,0,"{""type"":""MultiPoint"",""coordinates"":[]}",
20200423,23-04-2020,0,"{""type"":""MultiPoint"",""coordinates"":[]}",
20200424,24-04-2020,0,"{""type"":""MultiPoint"",""coordinates"":[]}",
20200425,25-04-2020,2.285672643,"{""type"":""MultiPoint"",""coordinates"":[]}",
20200426,26-04-2020,7.734394598,"{""type"":""MultiPoint"",""coordinates"":[]}",
20200427,27-04-2020,2.623661618,"{""type"":""MultiPoint"",""coordinates"":[]}",
20200428,28-04-2020,0,"{""type"":""MultiPoint"",""coordinates"":[]}",
20200429,29-04-2020,1.046711572,"{""type"":""MultiPoint"",""coordinates"":[]}",
20200430,30-04-2020,0,"{""type"":""MultiPoint"",""coordinates"":[]}",
20200501,01-05-2020,0,"{""type"":""MultiPoint"",""coordinates"":[]}",
20200502,02-05-2020,0,"{""type"":""MultiPoint"",""coordinates"":[]}",
20200503,03-05-2020,0,"{""type"":""MultiPoint"",""coordinates"":[]}",
20200504,04-05-2020,0,"{""type"":""MultiPoint"",""coordinates"":[]}",
20200505,05-05-2020,0,"{""type"":""MultiPoint"",""coordinates"":[]}",
20200506,06-05-2020,0,"{""type"":""MultiPoint"",""coordinates"":[]}",
20200507,07-05-2020,0.076152157,"{""type"":""MultiPoint"",""coordinates"":[]}",
20200508,08-05-2020,0,"{""type"":""MultiPoint"",""coordinates"":[]}",
20200509,09-05-2020,0,"{""type"":""MultiPoint"",""coordinates"":[]}",
20200510,10-05-2020,0,"{""type"":""MultiPoint"",""coordinates"":[]}",
20200511,11-05-2020,1.176868742,"{""type"":""MultiPoint"",""coordinates"":[]}",
20200512,12-05-2020,0,"{""type"":""MultiPoint"",""coordinates"":[]}",
20200513,13-05-2020,0,"{""type"":""MultiPoint"",""coordinates"":[]}",
20200514,14-05-2020,0,"{""type"":""MultiPoint"",""coordinates"":[]}",
20200515,15-05-2020,0,"{""type"":""MultiPoint"",""coordinates"":[]}",
20200516,16-05-2020,0.629373049,"{""type"":""MultiPoint"",""coordinates"":[]}",
20200517,17-05-2020,5.429265996,"{""type"":""MultiPoint"",""coordinates"":[]}",
20200518,18-05-2020,5.597210187,"{""type"":""MultiPoint"",""coordinates"":[]}",
20200519,19-05-2020,0.113836481,"{""type"":""MultiPoint"",""coordinates"":[]}",
20200520,20-05-2020,0,"{""type"":""MultiPoint"",""coordinates"":[]}",
20200521,21-05-2020,0.198157406,"{""type"":""MultiPoint"",""coordinates"":[]}",
20200522,22-05-2020,0.109238685,"{""type"":""MultiPoint"",""coordinates"":[]}",
20200523,23-05-2020,1.708918652,"{""type"":""MultiPoint"",""coordinates"":[]}",
20200524,24-05-2020,0,"{""type"":""MultiPoint"",""coordinates"":[]}",
20200525,25-05-2020,0.026406908,"{""type"":""MultiPoint"",""coordinates"":[]}",
20200526,26-05-2020,0,"{""type"":""MultiPoint"",""coordinates"":[]}",
20200527,27-05-2020,0,"{""type"":""MultiPoint"",""coordinates"":[]}",
20200528,28-05-2020,0,"{""type"":""MultiPoint"",""coordinates"":[]}",
20200529,29-05-2020,0,"{""type"":""MultiPoint"",""coordinates"":[]}",
20200530,30-05-2020,0,"{""type"":""MultiPoint"",""coordinates"":[]}",
20200531,31-05-2020,0,"{""type"":""MultiPoint"",""coordinates"":[]}",
20200601,01-06-2020,2.3055451,"{""type"":""MultiPoint"",""coordinates"":[]}",
20200602,02-06-2020,0.56998344,"{""type"":""MultiPoint"",""coordinates"":[]}",
20200603,03-06-2020,6.48E-04,"{""type"":""MultiPoint"",""coordinates"":[]}",
20200604,04-06-2020,1.065355618,"{""type"":""MultiPoint"",""coordinates"":[]}",
20200605,05-06-2020,0.936166337,"{""type"":""MultiPoint"",""coordinates"":[]}",
20200606,06-06-2020,2.953546791,"{""type"":""MultiPoint"",""coordinates"":[]}",
20200607,07-06-2020,0,"{""type"":""MultiPoint"",""coordinates"":[]}",
20200608,08-06-2020,0,"{""type"":""MultiPoint"",""coordinates"":[]}",
20200609,09-06-2020,8.860640521,"{""type"":""MultiPoint"",""coordinates"":[]}",
20200610,10-06-2020,16.25551482,"{""type"":""MultiPoint"",""coordinates"":[]}",
20200611,11-06-2020,2.642149802,"{""type"":""MultiPoint"",""coordinates"":[]}",
20200612,12-06-2020,0.868051815,"{""type"":""MultiPoint"",""coordinates"":[]}",
20200613,13-06-2020,1.101460478,"{""type"":""MultiPoint"",""coordinates"":[]}",
20200614,14-06-2020,4.83E-04,"{""type"":""MultiPoint"",""coordinates"":[]}",
20200615,15-06-2020,0.077019153,"{""type"":""MultiPoint"",""coordinates"":[]}",
20200616,16-06-2020,2.250535448,"{""type"":""MultiPoint"",""coordinates"":[]}",
20200617,17-06-2020,0,"{""type"":""MultiPoint"",""coordinates"":[]}",
20200618,18-06-2020,2.319603062,"{""type"":""MultiPoint"",""coordinates"":[]}",
20200619,19-06-2020,0,"{""type"":""MultiPoint"",""coordinates"":[]}",
20200620,20-06-2020,2.83960138,"{""type"":""MultiPoint"",""coordinates"":[]}",
20200621,21-06-2020,13.82922205,"{""type"":""MultiPoint"",""coordinates"":[]}",
20200622,22-06-2020,0,"{""type"":""MultiPoint"",""coordinates"":[]}",
20200623,23-06-2020,0,"{""type"":""MultiPoint"",""coordinates"":[]}",
20200624,24-06-2020,0,"{""type"":""MultiPoint"",""coordinates"":[]}",
20200625,25-06-2020,3.006107521,"{""type"":""MultiPoint"",""coordinates"":[]}",
20200626,26-06-2020,0,"{""type"":""MultiPoint"",""coordinates"":[]}",
20200627,27-06-2020,0,"{""type"":""MultiPoint"",""coordinates"":[]}",
20200628,28-06-2020,0,"{""type"":""MultiPoint"",""coordinates"":[]}",
20200629,29-06-2020,6.077990622,"{""type"":""MultiPoint"",""coordinates"":[]}",
20200630,30-06-2020,0,"{""type"":""MultiPoint"",""coordinates"":[]}",
20200701,01-07-2020,9.373643692,"{""type"":""MultiPoint"",""coordinates"":[]}",
20200702,02-07-2020,9.338406559,"{""type"":""MultiPoint"",""coordinates"":[]}",
20200703,03-07-2020,1.280990732,"{""type"":""MultiPoint"",""coordinates"":[]}",
20200704,04-07-2020,8.432092005,"{""type"":""MultiPoint"",""coordinates"":[]}",
20200705,05-07-2020,12.45120848,"{""type"":""MultiPoint"",""coordinates"":[]}",
20200706,06-07-2020,17.57066104,"{""type"":""MultiPoint"",""coordinates"":[]}",
20200707,07-07-2020,2.119007106,"{""type"":""MultiPoint"",""coordinates"":[]}",
20200708,08-07-2020,1.621080921,"{""type"":""MultiPoint"",""coordinates"":[]}",
20200709,09-07-2020,3.165310037,"{""type"":""MultiPoint"",""coordinates"":[]}",
20200710,10-07-2020,3.879613765,"{""type"":""MultiPoint"",""coordinates"":[]}",
20200711,11-07-2020,0.535925071,"{""type"":""MultiPoint"",""coordinates"":[]}",
20200712,12-07-2020,0,"{""type"":""MultiPoint"",""coordinates"":[]}",
20200713,13-07-2020,3.544947118,"{""type"":""MultiPoint"",""coordinates"":[]}",
20200714,14-07-2020,10.25495512,"{""type"":""MultiPoint"",""coordinates"":[]}",
20200715,15-07-2020,17.66248272,"{""type"":""MultiPoint"",""coordinates"":[]}",
20200716,16-07-2020,6.737366783,"{""type"":""MultiPoint"",""coordinates"":[]}",
20200717,17-07-2020,6.521800991,"{""type"":""MultiPoint"",""coordinates"":[]}",
20200718,18-07-2020,5.2045707,"{""type"":""MultiPoint"",""coordinates"":[]}",
20200719,19-07-2020,7.938813311,"{""type"":""MultiPoint"",""coordinates"":[]}",
20200720,20-07-2020,0.746587331,"{""type"":""MultiPoint"",""coordinates"":[]}",
20200721,21-07-2020,0,"{""type"":""MultiPoint"",""coordinates"":[]}",
20200722,22-07-2020,0,"{""type"":""MultiPoint"",""coordinates"":[]}",
20200723,23-07-2020,5.056240076,"{""type"":""MultiPoint"",""coordinates"":[]}",
20200724,24-07-2020,4.965534448,"{""type"":""MultiPoint"",""coordinates"":[]}",
20200725,25-07-2020,0.454186129,"{""type"":""MultiPoint"",""coordinates"":[]}",
20200726,26-07-2020,0,"{""type"":""MultiPoint"",""coordinates"":[]}",
20200727,27-07-2020,0,"{""type"":""MultiPoint"",""coordinates"":[]}",
20200728,28-07-2020,0.828447258,"{""type"":""MultiPoint"",""coordinates"":[]}",
20200729,29-07-2020,14.09750987,"{""type"":""MultiPoint"",""coordinates"":[]}",
20200730,30-07-2020,0.058110794,"{""type"":""MultiPoint"",""coordinates"":[]}",
20200731,31-07-2020,2.817753584,"{""type"":""MultiPoint"",""coordinates"":[]}",
20200801,01-08-2020,7.971818623,"{""type"":""MultiPoint"",""coordinates"":[]}",
20200802,02-08-2020,14.067868,"{""type"":""MultiPoint"",""coordinates"":[]}",
20200803,03-08-2020,4.191793142,"{""type"":""MultiPoint"",""coordinates"":[]}",
20200804,04-08-2020,10.71798451,"{""type"":""MultiPoint"",""coordinates"":[]}",
20200805,05-08-2020,2.923052157,"{""type"":""MultiPoint"",""coordinates"":[]}",
20200806,06-08-2020,2.45368532,"{""type"":""MultiPoint"",""coordinates"":[]}",
20200807,07-08-2020,3.380711466,"{""type"":""MultiPoint"",""coordinates"":[]}",
20200808,08-08-2020,17.18007037,"{""type"":""MultiPoint"",""coordinates"":[]}",
20200809,09-08-2020,17.66919093,"{""type"":""MultiPoint"",""coordinates"":[]}",
20200810,10-08-2020,1.304617784,"{""type"":""MultiPoint"",""coordinates"":[]}",
20200811,11-08-2020,5.016501874,"{""type"":""MultiPoint"",""coordinates"":[]}",
20200812,12-08-2020,10.82853289,"{""type"":""MultiPoint"",""coordinates"":[]}",
20200813,13-08-2020,4.08883202,"{""type"":""MultiPoint"",""coordinates"":[]}",
20200814,14-08-2020,7.233428513,"{""type"":""MultiPoint"",""coordinates"":[]}",
20200815,15-08-2020,5.696253796,"{""type"":""MultiPoint"",""coordinates"":[]}",
20200816,16-08-2020,2.661939166,"{""type"":""MultiPoint"",""coordinates"":[]}",
20200817,17-08-2020,0,"{""type"":""MultiPoint"",""coordinates"":[]}",
20200818,18-08-2020,2.772320432,"{""type"":""MultiPoint"",""coordinates"":[]}",
20200819,19-08-2020,11.35669801,"{""type"":""MultiPoint"",""coordinates"":[]}",
20200820,20-08-2020,9.378266625,"{""type"":""MultiPoint"",""coordinates"":[]}",
20200821,21-08-2020,0,"{""type"":""MultiPoint"",""coordinates"":[]}",
20200822,22-08-2020,5.199534386,"{""type"":""MultiPoint"",""coordinates"":[]}",
20200823,23-08-2020,14.71245663,"{""type"":""MultiPoint"",""coordinates"":[]}",
20200824,24-08-2020,0,"{""type"":""MultiPoint"",""coordinates"":[]}",
20200825,25-08-2020,4.962841573,"{""type"":""MultiPoint"",""coordinates"":[]}",
20200826,26-08-2020,1.586725335,"{""type"":""MultiPoint"",""coordinates"":[]}",
20200827,27-08-2020,3.297677191,"{""type"":""MultiPoint"",""coordinates"":[]}",
20200828,28-08-2020,0,"{""type"":""MultiPoint"",""coordinates"":[]}",
20200829,29-08-2020,0.150996526,"{""type"":""MultiPoint"",""coordinates"":[]}",
20200830,30-08-2020,0,"{""type"":""MultiPoint"",""coordinates"":[]}",
20200831,31-08-2020,0.241392337,"{""type"":""MultiPoint"",""coordinates"":[]}",
20200901,01-09-2020,11.05018472,"{""type"":""MultiPoint"",""coordinates"":[]}",
20200902,02-09-2020,0,"{""type"":""MultiPoint"",""coordinates"":[]}",
20200903,03-09-2020,2.336489997,"{""type"":""MultiPoint"",""coordinates"":[]}",
20200904,04-09-2020,0.128939647,"{""type"":""MultiPoint"",""coordinates"":[]}",
20200905,05-09-2020,0,"{""type"":""MultiPoint"",""coordinates"":[]}",
20200906,06-09-2020,0,"{""type"":""MultiPoint"",""coordinates"":[]}",
20200907,07-09-2020,8.790406757,"{""type"":""MultiPoint"",""coordinates"":[]}",
20200908,08-09-2020,0,"{""type"":""MultiPoint"",""coordinates"":[]}",
20200909,09-09-2020,3.552905113,"{""type"":""MultiPoint"",""coordinates"":[]}",
20200910,10-09-2020,5.372893702,"{""type"":""MultiPoint"",""coordinates"":[]}",
20200911,11-09-2020,7.854996149,"{""type"":""MultiPoint"",""coordinates"":[]}",
20200912,12-09-2020,6.955914345,"{""type"":""MultiPoint"",""coordinates"":[]}",
20200913,13-09-2020,9.646183319,"{""type"":""MultiPoint"",""coordinates"":[]}",
20200914,14-09-2020,2.537381204,"{""type"":""MultiPoint"",""coordinates"":[]}",
20200915,15-09-2020,13.93589866,"{""type"":""MultiPoint"",""coordinates"":[]}",
20200916,16-09-2020,4.763296437,"{""type"":""MultiPoint"",""coordinates"":[]}",
20200917,17-09-2020,5.910633374,"{""type"":""MultiPoint"",""coordinates"":[]}",
20200918,18-09-2020,9.774182716,"{""type"":""MultiPoint"",""coordinates"":[]}",
20200919,19-09-2020,31.17099345,"{""type"":""MultiPoint"",""coordinates"":[]}",
20200920,20-09-2020,6.362977901,"{""type"":""MultiPoint"",""coordinates"":[]}",
20200921,21-09-2020,2.478272176,"{""type"":""MultiPoint"",""coordinates"":[]}",
20200922,22-09-2020,0,"{""type"":""MultiPoint"",""coordinates"":[]}",
20200923,23-09-2020,0,"{""type"":""MultiPoint"",""coordinates"":[]}",
20200924,24-09-2020,0,"{""type"":""MultiPoint"",""coordinates"":[]}",
20200925,25-09-2020,9.376833363,"{""type"":""MultiPoint"",""coordinates"":[]}",
20200926,26-09-2020,8.395445202,"{""type"":""MultiPoint"",""coordinates"":[]}",
20200927,27-09-2020,10.89080124,"{""type"":""MultiPoint"",""coordinates"":[]}",
20200928,28-09-2020,5.765804068,"{""type"":""MultiPoint"",""coordinates"":[]}",
20200929,29-09-2020,12.91319401,"{""type"":""MultiPoint"",""coordinates"":[]}",
20200930,30-09-2020,20.25274382,"{""type"":""MultiPoint"",""coordinates"":[]}",
20201001,01-10-2020,0,"{""type"":""MultiPoint"",""coordinates"":[]}",
20201002,02-10-2020,0,"{""type"":""MultiPoint"",""coordinates"":[]}",
20201003,03-10-2020,12.17804025,"{""type"":""MultiPoint"",""coordinates"":[]}",
20201004,04-10-2020,15.49352732,"{""type"":""MultiPoint"",""coordinates"":[]}",
20201005,05-10-2020,0,"{""type"":""MultiPoint"",""coordinates"":[]}",
20201006,06-10-2020,0,"{""type"":""MultiPoint"",""coordinates"":[]}",
20201007,07-10-2020,0,"{""type"":""MultiPoint"",""coordinates"":[]}",
20201008,08-10-2020,0,"{""type"":""MultiPoint"",""coordinates"":[]}",
20201009,09-10-2020,5.754037163,"{""type"":""MultiPoint"",""coordinates"":[]}",
20201010,10-10-2020,16.07326634,"{""type"":""MultiPoint"",""coordinates"":[]}",
20201011,11-10-2020,37.31407754,"{""type"":""MultiPoint"",""coordinates"":[]}",
20201012,12-10-2020,15.22773469,"{""type"":""MultiPoint"",""coordinates"":[]}",
20201013,13-10-2020,1.86207659,"{""type"":""MultiPoint"",""coordinates"":[]}",
20201014,14-10-2020,12.8740986,"{""type"":""MultiPoint"",""coordinates"":[]}",
20201015,15-10-2020,0,"{""type"":""MultiPoint"",""coordinates"":[]}",
20201016,16-10-2020,1.611917032,"{""type"":""MultiPoint"",""coordinates"":[]}",
20201017,17-10-2020,7.184650859,"{""type"":""MultiPoint"",""coordinates"":[]}",
20201018,18-10-2020,11.35978696,"{""type"":""MultiPoint"",""coordinates"":[]}",
20201019,19-10-2020,0,"{""type"":""MultiPoint"",""coordinates"":[]}",
20201020,20-10-2020,10.85738878,"{""type"":""MultiPoint"",""coordinates"":[]}",
20201021,21-10-2020,0.482360864,"{""type"":""MultiPoint"",""coordinates"":[]}",
20201022,22-10-2020,12.45786358,"{""type"":""MultiPoint"",""coordinates"":[]}",
20201023,23-10-2020,0,"{""type"":""MultiPoint"",""coordinates"":[]}",
20201024,24-10-2020,4.588053012,"{""type"":""MultiPoint"",""coordinates"":[]}",
20201025,25-10-2020,1.427817273,"{""type"":""MultiPoint"",""coordinates"":[]}",
20201026,26-10-2020,0,"{""type"":""MultiPoint"",""coordinates"":[]}",
20201027,27-10-2020,0.933051285,"{""type"":""MultiPoint"",""coordinates"":[]}",
20201028,28-10-2020,8.15832829,"{""type"":""MultiPoint"",""coordinates"":[]}",
20201029,29-10-2020,4.955496257,"{""type"":""MultiPoint"",""coordinates"":[]}",
20201030,30-10-2020,2.580519314,"{""type"":""MultiPoint"",""coordinates"":[]}",
20201031,31-10-2020,8.71E-10,"{""type"":""MultiPoint"",""coordinates"":[]}",
20201101,01-11-2020,0,"{""type"":""MultiPoint"",""coordinates"":[]}",
20201102,02-11-2020,0,"{""type"":""MultiPoint"",""coordinates"":[]}",
20201103,03-11-2020,0,"{""type"":""MultiPoint"",""coordinates"":[]}",
20201104,04-11-2020,13.5155938,"{""type"":""MultiPoint"",""coordinates"":[]}",
20201105,05-11-2020,0,"{""type"":""MultiPoint"",""coordinates"":[]}",
20201106,06-11-2020,0,"{""type"":""MultiPoint"",""coordinates"":[]}",
20201107,07-11-2020,2.843775993,"{""type"":""MultiPoint"",""coordinates"":[]}",
20201108,08-11-2020,0,"{""type"":""MultiPoint"",""coordinates"":[]}",
20201109,09-11-2020,0,"{""type"":""MultiPoint"",""coordinates"":[]}",
20201110,10-11-2020,0,"{""type"":""MultiPoint"",""coordinates"":[]}",
20201111,11-11-2020,1.186862419,"{""type"":""MultiPoint"",""coordinates"":[]}",
20201112,12-11-2020,68.04454031,"{""type"":""MultiPoint"",""coordinates"":[]}",
20201113,13-11-2020,36.15300781,"{""type"":""MultiPoint"",""coordinates"":[]}",
20201114,14-11-2020,18.40373066,"{""type"":""MultiPoint"",""coordinates"":[]}",
20201115,15-11-2020,90.65008728,"{""type"":""MultiPoint"",""coordinates"":[]}",
20201116,16-11-2020,132.5585998,"{""type"":""MultiPoint"",""coordinates"":[]}",
20201117,17-11-2020,0,"{""type"":""MultiPoint"",""coordinates"":[]}",
20201118,18-11-2020,0,"{""type"":""MultiPoint"",""coordinates"":[]}",
20201119,19-11-2020,0,"{""type"":""MultiPoint"",""coordinates"":[]}",
20201120,20-11-2020,0,"{""type"":""MultiPoint"",""coordinates"":[]}",
20201121,21-11-2020,0,"{""type"":""MultiPoint"",""coordinates"":[]}",
20201122,22-11-2020,5.481517862,"{""type"":""MultiPoint"",""coordinates"":[]}",
20201123,23-11-2020,14.04741276,"{""type"":""MultiPoint"",""coordinates"":[]}",
20201124,24-11-2020,39.6503542,"{""type"":""MultiPoint"",""coordinates"":[]}",
20201125,25-11-2020,71.28268031,"{""type"":""MultiPoint"",""coordinates"":[]}",
20201126,26-11-2020,130.0301173,"{""type"":""MultiPoint"",""coordinates"":[]}",
20201127,27-11-2020,0,"{""type"":""MultiPoint"",""coordinates"":[]}",
20201128,28-11-2020,0,"{""type"":""MultiPoint"",""coordinates"":[]}",
20201129,29-11-2020,0,"{""type"":""MultiPoint"",""coordinates"":[]}",
20201130,30-11-2020,0,"{""type"":""MultiPoint"",""coordinates"":[]}",
20201201,01-12-2020,28.39678707,"{""type"":""MultiPoint"",""coordinates"":[]}",
20201202,02-12-2020,116.116538,"{""type"":""MultiPoint"",""coordinates"":[]}",
20201203,03-12-2020,88.06682937,"{""type"":""MultiPoint"",""coordinates"":[]}",
20201204,04-12-2020,61.75780805,"{""type"":""MultiPoint"",""coordinates"":[]}",
20201205,05-12-2020,14.12424553,"{""type"":""MultiPoint"",""coordinates"":[]}",
20201206,06-12-2020,0,"{""type"":""MultiPoint"",""coordinates"":[]}",
20201207,07-12-2020,0.112899315,"{""type"":""MultiPoint"",""coordinates"":[]}",
20201208,08-12-2020,0,"{""type"":""MultiPoint"",""coordinates"":[]}",
20201209,09-12-2020,0,"{""type"":""MultiPoint"",""coordinates"":[]}",
20201210,10-12-2020,0,"{""type"":""MultiPoint"",""coordinates"":[]}",
20201211,11-12-2020,0,"{""type"":""MultiPoint"",""coordinates"":[]}",
20201212,12-12-2020,0,"{""type"":""MultiPoint"",""coordinates"":[]}",
20201213,13-12-2020,0,"{""type"":""MultiPoint"",""coordinates"":[]}",
20201214,14-12-2020,0,"{""type"":""MultiPoint"",""coordinates"":[]}",
20201215,15-12-2020,0,"{""type"":""MultiPoint"",""coordinates"":[]}",
20201216,16-12-2020,89.18900304,"{""type"":""MultiPoint"",""coordinates"":[]}",
20201217,17-12-2020,25.24366689,"{""type"":""MultiPoint"",""coordinates"":[]}",
20201218,18-12-2020,0,"{""type"":""MultiPoint"",""coordinates"":[]}",
20201219,19-12-2020,6.476826551,"{""type"":""MultiPoint"",""coordinates"":[]}",
20201220,20-12-2020,0,"{""type"":""MultiPoint"",""coordinates"":[]}",
20201221,21-12-2020,0,"{""type"":""MultiPoint"",""coordinates"":[]}",
20201222,22-12-2020,0,"{""type"":""MultiPoint"",""coordinates"":[]}",
20201223,23-12-2020,0,"{""type"":""MultiPoint"",""coordinates"":[]}",
20201224,24-12-2020,0,"{""type"":""MultiPoint"",""coordinates"":[]}",
20201225,25-12-2020,0,"{""type"":""MultiPoint"",""coordinates"":[]}",
20201226,26-12-2020,0,"{""type"":""MultiPoint"",""coordinates"":[]}",
20201227,27-12-2020,0,"{""type"":""MultiPoint"",""coordinates"":[]}",
20201228,28-12-2020,0,"{""type"":""MultiPoint"",""coordinates"":[]}",
20201229,29-12-2020,0,"{""type"":""MultiPoint"",""coordinates"":[]}",
20201230,30-12-2020,0,"{""type"":""MultiPoint"",""coordinates"":[]}",
20201231,31-12-2020,0,"{""type"":""MultiPoint"",""coordinates"":[]}",
20210101,01-01-2021,0,"{""type"":""MultiPoint"",""coordinates"":[]}",
20210102,02-01-2021,0.293877446,"{""type"":""MultiPoint"",""coordinates"":[]}",
20210103,03-01-2021,0.503652437,"{""type"":""MultiPoint"",""coordinates"":[]}",
20210104,04-01-2021,0,"{""type"":""MultiPoint"",""coordinates"":[]}",
20210105,05-01-2021,24.06512256,"{""type"":""MultiPoint"",""coordinates"":[]}",
20210106,06-01-2021,0.491733756,"{""type"":""MultiPoint"",""coordinates"":[]}",
20210107,07-01-2021,0,"{""type"":""MultiPoint"",""coordinates"":[]}",
20210108,08-01-2021,0,"{""type"":""MultiPoint"",""coordinates"":[]}",
20210109,09-01-2021,2.933824667,"{""type"":""MultiPoint"",""coordinates"":[]}",
20210110,10-01-2021,6.115351804,"{""type"":""MultiPoint"",""coordinates"":[]}",
20210111,11-01-2021,1.061301271,"{""type"":""MultiPoint"",""coordinates"":[]}",
20210112,12-01-2021,0.002550343,"{""type"":""MultiPoint"",""coordinates"":[]}",
20210113,13-01-2021,0,"{""type"":""MultiPoint"",""coordinates"":[]}",
20210114,14-01-2021,0,"{""type"":""MultiPoint"",""coordinates"":[]}",
20210115,15-01-2021,0,"{""type"":""MultiPoint"",""coordinates"":[]}",
20210116,16-01-2021,0,"{""type"":""MultiPoint"",""coordinates"":[]}",
20210117,17-01-2021,0,"{""type"":""MultiPoint"",""coordinates"":[]}",
20210118,18-01-2021,0,"{""type"":""MultiPoint"",""coordinates"":[]}",
20210119,19-01-2021,0,"{""type"":""MultiPoint"",""coordinates"":[]}",
20210120,20-01-2021,0,"{""type"":""MultiPoint"",""coordinates"":[]}",
20210121,21-01-2021,0,"{""type"":""MultiPoint"",""coordinates"":[]}",
20210122,22-01-2021,0,"{""type"":""MultiPoint"",""coordinates"":[]}",
20210123,23-01-2021,0,"{""type"":""MultiPoint"",""coordinates"":[]}",
20210124,24-01-2021,0,"{""type"":""MultiPoint"",""coordinates"":[]}",
20210125,25-01-2021,0,"{""type"":""MultiPoint"",""coordinates"":[]}",
20210126,26-01-2021,0,"{""type"":""MultiPoint"",""coordinates"":[]}",
20210127,27-01-2021,0,"{""type"":""MultiPoint"",""coordinates"":[]}",
20210128,28-01-2021,0,"{""type"":""MultiPoint"",""coordinates"":[]}",
20210129,29-01-2021,0,"{""type"":""MultiPoint"",""coordinates"":[]}",
20210130,30-01-2021,0,"{""type"":""MultiPoint"",""coordinates"":[]}",
20210131,31-01-2021,0,"{""type"":""MultiPoint"",""coordinates"":[]}",
20210201,01-02-2021,0,"{""type"":""MultiPoint"",""coordinates"":[]}",
20210202,02-02-2021,3.303272298,"{""type"":""MultiPoint"",""coordinates"":[]}",
20210203,03-02-2021,0,"{""type"":""MultiPoint"",""coordinates"":[]}",
20210204,04-02-2021,0,"{""type"":""MultiPoint"",""coordinates"":[]}",
20210205,05-02-2021,0,"{""type"":""MultiPoint"",""coordinates"":[]}",
20210206,06-02-2021,2.526409032,"{""type"":""MultiPoint"",""coordinates"":[]}",
20210207,07-02-2021,0,"{""type"":""MultiPoint"",""coordinates"":[]}",
20210208,08-02-2021,0,"{""type"":""MultiPoint"",""coordinates"":[]}",
20210209,09-02-2021,0,"{""type"":""MultiPoint"",""coordinates"":[]}",
20210210,10-02-2021,0,"{""type"":""MultiPoint"",""coordinates"":[]}",
20210211,11-02-2021,0,"{""type"":""MultiPoint"",""coordinates"":[]}",
20210212,12-02-2021,0,"{""type"":""MultiPoint"",""coordinates"":[]}",
20210213,13-02-2021,0,"{""type"":""MultiPoint"",""coordinates"":[]}",
20210214,14-02-2021,0,"{""type"":""MultiPoint"",""coordinates"":[]}",
20210215,15-02-2021,0,"{""type"":""MultiPoint"",""coordinates"":[]}",
20210216,16-02-2021,0,"{""type"":""MultiPoint"",""coordinates"":[]}",
20210217,17-02-2021,0,"{""type"":""MultiPoint"",""coordinates"":[]}",
20210218,18-02-2021,0,"{""type"":""MultiPoint"",""coordinates"":[]}",
20210219,19-02-2021,0,"{""type"":""MultiPoint"",""coordinates"":[]}",
20210220,20-02-2021,0,"{""type"":""MultiPoint"",""coordinates"":[]}",
20210221,21-02-2021,0,"{""type"":""MultiPoint"",""coordinates"":[]}",
20210222,22-02-2021,0,"{""type"":""MultiPoint"",""coordinates"":[]}",
20210223,23-02-2021,0,"{""type"":""MultiPoint"",""coordinates"":[]}",
20210224,24-02-2021,0,"{""type"":""MultiPoint"",""coordinates"":[]}",
20210225,25-02-2021,0,"{""type"":""MultiPoint"",""coordinates"":[]}",
20210226,26-02-2021,0,"{""type"":""MultiPoint"",""coordinates"":[]}",
20210227,27-02-2021,0,"{""type"":""MultiPoint"",""coordinates"":[]}",
20210228,28-02-2021,0,"{""type"":""MultiPoint"",""coordinates"":[]}",
20210301,01-03-2021,0,"{""type"":""MultiPoint"",""coordinates"":[]}",
20210302,02-03-2021,0,"{""type"":""MultiPoint"",""coordinates"":[]}",
20210303,03-03-2021,0,"{""type"":""MultiPoint"",""coordinates"":[]}",
20210304,04-03-2021,0,"{""type"":""MultiPoint"",""coordinates"":[]}",
20210305,05-03-2021,0,"{""type"":""MultiPoint"",""coordinates"":[]}",
20210306,06-03-2021,0,"{""type"":""MultiPoint"",""coordinates"":[]}",
20210307,07-03-2021,0,"{""type"":""MultiPoint"",""coordinates"":[]}",
20210308,08-03-2021,0,"{""type"":""MultiPoint"",""coordinates"":[]}",
20210309,09-03-2021,0,"{""type"":""MultiPoint"",""coordinates"":[]}",
20210310,10-03-2021,0,"{""type"":""MultiPoint"",""coordinates"":[]}",
20210311,11-03-2021,0,"{""type"":""MultiPoint"",""coordinates"":[]}",
20210312,12-03-2021,0,"{""type"":""MultiPoint"",""coordinates"":[]}",
20210313,13-03-2021,0,"{""type"":""MultiPoint"",""coordinates"":[]}",
20210314,14-03-2021,0,"{""type"":""MultiPoint"",""coordinates"":[]}",
20210315,15-03-2021,0,"{""type"":""MultiPoint"",""coordinates"":[]}",
20210316,16-03-2021,0,"{""type"":""MultiPoint"",""coordinates"":[]}",
20210317,17-03-2021,0,"{""type"":""MultiPoint"",""coordinates"":[]}",
20210318,18-03-2021,0,"{""type"":""MultiPoint"",""coordinates"":[]}",
20210319,19-03-2021,0,"{""type"":""MultiPoint"",""coordinates"":[]}",
20210320,20-03-2021,0,"{""type"":""MultiPoint"",""coordinates"":[]}",
20210321,21-03-2021,0,"{""type"":""MultiPoint"",""coordinates"":[]}",
20210322,22-03-2021,0,"{""type"":""MultiPoint"",""coordinates"":[]}",
20210323,23-03-2021,0,"{""type"":""MultiPoint"",""coordinates"":[]}",
20210324,24-03-2021,0.028361184,"{""type"":""MultiPoint"",""coordinates"":[]}",
20210325,25-03-2021,2.063117704,"{""type"":""MultiPoint"",""coordinates"":[]}",
20210326,26-03-2021,0,"{""type"":""MultiPoint"",""coordinates"":[]}",
20210327,27-03-2021,0,"{""type"":""MultiPoint"",""coordinates"":[]}",
20210328,28-03-2021,0,"{""type"":""MultiPoint"",""coordinates"":[]}",
20210329,29-03-2021,0.075120064,"{""type"":""MultiPoint"",""coordinates"":[]}",
20210330,30-03-2021,0,"{""type"":""MultiPoint"",""coordinates"":[]}",
20210331,31-03-2021,0,"{""type"":""MultiPoint"",""coordinates"":[]}",
20210401,01-04-2021,0,"{""type"":""MultiPoint"",""coordinates"":[]}",
20210402,02-04-2021,0,"{""type"":""MultiPoint"",""coordinates"":[]}",
20210403,03-04-2021,0,"{""type"":""MultiPoint"",""coordinates"":[]}",
20210404,04-04-2021,0,"{""type"":""MultiPoint"",""coordinates"":[]}",
20210405,05-04-2021,0,"{""type"":""MultiPoint"",""coordinates"":[]}",
20210406,06-04-2021,0,"{""type"":""MultiPoint"",""coordinates"":[]}",
20210407,07-04-2021,0,"{""type"":""MultiPoint"",""coordinates"":[]}",
20210408,08-04-2021,0,"{""type"":""MultiPoint"",""coordinates"":[]}",
20210409,09-04-2021,0,"{""type"":""MultiPoint"",""coordinates"":[]}",
20210410,10-04-2021,0,"{""type"":""MultiPoint"",""coordinates"":[]}",
20210411,11-04-2021,0,"{""type"":""MultiPoint"",""coordinates"":[]}",
20210412,12-04-2021,0,"{""type"":""MultiPoint"",""coordinates"":[]}",
20210413,13-04-2021,1.952966258,"{""type"":""MultiPoint"",""coordinates"":[]}",
20210414,14-04-2021,3.505603937,"{""type"":""MultiPoint"",""coordinates"":[]}",
20210415,15-04-2021,4.931584731,"{""type"":""MultiPoint"",""coordinates"":[]}",
20210416,16-04-2021,0,"{""type"":""MultiPoint"",""coordinates"":[]}",
20210417,17-04-2021,0,"{""type"":""MultiPoint"",""coordinates"":[]}",
20210418,18-04-2021,0,"{""type"":""MultiPoint"",""coordinates"":[]}",
20210419,19-04-2021,0,"{""type"":""MultiPoint"",""coordinates"":[]}",
20210420,20-04-2021,0,"{""type"":""MultiPoint"",""coordinates"":[]}",
20210421,21-04-2021,0,"{""type"":""MultiPoint"",""coordinates"":[]}",
20210422,22-04-2021,0,"{""type"":""MultiPoint"",""coordinates"":[]}",
20210423,23-04-2021,0,"{""type"":""MultiPoint"",""coordinates"":[]}",
20210424,24-04-2021,3.343667803,"{""type"":""MultiPoint"",""coordinates"":[]}",
20210425,25-04-2021,0,"{""type"":""MultiPoint"",""coordinates"":[]}",
20210426,26-04-2021,0,"{""type"":""MultiPoint"",""coordinates"":[]}",
20210427,27-04-2021,0,"{""type"":""MultiPoint"",""coordinates"":[]}",
20210428,28-04-2021,0,"{""type"":""MultiPoint"",""coordinates"":[]}",
20210429,29-04-2021,0,"{""type"":""MultiPoint"",""coordinates"":[]}",
20210430,30-04-2021,0,"{""type"":""MultiPoint"",""coordinates"":[]}",
20210501,01-05-2021,0,"{""type"":""MultiPoint"",""coordinates"":[]}",
20210502,02-05-2021,0,"{""type"":""MultiPoint"",""coordinates"":[]}",
20210503,03-05-2021,0,"{""type"":""MultiPoint"",""coordinates"":[]}",
20210504,04-05-2021,0,"{""type"":""MultiPoint"",""coordinates"":[]}",
20210505,05-05-2021,0,"{""type"":""MultiPoint"",""coordinates"":[]}",
20210506,06-05-2021,0,"{""type"":""MultiPoint"",""coordinates"":[]}",
20210507,07-05-2021,0,"{""type"":""MultiPoint"",""coordinates"":[]}",
20210508,08-05-2021,0,"{""type"":""MultiPoint"",""coordinates"":[]}",
20210509,09-05-2021,0,"{""type"":""MultiPoint"",""coordinates"":[]}",
20210510,10-05-2021,0,"{""type"":""MultiPoint"",""coordinates"":[]}",
20210511,11-05-2021,1.634023647,"{""type"":""MultiPoint"",""coordinates"":[]}",
20210512,12-05-2021,1.562326862,"{""type"":""MultiPoint"",""coordinates"":[]}",
20210513,13-05-2021,1.572850834,"{""type"":""MultiPoint"",""coordinates"":[]}",
20210514,14-05-2021,0.382221119,"{""type"":""MultiPoint"",""coordinates"":[]}",
20210515,15-05-2021,0.493130577,"{""type"":""MultiPoint"",""coordinates"":[]}",
20210516,16-05-2021,0.034195669,"{""type"":""MultiPoint"",""coordinates"":[]}",
20210517,17-05-2021,0,"{""type"":""MultiPoint"",""coordinates"":[]}",
20210518,18-05-2021,0,"{""type"":""MultiPoint"",""coordinates"":[]}",
20210519,19-05-2021,0,"{""type"":""MultiPoint"",""coordinates"":[]}",
20210520,20-05-2021,0.022050746,"{""type"":""MultiPoint"",""coordinates"":[]}",
20210521,21-05-2021,3.011739009,"{""type"":""MultiPoint"",""coordinates"":[]}",
20210522,22-05-2021,5.245260803,"{""type"":""MultiPoint"",""coordinates"":[]}",
20210523,23-05-2021,4.314371229,"{""type"":""MultiPoint"",""coordinates"":[]}",
20210524,24-05-2021,5.245260803,"{""type"":""MultiPoint"",""coordinates"":[]}",
20210525,25-05-2021,0,"{""type"":""MultiPoint"",""coordinates"":[]}",
20210526,26-05-2021,0,"{""type"":""MultiPoint"",""coordinates"":[]}",
20210527,27-05-2021,0,"{""type"":""MultiPoint"",""coordinates"":[]}",
20210528,28-05-2021,0,"{""type"":""MultiPoint"",""coordinates"":[]}",
20210529,29-05-2021,0,"{""type"":""MultiPoint"",""coordinates"":[]}",
20210530,30-05-2021,0,"{""type"":""MultiPoint"",""coordinates"":[]}",
20210531,31-05-2021,0,"{""type"":""MultiPoint"",""coordinates"":[]}",
20210601,01-06-2021,0,"{""type"":""MultiPoint"",""coordinates"":[]}",
20210602,02-06-2021,0,"{""type"":""MultiPoint"",""coordinates"":[]}",
20210603,03-06-2021,3.866532985,"{""type"":""MultiPoint"",""coordinates"":[]}",
20210604,04-06-2021,0,"{""type"":""MultiPoint"",""coordinates"":[]}",
20210605,05-06-2021,0,"{""type"":""MultiPoint"",""coordinates"":[]}",
20210606,06-06-2021,0,"{""type"":""MultiPoint"",""coordinates"":[]}",
20210607,07-06-2021,7.387525049,"{""type"":""MultiPoint"",""coordinates"":[]}",
20210608,08-06-2021,0.156026146,"{""type"":""MultiPoint"",""coordinates"":[]}",
20210609,09-06-2021,0,"{""type"":""MultiPoint"",""coordinates"":[]}",
20210610,10-06-2021,3.426750703,"{""type"":""MultiPoint"",""coordinates"":[]}",
20210611,11-06-2021,5.681623848,"{""type"":""MultiPoint"",""coordinates"":[]}",
20210612,12-06-2021,2.355100273,"{""type"":""MultiPoint"",""coordinates"":[]}",
20210613,13-06-2021,1.087307559,"{""type"":""MultiPoint"",""coordinates"":[]}",
20210614,14-06-2021,4.234592713,"{""type"":""MultiPoint"",""coordinates"":[]}",
20210615,15-06-2021,0,"{""type"":""MultiPoint"",""coordinates"":[]}",
20210616,16-06-2021,0,"{""type"":""MultiPoint"",""coordinates"":[]}",
20210617,17-06-2021,0,"{""type"":""MultiPoint"",""coordinates"":[]}",
20210618,18-06-2021,12.1716052,"{""type"":""MultiPoint"",""coordinates"":[]}",
20210619,19-06-2021,0,"{""type"":""MultiPoint"",""coordinates"":[]}",
20210620,20-06-2021,0,"{""type"":""MultiPoint"",""coordinates"":[]}",
20210621,21-06-2021,0,"{""type"":""MultiPoint"",""coordinates"":[]}",
20210622,22-06-2021,0,"{""type"":""MultiPoint"",""coordinates"":[]}",
20210623,23-06-2021,0,"{""type"":""MultiPoint"",""coordinates"":[]}",
20210624,24-06-2021,8.429946126,"{""type"":""MultiPoint"",""coordinates"":[]}",
20210625,25-06-2021,0,"{""type"":""MultiPoint"",""coordinates"":[]}",
20210626,26-06-2021,3.041838092,"{""type"":""MultiPoint"",""coordinates"":[]}",
20210627,27-06-2021,6.673727707,"{""type"":""MultiPoint"",""coordinates"":[]}",
20210628,28-06-2021,4.963811594,"{""type"":""MultiPoint"",""coordinates"":[]}",
20210629,29-06-2021,0,"{""type"":""MultiPoint"",""coordinates"":[]}",
20210630,30-06-2021,0,"{""type"":""MultiPoint"",""coordinates"":[]}",
20210701,01-07-2021,1.094531501,"{""type"":""MultiPoint"",""coordinates"":[]}",
20210702,02-07-2021,2.805017649,"{""type"":""MultiPoint"",""coordinates"":[]}",
20210703,03-07-2021,2.669273888,"{""type"":""MultiPoint"",""coordinates"":[]}",
20210704,04-07-2021,7.304926428,"{""type"":""MultiPoint"",""coordinates"":[]}",
20210705,05-07-2021,0,"{""type"":""MultiPoint"",""coordinates"":[]}",
20210706,06-07-2021,0,"{""type"":""MultiPoint"",""coordinates"":[]}",
20210707,07-07-2021,0,"{""type"":""MultiPoint"",""coordinates"":[]}",
20210708,08-07-2021,10.32939539,"{""type"":""MultiPoint"",""coordinates"":[]}",
20210709,09-07-2021,12.78373742,"{""type"":""MultiPoint"",""coordinates"":[]}",
20210710,10-07-2021,9.726128944,"{""type"":""MultiPoint"",""coordinates"":[]}",
20210711,11-07-2021,8.288271682,"{""type"":""MultiPoint"",""coordinates"":[]}",
20210712,12-07-2021,0.897141413,"{""type"":""MultiPoint"",""coordinates"":[]}",
20210713,13-07-2021,16.315651,"{""type"":""MultiPoint"",""coordinates"":[]}",
20210714,14-07-2021,12.02747179,"{""type"":""MultiPoint"",""coordinates"":[]}",
20210715,15-07-2021,0,"{""type"":""MultiPoint"",""coordinates"":[]}",
20210716,16-07-2021,7.212673195,"{""type"":""MultiPoint"",""coordinates"":[]}",
20210717,17-07-2021,4.024210007,"{""type"":""MultiPoint"",""coordinates"":[]}",
20210718,18-07-2021,15.6737215,"{""type"":""MultiPoint"",""coordinates"":[]}",
20210719,19-07-2021,12.88576316,"{""type"":""MultiPoint"",""coordinates"":[]}",
20210720,20-07-2021,6.708593526,"{""type"":""MultiPoint"",""coordinates"":[]}",
20210721,21-07-2021,12.28008368,"{""type"":""MultiPoint"",""coordinates"":[]}",
20210722,22-07-2021,6.556627617,"{""type"":""MultiPoint"",""coordinates"":[]}",
20210723,23-07-2021,0,"{""type"":""MultiPoint"",""coordinates"":[]}",
20210724,24-07-2021,0,"{""type"":""MultiPoint"",""coordinates"":[]}",
20210725,25-07-2021,0,"{""type"":""MultiPoint"",""coordinates"":[]}",
20210726,26-07-2021,3.150662698,"{""type"":""MultiPoint"",""coordinates"":[]}",
20210727,27-07-2021,0,"{""type"":""MultiPoint"",""coordinates"":[]}",
20210728,28-07-2021,0,"{""type"":""MultiPoint"",""coordinates"":[]}",
20210729,29-07-2021,8.661976601,"{""type"":""MultiPoint"",""coordinates"":[]}",
20210730,30-07-2021,3.512404122,"{""type"":""MultiPoint"",""coordinates"":[]}",
20210731,31-07-2021,0,"{""type"":""MultiPoint"",""coordinates"":[]}",
20210801,01-08-2021,0,"{""type"":""MultiPoint"",""coordinates"":[]}",
20210802,02-08-2021,0,"{""type"":""MultiPoint"",""coordinates"":[]}",
20210803,03-08-2021,0,"{""type"":""MultiPoint"",""coordinates"":[]}",
20210804,04-08-2021,0,"{""type"":""MultiPoint"",""coordinates"":[]}",
20210805,05-08-2021,0.579420486,"{""type"":""MultiPoint"",""coordinates"":[]}",
20210806,06-08-2021,0,"{""type"":""MultiPoint"",""coordinates"":[]}",
20210807,07-08-2021,0,"{""type"":""MultiPoint"",""coordinates"":[]}",
20210808,08-08-2021,0,"{""type"":""MultiPoint"",""coordinates"":[]}",
20210809,09-08-2021,2.095206878,"{""type"":""MultiPoint"",""coordinates"":[]}",
20210810,10-08-2021,0,"{""type"":""MultiPoint"",""coordinates"":[]}",
20210811,11-08-2021,0,"{""type"":""MultiPoint"",""coordinates"":[]}",
20210812,12-08-2021,17.52074382,"{""type"":""MultiPoint"",""coordinates"":[]}",
20210813,13-08-2021,4.847950056,"{""type"":""MultiPoint"",""coordinates"":[]}",
20210814,14-08-2021,7.345794402,"{""type"":""MultiPoint"",""coordinates"":[]}",
20210815,15-08-2021,17.88193412,"{""type"":""MultiPoint"",""coordinates"":[]}",
20210816,16-08-2021,27.82128953,"{""type"":""MultiPoint"",""coordinates"":[]}",
20210817,17-08-2021,11.13561713,"{""type"":""MultiPoint"",""coordinates"":[]}",
20210818,18-08-2021,3.308314893,"{""type"":""MultiPoint"",""coordinates"":[]}",
20210819,19-08-2021,8.349433505,"{""type"":""MultiPoint"",""coordinates"":[]}",
20210820,20-08-2021,5.567808563,"{""type"":""MultiPoint"",""coordinates"":[]}",
20210821,21-08-2021,1.092807981,"{""type"":""MultiPoint"",""coordinates"":[]}",
20210822,22-08-2021,0,"{""type"":""MultiPoint"",""coordinates"":[]}",
20210823,23-08-2021,11.81792579,"{""type"":""MultiPoint"",""coordinates"":[]}",
20210824,24-08-2021,0.514639209,"{""type"":""MultiPoint"",""coordinates"":[]}",
20210825,25-08-2021,0,"{""type"":""MultiPoint"",""coordinates"":[]}",
20210826,26-08-2021,0.962121111,"{""type"":""MultiPoint"",""coordinates"":[]}",
20210827,27-08-2021,0.38697076,"{""type"":""MultiPoint"",""coordinates"":[]}",
20210828,28-08-2021,20.94894029,"{""type"":""MultiPoint"",""coordinates"":[]}",
20210829,29-08-2021,5.566470664,"{""type"":""MultiPoint"",""coordinates"":[]}",
20210830,30-08-2021,16.11020039,"{""type"":""MultiPoint"",""coordinates"":[]}",
20210831,31-08-2021,0,"{""type"":""MultiPoint"",""coordinates"":[]}",
20210901,01-09-2021,3.387665325,"{""type"":""MultiPoint"",""coordinates"":[]}",
20210902,02-09-2021,3.443400362,"{""type"":""MultiPoint"",""coordinates"":[]}",
20210903,03-09-2021,8.754888459,"{""type"":""MultiPoint"",""coordinates"":[]}",
20210904,04-09-2021,8.162738254,"{""type"":""MultiPoint"",""coordinates"":[]}",
20210905,05-09-2021,2.760264388,"{""type"":""MultiPoint"",""coordinates"":[]}",
20210906,06-09-2021,7.637448429,"{""type"":""MultiPoint"",""coordinates"":[]}",
20210907,07-09-2021,0,"{""type"":""MultiPoint"",""coordinates"":[]}",
20210908,08-09-2021,3.30287142,"{""type"":""MultiPoint"",""coordinates"":[]}",
20210909,09-09-2021,0,"{""type"":""MultiPoint"",""coordinates"":[]}",
20210910,10-09-2021,3.973153132,"{""type"":""MultiPoint"",""coordinates"":[]}",
20210911,11-09-2021,0.269331668,"{""type"":""MultiPoint"",""coordinates"":[]}",
20210912,12-09-2021,5.746288987,"{""type"":""MultiPoint"",""coordinates"":[]}",
20210913,13-09-2021,0,"{""type"":""MultiPoint"",""coordinates"":[]}",
20210914,14-09-2021,0,"{""type"":""MultiPoint"",""coordinates"":[]}",
20210915,15-09-2021,0.269331668,"{""type"":""MultiPoint"",""coordinates"":[]}",
20210916,16-09-2021,1.064675953,"{""type"":""MultiPoint"",""coordinates"":[]}",
20210917,17-09-2021,0.16750247,"{""type"":""MultiPoint"",""coordinates"":[]}",
20210918,18-09-2021,0,"{""type"":""MultiPoint"",""coordinates"":[]}",
20210919,19-09-2021,0,"{""type"":""MultiPoint"",""coordinates"":[]}",
20210920,20-09-2021,0.16750247,"{""type"":""MultiPoint"",""coordinates"":[]}",
20210921,21-09-2021,10.2214982,"{""type"":""MultiPoint"",""coordinates"":[]}",
20210922,22-09-2021,10.2214982,"{""type"":""MultiPoint"",""coordinates"":[]}",
20210923,23-09-2021,13.96723248,"{""type"":""MultiPoint"",""coordinates"":[]}",
20210924,24-09-2021,0.756120193,"{""type"":""MultiPoint"",""coordinates"":[]}",
20210925,25-09-2021,5.904610534,"{""type"":""MultiPoint"",""coordinates"":[]}",
20210926,26-09-2021,6.49143721,"{""type"":""MultiPoint"",""coordinates"":[]}",
20210927,27-09-2021,11.81781933,"{""type"":""MultiPoint"",""coordinates"":[]}",
20210928,28-09-2021,0,"{""type"":""MultiPoint"",""coordinates"":[]}",
20210929,29-09-2021,2.198762229,"{""type"":""MultiPoint"",""coordinates"":[]}",
20210930,30-09-2021,4.780863034,"{""type"":""MultiPoint"",""coordinates"":[]}",
20211001,01-10-2021,0,"{""type"":""MultiPoint"",""coordinates"":[]}",
20211002,02-10-2021,0.600071945,"{""type"":""MultiPoint"",""coordinates"":[]}",
20211003,03-10-2021,1.513417056,"{""type"":""MultiPoint"",""coordinates"":[]}",
20211004,04-10-2021,0,"{""type"":""MultiPoint"",""coordinates"":[]}",
20211005,05-10-2021,17.36711446,"{""type"":""MultiPoint"",""coordinates"":[]}",
20211006,06-10-2021,5.891171604,"{""type"":""MultiPoint"",""coordinates"":[]}",
20211007,07-10-2021,0,"{""type"":""MultiPoint"",""coordinates"":[]}",
20211008,08-10-2021,32.18522408,"{""type"":""MultiPoint"",""coordinates"":[]}",
20211009,09-10-2021,17.80241527,"{""type"":""MultiPoint"",""coordinates"":[]}",
20211010,10-10-2021,1.35078848,"{""type"":""MultiPoint"",""coordinates"":[]}",
20211011,11-10-2021,8.115020834,"{""type"":""MultiPoint"",""coordinates"":[]}",
20211012,12-10-2021,3.204472585,"{""type"":""MultiPoint"",""coordinates"":[]}",
20211013,13-10-2021,0,"{""type"":""MultiPoint"",""coordinates"":[]}",
20211014,14-10-2021,2.712447333,"{""type"":""MultiPoint"",""coordinates"":[]}",
20211015,15-10-2021,0,"{""type"":""MultiPoint"",""coordinates"":[]}",
20211016,16-10-2021,9.266847365,"{""type"":""MultiPoint"",""coordinates"":[]}",
20211017,17-10-2021,7.175251066,"{""type"":""MultiPoint"",""coordinates"":[]}",
20211018,18-10-2021,4.897263036,"{""type"":""MultiPoint"",""coordinates"":[]}",
20211019,19-10-2021,1.051228972,"{""type"":""MultiPoint"",""coordinates"":[]}",
20211020,20-10-2021,1.555824981,"{""type"":""MultiPoint"",""coordinates"":[]}",
20211021,21-10-2021,0.382727981,"{""type"":""MultiPoint"",""coordinates"":[]}",
20211022,22-10-2021,0,"{""type"":""MultiPoint"",""coordinates"":[]}",
20211023,23-10-2021,0,"{""type"":""MultiPoint"",""coordinates"":[]}",
20211024,24-10-2021,10.0573976,"{""type"":""MultiPoint"",""coordinates"":[]}",
20211025,25-10-2021,0,"{""type"":""MultiPoint"",""coordinates"":[]}",
20211026,26-10-2021,0,"{""type"":""MultiPoint"",""coordinates"":[]}",
20211027,27-10-2021,0,"{""type"":""MultiPoint"",""coordinates"":[]}",
20211028,28-10-2021,7.065760203,"{""type"":""MultiPoint"",""coordinates"":[]}",
20211029,29-10-2021,24.06981821,"{""type"":""MultiPoint"",""coordinates"":[]}",
20211030,30-10-2021,11.49835588,"{""type"":""MultiPoint"",""coordinates"":[]}",
20211031,31-10-2021,26.24575085,"{""type"":""MultiPoint"",""coordinates"":[]}",
20211101,01-11-2021,62.17534681,"{""type"":""MultiPoint"",""coordinates"":[]}",
20211102,02-11-2021,54.2672038,"{""type"":""MultiPoint"",""coordinates"":[]}",
20211103,03-11-2021,58.40025053,"{""type"":""MultiPoint"",""coordinates"":[]}",
20211104,04-11-2021,26.97138023,"{""type"":""MultiPoint"",""coordinates"":[]}",
20211105,05-11-2021,3.334668306,"{""type"":""MultiPoint"",""coordinates"":[]}",
20211106,06-11-2021,11.79807813,"{""type"":""MultiPoint"",""coordinates"":[]}",
20211107,07-11-2021,46.87731626,"{""type"":""MultiPoint"",""coordinates"":[]}",
20211108,08-11-2021,74.93620574,"{""type"":""MultiPoint"",""coordinates"":[]}",
20211109,09-11-2021,18.88322389,"{""type"":""MultiPoint"",""coordinates"":[]}",
20211110,10-11-2021,83.96126409,"{""type"":""MultiPoint"",""coordinates"":[]}",
20211111,11-11-2021,54.0082016,"{""type"":""MultiPoint"",""coordinates"":[]}",
20211112,12-11-2021,0,"{""type"":""MultiPoint"",""coordinates"":[]}",
20211113,13-11-2021,0,"{""type"":""MultiPoint"",""coordinates"":[]}",
20211114,14-11-2021,0,"{""type"":""MultiPoint"",""coordinates"":[]}",
20211115,15-11-2021,60.62764897,"{""type"":""MultiPoint"",""coordinates"":[]}",
20211116,16-11-2021,19.0066472,"{""type"":""MultiPoint"",""coordinates"":[]}",
20211117,17-11-2021,76.07858293,"{""type"":""MultiPoint"",""coordinates"":[]}",
20211118,18-11-2021,110.3986186,"{""type"":""MultiPoint"",""coordinates"":[]}",
20211119,19-11-2021,3.425871991,"{""type"":""MultiPoint"",""coordinates"":[]}",
20211120,20-11-2021,42.78443413,"{""type"":""MultiPoint"",""coordinates"":[]}",
20211121,21-11-2021,0,"{""type"":""MultiPoint"",""coordinates"":[]}",
20211122,22-11-2021,10.45848918,"{""type"":""MultiPoint"",""coordinates"":[]}",
20211123,23-11-2021,0,"{""type"":""MultiPoint"",""coordinates"":[]}",
20211124,24-11-2021,0,"{""type"":""MultiPoint"",""coordinates"":[]}",
20211125,25-11-2021,72.95091789,"{""type"":""MultiPoint"",""coordinates"":[]}",
20211126,26-11-2021,78.40278624,"{""type"":""MultiPoint"",""coordinates"":[]}",
20211127,27-11-2021,54.90505594,"{""type"":""MultiPoint"",""coordinates"":[]}",
20211128,28-11-2021,58.23270745,"{""type"":""MultiPoint"",""coordinates"":[]}",
20211129,29-11-2021,51.42452806,"{""type"":""MultiPoint"",""coordinates"":[]}",
20211130,30-11-2021,0,"{""type"":""MultiPoint"",""coordinates"":[]}",
20211201,01-12-2021,8.195906851,"{""type"":""MultiPoint"",""coordinates"":[]}",
20211202,02-12-2021,0,"{""type"":""MultiPoint"",""coordinates"":[]}",
20211203,03-12-2021,0,"{""type"":""MultiPoint"",""coordinates"":[]}",
20211204,04-12-2021,0,"{""type"":""MultiPoint"",""coordinates"":[]}",
20211205,05-12-2021,0,"{""type"":""MultiPoint"",""coordinates"":[]}",
20211206,06-12-2021,0,"{""type"":""MultiPoint"",""coordinates"":[]}",
20211207,07-12-2021,0,"{""type"":""MultiPoint"",""coordinates"":[]}",
20211208,08-12-2021,0.341109083,"{""type"":""MultiPoint"",""coordinates"":[]}",
20211209,09-12-2021,1.72008654,"{""type"":""MultiPoint"",""coordinates"":[]}",
20211210,10-12-2021,6.128654364,"{""type"":""MultiPoint"",""coordinates"":[]}",
20211211,11-12-2021,2.897537861,"{""type"":""MultiPoint"",""coordinates"":[]}",
20211212,12-12-2021,1.714815373,"{""type"":""MultiPoint"",""coordinates"":[]}",
20211213,13-12-2021,0,"{""type"":""MultiPoint"",""coordinates"":[]}",
20211214,14-12-2021,0,"{""type"":""MultiPoint"",""coordinates"":[]}",
20211215,15-12-2021,0,"{""type"":""MultiPoint"",""coordinates"":[]}",
20211216,16-12-2021,10.0126511,"{""type"":""MultiPoint"",""coordinates"":[]}",
20211217,17-12-2021,0,"{""type"":""MultiPoint"",""coordinates"":[]}",
20211218,18-12-2021,0,"{""type"":""MultiPoint"",""coordinates"":[]}",
20211219,19-12-2021,0,"{""type"":""MultiPoint"",""coordinates"":[]}",
20211220,20-12-2021,0,"{""type"":""MultiPoint"",""coordinates"":[]}",
20211221,21-12-2021,0,"{""type"":""MultiPoint"",""coordinates"":[]}",
20211222,22-12-2021,6.899525031,"{""type"":""MultiPoint"",""coordinates"":[]}",
20211223,23-12-2021,0,"{""type"":""MultiPoint"",""coordinates"":[]}",
20211224,24-12-2021,0,"{""type"":""MultiPoint"",""coordinates"":[]}",
20211225,25-12-2021,4.892787606,"{""type"":""MultiPoint"",""coordinates"":[]}",
20211226,26-12-2021,0,"{""type"":""MultiPoint"",""coordinates"":[]}",
20211227,27-12-2021,0,"{""type"":""MultiPoint"",""coordinates"":[]}",
20211228,28-12-2021,0,"{""type"":""MultiPoint"",""coordinates"":[]}",
20211229,29-12-2021,0,"{""type"":""MultiPoint"",""coordinates"":[]}",
20211230,30-12-2021,30.66400336,"{""type"":""MultiPoint"",""coordinates"":[]}",
20211231,31-12-2021,19.58130861,"{""type"":""MultiPoint"",""coordinates"":[]}",
20220101,01-01-2022,14.55352423,"{""type"":""MultiPoint"",""coordinates"":[]}",
20220102,02-01-2022,3.354942865,"{""type"":""MultiPoint"",""coordinates"":[]}",
20220103,03-01-2022,0,"{""type"":""MultiPoint"",""coordinates"":[]}",
20220104,04-01-2022,0,"{""type"":""MultiPoint"",""coordinates"":[]}",
20220105,05-01-2022,0,"{""type"":""MultiPoint"",""coordinates"":[]}",
20220106,06-01-2022,0,"{""type"":""MultiPoint"",""coordinates"":[]}",
20220107,07-01-2022,2.501707917,"{""type"":""MultiPoint"",""coordinates"":[]}",
20220108,08-01-2022,2.919022627,"{""type"":""MultiPoint"",""coordinates"":[]}",
20220109,09-01-2022,0,"{""type"":""MultiPoint"",""coordinates"":[]}",
20220110,10-01-2022,0,"{""type"":""MultiPoint"",""coordinates"":[]}",
20220111,11-01-2022,0,"{""type"":""MultiPoint"",""coordinates"":[]}",
20220112,12-01-2022,0,"{""type"":""MultiPoint"",""coordinates"":[]}",
20220113,13-01-2022,0,"{""type"":""MultiPoint"",""coordinates"":[]}",
20220114,14-01-2022,0,"{""type"":""MultiPoint"",""coordinates"":[]}",
20220115,15-01-2022,0,"{""type"":""MultiPoint"",""coordinates"":[]}",
20220116,16-01-2022,0.721277723,"{""type"":""MultiPoint"",""coordinates"":[]}",
20220117,17-01-2022,0.379654715,"{""type"":""MultiPoint"",""coordinates"":[]}",
20220118,18-01-2022,0,"{""type"":""MultiPoint"",""coordinates"":[]}",
20220119,19-01-2022,0,"{""type"":""MultiPoint"",""coordinates"":[]}",
20220120,20-01-2022,0,"{""type"":""MultiPoint"",""coordinates"":[]}",
20220121,21-01-2022,0,"{""type"":""MultiPoint"",""coordinates"":[]}",
20220122,22-01-2022,0,"{""type"":""MultiPoint"",""coordinates"":[]}",
20220123,23-01-2022,0,"{""type"":""MultiPoint"",""coordinates"":[]}",
20220124,24-01-2022,0.47161038,"{""type"":""MultiPoint"",""coordinates"":[]}",
20220125,25-01-2022,0,"{""type"":""MultiPoint"",""coordinates"":[]}",
20220126,26-01-2022,0,"{""type"":""MultiPoint"",""coordinates"":[]}",
20220127,27-01-2022,0,"{""type"":""MultiPoint"",""coordinates"":[]}",
20220128,28-01-2022,0,"{""type"":""MultiPoint"",""coordinates"":[]}",
20220129,29-01-2022,0,"{""type"":""MultiPoint"",""coordinates"":[]}",
20220130,30-01-2022,0,"{""type"":""MultiPoint"",""coordinates"":[]}",
20220131,31-01-2022,0,"{""type"":""MultiPoint"",""coordinates"":[]}",
20220201,01-02-2022,0,"{""type"":""MultiPoint"",""coordinates"":[]}",
20220202,02-02-2022,0,"{""type"":""MultiPoint"",""coordinates"":[]}",
20220203,03-02-2022,0,"{""type"":""MultiPoint"",""coordinates"":[]}",
20220204,04-02-2022,0,"{""type"":""MultiPoint"",""coordinates"":[]}",
20220205,05-02-2022,0.559707999,"{""type"":""MultiPoint"",""coordinates"":[]}",
20220206,06-02-2022,0,"{""type"":""MultiPoint"",""coordinates"":[]}",
20220207,07-02-2022,0,"{""type"":""MultiPoint"",""coordinates"":[]}",
20220208,08-02-2022,0,"{""type"":""MultiPoint"",""coordinates"":[]}",
20220209,09-02-2022,0.07612025,"{""type"":""MultiPoint"",""coordinates"":[]}",
20220210,10-02-2022,1.216110717,"{""type"":""MultiPoint"",""coordinates"":[]}",
20220211,11-02-2022,0,"{""type"":""MultiPoint"",""coordinates"":[]}",
20220212,12-02-2022,0,"{""type"":""MultiPoint"",""coordinates"":[]}",
20220213,13-02-2022,0,"{""type"":""MultiPoint"",""coordinates"":[]}",
20220214,14-02-2022,0,"{""type"":""MultiPoint"",""coordinates"":[]}",
20220215,15-02-2022,0,"{""type"":""MultiPoint"",""coordinates"":[]}",
20220216,16-02-2022,0,"{""type"":""MultiPoint"",""coordinates"":[]}",
20220217,17-02-2022,0,"{""type"":""MultiPoint"",""coordinates"":[]}",
20220218,18-02-2022,0,"{""type"":""MultiPoint"",""coordinates"":[]}",
20220219,19-02-2022,0,"{""type"":""MultiPoint"",""coordinates"":[]}",
20220220,20-02-2022,0,"{""type"":""MultiPoint"",""coordinates"":[]}",
20220221,21-02-2022,0,"{""type"":""MultiPoint"",""coordinates"":[]}",
20220222,22-02-2022,0,"{""type"":""MultiPoint"",""coordinates"":[]}",
20220223,23-02-2022,0,"{""type"":""MultiPoint"",""coordinates"":[]}",
20220224,24-02-2022,0,"{""type"":""MultiPoint"",""coordinates"":[]}",
20220225,25-02-2022,0,"{""type"":""MultiPoint"",""coordinates"":[]}",
20220226,26-02-2022,0,"{""type"":""MultiPoint"",""coordinates"":[]}",
20220227,27-02-2022,0,"{""type"":""MultiPoint"",""coordinates"":[]}",
20220228,28-02-2022,0,"{""type"":""MultiPoint"",""coordinates"":[]}",
20220301,01-03-2022,0,"{""type"":""MultiPoint"",""coordinates"":[]}",
20220302,02-03-2022,0,"{""type"":""MultiPoint"",""coordinates"":[]}",
20220303,03-03-2022,2.529240986,"{""type"":""MultiPoint"",""coordinates"":[]}",
20220304,04-03-2022,0.033111476,"{""type"":""MultiPoint"",""coordinates"":[]}",
20220305,05-03-2022,1.849514705,"{""type"":""MultiPoint"",""coordinates"":[]}",
20220306,06-03-2022,0,"{""type"":""MultiPoint"",""coordinates"":[]}",
20220307,07-03-2022,0,"{""type"":""MultiPoint"",""coordinates"":[]}",
20220308,08-03-2022,0,"{""type"":""MultiPoint"",""coordinates"":[]}",
20220309,09-03-2022,0,"{""type"":""MultiPoint"",""coordinates"":[]}",
20220310,10-03-2022,0,"{""type"":""MultiPoint"",""coordinates"":[]}",
20220311,11-03-2022,0,"{""type"":""MultiPoint"",""coordinates"":[]}",
20220312,12-03-2022,0,"{""type"":""MultiPoint"",""coordinates"":[]}",
20220313,13-03-2022,0,"{""type"":""MultiPoint"",""coordinates"":[]}",
20220314,14-03-2022,0,"{""type"":""MultiPoint"",""coordinates"":[]}",
20220315,15-03-2022,0,"{""type"":""MultiPoint"",""coordinates"":[]}",
20220316,16-03-2022,0.61158765,"{""type"":""MultiPoint"",""coordinates"":[]}",
20220317,17-03-2022,0,"{""type"":""MultiPoint"",""coordinates"":[]}",
20220318,18-03-2022,0,"{""type"":""MultiPoint"",""coordinates"":[]}",
20220319,19-03-2022,0,"{""type"":""MultiPoint"",""coordinates"":[]}",
20220320,20-03-2022,0.020810554,"{""type"":""MultiPoint"",""coordinates"":[]}",
20220321,21-03-2022,0,"{""type"":""MultiPoint"",""coordinates"":[]}",
20220322,22-03-2022,0,"{""type"":""MultiPoint"",""coordinates"":[]}",
20220323,23-03-2022,0,"{""type"":""MultiPoint"",""coordinates"":[]}",
20220324,24-03-2022,0,"{""type"":""MultiPoint"",""coordinates"":[]}",
20220325,25-03-2022,0,"{""type"":""MultiPoint"",""coordinates"":[]}",
20220326,26-03-2022,0,"{""type"":""MultiPoint"",""coordinates"":[]}",
20220327,27-03-2022,0,"{""type"":""MultiPoint"",""coordinates"":[]}",
20220328,28-03-2022,0,"{""type"":""MultiPoint"",""coordinates"":[]}",
20220329,29-03-2022,0,"{""type"":""MultiPoint"",""coordinates"":[]}",
20220330,30-03-2022,0,"{""type"":""MultiPoint"",""coordinates"":[]}",
20220331,31-03-2022,0,"{""type"":""MultiPoint"",""coordinates"":[]}",
20220401,01-04-2022,0,"{""type"":""MultiPoint"",""coordinates"":[]}",
20220402,02-04-2022,0,"{""type"":""MultiPoint"",""coordinates"":[]}",
20220403,03-04-2022,0,"{""type"":""MultiPoint"",""coordinates"":[]}",
20220404,04-04-2022,0,"{""type"":""MultiPoint"",""coordinates"":[]}",
20220405,05-04-2022,0,"{""type"":""MultiPoint"",""coordinates"":[]}",
20220406,06-04-2022,0,"{""type"":""MultiPoint"",""coordinates"":[]}",
20220407,07-04-2022,0,"{""type"":""MultiPoint"",""coordinates"":[]}",
20220408,08-04-2022,0,"{""type"":""MultiPoint"",""coordinates"":[]}",
20220409,09-04-2022,0,"{""type"":""MultiPoint"",""coordinates"":[]}",
20220410,10-04-2022,0,"{""type"":""MultiPoint"",""coordinates"":[]}",
20220411,11-04-2022,0,"{""type"":""MultiPoint"",""coordinates"":[]}",
20220412,12-04-2022,0,"{""type"":""MultiPoint"",""coordinates"":[]}",
20220413,13-04-2022,5.218235665,"{""type"":""MultiPoint"",""coordinates"":[]}",
20220414,14-04-2022,0,"{""type"":""MultiPoint"",""coordinates"":[]}",
20220415,15-04-2022,0,"{""type"":""MultiPoint"",""coordinates"":[]}",
20220416,16-04-2022,0.40442082,"{""type"":""MultiPoint"",""coordinates"":[]}",
20220417,17-04-2022,3.013771616,"{""type"":""MultiPoint"",""coordinates"":[]}",
20220418,18-04-2022,0,"{""type"":""MultiPoint"",""coordinates"":[]}",
20220419,19-04-2022,0,"{""type"":""MultiPoint"",""coordinates"":[]}",
20220420,20-04-2022,0,"{""type"":""MultiPoint"",""coordinates"":[]}",
20220421,21-04-2022,0,"{""type"":""MultiPoint"",""coordinates"":[]}",
20220422,22-04-2022,0,"{""type"":""MultiPoint"",""coordinates"":[]}",
20220423,23-04-2022,0,"{""type"":""MultiPoint"",""coordinates"":[]}",
20220424,24-04-2022,0,"{""type"":""MultiPoint"",""coordinates"":[]}",
20220425,25-04-2022,0,"{""type"":""MultiPoint"",""coordinates"":[]}",
20220426,26-04-2022,0,"{""type"":""MultiPoint"",""coordinates"":[]}",
20220427,27-04-2022,0,"{""type"":""MultiPoint"",""coordinates"":[]}",
20220428,28-04-2022,0,"{""type"":""MultiPoint"",""coordinates"":[]}",
20220429,29-04-2022,0,"{""type"":""MultiPoint"",""coordinates"":[]}",
20220430,30-04-2022,0,"{""type"":""MultiPoint"",""coordinates"":[]}",
20220501,01-05-2022,0,"{""type"":""MultiPoint"",""coordinates"":[]}",
20220502,02-05-2022,0,"{""type"":""MultiPoint"",""coordinates"":[]}",
20220503,03-05-2022,0,"{""type"":""MultiPoint"",""coordinates"":[]}",
20220504,04-05-2022,0,"{""type"":""MultiPoint"",""coordinates"":[]}",
20220505,05-05-2022,0,"{""type"":""MultiPoint"",""coordinates"":[]}",
20220506,06-05-2022,0,"{""type"":""MultiPoint"",""coordinates"":[]}",
20220507,07-05-2022,0,"{""type"":""MultiPoint"",""coordinates"":[]}",
20220508,08-05-2022,1.738454634,"{""type"":""MultiPoint"",""coordinates"":[]}",
20220509,09-05-2022,7.098914319,"{""type"":""MultiPoint"",""coordinates"":[]}",
20220510,10-05-2022,6.23755763,"{""type"":""MultiPoint"",""coordinates"":[]}",
20220511,11-05-2022,8.113722578,"{""type"":""MultiPoint"",""coordinates"":[]}",
20220512,12-05-2022,1.106540032,"{""type"":""MultiPoint"",""coordinates"":[]}",
20220513,13-05-2022,3.071796486,"{""type"":""MultiPoint"",""coordinates"":[]}",
20220514,14-05-2022,0.308524848,"{""type"":""MultiPoint"",""coordinates"":[]}",
20220515,15-05-2022,1.448680074,"{""type"":""MultiPoint"",""coordinates"":[]}",
20220516,16-05-2022,3.769118304,"{""type"":""MultiPoint"",""coordinates"":[]}",
20220517,17-05-2022,3.587018138,"{""type"":""MultiPoint"",""coordinates"":[]}",
20220518,18-05-2022,0,"{""type"":""MultiPoint"",""coordinates"":[]}",
20220519,19-05-2022,0,"{""type"":""MultiPoint"",""coordinates"":[]}",
20220520,20-05-2022,0,"{""type"":""MultiPoint"",""coordinates"":[]}",
20220521,21-05-2022,0,"{""type"":""MultiPoint"",""coordinates"":[]}",
20220522,22-05-2022,0,"{""type"":""MultiPoint"",""coordinates"":[]}",
20220523,23-05-2022,0,"{""type"":""MultiPoint"",""coordinates"":[]}",
20220524,24-05-2022,0,"{""type"":""MultiPoint"",""coordinates"":[]}",
20220525,25-05-2022,0.52350081,"{""type"":""MultiPoint"",""coordinates"":[]}",
20220526,26-05-2022,0,"{""type"":""MultiPoint"",""coordinates"":[]}",
20220527,27-05-2022,0,"{""type"":""MultiPoint"",""coordinates"":[]}",
20220528,28-05-2022,0,"{""type"":""MultiPoint"",""coordinates"":[]}",
20220529,29-05-2022,0,"{""type"":""MultiPoint"",""coordinates"":[]}",
20220530,30-05-2022,0,"{""type"":""MultiPoint"",""coordinates"":[]}",
20220531,31-05-2022,0,"{""type"":""MultiPoint"",""coordinates"":[]}",
20220601,01-06-2022,0,"{""type"":""MultiPoint"",""coordinates"":[]}",
20220602,02-06-2022,0,"{""type"":""MultiPoint"",""coordinates"":[]}",
20220603,03-06-2022,0,"{""type"":""MultiPoint"",""coordinates"":[]}",
20220604,04-06-2022,0,"{""type"":""MultiPoint"",""coordinates"":[]}",
20220605,05-06-2022,0,"{""type"":""MultiPoint"",""coordinates"":[]}",
20220606,06-06-2022,0,"{""type"":""MultiPoint"",""coordinates"":[]}",
20220607,07-06-2022,3.593166879,"{""type"":""MultiPoint"",""coordinates"":[]}",
20220608,08-06-2022,0,"{""type"":""MultiPoint"",""coordinates"":[]}",
20220609,09-06-2022,0,"{""type"":""MultiPoint"",""coordinates"":[]}",
20220610,10-06-2022,0,"{""type"":""MultiPoint"",""coordinates"":[]}",
20220611,11-06-2022,15.573633,"{""type"":""MultiPoint"",""coordinates"":[]}",
20220612,12-06-2022,0,"{""type"":""MultiPoint"",""coordinates"":[]}",
20220613,13-06-2022,0,"{""type"":""MultiPoint"",""coordinates"":[]}",
20220614,14-06-2022,0,"{""type"":""MultiPoint"",""coordinates"":[]}",
20220615,15-06-2022,0,"{""type"":""MultiPoint"",""coordinates"":[]}",
20220616,16-06-2022,5.376841437,"{""type"":""MultiPoint"",""coordinates"":[]}",
20220617,17-06-2022,4.621950732,"{""type"":""MultiPoint"",""coordinates"":[]}",
20220618,18-06-2022,3.812413554,"{""type"":""MultiPoint"",""coordinates"":[]}",
20220619,19-06-2022,6.634762458,"{""type"":""MultiPoint"",""coordinates"":[]}",
20220620,20-06-2022,6.417328731,"{""type"":""MultiPoint"",""coordinates"":[]}",
20220621,21-06-2022,14.40834028,"{""type"":""MultiPoint"",""coordinates"":[]}",
20220622,22-06-2022,0.522745043,"{""type"":""MultiPoint"",""coordinates"":[]}",
20220623,23-06-2022,12.07279589,"{""type"":""MultiPoint"",""coordinates"":[]}",
20220624,24-06-2022,9.529631079,"{""type"":""MultiPoint"",""coordinates"":[]}",
20220625,25-06-2022,3.011560012,"{""type"":""MultiPoint"",""coordinates"":[]}",
20220626,26-06-2022,0,"{""type"":""MultiPoint"",""coordinates"":[]}",
20220627,27-06-2022,12.99114762,"{""type"":""MultiPoint"",""coordinates"":[]}",
20220628,28-06-2022,4.558116738,"{""type"":""MultiPoint"",""coordinates"":[]}",
20220629,29-06-2022,0,"{""type"":""MultiPoint"",""coordinates"":[]}",
20220630,30-06-2022,4.362670295,"{""type"":""MultiPoint"",""coordinates"":[]}",
20220701,01-07-2022,0,"{""type"":""MultiPoint"",""coordinates"":[]}",
20220702,02-07-2022,0.563702378,"{""type"":""MultiPoint"",""coordinates"":[]}",
20220703,03-07-2022,14.12751155,"{""type"":""MultiPoint"",""coordinates"":[]}",
20220704,04-07-2022,2.218986662,"{""type"":""MultiPoint"",""coordinates"":[]}",
20220705,05-07-2022,17.71639118,"{""type"":""MultiPoint"",""coordinates"":[]}",
20220706,06-07-2022,4.968660335,"{""type"":""MultiPoint"",""coordinates"":[]}",
20220707,07-07-2022,1.643087108,"{""type"":""MultiPoint"",""coordinates"":[]}",
20220708,08-07-2022,8.573428037,"{""type"":""MultiPoint"",""coordinates"":[]}",
20220709,09-07-2022,8.5328729,"{""type"":""MultiPoint"",""coordinates"":[]}",
20220710,10-07-2022,4.545197327,"{""type"":""MultiPoint"",""coordinates"":[]}",
20220711,11-07-2022,10.19886263,"{""type"":""MultiPoint"",""coordinates"":[]}",
20220712,12-07-2022,0,"{""type"":""MultiPoint"",""coordinates"":[]}",
20220713,13-07-2022,0,"{""type"":""MultiPoint"",""coordinates"":[]}",
20220714,14-07-2022,0,"{""type"":""MultiPoint"",""coordinates"":[]}",
20220715,15-07-2022,0,"{""type"":""MultiPoint"",""coordinates"":[]}",
20220716,16-07-2022,4.100511218,"{""type"":""MultiPoint"",""coordinates"":[]}",
20220717,17-07-2022,0.87967521,"{""type"":""MultiPoint"",""coordinates"":[]}",
20220718,18-07-2022,14.48222441,"{""type"":""MultiPoint"",""coordinates"":[]}",
20220719,19-07-2022,0,"{""type"":""MultiPoint"",""coordinates"":[]}",
20220720,20-07-2022,4.2372528,"{""type"":""MultiPoint"",""coordinates"":[]}",
20220721,21-07-2022,4.340264578,"{""type"":""MultiPoint"",""coordinates"":[]}",
20220722,22-07-2022,9.745459396,"{""type"":""MultiPoint"",""coordinates"":[]}",
20220723,23-07-2022,9.27820456,"{""type"":""MultiPoint"",""coordinates"":[]}",
20220724,24-07-2022,15.19769724,"{""type"":""MultiPoint"",""coordinates"":[]}",
20220725,25-07-2022,0,"{""type"":""MultiPoint"",""coordinates"":[]}",
20220726,26-07-2022,7.021112164,"{""type"":""MultiPoint"",""coordinates"":[]}",
20220727,27-07-2022,0,"{""type"":""MultiPoint"",""coordinates"":[]}",
20220728,28-07-2022,0,"{""type"":""MultiPoint"",""coordinates"":[]}",
20220729,29-07-2022,0.645425986,"{""type"":""MultiPoint"",""coordinates"":[]}",
20220730,30-07-2022,0,"{""type"":""MultiPoint"",""coordinates"":[]}",
20220731,31-07-2022,0,"{""type"":""MultiPoint"",""coordinates"":[]}",
20220801,01-08-2022,0,"{""type"":""MultiPoint"",""coordinates"":[]}",
20220802,02-08-2022,9.337374962,"{""type"":""MultiPoint"",""coordinates"":[]}",
20220803,03-08-2022,17.43505339,"{""type"":""MultiPoint"",""coordinates"":[]}",
20220804,04-08-2022,20.54943982,"{""type"":""MultiPoint"",""coordinates"":[]}",
20220805,05-08-2022,6.20409051,"{""type"":""MultiPoint"",""coordinates"":[]}",
20220806,06-08-2022,3.42220632,"{""type"":""MultiPoint"",""coordinates"":[]}",
20220807,07-08-2022,4.112839969,"{""type"":""MultiPoint"",""coordinates"":[]}",
20220808,08-08-2022,0,"{""type"":""MultiPoint"",""coordinates"":[]}",
20220809,09-08-2022,0,"{""type"":""MultiPoint"",""coordinates"":[]}",
20220810,10-08-2022,0,"{""type"":""MultiPoint"",""coordinates"":[]}",
20220811,11-08-2022,0,"{""type"":""MultiPoint"",""coordinates"":[]}",
20220812,12-08-2022,0,"{""type"":""MultiPoint"",""coordinates"":[]}",
20220813,13-08-2022,0,"{""type"":""MultiPoint"",""coordinates"":[]}",
20220814,14-08-2022,0.18365856,"{""type"":""MultiPoint"",""coordinates"":[]}",
20220815,15-08-2022,0,"{""type"":""MultiPoint"",""coordinates"":[]}",
20220816,16-08-2022,0,"{""type"":""MultiPoint"",""coordinates"":[]}",
20220817,17-08-2022,1.860145286,"{""type"":""MultiPoint"",""coordinates"":[]}",
20220818,18-08-2022,0,"{""type"":""MultiPoint"",""coordinates"":[]}",
20220819,19-08-2022,6.11797509,"{""type"":""MultiPoint"",""coordinates"":[]}",
20220820,20-08-2022,2.363595313,"{""type"":""MultiPoint"",""coordinates"":[]}",
20220821,21-08-2022,24.40967617,"{""type"":""MultiPoint"",""coordinates"":[]}",
20220822,22-08-2022,3.810526443,"{""type"":""MultiPoint"",""coordinates"":[]}",
20220823,23-08-2022,0,"{""type"":""MultiPoint"",""coordinates"":[]}",
20220824,24-08-2022,0,"{""type"":""MultiPoint"",""coordinates"":[]}",
20220825,25-08-2022,0.329513533,"{""type"":""MultiPoint"",""coordinates"":[]}",
20220826,26-08-2022,0,"{""type"":""MultiPoint"",""coordinates"":[]}",
20220827,27-08-2022,2.386219591,"{""type"":""MultiPoint"",""coordinates"":[]}",
20220828,28-08-2022,0,"{""type"":""MultiPoint"",""coordinates"":[]}",
20220829,29-08-2022,9.822538806,"{""type"":""MultiPoint"",""coordinates"":[]}",
20220830,30-08-2022,0,"{""type"":""MultiPoint"",""coordinates"":[]}",
20220831,31-08-2022,0.629751223,"{""type"":""MultiPoint"",""coordinates"":[]}",
20220901,01-09-2022,19.79216083,"{""type"":""MultiPoint"",""coordinates"":[]}",
20220902,02-09-2022,0,"{""type"":""MultiPoint"",""coordinates"":[]}",
20220903,03-09-2022,0,"{""type"":""MultiPoint"",""coordinates"":[]}",
20220904,04-09-2022,0,"{""type"":""MultiPoint"",""coordinates"":[]}",
20220905,05-09-2022,0,"{""type"":""MultiPoint"",""coordinates"":[]}",
20220906,06-09-2022,3.095583736,"{""type"":""MultiPoint"",""coordinates"":[]}",
20220907,07-09-2022,6.191167473,"{""type"":""MultiPoint"",""coordinates"":[]}",
20220908,08-09-2022,7.464025321,"{""type"":""MultiPoint"",""coordinates"":[]}",
20220909,09-09-2022,12.62116551,"{""type"":""MultiPoint"",""coordinates"":[]}",
20220910,10-09-2022,14.41967368,"{""type"":""MultiPoint"",""coordinates"":[]}",
20220911,11-09-2022,6.137291791,"{""type"":""MultiPoint"",""coordinates"":[]}",
20220912,12-09-2022,0,"{""type"":""MultiPoint"",""coordinates"":[]}",
20220913,13-09-2022,0,"{""type"":""MultiPoint"",""coordinates"":[]}",
20220914,14-09-2022,0,"{""type"":""MultiPoint"",""coordinates"":[]}",
20220915,15-09-2022,3.598178533,"{""type"":""MultiPoint"",""coordinates"":[]}",
20220916,16-09-2022,0,"{""type"":""MultiPoint"",""coordinates"":[]}",
20220917,17-09-2022,1.383900337,"{""type"":""MultiPoint"",""coordinates"":[]}",
20220918,18-09-2022,3.181513526,"{""type"":""MultiPoint"",""coordinates"":[]}",
20220919,19-09-2022,6.37478641,"{""type"":""MultiPoint"",""coordinates"":[]}",
20220920,20-09-2022,3.926569446,"{""type"":""MultiPoint"",""coordinates"":[]}",
20220921,21-09-2022,0,"{""type"":""MultiPoint"",""coordinates"":[]}",
20220922,22-09-2022,0,"{""type"":""MultiPoint"",""coordinates"":[]}",
20220923,23-09-2022,0,"{""type"":""MultiPoint"",""coordinates"":[]}",
20220924,24-09-2022,0,"{""type"":""MultiPoint"",""coordinates"":[]}",
20220925,25-09-2022,0,"{""type"":""MultiPoint"",""coordinates"":[]}",
20220926,26-09-2022,6.45195919,"{""type"":""MultiPoint"",""coordinates"":[]}",
20220927,27-09-2022,5.383204184,"{""type"":""MultiPoint"",""coordinates"":[]}",
20220928,28-09-2022,13.09415239,"{""type"":""MultiPoint"",""coordinates"":[]}",
20220929,29-09-2022,4.556767644,"{""type"":""MultiPoint"",""coordinates"":[]}",
20220930,30-09-2022,1.554726555,"{""type"":""MultiPoint"",""coordinates"":[]}",
20221001,01-10-2022,10.80213471,"{""type"":""MultiPoint"",""coordinates"":[]}",
20221002,02-10-2022,7.016182349,"{""type"":""MultiPoint"",""coordinates"":[]}",
20221003,03-10-2022,12.35673808,"{""type"":""MultiPoint"",""coordinates"":[]}",
20221004,04-10-2022,0.530192053,"{""type"":""MultiPoint"",""coordinates"":[]}",
20221005,05-10-2022,26.17175017,"{""type"":""MultiPoint"",""coordinates"":[]}",
20221006,06-10-2022,11.05199735,"{""type"":""MultiPoint"",""coordinates"":[]}",
20221007,07-10-2022,14.3869183,"{""type"":""MultiPoint"",""coordinates"":[]}",
20221008,08-10-2022,3.167719525,"{""type"":""MultiPoint"",""coordinates"":[]}",
20221009,09-10-2022,2.050677393,"{""type"":""MultiPoint"",""coordinates"":[]}",
20221010,10-10-2022,6.569960642,"{""type"":""MultiPoint"",""coordinates"":[]}",
20221011,11-10-2022,0,"{""type"":""MultiPoint"",""coordinates"":[]}",
20221012,12-10-2022,0.361749676,"{""type"":""MultiPoint"",""coordinates"":[]}",
20221013,13-10-2022,0,"{""type"":""MultiPoint"",""coordinates"":[]}",
20221014,14-10-2022,12.92915114,"{""type"":""MultiPoint"",""coordinates"":[]}",
20221015,15-10-2022,0,"{""type"":""MultiPoint"",""coordinates"":[]}",
20221016,16-10-2022,0,"{""type"":""MultiPoint"",""coordinates"":[]}",
20221017,17-10-2022,0,"{""type"":""MultiPoint"",""coordinates"":[]}",
20221018,18-10-2022,0,"{""type"":""MultiPoint"",""coordinates"":[]}",
20221019,19-10-2022,6.775711096,"{""type"":""MultiPoint"",""coordinates"":[]}",
20221020,20-10-2022,0,"{""type"":""MultiPoint"",""coordinates"":[]}",
20221021,21-10-2022,3.018838008,"{""type"":""MultiPoint"",""coordinates"":[]}",
20221022,22-10-2022,4.080876119,"{""type"":""MultiPoint"",""coordinates"":[]}",
20221023,23-10-2022,0,"{""type"":""MultiPoint"",""coordinates"":[]}",
20221024,24-10-2022,0,"{""type"":""MultiPoint"",""coordinates"":[]}",
20221025,25-10-2022,0,"{""type"":""MultiPoint"",""coordinates"":[]}",
20221026,26-10-2022,0,"{""type"":""MultiPoint"",""coordinates"":[]}",
20221027,27-10-2022,0,"{""type"":""MultiPoint"",""coordinates"":[]}",
20221028,28-10-2022,0,"{""type"":""MultiPoint"",""coordinates"":[]}",
20221029,29-10-2022,0,"{""type"":""MultiPoint"",""coordinates"":[]}",
20221030,30-10-2022,7.586484251,"{""type"":""MultiPoint"",""coordinates"":[]}",
20221031,31-10-2022,34.52356586,"{""type"":""MultiPoint"",""coordinates"":[]}",
20221101,01-11-2022,79.45890912,"{""type"":""MultiPoint"",""coordinates"":[]}",
20221102,02-11-2022,26.85621931,"{""type"":""MultiPoint"",""coordinates"":[]}",
20221103,03-11-2022,19.27628462,"{""type"":""MultiPoint"",""coordinates"":[]}",
20221104,04-11-2022,0,"{""type"":""MultiPoint"",""coordinates"":[]}",
20221105,05-11-2022,0,"{""type"":""MultiPoint"",""coordinates"":[]}",
20221106,06-11-2022,0,"{""type"":""MultiPoint"",""coordinates"":[]}",
20221107,07-11-2022,0,"{""type"":""MultiPoint"",""coordinates"":[]}",
20221108,08-11-2022,3.765234586,"{""type"":""MultiPoint"",""coordinates"":[]}",
20221109,09-11-2022,0,"{""type"":""MultiPoint"",""coordinates"":[]}",
20221110,10-11-2022,23.68006668,"{""type"":""MultiPoint"",""coordinates"":[]}",
20221111,11-11-2022,123.2512824,"{""type"":""MultiPoint"",""coordinates"":[]}",
20221112,12-11-2022,59.15965576,"{""type"":""MultiPoint"",""coordinates"":[]}",
20221113,13-11-2022,39.12818279,"{""type"":""MultiPoint"",""coordinates"":[]}",
20221114,14-11-2022,27.85626081,"{""type"":""MultiPoint"",""coordinates"":[]}",
20221115,15-11-2022,0,"{""type"":""MultiPoint"",""coordinates"":[]}",
20221116,16-11-2022,0,"{""type"":""MultiPoint"",""coordinates"":[]}",
20221117,17-11-2022,5.286183765,"{""type"":""MultiPoint"",""coordinates"":[]}",
20221118,18-11-2022,6.927152318,"{""type"":""MultiPoint"",""coordinates"":[]}",
20221119,19-11-2022,0,"{""type"":""MultiPoint"",""coordinates"":[]}",
20221120,20-11-2022,22.95516531,"{""type"":""MultiPoint"",""coordinates"":[]}",
20221121,21-11-2022,84.71620027,"{""type"":""MultiPoint"",""coordinates"":[]}",
20221122,22-11-2022,42.35810014,"{""type"":""MultiPoint"",""coordinates"":[]}",
20221123,23-11-2022,3.922285489,"{""type"":""MultiPoint"",""coordinates"":[]}",
20221124,24-11-2022,0,"{""type"":""MultiPoint"",""coordinates"":[]}",
20221125,25-11-2022,0,"{""type"":""MultiPoint"",""coordinates"":[]}",
20221126,26-11-2022,0,"{""type"":""MultiPoint"",""coordinates"":[]}",
20221127,27-11-2022,0,"{""type"":""MultiPoint"",""coordinates"":[]}",
20221128,28-11-2022,0,"{""type"":""MultiPoint"",""coordinates"":[]}",
20221129,29-11-2022,0,"{""type"":""MultiPoint"",""coordinates"":[]}",
20221130,30-11-2022,0,"{""type"":""MultiPoint"",""coordinates"":[]}",
20221201,01-12-2022,0,"{""type"":""MultiPoint"",""coordinates"":[]}",
20221202,02-12-2022,0,"{""type"":""MultiPoint"",""coordinates"":[]}",
20221203,03-12-2022,0,"{""type"":""MultiPoint"",""coordinates"":[]}",
20221204,04-12-2022,12.17443148,"{""type"":""MultiPoint"",""coordinates"":[]}",
20221205,05-12-2022,0,"{""type"":""MultiPoint"",""coordinates"":[]}",
20221206,06-12-2022,36.27071666,"{""type"":""MultiPoint"",""coordinates"":[]}",
20221207,07-12-2022,12.67240355,"{""type"":""MultiPoint"",""coordinates"":[]}",
20221208,08-12-2022,76.65794302,"{""type"":""MultiPoint"",""coordinates"":[]}",
20221209,09-12-2022,80.80892396,"{""type"":""MultiPoint"",""coordinates"":[]}",
20221210,10-12-2022,0,"{""type"":""MultiPoint"",""coordinates"":[]}",
20221211,11-12-2022,29.77818972,"{""type"":""MultiPoint"",""coordinates"":[]}",
20221212,12-12-2022,101.5265934,"{""type"":""MultiPoint"",""coordinates"":[]}",
20221213,13-12-2022,0,"{""type"":""MultiPoint"",""coordinates"":[]}",
20221214,14-12-2022,0,"{""type"":""MultiPoint"",""coordinates"":[]}",
20221215,15-12-2022,0,"{""type"":""MultiPoint"",""coordinates"":[]}",
20221216,16-12-2022,0,"{""type"":""MultiPoint"",""coordinates"":[]}",
20221217,17-12-2022,0,"{""type"":""MultiPoint"",""coordinates"":[]}",
20221218,18-12-2022,0,"{""type"":""MultiPoint"",""coordinates"":[]}",
20221219,19-12-2022,0,"{""type"":""MultiPoint"",""coordinates"":[]}",
20221220,20-12-2022,0,"{""type"":""MultiPoint"",""coordinates"":[]}",
20221221,21-12-2022,21.82585348,"{""type"":""MultiPoint"",""coordinates"":[]}",
20221222,22-12-2022,0,"{""type"":""MultiPoint"",""coordinates"":[]}",
20221223,23-12-2022,0,"{""type"":""MultiPoint"",""coordinates"":[]}",
20221224,24-12-2022,0,"{""type"":""MultiPoint"",""coordinates"":[]}",
20221225,25-12-2022,0,"{""type"":""MultiPoint"",""coordinates"":[]}",
20221226,26-12-2022,0,"{""type"":""MultiPoint"",""coordinates"":[]}",
20221227,27-12-2022,0,"{""type"":""MultiPoint"",""coordinates"":[]}",
20221228,28-12-2022,0,"{""type"":""MultiPoint"",""coordinates"":[]}",
20221229,29-12-2022,0,"{""type"":""MultiPoint"",""coordinates"":[]}",
20221230,30-12-2022,0,"{""type"":""MultiPoint"",""coordinates"":[]}",
20221231,31-12-2022,0,"{""type"":""MultiPoint"",""coordinates"":[]}",
20230101,01-01-2023,0,"{""type"":""MultiPoint"",""coordinates"":[]}",
20230102,02-01-2023,0,"{""type"":""MultiPoint"",""coordinates"":[]}",
20230103,03-01-2023,0,"{""type"":""MultiPoint"",""coordinates"":[]}",
20230104,04-01-2023,3.316758668,"{""type"":""MultiPoint"",""coordinates"":[]}",
20230105,05-01-2023,0.590675312,"{""type"":""MultiPoint"",""coordinates"":[]}",
20230106,06-01-2023,0,"{""type"":""MultiPoint"",""coordinates"":[]}",
20230107,07-01-2023,2.951018725,"{""type"":""MultiPoint"",""coordinates"":[]}",
20230108,08-01-2023,0,"{""type"":""MultiPoint"",""coordinates"":[]}",
20230109,09-01-2023,0,"{""type"":""MultiPoint"",""coordinates"":[]}",
20230110,10-01-2023,0,"{""type"":""MultiPoint"",""coordinates"":[]}",
20230111,11-01-2023,0,"{""type"":""MultiPoint"",""coordinates"":[]}",
20230112,12-01-2023,0,"{""type"":""MultiPoint"",""coordinates"":[]}",
20230113,13-01-2023,0,"{""type"":""MultiPoint"",""coordinates"":[]}",
20230114,14-01-2023,0,"{""type"":""MultiPoint"",""coordinates"":[]}",
20230115,15-01-2023,0,"{""type"":""MultiPoint"",""coordinates"":[]}",
20230116,16-01-2023,0,"{""type"":""MultiPoint"",""coordinates"":[]}",
20230117,17-01-2023,0,"{""type"":""MultiPoint"",""coordinates"":[]}",
20230118,18-01-2023,0,"{""type"":""MultiPoint"",""coordinates"":[]}",
20230119,19-01-2023,0,"{""type"":""MultiPoint"",""coordinates"":[]}",
20230120,20-01-2023,0.417988441,"{""type"":""MultiPoint"",""coordinates"":[]}",
20230121,21-01-2023,0,"{""type"":""MultiPoint"",""coordinates"":[]}",
20230122,22-01-2023,0,"{""type"":""MultiPoint"",""coordinates"":[]}",
20230123,23-01-2023,0.500742863,"{""type"":""MultiPoint"",""coordinates"":[]}",
20230124,24-01-2023,0,"{""type"":""MultiPoint"",""coordinates"":[]}",
20230125,25-01-2023,0,"{""type"":""MultiPoint"",""coordinates"":[]}",
20230126,26-01-2023,0,"{""type"":""MultiPoint"",""coordinates"":[]}",
20230127,27-01-2023,0,"{""type"":""MultiPoint"",""coordinates"":[]}",
20230128,28-01-2023,0,"{""type"":""MultiPoint"",""coordinates"":[]}",
20230129,29-01-2023,0,"{""type"":""MultiPoint"",""coordinates"":[]}",
20230130,30-01-2023,0,"{""type"":""MultiPoint"",""coordinates"":[]}",
20230131,31-01-2023,0,"{""type"":""MultiPoint"",""coordinates"":[]}",
20230201,01-02-2023,5.426469786,"{""type"":""MultiPoint"",""coordinates"":[]}",
20230202,02-02-2023,1.710561482,"{""type"":""MultiPoint"",""coordinates"":[]}",
20230203,03-02-2023,0,"{""type"":""MultiPoint"",""coordinates"":[]}",
20230204,04-02-2023,0,"{""type"":""MultiPoint"",""coordinates"":[]}",
20230205,05-02-2023,0,"{""type"":""MultiPoint"",""coordinates"":[]}",
20230206,06-02-2023,0,"{""type"":""MultiPoint"",""coordinates"":[]}",
20230207,07-02-2023,0,"{""type"":""MultiPoint"",""coordinates"":[]}",
20230208,08-02-2023,0,"{""type"":""MultiPoint"",""coordinates"":[]}",
20230209,09-02-2023,0,"{""type"":""MultiPoint"",""coordinates"":[]}",
20230210,10-02-2023,0,"{""type"":""MultiPoint"",""coordinates"":[]}",
20230211,11-02-2023,0,"{""type"":""MultiPoint"",""coordinates"":[]}",
20230212,12-02-2023,0,"{""type"":""MultiPoint"",""coordinates"":[]}",
20230213,13-02-2023,0,"{""type"":""MultiPoint"",""coordinates"":[]}",
20230214,14-02-2023,0,"{""type"":""MultiPoint"",""coordinates"":[]}",
20230215,15-02-2023,0,"{""type"":""MultiPoint"",""coordinates"":[]}",
20230216,16-02-2023,0,"{""type"":""MultiPoint"",""coordinates"":[]}",
20230217,17-02-2023,0,"{""type"":""MultiPoint"",""coordinates"":[]}",
20230218,18-02-2023,0,"{""type"":""MultiPoint"",""coordinates"":[]}",
20230219,19-02-2023,0,"{""type"":""MultiPoint"",""coordinates"":[]}",
20230220,20-02-2023,0,"{""type"":""MultiPoint"",""coordinates"":[]}",
20230221,21-02-2023,0,"{""type"":""MultiPoint"",""coordinates"":[]}",
20230222,22-02-2023,0,"{""type"":""MultiPoint"",""coordinates"":[]}",
20230223,23-02-2023,0,"{""type"":""MultiPoint"",""coordinates"":[]}",
20230224,24-02-2023,0,"{""type"":""MultiPoint"",""coordinates"":[]}",
20230225,25-02-2023,0,"{""type"":""MultiPoint"",""coordinates"":[]}",
20230226,26-02-2023,0,"{""type"":""MultiPoint"",""coordinates"":[]}",
20230227,27-02-2023,0,"{""type"":""MultiPoint"",""coordinates"":[]}",
20230228,28-02-2023,0,"{""type"":""MultiPoint"",""coordinates"":[]}",
20230301,01-03-2023,0,"{""type"":""MultiPoint"",""coordinates"":[]}",
20230302,02-03-2023,0,"{""type"":""MultiPoint"",""coordinates"":[]}",
20230303,03-03-2023,0,"{""type"":""MultiPoint"",""coordinates"":[]}",
20230304,04-03-2023,0,"{""type"":""MultiPoint"",""coordinates"":[]}",
20230305,05-03-2023,0,"{""type"":""MultiPoint"",""coordinates"":[]}",
20230306,06-03-2023,0,"{""type"":""MultiPoint"",""coordinates"":[]}",
20230307,07-03-2023,0,"{""type"":""MultiPoint"",""coordinates"":[]}",
20230308,08-03-2023,0,"{""type"":""MultiPoint"",""coordinates"":[]}",
20230309,09-03-2023,0,"{""type"":""MultiPoint"",""coordinates"":[]}",
20230310,10-03-2023,0,"{""type"":""MultiPoint"",""coordinates"":[]}",
20230311,11-03-2023,0,"{""type"":""MultiPoint"",""coordinates"":[]}",
20230312,12-03-2023,0,"{""type"":""MultiPoint"",""coordinates"":[]}",
20230313,13-03-2023,0,"{""type"":""MultiPoint"",""coordinates"":[]}",
20230314,14-03-2023,0,"{""type"":""MultiPoint"",""coordinates"":[]}",
20230315,15-03-2023,0,"{""type"":""MultiPoint"",""coordinates"":[]}",
20230316,16-03-2023,0,"{""type"":""MultiPoint"",""coordinates"":[]}",
20230317,17-03-2023,3.232225018,"{""type"":""MultiPoint"",""coordinates"":[]}",
20230318,18-03-2023,8.838604689,"{""type"":""MultiPoint"",""coordinates"":[]}",
20230319,19-03-2023,0,"{""type"":""MultiPoint"",""coordinates"":[]}",
20230320,20-03-2023,8.838604689,"{""type"":""MultiPoint"",""coordinates"":[]}",
20230321,21-03-2023,0,"{""type"":""MultiPoint"",""coordinates"":[]}",
20230322,22-03-2023,0,"{""type"":""MultiPoint"",""coordinates"":[]}",
20230323,23-03-2023,9.812058083,"{""type"":""MultiPoint"",""coordinates"":[]}",
20230324,24-03-2023,0,"{""type"":""MultiPoint"",""coordinates"":[]}",
20230325,25-03-2023,0,"{""type"":""MultiPoint"",""coordinates"":[]}",
20230326,26-03-2023,0,"{""type"":""MultiPoint"",""coordinates"":[]}",
20230327,27-03-2023,0,"{""type"":""MultiPoint"",""coordinates"":[]}",
20230328,28-03-2023,0,"{""type"":""MultiPoint"",""coordinates"":[]}",
20230329,29-03-2023,0,"{""type"":""MultiPoint"",""coordinates"":[]}",
20230330,30-03-2023,0,"{""type"":""MultiPoint"",""coordinates"":[]}",
20230331,31-03-2023,0,"{""type"":""MultiPoint"",""coordinates"":[]}",
20230401,01-04-2023,0,"{""type"":""MultiPoint"",""coordinates"":[]}",
20230402,02-04-2023,0,"{""type"":""MultiPoint"",""coordinates"":[]}",
20230403,03-04-2023,0,"{""type"":""MultiPoint"",""coordinates"":[]}",
20230404,04-04-2023,0,"{""type"":""MultiPoint"",""coordinates"":[]}",
20230405,05-04-2023,0,"{""type"":""MultiPoint"",""coordinates"":[]}",
20230406,06-04-2023,0,"{""type"":""MultiPoint"",""coordinates"":[]}",
20230407,07-04-2023,0,"{""type"":""MultiPoint"",""coordinates"":[]}",
20230408,08-04-2023,0,"{""type"":""MultiPoint"",""coordinates"":[]}",
20230409,09-04-2023,0,"{""type"":""MultiPoint"",""coordinates"":[]}",
20230410,10-04-2023,0,"{""type"":""MultiPoint"",""coordinates"":[]}",
20230411,11-04-2023,0,"{""type"":""MultiPoint"",""coordinates"":[]}",
20230412,12-04-2023,0,"{""type"":""MultiPoint"",""coordinates"":[]}",
20230413,13-04-2023,0,"{""type"":""MultiPoint"",""coordinates"":[]}",
20230414,14-04-2023,0,"{""type"":""MultiPoint"",""coordinates"":[]}",
20230415,15-04-2023,0,"{""type"":""MultiPoint"",""coordinates"":[]}",
20230416,16-04-2023,0,"{""type"":""MultiPoint"",""coordinates"":[]}",
20230417,17-04-2023,0,"{""type"":""MultiPoint"",""coordinates"":[]}",
20230418,18-04-2023,0,"{""type"":""MultiPoint"",""coordinates"":[]}",
20230419,19-04-2023,0,"{""type"":""MultiPoint"",""coordinates"":[]}",
20230420,20-04-2023,0,"{""type"":""MultiPoint"",""coordinates"":[]}",
20230421,21-04-2023,0.475532362,"{""type"":""MultiPoint"",""coordinates"":[]}",
20230422,22-04-2023,2.475279592,"{""type"":""MultiPoint"",""coordinates"":[]}",
20230423,23-04-2023,2.819809693,"{""type"":""MultiPoint"",""coordinates"":[]}",
20230424,24-04-2023,1.536720845,"{""type"":""MultiPoint"",""coordinates"":[]}",
20230425,25-04-2023,0.843449308,"{""type"":""MultiPoint"",""coordinates"":[]}",
20230426,26-04-2023,0,"{""type"":""MultiPoint"",""coordinates"":[]}",
20230427,27-04-2023,0,"{""type"":""MultiPoint"",""coordinates"":[]}",
20230428,28-04-2023,1.216404559,"{""type"":""MultiPoint"",""coordinates"":[]}",
20230429,29-04-2023,2.920563482,"{""type"":""MultiPoint"",""coordinates"":[]}",
20230430,30-04-2023,0,"{""type"":""MultiPoint"",""coordinates"":[]}",
20230501,01-05-2023,5.546805136,"{""type"":""MultiPoint"",""coordinates"":[]}",
20230502,02-05-2023,5.639014953,"{""type"":""MultiPoint"",""coordinates"":[]}",
20230503,03-05-2023,3.857656378,"{""type"":""MultiPoint"",""coordinates"":[]}",
20230504,04-05-2023,0,"{""type"":""MultiPoint"",""coordinates"":[]}",
20230505,05-05-2023,3.900671329,"{""type"":""MultiPoint"",""coordinates"":[]}",
20230506,06-05-2023,3.858193983,"{""type"":""MultiPoint"",""coordinates"":[]}",
20230507,07-05-2023,0.749954828,"{""type"":""MultiPoint"",""coordinates"":[]}",
20230508,08-05-2023,0,"{""type"":""MultiPoint"",""coordinates"":[]}",
20230509,09-05-2023,0,"{""type"":""MultiPoint"",""coordinates"":[]}",
20230510,10-05-2023,0,"{""type"":""MultiPoint"",""coordinates"":[]}",
20230511,11-05-2023,5.122348575,"{""type"":""MultiPoint"",""coordinates"":[]}",
20230512,12-05-2023,4.692147644,"{""type"":""MultiPoint"",""coordinates"":[]}",
20230513,13-05-2023,2.597584789,"{""type"":""MultiPoint"",""coordinates"":[]}",
20230514,14-05-2023,0,"{""type"":""MultiPoint"",""coordinates"":[]}",
20230515,15-05-2023,0,"{""type"":""MultiPoint"",""coordinates"":[]}",
20230516,16-05-2023,0.025662911,"{""type"":""MultiPoint"",""coordinates"":[]}",
20230517,17-05-2023,0,"{""type"":""MultiPoint"",""coordinates"":[]}",
20230518,18-05-2023,0,"{""type"":""MultiPoint"",""coordinates"":[]}",
20230519,19-05-2023,0,"{""type"":""MultiPoint"",""coordinates"":[]}",
20230520,20-05-2023,0,"{""type"":""MultiPoint"",""coordinates"":[]}",
20230521,21-05-2023,0.580639114,"{""type"":""MultiPoint"",""coordinates"":[]}",
20230522,22-05-2023,0.059665191,"{""type"":""MultiPoint"",""coordinates"":[]}",
20230523,23-05-2023,0,"{""type"":""MultiPoint"",""coordinates"":[]}",
20230524,24-05-2023,0,"{""type"":""MultiPoint"",""coordinates"":[]}",
20230525,25-05-2023,4.561636373,"{""type"":""MultiPoint"",""coordinates"":[]}",
20230526,26-05-2023,1.147929248,"{""type"":""MultiPoint"",""coordinates"":[]}",
20230527,27-05-2023,0.568583352,"{""type"":""MultiPoint"",""coordinates"":[]}",
20230528,28-05-2023,0.343274243,"{""type"":""MultiPoint"",""coordinates"":[]}",
20230529,29-05-2023,0,"{""type"":""MultiPoint"",""coordinates"":[]}",
20230530,30-05-2023,0,"{""type"":""MultiPoint"",""coordinates"":[]}",
20230531,31-05-2023,0,"{""type"":""MultiPoint"",""coordinates"":[]}",
20230601,01-06-2023,0,"{""type"":""MultiPoint"",""coordinates"":[]}",
20230602,02-06-2023,0,"{""type"":""MultiPoint"",""coordinates"":[]}",
20230603,03-06-2023,0,"{""type"":""MultiPoint"",""coordinates"":[]}",
20230604,04-06-2023,0,"{""type"":""MultiPoint"",""coordinates"":[]}",
20230605,05-06-2023,0.170840307,"{""type"":""MultiPoint"",""coordinates"":[]}",
20230606,06-06-2023,0.764864806,"{""type"":""MultiPoint"",""coordinates"":[]}",
20230607,07-06-2023,27.54667781,"{""type"":""MultiPoint"",""coordinates"":[]}",
20230608,08-06-2023,0,"{""type"":""MultiPoint"",""coordinates"":[]}",
20230609,09-06-2023,0,"{""type"":""MultiPoint"",""coordinates"":[]}",
20230610,10-06-2023,2.029146645,"{""type"":""MultiPoint"",""coordinates"":[]}",
20230611,11-06-2023,34.41444517,"{""type"":""MultiPoint"",""coordinates"":[]}",
20230612,12-06-2023,0,"{""type"":""MultiPoint"",""coordinates"":[]}",
20230613,13-06-2023,0,"{""type"":""MultiPoint"",""coordinates"":[]}",
20230614,14-06-2023,0,"{""type"":""MultiPoint"",""coordinates"":[]}",
20230615,15-06-2023,0,"{""type"":""MultiPoint"",""coordinates"":[]}",
20230616,16-06-2023,0,"{""type"":""MultiPoint"",""coordinates"":[]}",
20230617,17-06-2023,24.5863199,"{""type"":""MultiPoint"",""coordinates"":[]}",
20230618,18-06-2023,36.87947898,"{""type"":""MultiPoint"",""coordinates"":[]}",
20230619,19-06-2023,36.87947898,"{""type"":""MultiPoint"",""coordinates"":[]}",
20230620,20-06-2023,26.29800728,"{""type"":""MultiPoint"",""coordinates"":[]}",
20230621,21-06-2023,17.692667,"{""type"":""MultiPoint"",""coordinates"":[]}",
20230622,22-06-2023,12.62526072,"{""type"":""MultiPoint"",""coordinates"":[]}",
20230623,23-06-2023,12.65980152,"{""type"":""MultiPoint"",""coordinates"":[]}",
20230624,24-06-2023,8.016878728,"{""type"":""MultiPoint"",""coordinates"":[]}",
20230625,25-06-2023,2.313287699,"{""type"":""MultiPoint"",""coordinates"":[]}",
20230626,26-06-2023,32.54705756,"{""type"":""MultiPoint"",""coordinates"":[]}",
20230627,27-06-2023,5.426862726,"{""type"":""MultiPoint"",""coordinates"":[]}",
20230628,28-06-2023,0,"{""type"":""MultiPoint"",""coordinates"":[]}",
20230629,29-06-2023,0,"{""type"":""MultiPoint"",""coordinates"":[]}",
20230630,30-06-2023,0,"{""type"":""MultiPoint"",""coordinates"":[]}",
20230701,01-07-2023,2.924829436,"{""type"":""MultiPoint"",""coordinates"":[]}",
20230702,02-07-2023,5.849658872,"{""type"":""MultiPoint"",""coordinates"":[]}",
20230703,03-07-2023,5.849658872,"{""type"":""MultiPoint"",""coordinates"":[]}",
20230704,04-07-2023,5.849658872,"{""type"":""MultiPoint"",""coordinates"":[]}",
20230705,05-07-2023,5.849658872,"{""type"":""MultiPoint"",""coordinates"":[]}",
20230706,06-07-2023,2.399597121,"{""type"":""MultiPoint"",""coordinates"":[]}",
20230707,07-07-2023,0,"{""type"":""MultiPoint"",""coordinates"":[]}",
20230708,08-07-2023,2.450196666,"{""type"":""MultiPoint"",""coordinates"":[]}",
20230709,09-07-2023,3.628306929,"{""type"":""MultiPoint"",""coordinates"":[]}",
20230710,10-07-2023,8.965206511,"{""type"":""MultiPoint"",""coordinates"":[]}",
20230711,11-07-2023,12.34075709,"{""type"":""MultiPoint"",""coordinates"":[]}",
20230712,12-07-2023,13.13008691,"{""type"":""MultiPoint"",""coordinates"":[]}",
20230713,13-07-2023,6.056268955,"{""type"":""MultiPoint"",""coordinates"":[]}",
20230714,14-07-2023,6.170378545,"{""type"":""MultiPoint"",""coordinates"":[]}",
20230715,15-07-2023,5.21266004,"{""type"":""MultiPoint"",""coordinates"":[]}",
20230716,16-07-2023,3.620966694,"{""type"":""MultiPoint"",""coordinates"":[]}",
20230717,17-07-2023,1.388637812,"{""type"":""MultiPoint"",""coordinates"":[]}",
20230718,18-07-2023,0,"{""type"":""MultiPoint"",""coordinates"":[]}",
20230719,19-07-2023,0.499611842,"{""type"":""MultiPoint"",""coordinates"":[]}",
20230720,20-07-2023,1.11484905,"{""type"":""MultiPoint"",""coordinates"":[]}",
20230721,21-07-2023,0,"{""type"":""MultiPoint"",""coordinates"":[]}",
20230722,22-07-2023,3.676368476,"{""type"":""MultiPoint"",""coordinates"":[]}",
20230723,23-07-2023,3.227083502,"{""type"":""MultiPoint"",""coordinates"":[]}",
20230724,24-07-2023,5.904054891,"{""type"":""MultiPoint"",""coordinates"":[]}",
20230725,25-07-2023,3.324738644,"{""type"":""MultiPoint"",""coordinates"":[]}",
20230726,26-07-2023,1.927073642,"{""type"":""MultiPoint"",""coordinates"":[]}",
20230727,27-07-2023,0,"{""type"":""MultiPoint"",""coordinates"":[]}",
20230728,28-07-2023,0,"{""type"":""MultiPoint"",""coordinates"":[]}",
20230729,29-07-2023,0,"{""type"":""MultiPoint"",""coordinates"":[]}",
20230730,30-07-2023,0,"{""type"":""MultiPoint"",""coordinates"":[]}",
20230731,31-07-2023,0,"{""type"":""MultiPoint"",""coordinates"":[]}",
20230801,01-08-2023,0.098514868,"{""type"":""MultiPoint"",""coordinates"":[]}",
20230802,02-08-2023,0,"{""type"":""MultiPoint"",""coordinates"":[]}",
20230803,03-08-2023,0,"{""type"":""MultiPoint"",""coordinates"":[]}",
20230804,04-08-2023,7.233082819,"{""type"":""MultiPoint"",""coordinates"":[]}",
20230805,05-08-2023,0,"{""type"":""MultiPoint"",""coordinates"":[]}",
20230806,06-08-2023,1.415466497,"{""type"":""MultiPoint"",""coordinates"":[]}",
20230807,07-08-2023,0,"{""type"":""MultiPoint"",""coordinates"":[]}",
20230808,08-08-2023,1.882084197,"{""type"":""MultiPoint"",""coordinates"":[]}",
20230809,09-08-2023,0,"{""type"":""MultiPoint"",""coordinates"":[]}",
20230810,10-08-2023,9.705164946,"{""type"":""MultiPoint"",""coordinates"":[]}",
20230811,11-08-2023,0.874254862,"{""type"":""MultiPoint"",""coordinates"":[]}",
20230812,12-08-2023,0.205945501,"{""type"":""MultiPoint"",""coordinates"":[]}",
20230813,13-08-2023,13.99727175,"{""type"":""MultiPoint"",""coordinates"":[]}",
20230814,14-08-2023,6.63975837,"{""type"":""MultiPoint"",""coordinates"":[]}",
20230815,15-08-2023,0.065682668,"{""type"":""MultiPoint"",""coordinates"":[]}",
20230816,16-08-2023,1.517656901,"{""type"":""MultiPoint"",""coordinates"":[]}",
20230817,17-08-2023,17.53245781,"{""type"":""MultiPoint"",""coordinates"":[]}",
20230818,18-08-2023,0,"{""type"":""MultiPoint"",""coordinates"":[]}",
20230819,19-08-2023,15.22909719,"{""type"":""MultiPoint"",""coordinates"":[]}",
20230820,20-08-2023,0,"{""type"":""MultiPoint"",""coordinates"":[]}",
20230821,21-08-2023,0,"{""type"":""MultiPoint"",""coordinates"":[]}",
20230822,22-08-2023,0.417789949,"{""type"":""MultiPoint"",""coordinates"":[]}",
20230823,23-08-2023,7.094264602,"{""type"":""MultiPoint"",""coordinates"":[]}",
20230824,24-08-2023,3.18935311,"{""type"":""MultiPoint"",""coordinates"":[]}",
20230825,25-08-2023,0,"{""type"":""MultiPoint"",""coordinates"":[]}",
20230826,26-08-2023,0.560240881,"{""type"":""MultiPoint"",""coordinates"":[]}",
20230827,27-08-2023,33.31863687,"{""type"":""MultiPoint"",""coordinates"":[]}",
20230828,28-08-2023,0,"{""type"":""MultiPoint"",""coordinates"":[]}",
20230829,29-08-2023,0,"{""type"":""MultiPoint"",""coordinates"":[]}",
20230830,30-08-2023,0,"{""type"":""MultiPoint"",""coordinates"":[]}",
20230831,31-08-2023,0,"{""type"":""MultiPoint"",""coordinates"":[]}",
20230901,01-09-2023,0,"{""type"":""MultiPoint"",""coordinates"":[]}",
20230902,02-09-2023,0,"{""type"":""MultiPoint"",""coordinates"":[]}",
20230903,03-09-2023,9.419972311,"{""type"":""MultiPoint"",""coordinates"":[]}",
20230904,04-09-2023,3.934575159,"{""type"":""MultiPoint"",""coordinates"":[]}",
20230905,05-09-2023,0.47070264,"{""type"":""MultiPoint"",""coordinates"":[]}",
20230906,06-09-2023,3.015239337,"{""type"":""MultiPoint"",""coordinates"":[]}",
20230907,07-09-2023,12.57689294,"{""type"":""MultiPoint"",""coordinates"":[]}",
20230908,08-09-2023,0,"{""type"":""MultiPoint"",""coordinates"":[]}",
20230909,09-09-2023,6.288446468,"{""type"":""MultiPoint"",""coordinates"":[]}",
20230910,10-09-2023,7.258417971,"{""type"":""MultiPoint"",""coordinates"":[]}",
20230911,11-09-2023,8.778142692,"{""type"":""MultiPoint"",""coordinates"":[]}",
20230912,12-09-2023,0,"{""type"":""MultiPoint"",""coordinates"":[]}",
20230913,13-09-2023,5.026553727,"{""type"":""MultiPoint"",""coordinates"":[]}",
20230914,14-09-2023,2.066321418,"{""type"":""MultiPoint"",""coordinates"":[]}",
20230915,15-09-2023,9.43820538,"{""type"":""MultiPoint"",""coordinates"":[]}",
20230916,16-09-2023,14.89953445,"{""type"":""MultiPoint"",""coordinates"":[]}",
20230917,17-09-2023,4.966511467,"{""type"":""MultiPoint"",""coordinates"":[]}",
20230918,18-09-2023,6.215487032,"{""type"":""MultiPoint"",""coordinates"":[]}",
20230919,19-09-2023,0,"{""type"":""MultiPoint"",""coordinates"":[]}",
20230920,20-09-2023,0,"{""type"":""MultiPoint"",""coordinates"":[]}",
20230921,21-09-2023,10.41083993,"{""type"":""MultiPoint"",""coordinates"":[]}",
20230922,22-09-2023,0,"{""type"":""MultiPoint"",""coordinates"":[]}",
20230923,23-09-2023,1.582735246,"{""type"":""MultiPoint"",""coordinates"":[]}",
20230924,24-09-2023,7.419564758,"{""type"":""MultiPoint"",""coordinates"":[]}",
20230925,25-09-2023,0.454073886,"{""type"":""MultiPoint"",""coordinates"":[]}",
20230926,26-09-2023,8.175905104,"{""type"":""MultiPoint"",""coordinates"":[]}",
20230927,27-09-2023,5.683202527,"{""type"":""MultiPoint"",""coordinates"":[]}",
20230928,28-09-2023,0,"{""type"":""MultiPoint"",""coordinates"":[]}",
20230929,29-09-2023,19.10241311,"{""type"":""MultiPoint"",""coordinates"":[]}",
20230930,30-09-2023,3.188197589,"{""type"":""MultiPoint"",""coordinates"":[]}",
20231001,01-10-2023,0,"{""type"":""MultiPoint"",""coordinates"":[]}",
20231002,02-10-2023,0,"{""type"":""MultiPoint"",""coordinates"":[]}",
20231003,03-10-2023,0,"{""type"":""MultiPoint"",""coordinates"":[]}",
20231004,04-10-2023,0,"{""type"":""MultiPoint"",""coordinates"":[]}",
20231005,05-10-2023,0,"{""type"":""MultiPoint"",""coordinates"":[]}",
20231006,06-10-2023,0,"{""type"":""MultiPoint"",""coordinates"":[]}",
20231007,07-10-2023,0,"{""type"":""MultiPoint"",""coordinates"":[]}",
20231008,08-10-2023,0,"{""type"":""MultiPoint"",""coordinates"":[]}",
20231009,09-10-2023,0,"{""type"":""MultiPoint"",""coordinates"":[]}",
20231010,10-10-2023,0,"{""type"":""MultiPoint"",""coordinates"":[]}",
20231011,11-10-2023,0,"{""type"":""MultiPoint"",""coordinates"":[]}",
20231012,12-10-2023,0,"{""type"":""MultiPoint"",""coordinates"":[]}",
20231013,13-10-2023,1.36080972,"{""type"":""MultiPoint"",""coordinates"":[]}",
20231014,14-10-2023,6.134383356,"{""type"":""MultiPoint"",""coordinates"":[]}",
20231015,15-10-2023,14.90505078,"{""type"":""MultiPoint"",""coordinates"":[]}",
20231016,16-10-2023,2.474643469,"{""type"":""MultiPoint"",""coordinates"":[]}",
20231017,17-10-2023,0,"{""type"":""MultiPoint"",""coordinates"":[]}",
20231018,18-10-2023,0,"{""type"":""MultiPoint"",""coordinates"":[]}",
20231019,19-10-2023,10.1657519,"{""type"":""MultiPoint"",""coordinates"":[]}",
20231020,20-10-2023,0,"{""type"":""MultiPoint"",""coordinates"":[]}",
20231021,21-10-2023,1.969933712,"{""type"":""MultiPoint"",""coordinates"":[]}",
20231022,22-10-2023,0,"{""type"":""MultiPoint"",""coordinates"":[]}",
20231023,23-10-2023,0,"{""type"":""MultiPoint"",""coordinates"":[]}",
20231024,24-10-2023,0,"{""type"":""MultiPoint"",""coordinates"":[]}",
20231025,25-10-2023,0,"{""type"":""MultiPoint"",""coordinates"":[]}",
20231026,26-10-2023,0,"{""type"":""MultiPoint"",""coordinates"":[]}",
20231027,27-10-2023,0,"{""type"":""MultiPoint"",""coordinates"":[]}",
20231028,28-10-2023,0,"{""type"":""MultiPoint"",""coordinates"":[]}",
20231029,29-10-2023,6.27595374,"{""type"":""MultiPoint"",""coordinates"":[]}",
20231030,30-10-2023,46.95919231,"{""type"":""MultiPoint"",""coordinates"":[]}",
20231031,31-10-2023,0,"{""type"":""MultiPoint"",""coordinates"":[]}",
20231101,01-11-2023,3.067304818,"{""type"":""MultiPoint"",""coordinates"":[]}",
20231102,02-11-2023,8.0781698,"{""type"":""MultiPoint"",""coordinates"":[]}",
20231103,03-11-2023,15.84844116,"{""type"":""MultiPoint"",""coordinates"":[]}",
20231104,04-11-2023,37.59674845,"{""type"":""MultiPoint"",""coordinates"":[]}",
20231105,05-11-2023,42.75071165,"{""type"":""MultiPoint"",""coordinates"":[]}",
20231106,06-11-2023,0,"{""type"":""MultiPoint"",""coordinates"":[]}",
20231107,07-11-2023,6.816667137,"{""type"":""MultiPoint"",""coordinates"":[]}",
20231108,08-11-2023,4.393529608,"{""type"":""MultiPoint"",""coordinates"":[]}",
20231109,09-11-2023,67.38549079,"{""type"":""MultiPoint"",""coordinates"":[]}",
20231110,10-11-2023,0,"{""type"":""MultiPoint"",""coordinates"":[]}",
20231111,11-11-2023,0,"{""type"":""MultiPoint"",""coordinates"":[]}",
20231112,12-11-2023,0,"{""type"":""MultiPoint"",""coordinates"":[]}",
20231113,13-11-2023,32.69985187,"{""type"":""MultiPoint"",""coordinates"":[]}",
20231114,14-11-2023,58.04970899,"{""type"":""MultiPoint"",""coordinates"":[]}",
20231115,15-11-2023,71.57969752,"{""type"":""MultiPoint"",""coordinates"":[]}",
20231116,16-11-2023,1.135879449,"{""type"":""MultiPoint"",""coordinates"":[]}",
20231117,17-11-2023,0,"{""type"":""MultiPoint"",""coordinates"":[]}",
20231118,18-11-2023,0,"{""type"":""MultiPoint"",""coordinates"":[]}",
20231119,19-11-2023,0,"{""type"":""MultiPoint"",""coordinates"":[]}",
20231120,20-11-2023,58.33087289,"{""type"":""MultiPoint"",""coordinates"":[]}",
20231121,21-11-2023,139.7577441,"{""type"":""MultiPoint"",""coordinates"":[]}",
20231122,22-11-2023,44.32889085,"{""type"":""MultiPoint"",""coordinates"":[]}",
20231123,23-11-2023,0,"{""type"":""MultiPoint"",""coordinates"":[]}",
20231124,24-11-2023,0,"{""type"":""MultiPoint"",""coordinates"":[]}",
20231125,25-11-2023,10.80104873,"{""type"":""MultiPoint"",""coordinates"":[]}",
20231126,26-11-2023,43.91880339,"{""type"":""MultiPoint"",""coordinates"":[]}",
20231127,27-11-2023,0,"{""type"":""MultiPoint"",""coordinates"":[]}",
20231128,28-11-2023,0,"{""type"":""MultiPoint"",""coordinates"":[]}",
20231129,29-11-2023,84.00610041,"{""type"":""MultiPoint"",""coordinates"":[]}",
20231130,30-11-2023,0,"{""type"":""MultiPoint"",""coordinates"":[]}",
20231201,01-12-2023,9.964438287,"{""type"":""MultiPoint"",""coordinates"":[]}",
20231202,02-12-2023,33.60886115,"{""type"":""MultiPoint"",""coordinates"":[]}",
20231203,03-12-2023,121.9071417,"{""type"":""MultiPoint"",""coordinates"":[]}",
20231204,04-12-2023,139.5636922,"{""type"":""MultiPoint"",""coordinates"":[]}",
20231205,05-12-2023,0,"{""type"":""MultiPoint"",""coordinates"":[]}",
20231206,06-12-2023,0,"{""type"":""MultiPoint"",""coordinates"":[]}",
20231207,07-12-2023,0,"{""type"":""MultiPoint"",""coordinates"":[]}",
20231208,08-12-2023,0,"{""type"":""MultiPoint"",""coordinates"":[]}",
20231209,09-12-2023,0,"{""type"":""MultiPoint"",""coordinates"":[]}",
20231210,10-12-2023,0,"{""type"":""MultiPoint"",""coordinates"":[]}",
20231211,11-12-2023,0,"{""type"":""MultiPoint"",""coordinates"":[]}",
20231212,12-12-2023,0,"{""type"":""MultiPoint"",""coordinates"":[]}",
20231213,13-12-2023,0,"{""type"":""MultiPoint"",""coordinates"":[]}",
20231214,14-12-2023,0,"{""type"":""MultiPoint"",""coordinates"":[]}",
20231215,15-12-2023,0,"{""type"":""MultiPoint"",""coordinates"":[]}",
20231216,16-12-2023,0,"{""type"":""MultiPoint"",""coordinates"":[]}",
20231217,17-12-2023,0,"{""type"":""MultiPoint"",""coordinates"":[]}",
20231218,18-12-2023,0,"{""type"":""MultiPoint"",""coordinates"":[]}",
20231219,19-12-2023,0,"{""type"":""MultiPoint"",""coordinates"":[]}",
20231220,20-12-2023,0,"{""type"":""MultiPoint"",""coordinates"":[]}",
20231221,21-12-2023,0,"{""type"":""MultiPoint"",""coordinates"":[]}",
20231222,22-12-2023,0,"{""type"":""MultiPoint"",""coordinates"":[]}",
20231223,23-12-2023,0,"{""type"":""MultiPoint"",""coordinates"":[]}",
20231224,24-12-2023,0,"{""type"":""MultiPoint"",""coordinates"":[]}",
20231225,25-12-2023,0,"{""type"":""MultiPoint"",""coordinates"":[]}",
20231226,26-12-2023,0,"{""type"":""MultiPoint"",""coordinates"":[]}",
20231227,27-12-2023,0,"{""type"":""MultiPoint"",""coordinates"":[]}",
20231228,28-12-2023,0,"{""type"":""MultiPoint"",""coordinates"":[]}",
20231229,29-12-2023,0,"{""type"":""MultiPoint"",""coordinates"":[]}",
20231230,30-12-2023,0,"{""type"":""MultiPoint"",""coordinates"":[]}",
20231231,31-12-2023,0,"{""type"":""MultiPoint"",""coordinates"":[]}",
